{"type":"FeatureCollection","features":[{"type":"Feature","geometry":{"type":"Polygon","coordinates":[[[-70.91051824609097,41.09917750672681],[-70.91057395661336,41.099508813805485],[-70.91053566586928,41.09983383220928],[-70.91040337385871,41.100152561938195],[-70.91034715387107,41.10047889116162],[-70.91036700590638,41.10081281987955],[-70.91047980226715,41.10112785111569],[-70.9106855429534,41.10142398487004],[-70.9106602250062,41.10170632729483],[-70.91040384842555,41.10197487839007],[-70.91014425563473,41.10224165229768],[-70.90988144663379,41.10250664901767],[-70.90975699238602,41.10280642769953],[-70.90977089289143,41.10314098834326],[-70.90971756209214,41.10346934831138],[-70.90959699998815,41.10379150760388],[-70.9093443356217,41.10406955096357],[-70.90895956899276,41.10430347839046],[-70.9085276097583,41.10446631768889],[-70.90804845791833,41.10455806885885],[-70.9076848297909,41.10476191600337],[-70.90743672537599,41.105077859122446],[-70.9071385295669,41.10536417746608],[-70.9067902423636,41.10562087103427],[-70.90638106148178,41.10581527601951],[-70.90591098692143,41.10594739242181],[-70.90542934595422,41.10604809499242],[-70.90493613858017,41.106117383731345],[-70.90444144941983,41.106187848845245],[-70.90394527847323,41.106259490334125],[-70.90347324754681,41.106383366584545],[-70.90302535664061,41.106559477596505],[-70.9025323184286,41.10660573898538],[-70.90199413291081,41.106522150751175],[-70.90145151597443,41.106460829767244],[-70.90090446761945,41.106421776033585],[-70.90036660725708,41.10645762309779],[-70.89983793488732,41.106568370959856],[-70.89930767094339,41.106674607707994],[-70.89877581542528,41.106776333342204],[-70.89825527721281,41.106753375788365],[-70.89774605630598,41.106605735046486],[-70.89721912832704,41.106519621006534],[-70.89667449327601,41.106495033668516],[-70.8961637335519,41.10638472832595],[-70.89568684915471,41.106188704978834],[-70.89518559962335,41.106039011256705],[-70.8946599849578,41.105935647159555],[-70.89415935854389,41.10581776129396],[-70.89368372038165,41.10568535365992],[-70.89326281827219,41.1054869925563],[-70.89289665221553,41.1052226779831],[-70.8925780232805,41.10492994998448],[-70.89230693146713,41.104608808560435],[-70.89196787628636,41.104335554139894],[-70.8915608577382,41.104110186722856],[-70.891379665139,41.103826399900385],[-70.89142429848874,41.10348419367248],[-70.89136460617836,41.10315265373143],[-70.89120058820784,41.102831780077224],[-70.89102227592863,41.102518071066505],[-70.89082966934077,41.10221152669928],[-70.89057643806106,41.101936703823554],[-70.89026258208952,41.101693602439326],[-70.89007317256589,41.1014033834667],[-70.89000820949018,41.101066046905686],[-70.89000598297912,41.100728475370914],[-70.89006649303272,41.10039066886239],[-70.89012369454956,41.10005213065946],[-70.8901775875296,41.09971286076215],[-70.89029902302737,41.09938792477489],[-70.89048800104283,41.09907732269767],[-70.89074951726852,41.09883993237458],[-70.89108357170443,41.09867575380562],[-70.89135374507286,41.09846505936087],[-70.89156003737381,41.09820784904031],[-70.89180430779032,41.097969065903925],[-70.89208655632241,41.09774870995174],[-70.89226341665412,41.097487788872336],[-70.89233488878543,41.09718630266572],[-70.89249343472412,41.09713619794253],[-70.8927390544702,41.097337474702776],[-70.89304255541329,41.09745046326628],[-70.89340393755336,41.09747516363303],[-70.89375199867833,41.09751190482124],[-70.89408673878816,41.0975606868309],[-70.89440908502527,41.09763859026528],[-70.89471903738963,41.09774561512437],[-70.89484569275852,41.09794051845097],[-70.89478905113192,41.09822330024508],[-70.89485313931881,41.0984895817686],[-70.89503795731916,41.0987393630215],[-70.89526876175874,41.0989530575504],[-70.89554555263754,41.09913066535529],[-70.89577948691742,41.099335999355944],[-70.89597056459837,41.09956905955235],[-70.89623503837427,41.09973655429548],[-70.89657290824513,41.09983848358533],[-70.8968680061374,41.09998826549088],[-70.89712033205107,41.10018590001212],[-70.89741064292761,41.100343294312644],[-70.89773893876702,41.10046044839245],[-70.89808458917827,41.100524016366876],[-70.89844759416138,41.10053399823594],[-70.89878709583729,41.100459556022685],[-70.89910309420603,41.100300689727106],[-70.89945019133394,41.10020784004668],[-70.89982838722104,41.10018100698141],[-70.9002006284258,41.10013967492273],[-70.9005669149482,41.10008384387065],[-70.9009350717405,41.10007563308161],[-70.90130509880268,41.100115042555615],[-70.90166758468425,41.100080770563466],[-70.90202252938519,41.09997281710516],[-70.90234951970596,41.09982881722117],[-70.90264855564659,41.0996487709115],[-70.90292483468379,41.09945087795112],[-70.90317835681758,41.09923513834002],[-70.90338780693696,41.09899735422826],[-70.90355318504193,41.09873752561583],[-70.90370238476288,41.098492230062156],[-70.9038354060998,41.09826146756724],[-70.90396723827595,41.098030319938076],[-70.9040978812913,41.09779878717465],[-70.904293550296,41.09760437378177],[-70.90455424529004,41.09744707975942],[-70.90480984232069,41.09728521445179],[-70.90506034138792,41.09711877785887],[-70.90536378894218,41.097099490679376],[-70.90572018498348,41.097227352913315],[-70.90609271306693,41.09731725646882],[-70.90648137319252,41.0973692013459],[-70.90687410080061,41.097378772127996],[-70.9072708958912,41.09734596881512],[-70.90764342397465,41.09725606525961],[-70.90799168505094,41.097109061461474],[-70.90830105635999,41.09716714328535],[-70.90857153790178,41.09743031073123],[-70.90887910549966,41.097665995481066],[-70.90922375915363,41.09787419753487],[-70.90957586307351,41.09808164639349],[-70.9099354172593,41.09828834205692],[-70.91020899347158,41.098546730713345],[-70.91039659171038,41.09885681236276],[-70.91051824609097,41.09917750672681]]]},"properties":{"kind":"land"}},{"type":"Feature","geometry":{"type":"Polygon","coordinates":[[[-70.91051824609097,41.09917750672681],[-70.91057395661336,41.099508813805485],[-70.91053566586928,41.09983383220928],[-70.91040337385871,41.100152561938195],[-70.91034715387107,41.10047889116162],[-70.91036700590638,41.10081281987955],[-70.91047980226715,41.10112785111569],[-70.9106855429534,41.10142398487004],[-70.9106602250062,41.10170632729483],[-70.91040384842555,41.10197487839007],[-70.91014425563473,41.10224165229768],[-70.90988144663379,41.10250664901767],[-70.90975699238602,41.10280642769953],[-70.90977089289143,41.10314098834326],[-70.90971756209214,41.10346934831138],[-70.90959699998815,41.10379150760388],[-70.9093443356217,41.10406955096357],[-70.90895956899276,41.10430347839046],[-70.9085276097583,41.10446631768889],[-70.90804845791833,41.10455806885885],[-70.9076848297909,41.10476191600337],[-70.90743672537599,41.105077859122446],[-70.9071385295669,41.10536417746608],[-70.9067902423636,41.10562087103427],[-70.90638106148178,41.10581527601951],[-70.90591098692143,41.10594739242181],[-70.90542934595422,41.10604809499242],[-70.90493613858017,41.106117383731345],[-70.90444144941983,41.106187848845245],[-70.90394527847323,41.106259490334125],[-70.90347324754681,41.106383366584545],[-70.90302535664061,41.106559477596505],[-70.9025323184286,41.10660573898538],[-70.90199413291081,41.106522150751175],[-70.90145151597443,41.106460829767244],[-70.90090446761945,41.106421776033585],[-70.90036660725708,41.10645762309779],[-70.89983793488732,41.106568370959856],[-70.89930767094339,41.106674607707994],[-70.89877581542528,41.106776333342204],[-70.89825527721281,41.106753375788365],[-70.89774605630598,41.106605735046486],[-70.89721912832704,41.106519621006534],[-70.89667449327601,41.106495033668516],[-70.8961637335519,41.10638472832595],[-70.89568684915471,41.106188704978834],[-70.89518559962335,41.106039011256705],[-70.8946599849578,41.105935647159555],[-70.89415935854389,41.10581776129396],[-70.89368372038165,41.10568535365992],[-70.89326281827219,41.1054869925563],[-70.89289665221553,41.1052226779831],[-70.8925780232805,41.10492994998448],[-70.89230693146713,41.104608808560435],[-70.89196787628636,41.104335554139894],[-70.8915608577382,41.104110186722856],[-70.891379665139,41.103826399900385],[-70.89142429848874,41.10348419367248],[-70.89136460617836,41.10315265373143],[-70.89120058820784,41.102831780077224],[-70.89102227592863,41.102518071066505],[-70.89082966934077,41.10221152669928],[-70.89057643806106,41.101936703823554],[-70.89026258208952,41.101693602439326],[-70.89007317256589,41.1014033834667],[-70.89000820949018,41.101066046905686],[-70.89000598297912,41.100728475370914],[-70.89006649303272,41.10039066886239],[-70.89012369454956,41.10005213065946],[-70.8901775875296,41.09971286076215],[-70.89029902302737,41.09938792477489],[-70.89048800104283,41.09907732269767],[-70.89074951726852,41.09883993237458],[-70.89108357170443,41.09867575380562],[-70.89135374507286,41.09846505936087],[-70.89156003737381,41.09820784904031],[-70.89180430779032,41.097969065903925],[-70.89208655632241,41.09774870995174],[-70.89226341665412,41.097487788872336],[-70.89233488878543,41.09718630266572],[-70.89249343472412,41.09713619794253],[-70.8927390544702,41.097337474702776],[-70.89304255541329,41.09745046326628],[-70.89340393755336,41.09747516363303],[-70.89375199867833,41.09751190482124],[-70.89408673878816,41.0975606868309],[-70.89440908502527,41.09763859026528],[-70.89471903738963,41.09774561512437],[-70.89484569275852,41.09794051845097],[-70.89478905113192,41.09822330024508],[-70.89485313931881,41.0984895817686],[-70.89503795731916,41.0987393630215],[-70.89526876175874,41.0989530575504],[-70.89554555263754,41.09913066535529],[-70.89577948691742,41.099335999355944],[-70.89597056459837,41.09956905955235],[-70.89623503837427,41.09973655429548],[-70.89657290824513,41.09983848358533],[-70.8968680061374,41.09998826549088],[-70.89712033205107,41.10018590001212],[-70.89741064292761,41.100343294312644],[-70.89773893876702,41.10046044839245],[-70.89808458917827,41.100524016366876],[-70.89844759416138,41.10053399823594],[-70.89878709583729,41.100459556022685],[-70.89910309420603,41.100300689727106],[-70.89945019133394,41.10020784004668],[-70.89982838722104,41.10018100698141],[-70.9002006284258,41.10013967492273],[-70.9005669149482,41.10008384387065],[-70.9009350717405,41.10007563308161],[-70.90130509880268,41.100115042555615],[-70.90166758468425,41.100080770563466],[-70.90202252938519,41.09997281710516],[-70.90234951970596,41.09982881722117],[-70.90264855564659,41.0996487709115],[-70.90292483468379,41.09945087795112],[-70.90317835681758,41.09923513834002],[-70.90338780693696,41.09899735422826],[-70.90355318504193,41.09873752561583],[-70.90370238476288,41.098492230062156],[-70.9038354060998,41.09826146756724],[-70.90396723827595,41.098030319938076],[-70.9040978812913,41.09779878717465],[-70.904293550296,41.09760437378177],[-70.90455424529004,41.09744707975942],[-70.90480984232069,41.09728521445179],[-70.90506034138792,41.09711877785887],[-70.90536378894218,41.097099490679376],[-70.90572018498348,41.097227352913315],[-70.90609271306693,41.09731725646882],[-70.90648137319252,41.0973692013459],[-70.90687410080061,41.097378772127996],[-70.9072708958912,41.09734596881512],[-70.90764342397465,41.09725606525961],[-70.90799168505094,41.097109061461474],[-70.90830105635999,41.09716714328535],[-70.90857153790178,41.09743031073123],[-70.90887910549966,41.097665995481066],[-70.90922375915363,41.09787419753487],[-70.90957586307351,41.09808164639349],[-70.9099354172593,41.09828834205692],[-70.91020899347158,41.098546730713345],[-70.91039659171038,41.09885681236276],[-70.91051824609097,41.09917750672681]],[[-70.91010585583614,41.09893775482754],[-70.90994455044175,41.098668553678166],[-70.90971906768851,41.098455588577266],[-70.90938642152491,41.09826650271183],[-70.90903138050925,41.09805732328016],[-70.90867136495378,41.097839329403584],[-70.90833807336398,41.0975839327184],[-70.90811746438304,41.09735532132112],[-70.90804642535554,41.09733895189025],[-70.90776733662402,41.09747014961556],[-70.90733507681647,41.09757446844501],[-70.90688619462311,41.09761215623296],[-70.90644916810676,41.097601499068595],[-70.90601830743356,41.097543988518474],[-70.9056059574154,41.09744447459082],[-70.90529766827554,41.09732767602951],[-70.90518633323663,41.09733217198212],[-70.90501205047951,41.09746222447202],[-70.90475082234421,41.09762765586368],[-70.90451515950447,41.097767662898384],[-70.90382945609566,41.09768201449898],[-70.90368224400221,41.09793851143953],[-70.90355088628341,41.098168827180054],[-70.90341939594889,41.098396963968526],[-70.9032726032934,41.09863829882117],[-70.90311826006517,41.098882058109005],[-70.90342402155812,41.09937754731738],[-70.90314784357841,41.09961308135136],[-70.90285222560891,41.0998248266676],[-70.90252500774477,41.10002133583809],[-70.90215897535732,41.10018252905385],[-70.90174643962636,41.10030664707411],[-70.90130221424825,41.10034859441429],[-70.9009177156338,41.10030882857324],[-70.90060254199561,41.10031585770949],[-70.90025393455615,41.1003697566539],[-70.89986547903807,41.10041289043328],[-70.89951649081654,41.10043599593156],[-70.89924253484863,41.10050928009909],[-70.89891946644414,41.10067074599464],[-70.89848505769879,41.10076584775133],[-70.89804230005952,41.10075539410145],[-70.89763502860148,41.10068049350597],[-70.89725335199553,41.10054454576152],[-70.8973235322337,41.10000953627092],[-70.89706766262996,41.0998096182336],[-70.8964282525221,41.10004504740956],[-70.89607683567534,41.09993739950358],[-70.89620590447089,41.099417071150995],[-70.89602975732996,41.09919821958768],[-70.89576416639724,41.09896509920541],[-70.8954904020618,41.09878979240099],[-70.89529476306512,41.098608590570485],[-70.89514443883901,41.09840979837372],[-70.8950989783119,41.0982209133544],[-70.89515376275344,41.097914877710416],[-70.89450947500339,41.09791769920125],[-70.89429694126567,41.097856327927595],[-70.89400991451366,41.09778696037443],[-70.89370117871441,41.097742305791485],[-70.89336854941685,41.09770719823359],[-70.89296042446423,41.097675675865915],[-70.8925515963409,41.09752347567205],[-70.89235563402607,41.0973454062735],[-70.89261288493091,41.09728957943687],[-70.89255750723407,41.09756152889325],[-70.89233822276569,41.09788503806933],[-70.8920388203732,41.098121778715374],[-70.89181579655613,41.09833978103387],[-70.89159963685177,41.09860724565648],[-70.89128057374211,41.0988560667195],[-70.89095618899124,41.09901399033013],[-70.89075148287164,41.0992003226554],[-70.89058989028536,41.099468598753184],[-70.89048157521371,41.09975842722499],[-70.89043130053636,41.100080760581186],[-70.89037380470552,41.10042104060403],[-70.89031527304083,41.10074363206739],[-70.89031728433893,41.101048574183054],[-70.89036959625969,41.10133515420619],[-70.8905151737805,41.1015582495161],[-70.89081550906054,41.10178805888972],[-70.89109802527345,41.10209466365893],[-70.8913048522491,41.10242211219384],[-70.89148771381004,41.10274382344813],[-70.89166469336043,41.10309422183643],[-70.89173419790032,41.10348026035478],[-70.89168550362699,41.103788513501065],[-70.89179462637375,41.103956827565575],[-70.89217353239378,41.104160814414364],[-70.89255208947357,41.104465904562936],[-70.89282908553103,41.104792990721826],[-70.8931240243124,41.10506395166578],[-70.8934534569225,41.10530283641013],[-70.8938200087341,41.105475583517475],[-70.8942591885189,41.10559664613989],[-70.8947452385102,41.10571109447145],[-70.8952819393991,41.10581701867255],[-70.89581846455003,41.10597724714527],[-70.89628170221236,41.10616874558771],[-70.89672632281032,41.10626476044187],[-70.89726122565773,41.10628822341267],[-70.89783494817465,41.10638198492414],[-70.89832182782979,41.10652526142618],[-70.89874518148474,41.10654391497775],[-70.89922972607748,41.10644855189356],[-70.8997566084659,41.10634299262965],[-70.90031099116891,41.10622785206666],[-70.90090568330207,41.10618821585631],[-70.90148912335233,41.10622899347602],[-70.90204842602226,41.106292200109905],[-70.90254718909743,41.10637244599065],[-70.9029326064889,41.10633661856581],[-70.90335015266086,41.10616901450228],[-70.90386505095414,41.10603388846212],[-70.90438350145281,41.10595840528356],[-70.90487895203488,41.105887831711584],[-70.90535947042017,41.10582054592355],[-70.90581528585227,41.10572524301357],[-70.90624405274791,41.105605772525806],[-70.90659806524177,41.10543762517301],[-70.90690782441506,41.105208206185246],[-70.90718084733874,41.10494605806344],[-70.90745294133482,41.1046069443887],[-70.90791766943633,41.104346319875035],[-70.90841984972836,41.10424732658451],[-70.90879163028528,41.104107173347295],[-70.90911830238113,41.10390974245688],[-70.90931634189496,41.10369240348996],[-70.90941372193377,41.10342322648915],[-70.90946126039339,41.10313053019937],[-70.90944968791128,41.10277601462813],[-70.90960609024364,41.10239943162156],[-70.90989514435788,41.1021026847847],[-70.91015307207935,41.10183762200722],[-70.91037100983496,41.10162234815878],[-70.91038382108582,41.10147742311223],[-70.91019131194956,41.10121323429224],[-70.9100606751018,41.1008483759994],[-70.91003747715568,41.10046920496339],[-70.91010068345102,41.10010233024316],[-70.91023172282193,41.0997880969717],[-70.91026407522178,41.0995134842524],[-70.91021461665167,41.09922440993954],[-70.91010585583614,41.09893775482754]]]},"properties":{"kind":"esplanade"}},{"type":"Feature","geometry":{"type":"Polygon","coordinates":[[[-70.91021461665167,41.09922440993954],[-70.91026407522178,41.0995134842524],[-70.91023172282193,41.0997880969717],[-70.91010068345102,41.10010233024316],[-70.91003747715568,41.10046920496339],[-70.9100606751018,41.1008483759994],[-70.91019131194956,41.10121323429224],[-70.91038382108582,41.10147742311223],[-70.91037100983496,41.10162234815878],[-70.91015307207935,41.10183762200722],[-70.90989514435788,41.1021026847847],[-70.90960609024364,41.10239943162156],[-70.90944968791128,41.10277601462813],[-70.90946126039339,41.10313053019937],[-70.90941372193377,41.10342322648915],[-70.90931634189496,41.10369240348996],[-70.90911830238113,41.10390974245688],[-70.90879163028528,41.104107173347295],[-70.90841984972836,41.10424732658451],[-70.90791766943633,41.104346319875035],[-70.90745294133482,41.1046069443887],[-70.90718084733874,41.10494605806344],[-70.90690782441506,41.105208206185246],[-70.90659806524177,41.10543762517301],[-70.90624405274791,41.105605772525806],[-70.90581528585227,41.10572524301357],[-70.90535947042017,41.10582054592355],[-70.90487895203488,41.105887831711584],[-70.90438350145281,41.10595840528356],[-70.90386505095414,41.10603388846212],[-70.90335015266086,41.10616901450228],[-70.9029326064889,41.10633661856581],[-70.90254718909743,41.10637244599065],[-70.90204842602226,41.106292200109905],[-70.90148912335233,41.10622899347602],[-70.90090568330207,41.10618821585631],[-70.90031099116891,41.10622785206666],[-70.8997566084659,41.10634299262965],[-70.89922972607748,41.10644855189356],[-70.89874518148474,41.10654391497775],[-70.89832182782979,41.10652526142618],[-70.89783494817465,41.10638198492414],[-70.89726122565773,41.10628822341267],[-70.89672632281032,41.10626476044187],[-70.89628170221236,41.10616874558771],[-70.89581846455003,41.10597724714527],[-70.8952819393991,41.10581701867255],[-70.8947452385102,41.10571109447145],[-70.8942591885189,41.10559664613989],[-70.8938200087341,41.105475583517475],[-70.8934534569225,41.10530283641013],[-70.8931240243124,41.10506395166578],[-70.89282908553103,41.104792990721826],[-70.89255208947357,41.104465904562936],[-70.89217353239378,41.104160814414364],[-70.89179462637375,41.103956827565575],[-70.89168550362699,41.103788513501065],[-70.89173419790032,41.10348026035478],[-70.89166469336043,41.10309422183643],[-70.89148771381004,41.10274382344813],[-70.8913048522491,41.10242211219384],[-70.89109802527345,41.10209466365893],[-70.89081550906054,41.10178805888972],[-70.8905151737805,41.1015582495161],[-70.89036959625969,41.10133515420619],[-70.89031728433893,41.101048574183054],[-70.89031527304083,41.10074363206739],[-70.89037380470552,41.10042104060403],[-70.89043130053636,41.100080760581186],[-70.89048157521371,41.09975842722499],[-70.89058989028536,41.099468598753184],[-70.89075148287164,41.0992003226554],[-70.89095618899124,41.09901399033013],[-70.89128057374211,41.0988560667195],[-70.89159963685177,41.09860724565648],[-70.89181579655613,41.09833978103387],[-70.8920388203732,41.098121778715374],[-70.89233822276569,41.09788503806933],[-70.89255750723407,41.09756152889325],[-70.89261288493091,41.09728957943687],[-70.89235563402607,41.0973454062735],[-70.8925515963409,41.09752347567205],[-70.89296042446423,41.097675675865915],[-70.89336854941685,41.09770719823359],[-70.89370117871441,41.097742305791485],[-70.89400991451366,41.09778696037443],[-70.89429694126567,41.097856327927595],[-70.89450947500339,41.09791769920125],[-70.89515376275344,41.097914877710416],[-70.8950989783119,41.0982209133544],[-70.89514443883901,41.09840979837372],[-70.89529476306512,41.098608590570485],[-70.8954904020618,41.09878979240099],[-70.89576416639724,41.09896509920541],[-70.89602975732996,41.09919821958768],[-70.89620590447089,41.099417071150995],[-70.89607683567534,41.09993739950358],[-70.8964282525221,41.10004504740956],[-70.89706766262996,41.0998096182336],[-70.8973235322337,41.10000953627092],[-70.89725335199553,41.10054454576152],[-70.89763502860148,41.10068049350597],[-70.89804230005952,41.10075539410145],[-70.89848505769879,41.10076584775133],[-70.89891946644414,41.10067074599464],[-70.89924253484863,41.10050928009909],[-70.89951649081654,41.10043599593156],[-70.89986547903807,41.10041289043328],[-70.90025393455615,41.1003697566539],[-70.90060254199561,41.10031585770949],[-70.9009177156338,41.10030882857324],[-70.90130221424825,41.10034859441429],[-70.90174643962636,41.10030664707411],[-70.90215897535732,41.10018252905385],[-70.90252500774477,41.10002133583809],[-70.90285222560891,41.0998248266676],[-70.90314784357841,41.09961308135136],[-70.90342402155812,41.09937754731738],[-70.90311826006517,41.098882058109005],[-70.9032726032934,41.09863829882117],[-70.90341939594889,41.098396963968526],[-70.90355088628341,41.098168827180054],[-70.90368224400221,41.09793851143953],[-70.90382945609566,41.09768201449898],[-70.90451515950447,41.097767662898384],[-70.90475082234421,41.09762765586368],[-70.90501205047951,41.09746222447202],[-70.90518633323663,41.09733217198212],[-70.90529766827554,41.09732767602951],[-70.9056059574154,41.09744447459082],[-70.90601830743356,41.097543988518474],[-70.90644916810676,41.097601499068595],[-70.90688619462311,41.09761215623296],[-70.90733507681647,41.09757446844501],[-70.90776733662402,41.09747014961556],[-70.90804642535554,41.09733895189025],[-70.90811746438304,41.09735532132112],[-70.90833807336398,41.0975839327184],[-70.90867136495378,41.097839329403584],[-70.90903138050925,41.09805732328016],[-70.90938642152491,41.09826650271183],[-70.90971906768851,41.098455588577266],[-70.90994455044175,41.098668553678166],[-70.91010585583614,41.09893775482754],[-70.91021461665167,41.09922440993954]]]},"properties":{"kind":"paveland"}},{"type":"Feature","geometry":{"type":"Polygon","coordinates":[[[-70.89642373039895,41.09946101082953],[-70.89785423823938,41.0991915162443],[-70.89794960542874,41.09953287605226],[-70.89651909758831,41.099784404331814],[-70.89642373039895,41.09946101082953]]]},"properties":{"kind":"pier"}},{"type":"Feature","geometry":{"type":"Polygon","coordinates":[[[-70.89499322255853,41.09829320096017],[-70.89618531242554,41.09766438026129],[-70.8964475721963,41.09795184115221],[-70.89525548232926,41.098580661851095],[-70.89499322255853,41.09829320096017]]]},"properties":{"kind":"pier"}},{"type":"Feature","geometry":{"type":"Polygon","coordinates":[[[-70.90393389656117,41.09757454873288],[-70.90417231453458,41.09658640192035],[-70.90371932038511,41.09651453669762],[-70.90350474420904,41.09750268351015],[-70.90393389656117,41.09757454873288]]]},"properties":{"kind":"pier"}},{"type":"Feature","geometry":{"type":"Polygon","coordinates":[[[-70.90989434589626,41.10269494585236],[-70.91126524924334,41.10291952467339],[-70.91118180295264,41.10325190132851],[-70.90981089960557,41.103036305660325],[-70.90989434589626,41.10269494585236]]]},"properties":{"kind":"pier"}},{"type":"Feature","geometry":{"type":"Polygon","coordinates":[[[-70.89443141144466,41.09578188028791],[-70.89214445205012,41.09654917354839],[-70.89221718204473,41.09667227132549],[-70.89450414143927,41.09590497806501],[-70.89443141144466,41.09578188028791]]]},"properties":{"kind":"pier"}},{"type":"Feature","geometry":{"type":"Polygon","coordinates":[[[-70.90283397709408,41.10279639148924],[-70.89956906553289,41.10227343479034],[-70.89907336669316,41.10403080467007],[-70.90233827825436,41.10455376136897],[-70.90283397709408,41.10279639148924]]]},"properties":{"kind":"park"}},{"type":"Feature","geometry":{"type":"Polygon","coordinates":[[[-70.89682156259396,41.10094627978715],[-70.895772126735,41.10077818656251],[-70.89554906225713,41.101569003008386],[-70.89659849811609,41.10173709623303],[-70.89682156259396,41.10094627978715]]]},"properties":{"kind":"park"}},{"type":"Feature","geometry":{"type":"Polygon","coordinates":[[[-70.90672809641876,41.1024248716432],[-70.90512093150606,41.10301556489512],[-70.90566963819825,41.103863335345636],[-70.90727680311095,41.10327264209372],[-70.90672809641876,41.1024248716432]]]},"properties":{"kind":"park"}},{"type":"Feature","geometry":{"type":"Polygon","coordinates":[[[-70.90291881044986,41.102754876607825],[-70.89951397410748,41.10220950747897],[-70.89898853333737,41.104072319551484],[-70.90239336967977,41.10461768868034],[-70.90291881044986,41.102754876607825]]]},"properties":{"kind":"apron"}},{"type":"Feature","geometry":{"type":"Polygon","coordinates":[[[-70.89690639594974,41.100904764905735],[-70.8957170353096,41.100714259251134],[-70.89546422890135,41.101610517889796],[-70.89665358954149,41.1018010235444],[-70.89690639594974,41.100904764905735]]]},"properties":{"kind":"apron"}},{"type":"Feature","geometry":{"type":"Polygon","coordinates":[[[-70.90676102834715,41.102352799887385],[-70.90502529024144,41.10299074859945],[-70.90563670626987,41.10393540710146],[-70.90737244437558,41.10329745838939],[-70.90676102834715,41.102352799887385]]]},"properties":{"kind":"apron"}},{"type":"Feature","geometry":{"type":"Polygon","coordinates":[[[-70.89468447545966,41.10207152936179],[-70.9041995534818,41.10588400002379],[-70.90436185264673,41.10565398208164],[-70.89484677462458,41.10184151141964],[-70.89468447545966,41.10207152936179]]]},"properties":{"kind":"apron"}},{"type":"Feature","geometry":{"type":"LineString","coordinates":[[-70.8947866760997,41.10196495506032],[-70.9042596520067,41.10576055638311]]},"properties":{"kind":"street","cls":"shore"}},{"type":"Feature","geometry":{"type":"Polygon","coordinates":[[[-70.89487401357182,41.10214747287904],[-70.89487401357182,41.10269494585236],[-70.89513428584351,41.10269494585236],[-70.8952813491366,41.10261563976915],[-70.8954564677289,41.102380848725325],[-70.89487401357182,41.10214747287904]]]},"properties":{"kind":"pavement","solo":0,"d":"oldtown"}},{"type":"Feature","geometry":{"type":"Polygon","coordinates":[[[-70.89562589585933,41.102153687194],[-70.89571050238891,41.1020402506072],[-70.89540386892818,41.10206472616192],[-70.89562589585933,41.102153687194]]]},"properties":{"kind":"pavement","solo":1,"d":"oldtown"}},{"type":"Feature","geometry":{"type":"Polygon","coordinates":[[[-70.89487401357182,41.10132261422995],[-70.89487401357182,41.101852425432845],[-70.89522978041292,41.10199497293913],[-70.89545782414987,41.1014183253568],[-70.89487401357182,41.10132261422995]]]},"properties":{"kind":"pavement","solo":0,"d":"oldtown"}},{"type":"Feature","geometry":{"type":"Polygon","coordinates":[[[-70.89534299130302,41.10204033391213],[-70.89551576119965,41.10142782367788],[-70.89545782414987,41.1014183253568],[-70.89522978041292,41.10199497293913],[-70.89534299130302,41.10204033391213]]]},"properties":{"kind":"pavement","solo":1,"d":"oldtown"}},{"type":"Feature","geometry":{"type":"Polygon","coordinates":[[[-70.89540386892818,41.10206472616192],[-70.89571050238891,41.1020402506072],[-70.89597053188132,41.10169161489046],[-70.89546422890135,41.101610517889796],[-70.89534299130302,41.10204033391213],[-70.89540386892818,41.10206472616192]]]},"properties":{"kind":"pavement","solo":0,"d":"oldtown"}},{"type":"Feature","geometry":{"type":"Polygon","coordinates":[[[-70.8949963658448,41.10071830260509],[-70.89487401357182,41.100845200338846],[-70.89487401357182,41.10132261422995],[-70.89503002388912,41.10134819088756],[-70.89542645970765,41.100749644386816],[-70.8949963658448,41.10071830260509]]]},"properties":{"kind":"pavement","solo":0,"d":"oldtown"}},{"type":"Feature","geometry":{"type":"Polygon","coordinates":[[[-70.89509294591379,41.10033575971055],[-70.89487401357182,41.10041248533982],[-70.89487401357182,41.100709386555444],[-70.89542645970765,41.100749644386816],[-70.89562817737885,41.100445087127866],[-70.89509294591379,41.10033575971055]]]},"properties":{"kind":"pavement","solo":0,"d":"oldtown"}},{"type":"Feature","geometry":{"type":"Polygon","coordinates":[[[-70.89487401357182,41.0996516687812],[-70.89487401357182,41.1002910401657],[-70.8952074170982,41.10035914181674],[-70.89550363862293,41.09979232257322],[-70.89487401357182,41.0996516687812]]]},"properties":{"kind":"pavement","solo":0,"d":"oldtown"}},{"type":"Feature","geometry":{"type":"Polygon","coordinates":[[[-70.8952074170982,41.10035914181674],[-70.89562817737885,41.100445087127866],[-70.89598874685481,41.09990069232794],[-70.89550363862293,41.09979232257322],[-70.8952074170982,41.10035914181674]]]},"properties":{"kind":"pavement","solo":0,"d":"oldtown"}},{"type":"Feature","geometry":{"type":"Polygon","coordinates":[[[-70.89503002388912,41.10134819088756],[-70.89551576119965,41.10142782367788],[-70.89565018973661,41.1009512426514],[-70.89534333205815,41.100875152127024],[-70.89503002388912,41.10134819088756]]]},"properties":{"kind":"pavement","solo":0,"d":"oldtown"}},{"type":"Feature","geometry":{"type":"Polygon","coordinates":[[[-70.89618511388313,41.10061614003938],[-70.89566223233436,41.10039367029443],[-70.8954755185809,41.10067557434687],[-70.89606068179174,41.10076930277269],[-70.89618511388313,41.10061614003938]]]},"properties":{"kind":"pavement","solo":0,"d":"oldtown"}},{"type":"Feature","geometry":{"type":"Polygon","coordinates":[[[-70.8954755185809,41.10067557434687],[-70.89534333205815,41.100875152127024],[-70.89565018973661,41.1009512426514],[-70.8957170353096,41.100714259251134],[-70.8954755185809,41.10067557434687]]]},"properties":{"kind":"pavement","solo":0,"d":"oldtown"}},{"type":"Feature","geometry":{"type":"Polygon","coordinates":[[[-70.89650261871097,41.10084008994964],[-70.89660093518883,41.10084639880778],[-70.89663113511324,41.10080590812268],[-70.89618511388313,41.10061614003938],[-70.89606068179174,41.10076930277269],[-70.89650261871097,41.10084008994964]]]},"properties":{"kind":"pavement","solo":1,"d":"oldtown"}},{"type":"Feature","geometry":{"type":"Polygon","coordinates":[[[-70.89572054953668,41.100305621849394],[-70.89566223233436,41.10039367029443],[-70.89593488150682,41.10050967398973],[-70.8960121276809,41.10019826351805],[-70.89572054953668,41.100305621849394]]]},"properties":{"kind":"pavement","solo":1,"d":"oldtown"}},{"type":"Feature","geometry":{"type":"Polygon","coordinates":[[[-70.897346972479,41.10209225339592],[-70.89711261438478,41.10193099512313],[-70.89653657087685,41.102149971610885],[-70.8966393877812,41.102559769856626],[-70.89668505243536,41.102578066622435],[-70.897346972479,41.10209225339592]]]},"properties":{"kind":"pavement","solo":0,"d":"oldtown"}},{"type":"Feature","geometry":{"type":"Polygon","coordinates":[[[-70.89711261438478,41.10193099512313],[-70.89700568832349,41.10185742091176],[-70.89644045579536,41.101766884879936],[-70.89653657087685,41.102149971610885],[-70.89711261438478,41.10193099512313]]]},"properties":{"kind":"pavement","solo":0,"d":"oldtown"}},{"type":"Feature","geometry":{"type":"Polygon","coordinates":[[[-70.89700568832349,41.10185742091176],[-70.89669749749375,41.10164535944635],[-70.89665358954149,41.1018010235444],[-70.89700568832349,41.10185742091176]]]},"properties":{"kind":"pavement","solo":1,"d":"oldtown"}},{"type":"Feature","geometry":{"type":"Polygon","coordinates":[[[-70.89697675697305,41.10269494585236],[-70.89813170562574,41.10269494585236],[-70.8981530978307,41.10264693610186],[-70.897346972479,41.10209225339592],[-70.89668505243536,41.102578066622435],[-70.89697675697305,41.10269494585236]]]},"properties":{"kind":"pavement","solo":0,"d":"oldtown"}},{"type":"Feature","geometry":{"type":"Polygon","coordinates":[[[-70.89570012776281,41.10269494585236],[-70.89624038423221,41.10269494585236],[-70.89589843424957,41.1025579344402],[-70.89575130145337,41.1025579344402],[-70.89570012776281,41.10269494585236]]]},"properties":{"kind":"pavement","solo":1,"d":"oldtown"}},{"type":"Feature","geometry":{"type":"Polygon","coordinates":[[[-70.8966393877812,41.102559769856626],[-70.89656957738164,41.10228152592921],[-70.89596619895785,41.10198257217444],[-70.89586630912669,41.10225001520375],[-70.8966393877812,41.102559769856626]]]},"properties":{"kind":"pavement","solo":0,"d":"oldtown"}},{"type":"Feature","geometry":{"type":"Polygon","coordinates":[[[-70.89522219879836,41.10269494585236],[-70.89570012776281,41.10269494585236],[-70.89577045402216,41.10250665573694],[-70.8954564677289,41.102380848725325],[-70.89522219879836,41.10269494585236]]]},"properties":{"kind":"pavement","solo":0,"d":"oldtown"}},{"type":"Feature","geometry":{"type":"Polygon","coordinates":[[[-70.89586630912669,41.10225001520375],[-70.89596619895785,41.10198257217444],[-70.89581090833377,41.10190563088301],[-70.89562589585933,41.102153687194],[-70.89586630912669,41.10225001520375]]]},"properties":{"kind":"pavement","solo":0,"d":"oldtown"}},{"type":"Feature","geometry":{"type":"Polygon","coordinates":[[[-70.89656957738164,41.10228152592921],[-70.89644045579536,41.101766884879936],[-70.89597053188132,41.10169161489046],[-70.89581090833377,41.10190563088301],[-70.89656957738164,41.10228152592921]]]},"properties":{"kind":"pavement","solo":0,"d":"oldtown"}},{"type":"Feature","geometry":{"type":"Polygon","coordinates":[[[-70.89763126121427,41.10099380577374],[-70.89749708231693,41.101379118108206],[-70.89799578487596,41.10142842520649],[-70.89811006830551,41.101199611489164],[-70.89763126121427,41.10099380577374]]]},"properties":{"kind":"pavement","solo":0,"d":"oldtown"}},{"type":"Feature","geometry":{"type":"Polygon","coordinates":[[[-70.89827981464336,41.1008597521524],[-70.89803671550847,41.10075436705624],[-70.89773402706061,41.10069870014283],[-70.89763126121427,41.10099380577374],[-70.89811006830551,41.101199611489164],[-70.89827981464336,41.1008597521524]]]},"properties":{"kind":"pavement","solo":0,"d":"oldtown"}},{"type":"Feature","geometry":{"type":"Polygon","coordinates":[[[-70.89866649440846,41.10149473876403],[-70.89884102705264,41.10110304147444],[-70.89827981464336,41.1008597521524],[-70.89799578487596,41.10142842520649],[-70.89866649440846,41.10149473876403]]]},"properties":{"kind":"pavement","solo":0,"d":"oldtown"}},{"type":"Feature","geometry":{"type":"Polygon","coordinates":[[[-70.89803889945613,41.100755313812115],[-70.89831047797766,41.100873044912305],[-70.89834514662664,41.100811090094304],[-70.89804230005952,41.10075539410145],[-70.89803889945613,41.100755313812115]]]},"properties":{"kind":"pavement","solo":1,"d":"oldtown"}},{"type":"Feature","geometry":{"type":"Polygon","coordinates":[[[-70.89884102705264,41.10110304147444],[-70.8989860038722,41.10077767525118],[-70.89871817009332,41.100771351609744],[-70.89841983946624,41.10092045384692],[-70.89884102705264,41.10110304147444]]]},"properties":{"kind":"pavement","solo":0,"d":"oldtown"}},{"type":"Feature","geometry":{"type":"Polygon","coordinates":[[[-70.89683294747299,41.10053532728958],[-70.89659464643962,41.10085483047669],[-70.8976223344194,41.10101944023819],[-70.8976718889543,41.10087713787987],[-70.89683294747299,41.10053532728958]]]},"properties":{"kind":"pavement","solo":0,"d":"oldtown"}},{"type":"Feature","geometry":{"type":"Polygon","coordinates":[[[-70.89679225234565,41.101309431037144],[-70.89749708231693,41.101379118108206],[-70.8976223344194,41.10101944023819],[-70.89690639594974,41.100904764905735],[-70.89679225234565,41.101309431037144]]]},"properties":{"kind":"pavement","solo":0,"d":"oldtown"}},{"type":"Feature","geometry":{"type":"Polygon","coordinates":[[[-70.89683448430368,41.100533266776885],[-70.89683294747299,41.10053532728958],[-70.89723317126847,41.10069839078665],[-70.89724492981513,41.10060875110709],[-70.89683448430368,41.100533266776885]]]},"properties":{"kind":"pavement","solo":1,"d":"oldtown"}},{"type":"Feature","geometry":{"type":"Polygon","coordinates":[[[-70.89831585391765,41.10228166851297],[-70.89866649440846,41.10149473876403],[-70.89816856440035,41.101445508048435],[-70.89778109572934,41.10200706173259],[-70.89831585391765,41.10228166851297]]]},"properties":{"kind":"pavement","solo":0,"d":"oldtown"}},{"type":"Feature","geometry":{"type":"Polygon","coordinates":[[[-70.89805735217408,41.10160668659024],[-70.8980120366568,41.101430032032326],[-70.89762321431786,41.10139158887431],[-70.89735290802697,41.10178718058085],[-70.89778109572934,41.10200706173259],[-70.89805735217408,41.10160668659024]]]},"properties":{"kind":"pavement","solo":0,"d":"oldtown"}},{"type":"Feature","geometry":{"type":"Polygon","coordinates":[[[-70.8981530978307,41.10264693610186],[-70.89828193135003,41.1023577997024],[-70.89811515115004,41.10217860447013],[-70.89735290802697,41.10178718058085],[-70.89720921962503,41.10199746773307],[-70.8981530978307,41.10264693610186]]]},"properties":{"kind":"pavement","solo":0,"d":"oldtown"}},{"type":"Feature","geometry":{"type":"Polygon","coordinates":[[[-70.8970228738327,41.10133223275758],[-70.89679225234565,41.101309431037144],[-70.89669749749375,41.10164535944635],[-70.89695818154046,41.1018247322103],[-70.8970228738327,41.10133223275758]]]},"properties":{"kind":"pavement","solo":0,"d":"oldtown"}},{"type":"Feature","geometry":{"type":"Polygon","coordinates":[[[-70.89762321431786,41.10139158887431],[-70.8970228738327,41.10133223275758],[-70.89695818154046,41.1018247322103],[-70.89720921962503,41.10199746773307],[-70.89762321431786,41.10139158887431]]]},"properties":{"kind":"pavement","solo":0,"d":"oldtown"}},{"type":"Feature","geometry":{"type":"Polygon","coordinates":[[[-70.89487401357182,41.098194186622415],[-70.89487401357182,41.09865232325873],[-70.89502722352638,41.09862174836136],[-70.89508033966432,41.0983250321582],[-70.89499128667187,41.09820726644301],[-70.89487401357182,41.098194186622415]]]},"properties":{"kind":"pavement","solo":0,"d":"oldtown"}},{"type":"Feature","geometry":{"type":"Polygon","coordinates":[[[-70.89487401357182,41.09865232325873],[-70.89487401357182,41.09879686643861],[-70.89551108255775,41.098894656418],[-70.89537675378475,41.09871701697448],[-70.89518028048472,41.098591203996236],[-70.89487401357182,41.09865232325873]]]},"properties":{"kind":"pavement","solo":0,"d":"oldtown"}},{"type":"Feature","geometry":{"type":"Polygon","coordinates":[[[-70.89487401357182,41.09879686643861],[-70.89487401357182,41.0996516687812],[-70.89522706663878,41.099730538344225],[-70.89565914812496,41.09891738445701],[-70.89487401357182,41.09879686643861]]]},"properties":{"kind":"pavement","solo":0,"d":"oldtown"}},{"type":"Feature","geometry":{"type":"Polygon","coordinates":[[[-70.89522706663878,41.099730538344225],[-70.89563121224624,41.099820821620156],[-70.89599993377358,41.09917204219226],[-70.89576416639724,41.09896509920541],[-70.89569927162277,41.098923543407],[-70.89565914812496,41.09891738445701],[-70.89522706663878,41.099730538344225]]]},"properties":{"kind":"pavement","solo":0,"d":"oldtown"}},{"type":"Feature","geometry":{"type":"Polygon","coordinates":[[[-70.89650630081029,41.10001631022829],[-70.89725162286358,41.10018280991392],[-70.8973123632504,41.10000080963365],[-70.89706766262996,41.0998096182336],[-70.89650630081029,41.10001631022829]]]},"properties":{"kind":"pavement","solo":0,"d":"oldtown"}},{"type":"Feature","geometry":{"type":"Polygon","coordinates":[[[-70.89563121224624,41.099820821620156],[-70.89608083792467,41.0999212648229],[-70.89620590447089,41.099417071150995],[-70.89602975732996,41.09919821958768],[-70.89599993377358,41.09917204219226],[-70.89563121224624,41.099820821620156]]]},"properties":{"kind":"pavement","solo":0,"d":"oldtown"}},{"type":"Feature","geometry":{"type":"Polygon","coordinates":[[[-70.89725162286358,41.10018280991392],[-70.8972994028139,41.10019348361755],[-70.8973235322337,41.10000953627092],[-70.8973123632504,41.10000080963365],[-70.89725162286358,41.10018280991392]]]},"properties":{"kind":"pavement","solo":1,"d":"oldtown"}},{"type":"Feature","geometry":{"type":"Polygon","coordinates":[[[-70.90171576133861,41.102562178404504],[-70.90213315396475,41.101689720806384],[-70.90136207144432,41.10192011401655],[-70.90148106004268,41.10252458516113],[-70.90171576133861,41.102562178404504]]]},"properties":{"kind":"pavement","solo":0,"d":"oldtown"}},{"type":"Feature","geometry":{"type":"Polygon","coordinates":[[[-70.90213315396475,41.101689720806384],[-70.90232546610682,41.101287739125226],[-70.90129086109384,41.10155836001101],[-70.90136207144432,41.10192011401655],[-70.90213315396475,41.101689720806384]]]},"properties":{"kind":"pavement","solo":0,"d":"oldtown"}},{"type":"Feature","geometry":{"type":"Polygon","coordinates":[[[-70.90187105163773,41.10097032310759],[-70.90116483447927,41.100918135207934],[-70.90129086109384,41.10155836001101],[-70.90158173811156,41.101482275519636],[-70.90187105163773,41.10097032310759]]]},"properties":{"kind":"pavement","solo":0,"d":"oldtown"}},{"type":"Feature","geometry":{"type":"Polygon","coordinates":[[[-70.90232546610682,41.101287739125226],[-70.90245661932445,41.1010135952758],[-70.90187105163773,41.10097032310759],[-70.90158173811156,41.101482275519636],[-70.90232546610682,41.101287739125226]]]},"properties":{"kind":"pavement","solo":0,"d":"oldtown"}},{"type":"Feature","geometry":{"type":"Polygon","coordinates":[[[-70.9025446520983,41.10269494585236],[-70.90299092529865,41.10269494585236],[-70.90325335347671,41.10200394652581],[-70.90313348835235,41.101983444068814],[-70.90234882810553,41.10234450226727],[-70.90249041465255,41.102686258377965],[-70.9025446520983,41.10269494585236]]]},"properties":{"kind":"pavement","solo":0,"d":"oldtown"}},{"type":"Feature","geometry":{"type":"Polygon","coordinates":[[[-70.90291376862149,41.102084547202956],[-70.90285193048314,41.10193528470522],[-70.90212799254967,41.10181145797556],[-70.90234882810553,41.10234450226727],[-70.90291376862149,41.102084547202956]]]},"properties":{"kind":"pavement","solo":0,"d":"oldtown"}},{"type":"Feature","geometry":{"type":"Polygon","coordinates":[[[-70.90249041465255,41.102686258377965],[-70.90219920563572,41.101983349358136],[-70.90211835186517,41.10180980897448],[-70.90207892857364,41.101803065775876],[-70.90171576133861,41.102562178404504],[-70.90249041465255,41.102686258377965]]]},"properties":{"kind":"pavement","solo":0,"d":"oldtown"}},{"type":"Feature","geometry":{"type":"Polygon","coordinates":[[[-70.90343419340817,41.10152777711528],[-70.90359745229557,41.10109790033114],[-70.90301642962153,41.101054964029395],[-70.90283704500166,41.10115142139375],[-70.90282038771976,41.1015157377186],[-70.90343419340817,41.10152777711528]]]},"properties":{"kind":"pavement","solo":0,"d":"oldtown"}},{"type":"Feature","geometry":{"type":"Polygon","coordinates":[[[-70.90284204443347,41.101042077346335],[-70.90245661932445,41.1010135952758],[-70.90222200430331,41.10150400081969],[-70.90269760130019,41.101513329343376],[-70.90282483161019,41.10141854408054],[-70.90284204443347,41.101042077346335]]]},"properties":{"kind":"pavement","solo":0,"d":"oldtown"}},{"type":"Feature","geometry":{"type":"Polygon","coordinates":[[[-70.90325335347671,41.10200394652581],[-70.90343419340817,41.10152777711528],[-70.90222200430331,41.10150400081969],[-70.90207892857364,41.101803065775876],[-70.90325335347671,41.10200394652581]]]},"properties":{"kind":"pavement","solo":0,"d":"oldtown"}},{"type":"Feature","geometry":{"type":"Polygon","coordinates":[[[-70.90490536699305,41.101772135616464],[-70.904344123869,41.10198183989714],[-70.90437690716918,41.102124028158144],[-70.90509569523246,41.1022285968308],[-70.90490536699305,41.101772135616464]]]},"properties":{"kind":"pavement","solo":0,"d":"oldtown"}},{"type":"Feature","geometry":{"type":"Polygon","coordinates":[[[-70.90528643469386,41.1022563454445],[-70.9053644044016,41.102074129144114],[-70.9053644044016,41.10160061973424],[-70.90490536699305,41.101772135616464],[-70.90509569523246,41.1022285968308],[-70.90528643469386,41.1022563454445]]]},"properties":{"kind":"pavement","solo":0,"d":"oldtown"}},{"type":"Feature","geometry":{"type":"Polygon","coordinates":[[[-70.90450853945742,41.10269494585236],[-70.9053644044016,41.10269494585236],[-70.9053644044016,41.10226768841089],[-70.90437690716918,41.102124028158144],[-70.90450853945742,41.10269494585236]]]},"properties":{"kind":"pavement","solo":0,"d":"oldtown"}},{"type":"Feature","geometry":{"type":"Polygon","coordinates":[[[-70.90483934778791,41.10118967368522],[-70.90414973018414,41.10113871245626],[-70.904344123869,41.10198183989714],[-70.90476564772501,41.101824340672245],[-70.90483934778791,41.10118967368522]]]},"properties":{"kind":"pavement","solo":0,"d":"oldtown"}},{"type":"Feature","geometry":{"type":"Polygon","coordinates":[[[-70.9053644044016,41.10160061973424],[-70.9053644044016,41.101228474217805],[-70.90483934778791,41.10118967368522],[-70.90476564772501,41.101824340672245],[-70.9053644044016,41.10160061973424]]]},"properties":{"kind":"pavement","solo":0,"d":"oldtown"}},{"type":"Feature","geometry":{"type":"Polygon","coordinates":[[[-70.90374546810062,41.10269494585236],[-70.90450853945742,41.10269494585236],[-70.90437853489651,41.1021310879635],[-70.9037054439846,41.10228848451475],[-70.90374546810062,41.10269494585236]]]},"properties":{"kind":"pavement","solo":0,"d":"oldtown"}},{"type":"Feature","geometry":{"type":"Polygon","coordinates":[[[-70.90437853489651,41.1021310879635],[-70.90432945251125,41.10191820704651],[-70.90366082300145,41.10183534010331],[-70.9037054439846,41.10228848451475],[-70.90437853489651,41.1021310879635]]]},"properties":{"kind":"pavement","solo":0,"d":"oldtown"}},{"type":"Feature","geometry":{"type":"Polygon","coordinates":[[[-70.90299092529865,41.10269494585236],[-70.90374546810062,41.10269494585236],[-70.90366082300145,41.10183534010331],[-70.90333282523562,41.101794689531],[-70.90299092529865,41.10269494585236]]]},"properties":{"kind":"pavement","solo":0,"d":"oldtown"}},{"type":"Feature","geometry":{"type":"Polygon","coordinates":[[[-70.90424083638293,41.101533859738346],[-70.90414973018414,41.10113871245626],[-70.90359745229557,41.10109790033114],[-70.90345970987954,41.10146058972455],[-70.90424083638293,41.101533859738346]]]},"properties":{"kind":"pavement","solo":0,"d":"oldtown"}},{"type":"Feature","geometry":{"type":"Polygon","coordinates":[[[-70.90432945251125,41.10191820704651],[-70.90424083638293,41.101533859738346],[-70.90345970987954,41.10146058972455],[-70.90333282523562,41.101794689531],[-70.90432945251125,41.10191820704651]]]},"properties":{"kind":"pavement","solo":0,"d":"oldtown"}},{"type":"Feature","geometry":{"type":"Polygon","coordinates":[[[-70.90105727474743,41.100371723575904],[-70.90116483447927,41.100918135207934],[-70.90163394861399,41.10095280171397],[-70.90167015746748,41.10038664805356],[-70.90130221424825,41.10034859441429],[-70.90105727474743,41.100371723575904]]]},"properties":{"kind":"pavement","solo":0,"d":"oldtown"}},{"type":"Feature","geometry":{"type":"Polygon","coordinates":[[[-70.90166942392622,41.10039811754319],[-70.90164629289423,41.10075978926621],[-70.90259782422103,41.10056471644122],[-70.90249395875772,41.10023606029354],[-70.90191280487157,41.100290937526935],[-70.90166942392622,41.10039811754319]]]},"properties":{"kind":"pavement","solo":0,"d":"oldtown"}},{"type":"Feature","geometry":{"type":"Polygon","coordinates":[[[-70.90164629289423,41.10075978926621],[-70.90163394861399,41.10095280171397],[-70.9027464525149,41.10103501331313],[-70.90259782422103,41.10056471644122],[-70.90164629289423,41.10075978926621]]]},"properties":{"kind":"pavement","solo":0,"d":"oldtown"}},{"type":"Feature","geometry":{"type":"Polygon","coordinates":[[[-70.90299809618475,41.10048849520483],[-70.90322125862835,41.10041241858907],[-70.9033173974115,41.10003211975238],[-70.90245393938898,41.10010942906173],[-70.9025158612901,41.10030536535112],[-70.90299809618475,41.10048849520483]]]},"properties":{"kind":"pavement","solo":0,"d":"oldtown"}},{"type":"Feature","geometry":{"type":"Polygon","coordinates":[[[-70.9027464525149,41.10103501331313],[-70.90295977118926,41.10105077709547],[-70.90309782382408,41.10090069304959],[-70.90318416398419,41.10055915489634],[-70.9025158612901,41.10030536535112],[-70.9027464525149,41.10103501331313]]]},"properties":{"kind":"pavement","solo":0,"d":"oldtown"}},{"type":"Feature","geometry":{"type":"Polygon","coordinates":[[[-70.90236506954602,41.10011738598147],[-70.90258255053725,41.10009791392285],[-70.9026147790249,41.099981802392904],[-70.90252500774477,41.10002133583809],[-70.90236506954602,41.10011738598147]]]},"properties":{"kind":"pavement","solo":1,"d":"oldtown"}},{"type":"Feature","geometry":{"type":"Polygon","coordinates":[[[-70.90261023973359,41.099998156373445],[-70.90258255053725,41.10009791392285],[-70.9033173974115,41.10003211975238],[-70.90341187430597,41.09965839489448],[-70.9031385963474,41.09965284804894],[-70.90294307044495,41.0997702702227],[-70.90277546089725,41.09987981171527],[-70.90261023973359,41.099998156373445]]]},"properties":{"kind":"pavement","solo":0,"d":"oldtown"}},{"type":"Feature","geometry":{"type":"Polygon","coordinates":[[[-70.9053644044016,41.101228474217805],[-70.9053644044016,41.10095826809202],[-70.90463696169495,41.100752845034705],[-70.90460629303601,41.10117245145002],[-70.9053644044016,41.101228474217805]]]},"properties":{"kind":"pavement","solo":0,"d":"oldtown"}},{"type":"Feature","geometry":{"type":"Polygon","coordinates":[[[-70.9053644044016,41.10095826809202],[-70.9053644044016,41.10059771523864],[-70.90466808005324,41.10032708586476],[-70.90463696169495,41.100752845034705],[-70.9053644044016,41.10095826809202]]]},"properties":{"kind":"pavement","solo":0,"d":"oldtown"}},{"type":"Feature","geometry":{"type":"Polygon","coordinates":[[[-70.90466808005324,41.10032708586476],[-70.9045123981154,41.10026657942769],[-70.90402170530436,41.10112925169833],[-70.90460629303601,41.10117245145002],[-70.90466808005324,41.10032708586476]]]},"properties":{"kind":"pavement","solo":0,"d":"oldtown"}},{"type":"Feature","geometry":{"type":"Polygon","coordinates":[[[-70.9031604542497,41.10065294414718],[-70.90305804696713,41.10105803945999],[-70.90402170530436,41.10112925169833],[-70.90431873629188,41.1006070504541],[-70.9031604542497,41.10065294414718]]]},"properties":{"kind":"pavement","solo":0,"d":"oldtown"}},{"type":"Feature","geometry":{"type":"Polygon","coordinates":[[[-70.9045123981154,41.10026657942769],[-70.9033703352895,41.09982271192796],[-70.90319779931218,41.10050521725328],[-70.90336655250076,41.100644778079214],[-70.90431873629188,41.1006070504541],[-70.9045123981154,41.10026657942769]]]},"properties":{"kind":"pavement","solo":0,"d":"oldtown"}},{"type":"Feature","geometry":{"type":"Polygon","coordinates":[[[-70.9053644044016,41.100011248902156],[-70.9053644044016,41.09936421137654],[-70.90533020281586,41.0993603967711],[-70.90481961213449,41.099766151633595],[-70.90482991353439,41.09996218605527],[-70.9053644044016,41.100011248902156]]]},"properties":{"kind":"pavement","solo":0,"d":"oldtown"}},{"type":"Feature","geometry":{"type":"Polygon","coordinates":[[[-70.9053644044016,41.10059771523864],[-70.9053644044016,41.100011248902156],[-70.90459953858222,41.099941039106476],[-70.90429581320224,41.10018240279423],[-70.9053644044016,41.10059771523864]]]},"properties":{"kind":"pavement","solo":0,"d":"oldtown"}},{"type":"Feature","geometry":{"type":"Polygon","coordinates":[[[-70.9042882570011,41.099244185429164],[-70.90353774651037,41.09916047874305],[-70.9033703352895,41.09982271192796],[-70.90410370618117,41.10010773959604],[-70.9042882570011,41.099244185429164]]]},"properties":{"kind":"pavement","solo":0,"d":"oldtown"}},{"type":"Feature","geometry":{"type":"Polygon","coordinates":[[[-70.90533020281586,41.0993603967711],[-70.9042882570011,41.099244185429164],[-70.90410370618117,41.10010773959604],[-70.90429581320224,41.10018240279423],[-70.90533020281586,41.0993603967711]]]},"properties":{"kind":"pavement","solo":0,"d":"oldtown"}},{"type":"Feature","geometry":{"type":"Polygon","coordinates":[[[-70.9005875224334,41.102381462914245],[-70.90065959729756,41.102165736482846],[-70.89988785617594,41.10226939398083],[-70.9005875224334,41.102381462914245]]]},"properties":{"kind":"pavement","solo":0,"d":"oldtown"}},{"type":"Feature","geometry":{"type":"Polygon","coordinates":[[[-70.9001052021067,41.101706584015254],[-70.89968440145577,41.10167422787648],[-70.89980355826786,41.10225589157659],[-70.89988785617594,41.10226939398083],[-70.9001064239651,41.102240036739744],[-70.9001052021067,41.101706584015254]]]},"properties":{"kind":"pavement","solo":0,"d":"oldtown"}},{"type":"Feature","geometry":{"type":"Polygon","coordinates":[[[-70.90065959729756,41.102165736482846],[-70.90079527374517,41.10175964489728],[-70.9001052021067,41.101706584015254],[-70.9001064239651,41.102240036739744],[-70.90065959729756,41.102165736482846]]]},"properties":{"kind":"pavement","solo":0,"d":"oldtown"}},{"type":"Feature","geometry":{"type":"Polygon","coordinates":[[[-70.90148106004268,41.10252458516113],[-70.90144193596083,41.10232583184472],[-70.90065392820654,41.102182704572776],[-70.9005875224334,41.102381462914245],[-70.90148106004268,41.10252458516113]]]},"properties":{"kind":"pavement","solo":0,"d":"oldtown"}},{"type":"Feature","geometry":{"type":"Polygon","coordinates":[[[-70.90144193596083,41.10232583184472],[-70.9013550380271,41.101884383721234],[-70.901252744921,41.1017948207004],[-70.90079527374517,41.10175964489728],[-70.90065392820654,41.102182704572776],[-70.90144193596083,41.10232583184472]]]},"properties":{"kind":"pavement","solo":0,"d":"oldtown"}},{"type":"Feature","geometry":{"type":"Polygon","coordinates":[[[-70.90009468293911,41.10090234564068],[-70.89948718403893,41.10071151151651],[-70.89964530821605,41.101483394318024],[-70.90009468293911,41.10090234564068]]]},"properties":{"kind":"pavement","solo":0,"d":"oldtown"}},{"type":"Feature","geometry":{"type":"Polygon","coordinates":[[[-70.90071333752229,41.10109668410863],[-70.90009468293911,41.10090234564068],[-70.89964530821605,41.101483394318024],[-70.89968440145577,41.10167422787648],[-70.90018739581626,41.10171290404129],[-70.90071333752229,41.10109668410863]]]},"properties":{"kind":"pavement","solo":0,"d":"oldtown"}},{"type":"Feature","geometry":{"type":"Polygon","coordinates":[[[-70.90133870892356,41.10180143063123],[-70.90123205682083,41.101259629824256],[-70.90071333752229,41.10109668410863],[-70.90018739581626,41.10171290404129],[-70.90133870892356,41.10180143063123]]]},"properties":{"kind":"pavement","solo":0,"d":"oldtown"}},{"type":"Feature","geometry":{"type":"Polygon","coordinates":[[[-70.89980355826786,41.10225589157659],[-70.8997756272956,41.10211954660064],[-70.89943785311019,41.10219731481013],[-70.89980355826786,41.10225589157659]]]},"properties":{"kind":"pavement","solo":1,"d":"oldtown"}},{"type":"Feature","geometry":{"type":"Polygon","coordinates":[[[-70.89925004417647,41.10269494585236],[-70.89937704719117,41.10269494585236],[-70.89947019779747,41.102364704874006],[-70.89948963779388,41.102205609413744],[-70.89943785311019,41.10219731481013],[-70.89913815139415,41.10226631731785],[-70.89925004417647,41.10269494585236]]]},"properties":{"kind":"pavement","solo":0,"d":"oldtown"}},{"type":"Feature","geometry":{"type":"Polygon","coordinates":[[[-70.8997756272956,41.10211954660064],[-70.89971438522119,41.101820593557356],[-70.89898070058291,41.10166316929449],[-70.89913815139415,41.10226631731785],[-70.8997756272956,41.10211954660064]]]},"properties":{"kind":"pavement","solo":0,"d":"oldtown"}},{"type":"Feature","geometry":{"type":"Polygon","coordinates":[[[-70.89868032337708,41.10269494585236],[-70.89925004417647,41.10269494585236],[-70.89910744745254,41.10214869949457],[-70.89858016873741,41.102126088475615],[-70.89868032337708,41.10269494585236]]]},"properties":{"kind":"pavement","solo":0,"d":"oldtown"}},{"type":"Feature","geometry":{"type":"Polygon","coordinates":[[[-70.89813170562574,41.10269494585236],[-70.89868032337708,41.10269494585236],[-70.89858016873741,41.102126088475615],[-70.89838883329644,41.10211788353739],[-70.89813170562574,41.10269494585236]]]},"properties":{"kind":"pavement","solo":0,"d":"oldtown"}},{"type":"Feature","geometry":{"type":"Polygon","coordinates":[[[-70.89910744745254,41.10214869949457],[-70.89898070058291,41.10166316929449],[-70.89862541294157,41.101586936411685],[-70.89838883329644,41.10211788353739],[-70.89910744745254,41.10214869949457]]]},"properties":{"kind":"pavement","solo":0,"d":"oldtown"}},{"type":"Feature","geometry":{"type":"Polygon","coordinates":[[[-70.89959483690923,41.10123701875156],[-70.89955951253852,41.10106458291836],[-70.89892129936388,41.10092288923479],[-70.89878097332078,41.101237817888965],[-70.89959483690923,41.10123701875156]]]},"properties":{"kind":"pavement","solo":0,"d":"oldtown"}},{"type":"Feature","geometry":{"type":"Polygon","coordinates":[[[-70.89955951253852,41.10106458291836],[-70.89948718403893,41.10071151151651],[-70.89908849063903,41.10058626963416],[-70.89906636265437,41.10059732894794],[-70.89892129936388,41.10092288923479],[-70.89955951253852,41.10106458291836]]]},"properties":{"kind":"pavement","solo":0,"d":"oldtown"}},{"type":"Feature","geometry":{"type":"Polygon","coordinates":[[[-70.89971438522119,41.101820593557356],[-70.89959483690923,41.10123701875156],[-70.89878097332078,41.101237817888965],[-70.89862541294157,41.101586936411685],[-70.89971438522119,41.101820593557356]]]},"properties":{"kind":"pavement","solo":0,"d":"oldtown"}},{"type":"Feature","geometry":{"type":"Polygon","coordinates":[[[-70.90113384569774,41.100760709836926],[-70.90104753699147,41.10032225503378],[-70.9009177156338,41.10030882857324],[-70.90080114051281,41.100311428481064],[-70.9002616969771,41.1009377088436],[-70.90113384569774,41.100760709836926]]]},"properties":{"kind":"pavement","solo":0,"d":"oldtown"}},{"type":"Feature","geometry":{"type":"Polygon","coordinates":[[[-70.90123205682083,41.101259629824256],[-70.90113384569774,41.100760709836926],[-70.9002616969771,41.1009377088436],[-70.90025010387325,41.10095116814527],[-70.90123205682083,41.101259629824256]]]},"properties":{"kind":"pavement","solo":0,"d":"oldtown"}},{"type":"Feature","geometry":{"type":"Polygon","coordinates":[[[-70.89908849063903,41.10058626963416],[-70.89921294808481,41.100625365552936],[-70.90001032757358,41.1004081073035],[-70.90000997419239,41.100403323828075],[-70.89986547903807,41.10041289043328],[-70.89941649441433,41.100462745314495],[-70.89924253484863,41.10050928009909],[-70.89908849063903,41.10058626963416]]]},"properties":{"kind":"pavement","solo":1,"d":"oldtown"}},{"type":"Feature","geometry":{"type":"Polygon","coordinates":[[[-70.89921294808481,41.100625365552936],[-70.90004570297658,41.10088695952516],[-70.90001032757358,41.1004081073035],[-70.89921294808481,41.100625365552936]]]},"properties":{"kind":"pavement","solo":0,"d":"oldtown"}},{"type":"Feature","geometry":{"type":"Polygon","coordinates":[[[-70.90028911759107,41.10036431692936],[-70.90057929181383,41.100568989234745],[-70.90080114051281,41.100311428481064],[-70.90060254199561,41.10031585770949],[-70.90028911759107,41.10036431692936]]]},"properties":{"kind":"pavement","solo":0,"d":"oldtown"}},{"type":"Feature","geometry":{"type":"Polygon","coordinates":[[[-70.90001027746364,41.10040742899992],[-70.90004570297658,41.10088695952516],[-70.90025010387325,41.10095116814527],[-70.90057929181383,41.100568989234745],[-70.90029099542456,41.10036564144573],[-70.90025393455615,41.1003697566539],[-70.90001027746364,41.10040742899992]]]},"properties":{"kind":"pavement","solo":0,"d":"oldtown"}},{"type":"Feature","geometry":{"type":"Polygon","coordinates":[[[-70.90323188842709,41.09906619387624],[-70.9032995431721,41.09877280067633],[-70.90321137177351,41.09873500375507],[-70.90311826006517,41.098882058109005],[-70.90323188842709,41.09906619387624]]]},"properties":{"kind":"pavement","solo":1,"d":"oldtown"}},{"type":"Feature","geometry":{"type":"Polygon","coordinates":[[[-70.9032995431721,41.09877280067633],[-70.90336375432976,41.09849434102036],[-70.90328752498431,41.09861473250868],[-70.90326289250302,41.09865426387174],[-70.90321328370197,41.09873582335202],[-70.9032995431721,41.09877280067633]]]},"properties":{"kind":"pavement","solo":1,"d":"oldtown"}},{"type":"Feature","geometry":{"type":"Polygon","coordinates":[[[-70.9053644044016,41.0975244440435],[-70.9053644044016,41.097352959708054],[-70.90529766827554,41.09732767602951],[-70.90518633323663,41.09733217198212],[-70.90502767199943,41.09745056745216],[-70.9053644044016,41.0975244440435]]]},"properties":{"kind":"pavement","solo":1,"d":"oldtown"}},{"type":"Feature","geometry":{"type":"Polygon","coordinates":[[[-70.9053644044016,41.09826344245348],[-70.9053644044016,41.09779472846795],[-70.90455897480643,41.09797832101824],[-70.90455124951956,41.09827900541457],[-70.9053644044016,41.09826344245348]]]},"properties":{"kind":"pavement","solo":0,"d":"oldtown"}},{"type":"Feature","geometry":{"type":"Polygon","coordinates":[[[-70.9053644044016,41.09779472846795],[-70.9053644044016,41.0975244440435],[-70.90504317595382,41.09745396890475],[-70.90494475969724,41.09751243789488],[-70.90456363755271,41.097796837135924],[-70.90455897480643,41.09797832101824],[-70.9053644044016,41.09779472846795]]]},"properties":{"kind":"pavement","solo":0,"d":"oldtown"}},{"type":"Feature","geometry":{"type":"Polygon","coordinates":[[[-70.90407946820488,41.098288034831235],[-70.90455124951956,41.09827900541457],[-70.90456127971767,41.09788860903017],[-70.90394479919055,41.097851995649975],[-70.90407946820488,41.098288034831235]]]},"properties":{"kind":"pavement","solo":0,"d":"oldtown"}},{"type":"Feature","geometry":{"type":"Polygon","coordinates":[[[-70.90456127971767,41.09788860903017],[-70.90456422963506,41.097773792047064],[-70.90451515950447,41.097767662898384],[-70.90433427375397,41.09787512692443],[-70.90456127971767,41.09788860903017]]]},"properties":{"kind":"pavement","solo":1,"d":"oldtown"}},{"type":"Feature","geometry":{"type":"Polygon","coordinates":[[[-70.90347631383965,41.09829957859507],[-70.90407946820488,41.098288034831235],[-70.90393218651565,41.09781115759626],[-70.90388197549555,41.09768857448173],[-70.90383133350254,41.09768224899816],[-70.90355088628341,41.098168827180054],[-70.90347631383965,41.09829957859507]]]},"properties":{"kind":"pavement","solo":0,"d":"oldtown"}},{"type":"Feature","geometry":{"type":"Polygon","coordinates":[[[-70.9053644044016,41.09891107949724],[-70.9053644044016,41.09826344245348],[-70.90441230337407,41.09828166470311],[-70.90421203782846,41.09881126437519],[-70.9053644044016,41.09891107949724]]]},"properties":{"kind":"pavement","solo":0,"d":"oldtown"}},{"type":"Feature","geometry":{"type":"Polygon","coordinates":[[[-70.90475300139416,41.09916001552242],[-70.90489234810119,41.09931156152147],[-70.9053644044016,41.09936421137654],[-70.9053644044016,41.09891107949724],[-70.90491169300758,41.098871866763986],[-70.90475300139416,41.09916001552242]]]},"properties":{"kind":"pavement","solo":0,"d":"oldtown"}},{"type":"Feature","geometry":{"type":"Polygon","coordinates":[[[-70.90405804037191,41.099218508678],[-70.90448322140354,41.09926593039374],[-70.90475557953813,41.09915533418502],[-70.90491169300758,41.098871866763986],[-70.90421203782846,41.09881126437519],[-70.90405804037191,41.099218508678]]]},"properties":{"kind":"pavement","solo":0,"d":"oldtown"}},{"type":"Feature","geometry":{"type":"Polygon","coordinates":[[[-70.90416505400414,41.09893551249728],[-70.90433443751706,41.09848757996533],[-70.90411827195749,41.0982872921667],[-70.9034786581888,41.0982995337266],[-70.90341939594889,41.098396963968526],[-70.90336407658903,41.09849294350304],[-70.90335210088286,41.09854487763944],[-70.90416505400414,41.09893551249728]]]},"properties":{"kind":"pavement","solo":0,"d":"oldtown"}},{"type":"Feature","geometry":{"type":"Polygon","coordinates":[[[-70.90327176421236,41.09913081293956],[-70.90405804037191,41.099218508678],[-70.90416505400414,41.09893551249728],[-70.90335210088286,41.09854487763944],[-70.90323188842709,41.09906619387624],[-70.90327176421236,41.09913081293956]]]},"properties":{"kind":"pavement","solo":0,"d":"oldtown"}},{"type":"Feature","geometry":{"type":"Polygon","coordinates":[[[-70.89487401357182,41.09791610279928],[-70.89487401357182,41.098194186622415],[-70.89509926539908,41.09821930963433],[-70.8951369083332,41.09800902950255],[-70.89506724460364,41.09791525659418],[-70.89487401357182,41.09791610279928]]]},"properties":{"kind":"pavement","solo":0,"d":"oldtown"}},{"type":"Feature","geometry":{"type":"Polygon","coordinates":[[[-70.90292283764806,41.10269494585236],[-70.90278452320794,41.10271737529262],[-70.90278991904505,41.102734231447215],[-70.90466127350287,41.10303397535494],[-70.90511784043798,41.10295673293862],[-70.9053644044016,41.102866111454595],[-70.9053644044016,41.10269494585236],[-70.90292283764806,41.10269494585236]]]},"properties":{"kind":"pavement","solo":0,"d":"merchant"}},{"type":"Feature","geometry":{"type":"Polygon","coordinates":[[[-70.90286153167276,41.102957943449184],[-70.90297708054052,41.10331890867786],[-70.90466127350287,41.10303397535494],[-70.90291881044986,41.102754876607825],[-70.90286153167276,41.102957943449184]]]},"properties":{"kind":"pavement","solo":0,"d":"merchant"}},{"type":"Feature","geometry":{"type":"Polygon","coordinates":[[[-70.90511784043798,41.10295673293862],[-70.90297708054052,41.10331890867786],[-70.90307741965549,41.10370666393685],[-70.90511784043798,41.10295673293862]]]},"properties":{"kind":"pavement","solo":0,"d":"merchant"}},{"type":"Feature","geometry":{"type":"Polygon","coordinates":[[[-70.90502529024144,41.10299074859945],[-70.90307741965549,41.10370666393685],[-70.90315561443246,41.1040088435605],[-70.9053644044016,41.10365471798538],[-70.9053644044016,41.103514691479006],[-70.90502529024144,41.10299074859945]]]},"properties":{"kind":"pavement","solo":0,"d":"merchant"}},{"type":"Feature","geometry":{"type":"Polygon","coordinates":[[[-70.9053644044016,41.10365471798538],[-70.90315561443246,41.1040088435605],[-70.90334187078072,41.10471609624176],[-70.9053644044016,41.104398579546626],[-70.9053644044016,41.10365471798538]]]},"properties":{"kind":"pavement","solo":0,"d":"merchant"}},{"type":"Feature","geometry":{"type":"Polygon","coordinates":[[[-70.9053644044016,41.104398579546626],[-70.90523311329116,41.10441919088235],[-70.904720437361,41.105145779109094],[-70.9053644044016,41.10504266248701],[-70.9053644044016,41.104398579546626]]]},"properties":{"kind":"pavement","solo":0,"d":"merchant"}},{"type":"Feature","geometry":{"type":"Polygon","coordinates":[[[-70.90523311329116,41.10441919088235],[-70.90334187078072,41.10471609624176],[-70.90352185462551,41.10531741439354],[-70.9035580355079,41.10533191123238],[-70.904720437361,41.105145779109094],[-70.90523311329116,41.10441919088235]]]},"properties":{"kind":"pavement","solo":0,"d":"merchant"}},{"type":"Feature","geometry":{"type":"Polygon","coordinates":[[[-70.90362188957288,41.10565254351863],[-70.90373410052365,41.10602852696103],[-70.90432161936965,41.105932908988606],[-70.90362188957288,41.10565254351863]]]},"properties":{"kind":"pavement","solo":0,"d":"merchant"}},{"type":"Feature","geometry":{"type":"Polygon","coordinates":[[[-70.9053644044016,41.10504266248701],[-70.904720437361,41.105145779109094],[-70.9041995534818,41.10588400002379],[-70.90432161936965,41.105932908988606],[-70.9053644044016,41.10576319700217],[-70.9053644044016,41.10504266248701]]]},"properties":{"kind":"pavement","solo":0,"d":"merchant"}},{"type":"Feature","geometry":{"type":"Polygon","coordinates":[[[-70.904720437361,41.105145779109094],[-70.9035580355079,41.10533191123238],[-70.90436185264673,41.10565398208164],[-70.904720437361,41.105145779109094]]]},"properties":{"kind":"pavement","solo":0,"d":"merchant"}},{"type":"Feature","geometry":{"type":"Polygon","coordinates":[[[-70.90413263251186,41.10596366636819],[-70.90373410052365,41.10602852696103],[-70.90373916832486,41.106047432774666],[-70.90389840512819,41.106025135243236],[-70.90413263251186,41.10596366636819]]]},"properties":{"kind":"pavement","solo":1,"d":"merchant"}},{"type":"Feature","geometry":{"type":"Polygon","coordinates":[[[-70.902750333002,41.10335216909382],[-70.90297708054052,41.10331890867786],[-70.90286153167276,41.102957943449184],[-70.902750333002,41.10335216909382]]]},"properties":{"kind":"pavement","solo":1,"d":"merchant"}},{"type":"Feature","geometry":{"type":"Polygon","coordinates":[[[-70.90297708054052,41.10331890867786],[-70.902750333002,41.10335216909382],[-70.90253639324447,41.104110636243334],[-70.90315561443246,41.1040088435605],[-70.90297708054052,41.10331890867786]]]},"properties":{"kind":"pavement","solo":0,"d":"merchant"}},{"type":"Feature","geometry":{"type":"Polygon","coordinates":[[[-70.90117813358259,41.10467338727878],[-70.90128738123357,41.10507585068569],[-70.90191034206597,41.10496676620377],[-70.90117813358259,41.10467338727878]]]},"properties":{"kind":"pavement","solo":0,"d":"merchant"}},{"type":"Feature","geometry":{"type":"Polygon","coordinates":[[[-70.9024227700447,41.10487703674139],[-70.90318224825032,41.10474404718205],[-70.90136398904679,41.10445280779838],[-70.9024227700447,41.10487703674139]]]},"properties":{"kind":"pavement","solo":0,"d":"merchant"}},{"type":"Feature","geometry":{"type":"Polygon","coordinates":[[[-70.90315561443246,41.1040088435605],[-70.90253639324447,41.104110636243334],[-70.90239336967977,41.10461768868034],[-70.90318224825032,41.10474404718205],[-70.90334187078072,41.10471609624176],[-70.90315561443246,41.1040088435605]]]},"properties":{"kind":"pavement","solo":0,"d":"merchant"}},{"type":"Feature","geometry":{"type":"Polygon","coordinates":[[[-70.90191034206597,41.10496676620377],[-70.90128738123357,41.10507585068569],[-70.90145075263368,41.10569723355714],[-70.90304351284313,41.10542080140274],[-70.90191034206597,41.10496676620377]]]},"properties":{"kind":"pavement","solo":0,"d":"merchant"}},{"type":"Feature","geometry":{"type":"Polygon","coordinates":[[[-70.90334187078072,41.10471609624176],[-70.9024227700447,41.10487703674139],[-70.90352185462551,41.10531741439354],[-70.90334187078072,41.10471609624176]]]},"properties":{"kind":"pavement","solo":0,"d":"merchant"}},{"type":"Feature","geometry":{"type":"Polygon","coordinates":[[[-70.90304351284313,41.10542080140274],[-70.90145075263368,41.10569723355714],[-70.90160403048732,41.10624197909831],[-70.90202922037605,41.106290029685354],[-70.90373410052365,41.10602852696103],[-70.90362188957288,41.10565254351863],[-70.90304351284313,41.10542080140274]]]},"properties":{"kind":"pavement","solo":0,"d":"merchant"}},{"type":"Feature","geometry":{"type":"Polygon","coordinates":[[[-70.9036791444432,41.10603695638921],[-70.90203214637654,41.10628958088131],[-70.90204842602226,41.106292200109905],[-70.90263021931182,41.10635794840225],[-70.90335015266086,41.10616901450228],[-70.9036791444432,41.10603695638921]]]},"properties":{"kind":"pavement","solo":1,"d":"merchant"}},{"type":"Feature","geometry":{"type":"Polygon","coordinates":[[[-70.89803915739564,41.10269494585236],[-70.89809635516689,41.10288747310958],[-70.89936999355227,41.10269494585236],[-70.89803915739564,41.10269494585236]]]},"properties":{"kind":"pavement","solo":1,"d":"merchant"}},{"type":"Feature","geometry":{"type":"Polygon","coordinates":[[[-70.89936999355227,41.10269494585236],[-70.89809635516689,41.10288747310958],[-70.89817584007893,41.10317539058984],[-70.89862979090223,41.1033572781363],[-70.89921630889243,41.10326480122032],[-70.89937704719117,41.10269494585236],[-70.89936999355227,41.10269494585236]]]},"properties":{"kind":"pavement","solo":0,"d":"merchant"}},{"type":"Feature","geometry":{"type":"Polygon","coordinates":[[[-70.8982662094779,41.10350664695429],[-70.89840236274947,41.10402267919332],[-70.89903085545285,41.10392227762074],[-70.89905854353682,41.10382411680027],[-70.8982662094779,41.10350664695429]]]},"properties":{"kind":"pavement","solo":0,"d":"merchant"}},{"type":"Feature","geometry":{"type":"Polygon","coordinates":[[[-70.89921630889243,41.10326480122032],[-70.89862979090223,41.1033572781363],[-70.8991333164442,41.10355902912057],[-70.89921630889243,41.10326480122032]]]},"properties":{"kind":"pavement","solo":1,"d":"merchant"}},{"type":"Feature","geometry":{"type":"Polygon","coordinates":[[[-70.89903085545285,41.10392227762074],[-70.89840236274947,41.10402267919332],[-70.89861398178046,41.104752241609425],[-70.89880556234783,41.104720995078075],[-70.89903085545285,41.10392227762074]]]},"properties":{"kind":"pavement","solo":0,"d":"merchant"}},{"type":"Feature","geometry":{"type":"Polygon","coordinates":[[[-70.89898853333737,41.104072319551484],[-70.89880556234783,41.104720995078075],[-70.90057619998787,41.104432206474485],[-70.9001371903295,41.10425630550562],[-70.89898853333737,41.104072319551484]]]},"properties":{"kind":"pavement","solo":0,"d":"merchant"}},{"type":"Feature","geometry":{"type":"Polygon","coordinates":[[[-70.89880556234783,41.104720995078075],[-70.89861398178046,41.104752241609425],[-70.89870625736758,41.10507305477082],[-70.89880556234783,41.104720995078075]]]},"properties":{"kind":"pavement","solo":1,"d":"merchant"}},{"type":"Feature","geometry":{"type":"Polygon","coordinates":[[[-70.90057619998787,41.104432206474485],[-70.89880556234783,41.104720995078075],[-70.89870625736758,41.10507305477082],[-70.89881585393044,41.105454087510964],[-70.90128738123357,41.10507585068569],[-70.90117813358259,41.10467338727878],[-70.90057619998787,41.104432206474485]]]},"properties":{"kind":"pavement","solo":0,"d":"merchant"}},{"type":"Feature","geometry":{"type":"Polygon","coordinates":[[[-70.90128738123357,41.10507585068569],[-70.89881585393044,41.105454087510964],[-70.89897914506896,41.106099661815186],[-70.90145075263368,41.10569723355714],[-70.90128738123357,41.10507585068569]]]},"properties":{"kind":"pavement","solo":0,"d":"merchant"}},{"type":"Feature","geometry":{"type":"Polygon","coordinates":[[[-70.90145075263368,41.10569723355714],[-70.89953862073072,41.10600856773569],[-70.90072258605474,41.106142367316465],[-70.90152888285296,41.10597490634271],[-70.90145075263368,41.10569723355714]]]},"properties":{"kind":"pavement","solo":0,"d":"merchant"}},{"type":"Feature","geometry":{"type":"Polygon","coordinates":[[[-70.89550896769413,41.10269494585236],[-70.89566816665115,41.103262110327954],[-70.897103285901,41.10304069049983],[-70.89624038423221,41.10269494585236],[-70.89550896769413,41.10269494585236]]]},"properties":{"kind":"pavement","solo":0,"d":"merchant"}},{"type":"Feature","geometry":{"type":"Polygon","coordinates":[[[-70.89763493791109,41.10295866366011],[-70.89809635516689,41.10288747310958],[-70.89803915739564,41.10269494585236],[-70.89697675697305,41.10269494585236],[-70.89763493791109,41.10295866366011]]]},"properties":{"kind":"pavement","solo":0,"d":"merchant"}},{"type":"Feature","geometry":{"type":"Polygon","coordinates":[[[-70.897103285901,41.10304069049983],[-70.89566816665115,41.103262110327954],[-70.89582199641211,41.10381384488443],[-70.89810279782066,41.103441171700425],[-70.897103285901,41.10304069049983]]]},"properties":{"kind":"pavement","solo":0,"d":"merchant"}},{"type":"Feature","geometry":{"type":"Polygon","coordinates":[[[-70.89809635516689,41.10288747310958],[-70.89763493791109,41.10295866366011],[-70.89817584007893,41.10317539058984],[-70.89809635516689,41.10288747310958]]]},"properties":{"kind":"pavement","solo":1,"d":"merchant"}},{"type":"Feature","geometry":{"type":"Polygon","coordinates":[[[-70.89810279782066,41.103441171700425],[-70.89582199641211,41.10381384488443],[-70.89600457671872,41.10439871170642],[-70.89840236274947,41.10402267919332],[-70.8982662094779,41.10350664695429],[-70.89810279782066,41.103441171700425]]]},"properties":{"kind":"pavement","solo":0,"d":"merchant"}},{"type":"Feature","geometry":{"type":"Polygon","coordinates":[[[-70.89840236274947,41.10402267919332],[-70.89600457671872,41.10439871170642],[-70.89618107636157,41.105117258574104],[-70.89861398178046,41.104752241609425],[-70.89840236274947,41.10402267919332]]]},"properties":{"kind":"pavement","solo":0,"d":"merchant"}},{"type":"Feature","geometry":{"type":"Polygon","coordinates":[[[-70.89861398178046,41.104752241609425],[-70.89618107636157,41.105117258574104],[-70.89639561821956,41.10581807586922],[-70.89881585393044,41.105454087510964],[-70.89861398178046,41.104752241609425]]]},"properties":{"kind":"pavement","solo":0,"d":"merchant"}},{"type":"Feature","geometry":{"type":"Polygon","coordinates":[[[-70.89881585393044,41.105454087510964],[-70.89639561821956,41.10581807586922],[-70.89649475634774,41.1061629619511],[-70.89726122565773,41.10628822341267],[-70.89760770842776,41.10630342152791],[-70.89897914506896,41.106099661815186],[-70.89881585393044,41.105454087510964]]]},"properties":{"kind":"pavement","solo":0,"d":"merchant"}},{"type":"Feature","geometry":{"type":"Polygon","coordinates":[[[-70.89897914506896,41.106099661815186],[-70.89758130568926,41.10630734428617],[-70.89783494817465,41.10638198492414],[-70.89878175118203,41.10653671770597],[-70.89909558685976,41.10647495179504],[-70.89897914506896,41.106099661815186]]]},"properties":{"kind":"pavement","solo":0,"d":"merchant"}},{"type":"Feature","geometry":{"type":"Polygon","coordinates":[[[-70.89487401357182,41.10269494585236],[-70.89487401357182,41.10338866555185],[-70.89566816665115,41.103262110327954],[-70.89550896769413,41.10269494585236],[-70.89487401357182,41.10269494585236]]]},"properties":{"kind":"pavement","solo":0,"d":"merchant"}},{"type":"Feature","geometry":{"type":"Polygon","coordinates":[[[-70.89566816665115,41.103262110327954],[-70.89487401357182,41.10338866555185],[-70.89487401357182,41.10396290911958],[-70.89582199641211,41.10381384488443],[-70.89566816665115,41.103262110327954]]]},"properties":{"kind":"pavement","solo":0,"d":"merchant"}},{"type":"Feature","geometry":{"type":"Polygon","coordinates":[[[-70.89582199641211,41.10381384488443],[-70.89487401357182,41.10396290911958],[-70.89487401357182,41.10457742962803],[-70.89600457671872,41.10439871170642],[-70.89582199641211,41.10381384488443]]]},"properties":{"kind":"pavement","solo":0,"d":"merchant"}},{"type":"Feature","geometry":{"type":"Polygon","coordinates":[[[-70.89600457671872,41.10439871170642],[-70.89487401357182,41.10457742962803],[-70.89487401357182,41.10531400995767],[-70.89618107636157,41.105117258574104],[-70.89600457671872,41.10439871170642]]]},"properties":{"kind":"pavement","solo":0,"d":"merchant"}},{"type":"Feature","geometry":{"type":"Polygon","coordinates":[[[-70.89618107636157,41.105117258574104],[-70.89487401357182,41.10531400995767],[-70.89487401357182,41.10569519524607],[-70.8952819393991,41.10581701867255],[-70.89579070240467,41.10591742900545],[-70.89639561821956,41.10581807586922],[-70.89618107636157,41.105117258574104]]]},"properties":{"kind":"pavement","solo":0,"d":"merchant"}},{"type":"Feature","geometry":{"type":"Polygon","coordinates":[[[-70.89639561821956,41.10581807586922],[-70.89570701362075,41.10593117429519],[-70.89581846455003,41.10597724714527],[-70.8964998672591,41.1061807420144],[-70.89639561821956,41.10581807586922]]]},"properties":{"kind":"pavement","solo":0,"d":"merchant"}},{"type":"Feature","geometry":{"type":"Polygon","coordinates":[[[-70.909960296082,41.10089620097822],[-70.90978367641283,41.101167722949945],[-70.91008700961999,41.10127881438744],[-70.91007306964535,41.10105096513748],[-70.909960296082,41.10089620097822]]]},"properties":{"kind":"pavement","solo":1,"d":"hillside"}},{"type":"Feature","geometry":{"type":"Polygon","coordinates":[[[-70.91029446117369,41.10135479054425],[-70.90978367641283,41.101167722949945],[-70.90944460385592,41.10163391899141],[-70.91011375524799,41.10187645825922],[-70.91015307207935,41.10183762200722],[-70.91037185504695,41.10161278684519],[-70.91038382108582,41.10147742311223],[-70.91029446117369,41.10135479054425]]]},"properties":{"kind":"pavement","solo":0,"d":"hillside"}},{"type":"Feature","geometry":{"type":"Polygon","coordinates":[[[-70.91011488335202,41.101876867149535],[-70.90944460385592,41.10163391899141],[-70.90912613287696,41.102105568359704],[-70.90969067108028,41.1023125997984],[-70.90989514435786,41.1021026847847],[-70.91011488335202,41.101876867149535]]]},"properties":{"kind":"pavement","solo":0,"d":"hillside"}},{"type":"Feature","geometry":{"type":"Polygon","coordinates":[[[-70.90964856616452,41.1022971587862],[-70.90912613287696,41.102105568359704],[-70.90885426909577,41.102527418770585],[-70.90931835612685,41.10269482333135],[-70.90960609024364,41.10239943162156],[-70.90964856616452,41.1022971587862]]]},"properties":{"kind":"pavement","solo":0,"d":"hillside"}},{"type":"Feature","geometry":{"type":"Polygon","coordinates":[[[-70.90944857084861,41.10274179412958],[-70.90885426909577,41.102527418770585],[-70.90858539960071,41.10292383454529],[-70.90928328018371,41.10317668846341],[-70.90944968791128,41.10277601462813],[-70.90944857084861,41.10274179412958]]]},"properties":{"kind":"pavement","solo":0,"d":"hillside"}},{"type":"Feature","geometry":{"type":"Polygon","coordinates":[[[-70.90944428886262,41.103235024626215],[-70.90858539960071,41.10292383454529],[-70.90827416815101,41.10336099709969],[-70.90930302785415,41.10370701501784],[-70.90931634189496,41.10369240348996],[-70.90941372193377,41.10342322648915],[-70.90944428886262,41.103235024626215]]]},"properties":{"kind":"pavement","solo":0,"d":"hillside"}},{"type":"Feature","geometry":{"type":"Polygon","coordinates":[[[-70.90930302785415,41.10370701501784],[-70.90827416815101,41.10336099709969],[-70.90800747864448,41.10379801331083],[-70.90881138606981,41.10409523353921],[-70.90911830238113,41.10390974245688],[-70.90930302785415,41.10370701501784]]]},"properties":{"kind":"pavement","solo":0,"d":"hillside"}},{"type":"Feature","geometry":{"type":"Polygon","coordinates":[[[-70.90854259355571,41.10399585571297],[-70.90800747864448,41.10379801331083],[-70.90763574158393,41.10434704442282],[-70.9077353121759,41.10438226741329],[-70.90791766943633,41.104346319875035],[-70.90854259355571,41.10399585571297]]]},"properties":{"kind":"pavement","solo":0,"d":"hillside"}},{"type":"Feature","geometry":{"type":"Polygon","coordinates":[[[-70.90780782835473,41.10440791993404],[-70.90763574158393,41.10434704442282],[-70.90748403584692,41.10458950625215],[-70.90780782835473,41.10440791993404]]]},"properties":{"kind":"pavement","solo":1,"d":"hillside"}},{"type":"Feature","geometry":{"type":"Polygon","coordinates":[[[-70.90987056349168,41.09859867410618],[-70.90963170895512,41.09895501820077],[-70.91019430414424,41.09917087334125],[-70.91010585583614,41.09893775482754],[-70.90994455044175,41.098668553678166],[-70.90987056349168,41.09859867410618]]]},"properties":{"kind":"pavement","solo":0,"d":"hillside"}},{"type":"Feature","geometry":{"type":"Polygon","coordinates":[[[-70.91019430414424,41.09917087334125],[-70.90963170895512,41.09895501820077],[-70.90933224406172,41.09935931680584],[-70.9102413675622,41.09970623076202],[-70.91026407522178,41.0995134842524],[-70.91021461665167,41.09922440993954],[-70.91019430414424,41.09917087334125]]]},"properties":{"kind":"pavement","solo":0,"d":"hillside"}},{"type":"Feature","geometry":{"type":"Polygon","coordinates":[[[-70.91017339341826,41.099680292394815],[-70.90933224406172,41.09935931680584],[-70.90907275098077,41.09977609980605],[-70.91008029373369,41.10015122491914],[-70.91010068345102,41.10010233024316],[-70.91017339341826,41.099680292394815]]]},"properties":{"kind":"pavement","solo":0,"d":"hillside"}},{"type":"Feature","geometry":{"type":"Polygon","coordinates":[[[-70.91001657141142,41.10012750002679],[-70.90907275098077,41.09977609980605],[-70.90877741313247,41.10023502923631],[-70.91000004671369,41.10068646627978],[-70.91003747715568,41.10046920496339],[-70.91001657141142,41.10012750002679]]]},"properties":{"kind":"pavement","solo":0,"d":"hillside"}},{"type":"Feature","geometry":{"type":"Polygon","coordinates":[[[-70.91005194165736,41.10070562762157],[-70.90877741313247,41.10023502923631],[-70.9084619306414,41.10070159517027],[-70.90978367641283,41.101167722949945],[-70.91005472005311,41.10075104057263],[-70.91005194165736,41.10070562762157]]]},"properties":{"kind":"pavement","solo":0,"d":"hillside"}},{"type":"Feature","geometry":{"type":"Polygon","coordinates":[[[-70.90978367641283,41.101167722949945],[-70.9084619306414,41.10070159517027],[-70.90815134147911,41.10114160305481],[-70.90944460385592,41.10163391899141],[-70.90978367641283,41.101167722949945]]]},"properties":{"kind":"pavement","solo":0,"d":"hillside"}},{"type":"Feature","geometry":{"type":"Polygon","coordinates":[[[-70.90944460385592,41.10163391899141],[-70.90815134147911,41.10114160305481],[-70.90783761962325,41.101636938164305],[-70.90912613287696,41.102105568359704],[-70.90944460385592,41.10163391899141]]]},"properties":{"kind":"pavement","solo":0,"d":"hillside"}},{"type":"Feature","geometry":{"type":"Polygon","coordinates":[[[-70.90912613287696,41.102105568359704],[-70.90783761962325,41.101636938164305],[-70.90753249960324,41.102064357150375],[-70.90885426909577,41.102527418770585],[-70.90912613287696,41.102105568359704]]]},"properties":{"kind":"pavement","solo":0,"d":"hillside"}},{"type":"Feature","geometry":{"type":"Polygon","coordinates":[[[-70.90885426909577,41.102527418770585],[-70.90753249960324,41.102064357150375],[-70.90726840550757,41.102438632901766],[-70.90858539960071,41.10292383454529],[-70.90885426909577,41.102527418770585]]]},"properties":{"kind":"pavement","solo":0,"d":"hillside"}},{"type":"Feature","geometry":{"type":"Polygon","coordinates":[[[-70.90858539960071,41.10292383454529],[-70.90848731921099,41.102887700164324],[-70.90773043851378,41.10316588214604],[-70.90827416815101,41.10336099709969],[-70.90858539960071,41.10292383454529]]]},"properties":{"kind":"pavement","solo":0,"d":"hillside"}},{"type":"Feature","geometry":{"type":"Polygon","coordinates":[[[-70.90848731921099,41.102887700164324],[-70.90726840550757,41.102438632901766],[-70.90704887730043,41.10279753628349],[-70.90715322047636,41.10295875002944],[-70.90773043851378,41.10316588214604],[-70.90848731921099,41.102887700164324]]]},"properties":{"kind":"pavement","solo":0,"d":"hillside"}},{"type":"Feature","geometry":{"type":"Polygon","coordinates":[[[-70.90827416815101,41.10336099709969],[-70.90773043851378,41.10316588214604],[-70.90696643178109,41.10344668321247],[-70.90800747864448,41.10379801331083],[-70.90827416815101,41.10336099709969]]]},"properties":{"kind":"pavement","solo":0,"d":"hillside"}},{"type":"Feature","geometry":{"type":"Polygon","coordinates":[[[-70.90773043851378,41.10316588214604],[-70.90715322047636,41.10295875002944],[-70.90737244437558,41.10329745838939],[-70.90773043851378,41.10316588214604]]]},"properties":{"kind":"pavement","solo":1,"d":"hillside"}},{"type":"Feature","geometry":{"type":"Polygon","coordinates":[[[-70.90800747864448,41.10379801331083],[-70.90696643178109,41.10344668321247],[-70.90651122617585,41.103613988308],[-70.90633857531287,41.10387908265439],[-70.90763574158393,41.10434704442282],[-70.90800747864448,41.10379801331083]]]},"properties":{"kind":"pavement","solo":0,"d":"hillside"}},{"type":"Feature","geometry":{"type":"Polygon","coordinates":[[[-70.90763574158393,41.10434704442282],[-70.90633857531287,41.10387908265439],[-70.90605113608896,41.10432855471816],[-70.90720210856207,41.104747614103296],[-70.90745294133482,41.1046069443887],[-70.90754460321327,41.1044927052034],[-70.90763574158393,41.10434704442282]]]},"properties":{"kind":"pavement","solo":0,"d":"hillside"}},{"type":"Feature","geometry":{"type":"Polygon","coordinates":[[[-70.90730888055607,41.104786488887186],[-70.90605113608896,41.10432855471816],[-70.90575031807542,41.104790143656025],[-70.90689495127394,41.10521774050499],[-70.90690782441506,41.105208206185246],[-70.90718084733874,41.10494605806344],[-70.90730888055607,41.104786488887186]]]},"properties":{"kind":"pavement","solo":0,"d":"hillside"}},{"type":"Feature","geometry":{"type":"Polygon","coordinates":[[[-70.90689495127394,41.10521774050499],[-70.90575031807542,41.104790143656025],[-70.90542715425146,41.10527356017957],[-70.90627949353464,41.10558893901125],[-70.90659806524177,41.10543762517301],[-70.90689495127394,41.10521774050499]]]},"properties":{"kind":"pavement","solo":0,"d":"hillside"}},{"type":"Feature","geometry":{"type":"Polygon","coordinates":[[[-70.90627949353464,41.10558893901125],[-70.90542715425146,41.10527356017957],[-70.9053644044016,41.105375982277884],[-70.9053644044016,41.10581951431568],[-70.90581528585227,41.10572524301357],[-70.90624405274791,41.105605772525806],[-70.90627949353464,41.10558893901125]]]},"properties":{"kind":"pavement","solo":0,"d":"hillside"}},{"type":"Feature","geometry":{"type":"Polygon","coordinates":[[[-70.90854851961474,41.09779021461604],[-70.90842542952548,41.09798558045671],[-70.9093325556898,41.09834599061981],[-70.90877605753018,41.09791955386106],[-70.90854851961474,41.09779021461604]]]},"properties":{"kind":"pavement","solo":0,"d":"hillside"}},{"type":"Feature","geometry":{"type":"Polygon","coordinates":[[[-70.9097994204972,41.09853148060786],[-70.90842542952548,41.09798558045671],[-70.90814526113036,41.09841594239069],[-70.90963170895512,41.09895501820077],[-70.90987056349168,41.09859867410618],[-70.9097994204972,41.09853148060786]]]},"properties":{"kind":"pavement","solo":0,"d":"hillside"}},{"type":"Feature","geometry":{"type":"Polygon","coordinates":[[[-70.90963170895512,41.09895501820077],[-70.90814526113036,41.09841594239069],[-70.90787148233593,41.098824528218785],[-70.90933224406172,41.09935931680584],[-70.90963170895512,41.09895501820077]]]},"properties":{"kind":"pavement","solo":0,"d":"hillside"}},{"type":"Feature","geometry":{"type":"Polygon","coordinates":[[[-70.90933224406172,41.09935931680584],[-70.90787148233593,41.098824528218785],[-70.90758767163567,41.099209825595665],[-70.90907275098077,41.09977609980605],[-70.90933224406172,41.09935931680584]]]},"properties":{"kind":"pavement","solo":0,"d":"hillside"}},{"type":"Feature","geometry":{"type":"Polygon","coordinates":[[[-70.90907275098077,41.09977609980605],[-70.90758767163567,41.099209825595665],[-70.90726931269961,41.09969035688606],[-70.90877741313247,41.10023502923631],[-70.90907275098077,41.09977609980605]]]},"properties":{"kind":"pavement","solo":0,"d":"hillside"}},{"type":"Feature","geometry":{"type":"Polygon","coordinates":[[[-70.90877741313247,41.10023502923631],[-70.90726931269961,41.09969035688606],[-70.90699425019449,41.10012041397213],[-70.9084619306414,41.10070159517027],[-70.90877741313247,41.10023502923631]]]},"properties":{"kind":"pavement","solo":0,"d":"hillside"}},{"type":"Feature","geometry":{"type":"Polygon","coordinates":[[[-70.9084619306414,41.10070159517027],[-70.90699425019449,41.10012041397213],[-70.90668458847155,41.100599841014805],[-70.90815134147911,41.10114160305481],[-70.9084619306414,41.10070159517027]]]},"properties":{"kind":"pavement","solo":0,"d":"hillside"}},{"type":"Feature","geometry":{"type":"Polygon","coordinates":[[[-70.90815134147911,41.10114160305481],[-70.90668458847155,41.100599841014805],[-70.90636781614896,41.10108906113745],[-70.90783761962325,41.101636938164305],[-70.90815134147911,41.10114160305481]]]},"properties":{"kind":"pavement","solo":0,"d":"hillside"}},{"type":"Feature","geometry":{"type":"Polygon","coordinates":[[[-70.90783761962325,41.101636938164305],[-70.90636781614896,41.10108906113745],[-70.90608342394779,41.10152264852842],[-70.90753249960324,41.102064357150375],[-70.90783761962325,41.101636938164305]]]},"properties":{"kind":"pavement","solo":0,"d":"hillside"}},{"type":"Feature","geometry":{"type":"Polygon","coordinates":[[[-70.90753249960324,41.102064357150375],[-70.90608342394779,41.10152264852842],[-70.90581748729616,41.101916633412046],[-70.90726840550757,41.102438632901766],[-70.90753249960324,41.102064357150375]]]},"properties":{"kind":"pavement","solo":0,"d":"hillside"}},{"type":"Feature","geometry":{"type":"Polygon","coordinates":[[[-70.90689399378367,41.102303930113365],[-70.90581748729616,41.101916633412046],[-70.90552322214386,41.10233233866598],[-70.90615311477588,41.102576230875364],[-70.90689399378367,41.102303930113365]]]},"properties":{"kind":"pavement","solo":0,"d":"hillside"}},{"type":"Feature","geometry":{"type":"Polygon","coordinates":[[[-70.90726840550757,41.102438632901766],[-70.90689399378367,41.102303930113365],[-70.90676102834715,41.102352799887385],[-70.90704887730043,41.10279753628349],[-70.90726840550757,41.102438632901766]]]},"properties":{"kind":"pavement","solo":0,"d":"hillside"}},{"type":"Feature","geometry":{"type":"Polygon","coordinates":[[[-70.90615311477588,41.102576230875364],[-70.90552322214386,41.10233233866598],[-70.9053644044016,41.10257906888635],[-70.9053644044016,41.10284781236935],[-70.90538882975447,41.10285713422331],[-70.90615311477588,41.102576230875364]]]},"properties":{"kind":"pavement","solo":0,"d":"hillside"}},{"type":"Feature","geometry":{"type":"Polygon","coordinates":[[[-70.9060720706338,41.10377539440465],[-70.90633857531287,41.10387908265439],[-70.90651122617585,41.103613988308],[-70.9060720706338,41.10377539440465]]]},"properties":{"kind":"pavement","solo":1,"d":"hillside"}},{"type":"Feature","geometry":{"type":"Polygon","coordinates":[[[-70.9053644044016,41.103514691479006],[-70.9053644044016,41.104074304817146],[-70.90584075128942,41.104250663577496],[-70.9053644044016,41.103514691479006]]]},"properties":{"kind":"pavement","solo":0,"d":"hillside"}},{"type":"Feature","geometry":{"type":"Polygon","coordinates":[[[-70.90633857531287,41.10387908265439],[-70.9060720706338,41.10377539440465],[-70.90563670626987,41.10393540710146],[-70.90584075128942,41.104250663577496],[-70.90605113608896,41.10432855471816],[-70.90633857531287,41.10387908265439]]]},"properties":{"kind":"pavement","solo":0,"d":"hillside"}},{"type":"Feature","geometry":{"type":"Polygon","coordinates":[[[-70.90605113608896,41.10432855471816],[-70.9053644044016,41.104074304817146],[-70.9053644044016,41.10465640814022],[-70.90575031807542,41.104790143656025],[-70.90605113608896,41.10432855471816]]]},"properties":{"kind":"pavement","solo":0,"d":"hillside"}},{"type":"Feature","geometry":{"type":"Polygon","coordinates":[[[-70.90575031807542,41.104790143656025],[-70.9053644044016,41.10465640814022],[-70.9053644044016,41.10525107379157],[-70.90542715425146,41.10527356017957],[-70.90575031807542,41.104790143656025]]]},"properties":{"kind":"pavement","solo":0,"d":"hillside"}},{"type":"Feature","geometry":{"type":"Polygon","coordinates":[[[-70.90744037935819,41.09762385001513],[-70.90842542952548,41.09798558045671],[-70.90854402243887,41.09779735243315],[-70.90833807336398,41.0975839327184],[-70.90822789919848,41.097499507795845],[-70.90759116297365,41.0975529676572],[-70.90744037935819,41.09762385001513]]]},"properties":{"kind":"pavement","solo":0,"d":"hillside"}},{"type":"Feature","geometry":{"type":"Polygon","coordinates":[[[-70.90842542952548,41.09798558045671],[-70.90744568908468,41.09762579985461],[-70.90688619462311,41.09761215623296],[-70.90642410863953,41.097650952600524],[-70.90636484552608,41.09774940246771],[-70.90814526113036,41.09841594239069],[-70.90842542952548,41.09798558045671]]]},"properties":{"kind":"pavement","solo":0,"d":"hillside"}},{"type":"Feature","geometry":{"type":"Polygon","coordinates":[[[-70.90814526113036,41.09841594239069],[-70.90636484552608,41.09774940246771],[-70.90608587259965,41.098144507563724],[-70.90787148233593,41.098824528218785],[-70.90814526113036,41.09841594239069]]]},"properties":{"kind":"pavement","solo":0,"d":"hillside"}},{"type":"Feature","geometry":{"type":"Polygon","coordinates":[[[-70.90787148233593,41.098824528218785],[-70.90608587259965,41.098144507563724],[-70.90581356822089,41.09855702603014],[-70.90758767163567,41.099209825595665],[-70.90787148233593,41.098824528218785]]]},"properties":{"kind":"pavement","solo":0,"d":"hillside"}},{"type":"Feature","geometry":{"type":"Polygon","coordinates":[[[-70.90758767163567,41.099209825595665],[-70.90581356822089,41.09855702603014],[-70.90551446708916,41.0990290292364],[-70.90726931269961,41.09969035688606],[-70.90758767163567,41.099209825595665]]]},"properties":{"kind":"pavement","solo":0,"d":"hillside"}},{"type":"Feature","geometry":{"type":"Polygon","coordinates":[[[-70.90726931269961,41.09969035688606],[-70.90551446708916,41.0990290292364],[-70.9053644044016,41.09925969893709],[-70.9053644044016,41.09953522210297],[-70.90699425019449,41.10012041397213],[-70.90726931269961,41.09969035688606]]]},"properties":{"kind":"pavement","solo":0,"d":"hillside"}},{"type":"Feature","geometry":{"type":"Polygon","coordinates":[[[-70.90699425019449,41.10012041397213],[-70.9053644044016,41.09953522210297],[-70.9053644044016,41.100110419872294],[-70.90668458847155,41.100599841014805],[-70.90699425019449,41.10012041397213]]]},"properties":{"kind":"pavement","solo":0,"d":"hillside"}},{"type":"Feature","geometry":{"type":"Polygon","coordinates":[[[-70.90668458847155,41.100599841014805],[-70.9053644044016,41.100110419872294],[-70.9053644044016,41.100714672001885],[-70.90636781614896,41.10108906113745],[-70.90668458847155,41.100599841014805]]]},"properties":{"kind":"pavement","solo":0,"d":"hillside"}},{"type":"Feature","geometry":{"type":"Polygon","coordinates":[[[-70.90636781614896,41.10108906113745],[-70.9053644044016,41.100714672001885],[-70.9053644044016,41.10124706839597],[-70.90608342394779,41.10152264852842],[-70.90636781614896,41.10108906113745]]]},"properties":{"kind":"pavement","solo":0,"d":"hillside"}},{"type":"Feature","geometry":{"type":"Polygon","coordinates":[[[-70.90608342394779,41.10152264852842],[-70.9053644044016,41.10124706839597],[-70.9053644044016,41.1017417587444],[-70.90581748729616,41.101916633412046],[-70.90608342394779,41.10152264852842]]]},"properties":{"kind":"pavement","solo":0,"d":"hillside"}},{"type":"Feature","geometry":{"type":"Polygon","coordinates":[[[-70.90581748729616,41.101916633412046],[-70.9053644044016,41.1017417587444],[-70.9053644044016,41.10227405000771],[-70.90552322214386,41.10233233866598],[-70.90581748729616,41.101916633412046]]]},"properties":{"kind":"pavement","solo":0,"d":"hillside"}},{"type":"Feature","geometry":{"type":"Polygon","coordinates":[[[-70.90552322214386,41.10233233866598],[-70.9053644044016,41.10227405000771],[-70.9053644044016,41.10257906888635],[-70.90552322214386,41.10233233866598]]]},"properties":{"kind":"pavement","solo":1,"d":"hillside"}},{"type":"Feature","geometry":{"type":"Polygon","coordinates":[[[-70.90592754138693,41.09758877887546],[-70.90636484552608,41.09774940246771],[-70.90637338199004,41.09773522140814],[-70.90599092765873,41.09759032458926],[-70.90592754138693,41.09758877887546]]]},"properties":{"kind":"pavement","solo":1,"d":"hillside"}},{"type":"Feature","geometry":{"type":"Polygon","coordinates":[[[-70.90636484552608,41.09774940246771],[-70.9053644044016,41.09738193636607],[-70.9053644044016,41.09787463396767],[-70.90608587259965,41.098144507563724],[-70.90636484552608,41.09774940246771]]]},"properties":{"kind":"pavement","solo":0,"d":"hillside"}},{"type":"Feature","geometry":{"type":"Polygon","coordinates":[[[-70.90608587259965,41.098144507563724],[-70.9053644044016,41.09787463396767],[-70.9053644044016,41.098389440574934],[-70.90581356822089,41.09855702603014],[-70.90608587259965,41.098144507563724]]]},"properties":{"kind":"pavement","solo":0,"d":"hillside"}},{"type":"Feature","geometry":{"type":"Polygon","coordinates":[[[-70.90581356822089,41.09855702603014],[-70.9053644044016,41.098389440574934],[-70.9053644044016,41.09897263294308],[-70.90551446708916,41.0990290292364],[-70.90581356822089,41.09855702603014]]]},"properties":{"kind":"pavement","solo":0,"d":"hillside"}},{"type":"Feature","geometry":{"type":"Polygon","coordinates":[[[-70.90551446708916,41.0990290292364],[-70.9053644044016,41.09897263294308],[-70.9053644044016,41.09925969893709],[-70.90551446708916,41.0990290292364]]]},"properties":{"kind":"pavement","solo":1,"d":"hillside"}},{"type":"Feature","geometry":{"type":"Polygon","coordinates":[[[-70.8917765792708,41.09871362764347],[-70.89211683451342,41.099005887285934],[-70.8937350180032,41.097964044693946],[-70.89296042446423,41.097675675865915],[-70.89263480658238,41.09765052610105],[-70.89233822276569,41.09788503806933],[-70.8917765792708,41.09871362764347]]]},"properties":{"kind":"pavement","solo":0,"d":"eastyards"}},{"type":"Feature","geometry":{"type":"Polygon","coordinates":[[[-70.89380219072416,41.09792079656902],[-70.89211683451342,41.099005887285934],[-70.89288189284659,41.09969029701758],[-70.89487401357182,41.09838211544206],[-70.89487401357182,41.09802296341238],[-70.89450947500339,41.09791769920125],[-70.89380219072416,41.09792079656902]]]},"properties":{"kind":"pavement","solo":0,"d":"eastyards"}},{"type":"Feature","geometry":{"type":"Polygon","coordinates":[[[-70.89487401357182,41.09838211544206],[-70.89288189284659,41.09969029701758],[-70.89370673337349,41.1004191221694],[-70.89487401357182,41.09965792040733],[-70.89487401357182,41.09838211544206]]]},"properties":{"kind":"pavement","solo":0,"d":"eastyards"}},{"type":"Feature","geometry":{"type":"Polygon","coordinates":[[[-70.89487401357182,41.09965792040733],[-70.89370673337349,41.1004191221694],[-70.89442120009039,41.10106042157425],[-70.89487401357182,41.10076943133169],[-70.89487401357182,41.09965792040733]]]},"properties":{"kind":"pavement","solo":0,"d":"eastyards"}},{"type":"Feature","geometry":{"type":"Polygon","coordinates":[[[-70.89487401357182,41.10076943133169],[-70.89442120009039,41.10106042157425],[-70.89487401357182,41.10149014428604],[-70.89487401357182,41.10076943133169]]]},"properties":{"kind":"pavement","solo":0,"d":"eastyards"}},{"type":"Feature","geometry":{"type":"Polygon","coordinates":[[[-70.89042682699605,41.10010944244139],[-70.89211683451342,41.099005887285934],[-70.89170298903913,41.098650417875916],[-70.89147507004483,41.09876137805643],[-70.89043725592813,41.10004551453261],[-70.89043130053636,41.100080760581186],[-70.89042682699605,41.10010944244139]]]},"properties":{"kind":"pavement","solo":0,"d":"eastyards"}},{"type":"Feature","geometry":{"type":"Polygon","coordinates":[[[-70.89211683451342,41.099005887285934],[-70.89043081411498,41.10010683889933],[-70.89037380470552,41.10042104060403],[-70.89031542424084,41.1007665561929],[-70.89031547148643,41.10077371931546],[-70.89066392901121,41.101082274434006],[-70.89288189284659,41.09969029701758],[-70.89211683451342,41.099005887285934]]]},"properties":{"kind":"pavement","solo":0,"d":"eastyards"}},{"type":"Feature","geometry":{"type":"Polygon","coordinates":[[[-70.89288189284659,41.09969029701758],[-70.89066392901121,41.101082274434006],[-70.89147796104227,41.10184552100542],[-70.89370673337349,41.1004191221694],[-70.89288189284659,41.09969029701758]]]},"properties":{"kind":"pavement","solo":0,"d":"eastyards"}},{"type":"Feature","geometry":{"type":"Polygon","coordinates":[[[-70.89370673337349,41.1004191221694],[-70.89147796104227,41.10184552100542],[-70.89219136534211,41.10248821420933],[-70.89442120009039,41.10106042157425],[-70.89370673337349,41.1004191221694]]]},"properties":{"kind":"pavement","solo":0,"d":"eastyards"}},{"type":"Feature","geometry":{"type":"Polygon","coordinates":[[[-70.8935512402519,41.10161746834697],[-70.89219136534211,41.10248821420933],[-70.89294888272735,41.103195867100844],[-70.89470216559712,41.102078617388806],[-70.8935512402519,41.10161746834697]]]},"properties":{"kind":"pavement","solo":0,"d":"eastyards"}},{"type":"Feature","geometry":{"type":"Polygon","coordinates":[[[-70.89442120009039,41.10106042157425],[-70.89383466992476,41.101435984584654],[-70.89487401357182,41.101852425432845],[-70.89487401357182,41.10149014428604],[-70.89442120009039,41.10106042157425]]]},"properties":{"kind":"pavement","solo":0,"d":"eastyards"}},{"type":"Feature","geometry":{"type":"Polygon","coordinates":[[[-70.89383466992476,41.101435984584654],[-70.8935512402519,41.10161746834697],[-70.89468447545966,41.10207152936179],[-70.89484677462458,41.10184151141964],[-70.89383466992476,41.101435984584654]]]},"properties":{"kind":"pavement","solo":0,"d":"eastyards"}},{"type":"Feature","geometry":{"type":"Polygon","coordinates":[[[-70.89470216559712,41.102078617388806],[-70.89294888272735,41.103195867100844],[-70.89361411626902,41.10383365622232],[-70.89487401357182,41.1030350782592],[-70.89487401357182,41.10214747287904],[-70.89470216559712,41.102078617388806]]]},"properties":{"kind":"pavement","solo":0,"d":"eastyards"}},{"type":"Feature","geometry":{"type":"Polygon","coordinates":[[[-70.89487401357182,41.1030350782592],[-70.89361411626902,41.10383365622232],[-70.89432258600361,41.10446745871856],[-70.89487401357182,41.104107063701605],[-70.89487401357182,41.1030350782592]]]},"properties":{"kind":"pavement","solo":0,"d":"eastyards"}},{"type":"Feature","geometry":{"type":"Polygon","coordinates":[[[-70.89487401357182,41.104107063701605],[-70.89432258600361,41.10446745871856],[-70.89487401357182,41.10498917982684],[-70.89487401357182,41.104107063701605]]]},"properties":{"kind":"pavement","solo":0,"d":"eastyards"}},{"type":"Feature","geometry":{"type":"Polygon","coordinates":[[[-70.8903583554336,41.101273573668664],[-70.89066392901121,41.101082274434006],[-70.89031547148643,41.10077371931546],[-70.89031728433893,41.101048574183054],[-70.8903583554336,41.101273573668664]]]},"properties":{"kind":"pavement","solo":1,"d":"eastyards"}},{"type":"Feature","geometry":{"type":"Polygon","coordinates":[[[-70.89066392901121,41.101082274434006],[-70.8903583554336,41.101273573668664],[-70.89036253311993,41.101296460257906],[-70.89081550906054,41.10178805888972],[-70.89115267276561,41.102046048493406],[-70.89147796104227,41.10184552100542],[-70.89066392901121,41.101082274434006]]]},"properties":{"kind":"pavement","solo":0,"d":"eastyards"}},{"type":"Feature","geometry":{"type":"Polygon","coordinates":[[[-70.89147796104227,41.10184552100542],[-70.89113941038397,41.10205422423249],[-70.89123481800011,41.10224311992613],[-70.89172509460883,41.1027751996426],[-70.89219136534211,41.10248821420933],[-70.89147796104227,41.10184552100542]]]},"properties":{"kind":"pavement","solo":0,"d":"eastyards"}},{"type":"Feature","geometry":{"type":"Polygon","coordinates":[[[-70.89219136534211,41.10248821420933],[-70.89185855096812,41.10269305845646],[-70.89176409201565,41.103291019311115],[-70.89200561823348,41.103769212397694],[-70.89294888272735,41.103195867100844],[-70.89219136534211,41.10248821420933]]]},"properties":{"kind":"pavement","solo":0,"d":"eastyards"}},{"type":"Feature","geometry":{"type":"Polygon","coordinates":[[[-70.89294888272735,41.103195867100844],[-70.89197688128668,41.10378667960165],[-70.89239443195628,41.10427973732207],[-70.89267051892725,41.10442837077791],[-70.89361411626902,41.10383365622232],[-70.89294888272735,41.103195867100844]]]},"properties":{"kind":"pavement","solo":0,"d":"eastyards"}},{"type":"Feature","geometry":{"type":"Polygon","coordinates":[[[-70.89361411626902,41.10383365622232],[-70.89257257867953,41.104490098898914],[-70.89282908553103,41.104792990721826],[-70.8931240243124,41.10506395166578],[-70.89323858987201,41.10514702772923],[-70.89432258600361,41.10446745871856],[-70.89361411626902,41.10383365622232]]]},"properties":{"kind":"pavement","solo":0,"d":"eastyards"}},{"type":"Feature","geometry":{"type":"Polygon","coordinates":[[[-70.89432258600361,41.10446745871856],[-70.89323858987201,41.10514702772923],[-70.8934534569225,41.10530283641013],[-70.8938200087341,41.105475583517475],[-70.8942591885189,41.10559664613989],[-70.89446776368766,41.10564575853675],[-70.89487401357182,41.1053930727576],[-70.89487401357182,41.10498917982684],[-70.89432258600361,41.10446745871856]]]},"properties":{"kind":"pavement","solo":0,"d":"eastyards"}},{"type":"Feature","geometry":{"type":"Polygon","coordinates":[[[-70.89487401357182,41.1053930727576],[-70.89446776368766,41.10564575853675],[-70.8947452385102,41.10571109447145],[-70.89487401357182,41.105736509736836],[-70.89487401357182,41.1053930727576]]]},"properties":{"kind":"pavement","solo":1,"d":"eastyards"}},{"type":"Feature","geometry":{"type":"Polygon","coordinates":[[[-70.89493361806517,41.102222225263844],[-70.89493361806517,41.10265003008816],[-70.89511515566748,41.10265003008816],[-70.89523588326672,41.102584925922244],[-70.89537461398697,41.1023989220823],[-70.89493361806517,41.102222225263844]]]},"properties":{"kind":"block"}},{"type":"Feature","geometry":{"type":"Polygon","coordinates":[[[-70.89493361806517,41.10137835233456],[-70.89493361806517,41.101825437318965],[-70.8951934582699,41.1019295492511],[-70.89538234473618,41.10145191752324],[-70.89493361806517,41.10137835233456]]]},"properties":{"kind":"block"}},{"type":"Feature","geometry":{"type":"Polygon","coordinates":[[[-70.89541573833489,41.102018611708026],[-70.89567362070294,41.10199802747696],[-70.89587886092734,41.101722850718836],[-70.89551013842251,41.101663790649276],[-70.8954106316919,41.102016565594845],[-70.89541573833489,41.102018611708026]]]},"properties":{"kind":"block"}},{"type":"Feature","geometry":{"type":"Polygon","coordinates":[[[-70.89508115887013,41.10076960692922],[-70.89500793973147,41.10078271205445],[-70.89493361806517,41.1008597948155],[-70.89493361806517,41.10128641949587],[-70.89499739566965,41.1012968753297],[-70.89533439907648,41.1007880610388],[-70.89508115887013,41.10076960692922]]]},"properties":{"kind":"block"}},{"type":"Feature","geometry":{"type":"Polygon","coordinates":[[[-70.8950983520082,41.10038340056604],[-70.89493361806517,41.100441132170815],[-70.89493361806517,41.10066860476117],[-70.89539142256292,41.1007019658711],[-70.89554235013843,41.10047409248539],[-70.8950983520082,41.10038340056604]]]},"properties":{"kind":"block"}},{"type":"Feature","geometry":{"type":"Polygon","coordinates":[[[-70.89493361806517,41.09971183185417],[-70.89493361806517,41.10025667849899],[-70.8951715102561,41.100305270819376],[-70.89542435215955,41.09982145838686],[-70.89493361806517,41.09971183185417]]]},"properties":{"kind":"block"}},{"type":"Feature","geometry":{"type":"Polygon","coordinates":[[[-70.89528727283093,41.10032891670746],[-70.89559664930651,41.1003921105465],[-70.89590368738372,41.099928538492414],[-70.89553907834355,41.099847087406545],[-70.89528727283093,41.10032891670746]]]},"properties":{"kind":"block"}},{"type":"Feature","geometry":{"type":"Polygon","coordinates":[[[-70.89511757799715,41.10131657827176],[-70.89546991103467,41.10137434048662],[-70.89558077139881,41.1009813142191],[-70.89537365045715,41.100929955096724],[-70.89511757799715,41.10131657827176]]]},"properties":{"kind":"block"}},{"type":"Feature","geometry":{"type":"Polygon","coordinates":[[[-70.89610203762633,41.10063237418822],[-70.89568755041411,41.100456022843254],[-70.89556324192768,41.10064370621114],[-70.89603185164692,41.10071876569965],[-70.89610203762633,41.10063237418822]]]},"properties":{"kind":"block"}},{"type":"Feature","geometry":{"type":"Polygon","coordinates":[[[-70.89550824867425,41.100726736093556],[-70.89544132077032,41.1008277851432],[-70.89545804970503,41.100856313285185],[-70.8956057028364,41.100892926363436],[-70.89564634084644,41.10074885498565],[-70.89550824867425,41.100726736093556]]]},"properties":{"kind":"block"}},{"type":"Feature","geometry":{"type":"Polygon","coordinates":[[[-70.89726010899044,41.102093307357],[-70.89710276975946,41.10198504460332],[-70.89660347244659,41.10217484688458],[-70.89668830829892,41.10251297789205],[-70.89726010899044,41.102093307357]]]},"properties":{"kind":"block"}},{"type":"Feature","geometry":{"type":"Polygon","coordinates":[[[-70.89700858133294,41.10192023496648],[-70.8969774558464,41.10189881798826],[-70.89651565944366,41.10182484982164],[-70.89658042667855,41.10208299316293],[-70.89700858133294,41.10192023496648]]]},"properties":{"kind":"block"}},{"type":"Feature","geometry":{"type":"Polygon","coordinates":[[[-70.89699161804234,41.10265003008816],[-70.89806919912905,41.10265003008816],[-70.89734829149829,41.102153984411714],[-70.89689988201859,41.10248309252413],[-70.89682721332099,41.10258415693657],[-70.89699161804234,41.10265003008816]]]},"properties":{"kind":"block"}},{"type":"Feature","geometry":{"type":"Polygon","coordinates":[[[-70.89655775806433,41.10247619247655],[-70.89651570713566,41.10230858971801],[-70.89600150783006,41.10205382122273],[-70.89593669592752,41.10222734730993],[-70.89655775806433,41.10247619247655]]]},"properties":{"kind":"block"}},{"type":"Feature","geometry":{"type":"Polygon","coordinates":[[[-70.89532407291456,41.10265003008816],[-70.8956549834228,41.10265003008816],[-70.89570006722133,41.10252932363076],[-70.8954798979776,41.10244110693087],[-70.89532407291456,41.10265003008816]]]},"properties":{"kind":"block"}},{"type":"Feature","geometry":{"type":"Polygon","coordinates":[[[-70.89582897581018,41.102184186361995],[-70.89589700588124,41.102002044015016],[-70.89583155820708,41.10196961688942],[-70.89570774960127,41.102135613837014],[-70.89582897581018,41.102184186361995]]]},"properties":{"kind":"block"}},{"type":"Feature","geometry":{"type":"Polygon","coordinates":[[[-70.89648490429683,41.10218581857063],[-70.89638925883945,41.10180460362462],[-70.89600101513349,41.101742416749715],[-70.89589010746539,41.10189111670681],[-70.89648490429683,41.10218581857063]]]},"properties":{"kind":"block"}},{"type":"Feature","geometry":{"type":"Polygon","coordinates":[[[-70.89766919851587,41.10106182117299],[-70.8975719040311,41.10134121507024],[-70.89795665657927,41.10137925584498],[-70.89803637587079,41.10121964506407],[-70.89766919851587,41.10106182117299]]]},"properties":{"kind":"block"}},{"type":"Feature","geometry":{"type":"Polygon","coordinates":[[[-70.89820618872368,41.100879652553566],[-70.89801434480022,41.10079648693338],[-70.897776809457,41.10075280221572],[-70.89770052331151,41.10097186790629],[-70.8980788997298,41.10113450549226],[-70.89820618872368,41.100879652553566]]]},"properties":{"kind":"block"}},{"type":"Feature","geometry":{"type":"Polygon","coordinates":[[[-70.89862560606211,41.10144539538508],[-70.89876898004708,41.10112362634541],[-70.89831089145082,41.10092504188403],[-70.89807803554586,41.10139125667499],[-70.89862560606211,41.10144539538508]]]},"properties":{"kind":"block"}},{"type":"Feature","geometry":{"type":"Polygon","coordinates":[[[-70.89880768219096,41.10103676852618],[-70.89890396871024,41.10082067617965],[-70.89873528675972,41.10081669354469],[-70.89853310949402,41.10091773943098],[-70.89880768219096,41.10103676852618]]]},"properties":{"kind":"block"}},{"type":"Feature","geometry":{"type":"Polygon","coordinates":[[[-70.89685617838293,41.10059585275945],[-70.8966863173936,41.10082359464832],[-70.8975791132746,41.10096659808898],[-70.8976023514419,41.10089986663815],[-70.89685617838293,41.10059585275945]]]},"properties":{"kind":"block"}},{"type":"Feature","geometry":{"type":"Polygon","coordinates":[[[-70.89686396636368,41.101271220738916],[-70.89745276097946,41.10132943530683],[-70.89753074676652,41.101105488872165],[-70.89743658061084,41.10103560636004],[-70.89695230547092,41.100958037665215],[-70.89686396636368,41.101271220738916]]]},"properties":{"kind":"block"}},{"type":"Feature","geometry":{"type":"Polygon","coordinates":[[[-70.89828439583765,41.102211161128935],[-70.89858693929598,41.101532173807335],[-70.89820219318501,41.10149413366905],[-70.89785839157447,41.101992401207724],[-70.89828439583765,41.102211161128935]]]},"properties":{"kind":"block"}},{"type":"Feature","geometry":{"type":"Polygon","coordinates":[[[-70.89799489019322,41.10159984857405],[-70.8979616719621,41.10147035315426],[-70.89765701867613,41.10144023185401],[-70.89743002884163,41.10177243017506],[-70.89775918306978,41.10194145607279],[-70.89799489019322,41.10159984857405]]]},"properties":{"kind":"block"}},{"type":"Feature","geometry":{"type":"Polygon","coordinates":[[[-70.8981257190286,41.102567273742245],[-70.89821584230721,41.10236501333345],[-70.89807259786498,41.10221110584863],[-70.8973750436256,41.10185290072338],[-70.89728309042795,41.1019874737008],[-70.8981257190286,41.102567273742245]]]},"properties":{"kind":"block"}},{"type":"Feature","geometry":{"type":"Polygon","coordinates":[[[-70.8969578717665,41.10137110667154],[-70.89683910391722,41.10135936400467],[-70.8967628967984,41.1016295363038],[-70.89691057781123,41.10173115338312],[-70.8969578717665,41.10137110667154]]]},"properties":{"kind":"block"}},{"type":"Feature","geometry":{"type":"Polygon","coordinates":[[[-70.89753142003185,41.10142781382129],[-70.89707612752078,41.10138279870719],[-70.89702043968056,41.10180674767975],[-70.89719188721831,41.10192471814672],[-70.89753142003185,41.10142781382129]]]},"properties":{"kind":"block"}},{"type":"Feature","geometry":{"type":"Polygon","coordinates":[[[-70.89493361806517,41.098246239556374],[-70.89493361806517,41.09859396436765],[-70.8949734767805,41.09858601007947],[-70.89501857626757,41.098334076315375],[-70.89495386260798,41.09824849749096],[-70.89493361806517,41.098246239556374]]]},"properties":{"kind":"block"}},{"type":"Feature","geometry":{"type":"Polygon","coordinates":[[[-70.89493361806517,41.098686892556344],[-70.89493361806517,41.09876017757685],[-70.89539425739393,41.098830885634314],[-70.89533016172977,41.098746124061215],[-70.89516542366204,41.098640632949035],[-70.89493361806517,41.098686892556344]]]},"properties":{"kind":"block"}},{"type":"Feature","geometry":{"type":"Polygon","coordinates":[[[-70.89493361806517,41.09885185385925],[-70.89493361806517,41.09961813615438],[-70.89519192600656,41.09967584032515],[-70.89557726486129,41.09895065353137],[-70.89493361806517,41.09885185385925]]]},"properties":{"kind":"block"}},{"type":"Feature","geometry":{"type":"Polygon","coordinates":[[[-70.89530671113312,41.099701482512174],[-70.8955476884019,41.09975531513301],[-70.89565419458847,41.09966629355392],[-70.89593052783118,41.09918007479578],[-70.89572199655773,41.09899703808709],[-70.89569142917232,41.098977464059494],[-70.89530671113312,41.099701482512174]]]},"properties":{"kind":"block"}},{"type":"Feature","geometry":{"type":"Polygon","coordinates":[[[-70.89666999257233,41.10000602996257],[-70.89720897669321,41.1001264352106],[-70.89724648720185,41.100014040090265],[-70.89705486550322,41.09986432072799],[-70.89666999257233,41.10000602996257]]]},"properties":{"kind":"block"}},{"type":"Feature","geometry":{"type":"Polygon","coordinates":[[[-70.89571237374291,41.099792104675714],[-70.89603439533401,41.09986404202608],[-70.89614312989774,41.099425689160306],[-70.8960127103115,41.0992636511608],[-70.89571237374291,41.099792104675714]]]},"properties":{"kind":"block"}},{"type":"Feature","geometry":{"type":"Polygon","coordinates":[[[-70.9016773160127,41.10251010122134],[-70.90203225581372,41.10176818603912],[-70.90142796379438,41.101948743598825],[-70.90153394512082,41.10248713681115],[-70.9016773160127,41.10251010122134]]]},"properties":{"kind":"block"}},{"type":"Feature","geometry":{"type":"Polygon","coordinates":[[[-70.9020861979189,41.10165543320983],[-70.90222704443372,41.10136102788419],[-70.90135706789312,41.101588587019386],[-70.90140999805068,41.101857476252206],[-70.9020861979189,41.10165543320983]]]},"properties":{"kind":"block"}},{"type":"Feature","geometry":{"type":"Polygon","coordinates":[[[-70.90178438248023,41.10100904966378],[-70.90123499574129,41.10096845118828],[-70.90133926638481,41.10149815400099],[-70.90153724560807,41.1014463687186],[-70.90178438248023,41.10100904966378]]]},"properties":{"kind":"block"}},{"type":"Feature","geometry":{"type":"Polygon","coordinates":[[[-70.90227904313056,41.101252337276556],[-70.90237456926118,41.10105266317293],[-70.90190875665901,41.10101824064291],[-70.90168928835462,41.10140659900723],[-70.90227904313056,41.101252337276556]]]},"properties":{"kind":"block"}},{"type":"Feature","geometry":{"type":"Polygon","coordinates":[[[-70.902550916783,41.10265003008816],[-70.90294598605234,41.10265003008816],[-70.90317871270699,41.1020372378079],[-70.90314389596824,41.10203128254199],[-70.9024195843077,41.10236457158565],[-70.90253691832754,41.10264778788774],[-70.902550916783,41.10265003008816]]]},"properties":{"kind":"block"}},{"type":"Feature","geometry":{"type":"Polygon","coordinates":[[[-70.90284301241931,41.102064477884575],[-70.90280526340398,41.1019733607768],[-70.90221573331765,41.10187252397954],[-70.9023619155861,41.1022253730642],[-70.90244085451828,41.10224952919542],[-70.90284301241931,41.102064477884575]]]},"properties":{"kind":"block"}},{"type":"Feature","geometry":{"type":"Polygon","coordinates":[[[-70.9024031588587,41.10262636298573],[-70.90214262062769,41.10199748591802],[-70.90209656604132,41.1018986367174],[-70.90179501591805,41.10252895378528],[-70.9024031588587,41.10262636298573]]]},"properties":{"kind":"block"}},{"type":"Feature","geometry":{"type":"Polygon","coordinates":[[[-70.9033895921805,41.1014819713146],[-70.90352047530368,41.10113734311712],[-70.90303285671986,41.10110130917286],[-70.90289560163671,41.10117511295589],[-70.90288202663834,41.101472015748826],[-70.9033895921805,41.1014819713146]]]},"properties":{"kind":"block"}},{"type":"Feature","geometry":{"type":"Polygon","coordinates":[[[-70.9027805488599,41.10108266417518],[-70.90253802169407,41.10106474194936],[-70.90246932258192,41.101119479981676],[-70.90230607047182,41.10146071874574],[-70.90267375995951,41.10146793073429],[-70.9027660782778,41.10139915454358],[-70.9027805488599,41.10108266417518]]]},"properties":{"kind":"block"}},{"type":"Feature","geometry":{"type":"Polygon","coordinates":[[[-70.90300739025403,41.101915817194694],[-70.90323949517811,41.10187719155478],[-70.9033557166923,41.10157116882268],[-70.90226347925868,41.10154974530059],[-70.90215786364205,41.10177050901665],[-70.90300739025403,41.101915817194694]]]},"properties":{"kind":"block"}},{"type":"Feature","geometry":{"type":"Polygon","coordinates":[[[-70.90486939743631,41.10183570932332],[-70.90441046515588,41.10200718592521],[-70.90442859107874,41.10208580197166],[-70.90488147918445,41.102151687745916],[-70.90497825534759,41.10209678153479],[-70.90486939743631,41.10183570932332]]]},"properties":{"kind":"block"}},{"type":"Feature","geometry":{"type":"Polygon","coordinates":[[[-70.90524590533252,41.10220470415024],[-70.90530479990824,41.102067066700876],[-70.90530479990824,41.10167302445777],[-70.90497750918854,41.101795314178574],[-70.90514190154245,41.10218957376782],[-70.90524590533252,41.10220470415024]]]},"properties":{"kind":"block"}},{"type":"Feature","geometry":{"type":"Polygon","coordinates":[[[-70.90455868100031,41.10265003008816],[-70.90530479990824,41.10265003008816],[-70.90530479990824,41.102304762317615],[-70.90445041740837,41.102180467482306],[-70.90455868100031,41.10265003008816]]]},"properties":{"kind":"block"}},{"type":"Feature","geometry":{"type":"Polygon","coordinates":[[[-70.90477482836499,41.10123003705823],[-70.90422186218666,41.10118917407001],[-70.90438918073403,41.10191487078574],[-70.90470918746647,41.1017953026721],[-70.90477482836499,41.10123003705823]]]},"properties":{"kind":"block"}},{"type":"Feature","geometry":{"type":"Polygon","coordinates":[[[-70.90530479990824,41.10157275655383],[-70.90530479990824,41.10126920079334],[-70.90489347475771,41.101238804766524],[-70.90483427960542,41.10174856293331],[-70.90530479990824,41.10157275655383]]]},"properties":{"kind":"block"}},{"type":"Feature","geometry":{"type":"Polygon","coordinates":[[[-70.90380081362233,41.10265003008816],[-70.90443768612059,41.10265003008816],[-70.90433142067373,41.102189133869516],[-70.90376839374328,41.10232079290033],[-70.90380081362233,41.10265003008816]]]},"properties":{"kind":"block"}},{"type":"Feature","geometry":{"type":"Polygon","coordinates":[[[-70.90431084397063,41.1020998882593],[-70.90427797924913,41.101957346856544],[-70.90372586741721,41.10188892059185],[-70.90375934041639,41.10222885264719],[-70.90431084397063,41.1020998882593]]]},"properties":{"kind":"block"}},{"type":"Feature","geometry":{"type":"Polygon","coordinates":[[[-70.90306998082181,41.10265003008816],[-70.90368127689746,41.10265003008816],[-70.90360485385615,41.10187392271373],[-70.90337552548922,41.10184550078428],[-70.90306998082181,41.10265003008816]]]},"properties":{"kind":"block"}},{"type":"Feature","geometry":{"type":"Polygon","coordinates":[[[-70.90416833515081,41.101481796696056],[-70.90409877005418,41.101180077831295],[-70.90364108516255,41.10114625592126],[-70.90353617314963,41.10142249961889],[-70.90416833515081,41.101481796696056]]]},"properties":{"kind":"block"}},{"type":"Feature","geometry":{"type":"Polygon","coordinates":[[[-70.9042563717757,41.10186363057253],[-70.9041896681509,41.10157432252984],[-70.9035029761812,41.10150991051735],[-70.9034085458798,41.10175855483277],[-70.9042563717757,41.10186363057253]]]},"properties":{"kind":"block"}},{"type":"Feature","geometry":{"type":"Polygon","coordinates":[[[-70.90117271423044,41.10040608988007],[-70.90114987386035,41.1005360255482],[-70.901216965534,41.10087685636167],[-70.9015774284699,41.10090349378233],[-70.90160799540587,41.10042555590225],[-70.90130186156101,41.10039389474833],[-70.90117271423044,41.10040608988007]]]},"properties":{"kind":"block"}},{"type":"Feature","geometry":{"type":"Polygon","coordinates":[[[-70.90172740339581,41.10042460778235],[-70.90170977596743,41.10070022637119],[-70.90252646539942,41.10053279739628],[-70.90244835405625,41.10028563368744],[-70.90193233415691,41.1003343604449],[-70.90172740339581,41.10042460778235]]]},"properties":{"kind":"block"}},{"type":"Feature","geometry":{"type":"Polygon","coordinates":[[[-70.9017037427922,41.10079455977064],[-70.90169621441599,41.10091227180332],[-70.90266911203176,41.10098416680408],[-70.90255409657016,41.10062022928983],[-70.9017037427922,41.10079455977064]]]},"properties":{"kind":"block"}},{"type":"Feature","geometry":{"type":"Polygon","coordinates":[[[-70.90299948202065,41.10043872469234],[-70.90316849780656,41.10038110680291],[-70.90324361658608,41.10008395737442],[-70.90252742606194,41.10014808115733],[-70.90256742581336,41.10027465031508],[-70.90299948202065,41.10043872469234]]]},"properties":{"kind":"block"}},{"type":"Feature","geometry":{"type":"Polygon","coordinates":[[[-70.90279458517028,41.100993438993925],[-70.90293073485911,41.101003500157425],[-70.90304163727882,41.10088293249229],[-70.90311720115356,41.10058402238836],[-70.90260355212351,41.100388962941665],[-70.90279458517028,41.100993438993925]]]},"properties":{"kind":"block"}},{"type":"Feature","geometry":{"type":"Polygon","coordinates":[[[-70.90266477630638,41.10002106194916],[-70.90265787147413,41.10004593840765],[-70.903267015154,41.09999139901377],[-70.90334020693052,41.09970187228422],[-70.90315873421495,41.09969818885095],[-70.9029811870222,41.099804813994005],[-70.90281554026387,41.099913072702385],[-70.90266477630638,41.10002106194916]]]},"properties":{"kind":"block"}},{"type":"Feature","geometry":{"type":"Polygon","coordinates":[[[-70.90530479990824,41.10117893835952],[-70.90530479990824,41.10098940230271],[-70.90469201446369,41.10081635739024],[-70.90466894805903,41.10113195030194],[-70.90530479990824,41.10117893835952]]]},"properties":{"kind":"block"}},{"type":"Feature","geometry":{"type":"Polygon","coordinates":[[[-70.90530479990824,41.10089347037178],[-70.90530479990824,41.100625087489846],[-70.90472253427389,41.10039878751279],[-70.90469888425274,41.10072236542386],[-70.90530479990824,41.10089347037178]]]},"properties":{"kind":"block"}},{"type":"Feature","geometry":{"type":"Polygon","coordinates":[[[-70.9046064423653,41.10035366790638],[-70.9045419648237,41.10032860843983],[-70.90410857395777,41.10109053988445],[-70.90455019977296,41.10112317506395],[-70.9046064423653,41.10035366790638]]]},"properties":{"kind":"block"}},{"type":"Feature","geometry":{"type":"Polygon","coordinates":[[[-70.90321025919528,41.10069594857441],[-70.90312881047824,41.1010181375114],[-70.90398410740639,41.10108134207919],[-70.90422621839865,41.10065569402659],[-70.90321025919528,41.10069594857441]]]},"properties":{"kind":"block"}},{"type":"Feature","geometry":{"type":"Polygon","coordinates":[[[-70.9044357477721,41.100287326737934],[-70.90341395057175,41.0998902009772],[-70.90326192724946,41.10049156382711],[-70.90339160363592,41.100598807688705],[-70.90427856541966,41.1005636643036],[-70.9044357477721,41.100287326737934]]]},"properties":{"kind":"block"}},{"type":"Feature","geometry":{"type":"Polygon","coordinates":[[[-70.90530479990824,41.09996052981565],[-70.90530479990824,41.09944586019408],[-70.9048801648923,41.099783308033984],[-70.90488746462601,41.099922221102986],[-70.90530479990824,41.09996052981565]]]},"properties":{"kind":"block"}},{"type":"Feature","geometry":{"type":"Polygon","coordinates":[[[-70.90530479990824,41.10052401191556],[-70.90530479990824,41.10005102536528],[-70.90462213213861,41.09998836082542],[-70.90445049010187,41.10012476086866],[-70.90462024190049,41.100257955579224],[-70.90530479990824,41.10052401191556]]]},"properties":{"kind":"block"}},{"type":"Feature","geometry":{"type":"Polygon","coordinates":[[[-70.90421981240378,41.09928195666397],[-70.90358559546281,41.09921122054627],[-70.90343721638482,41.099798167758586],[-70.90405793583795,41.10003941297334],[-70.90421981240378,41.09928195666397]]]},"properties":{"kind":"block"}},{"type":"Feature","geometry":{"type":"Polygon","coordinates":[[[-70.90520806630522,41.09939217958577],[-70.90433774631029,41.0992951101863],[-70.90416942089168,41.100082742106316],[-70.90428335809636,41.10012702427804],[-70.90520806630522,41.09939217958577]]]},"properties":{"kind":"block"}},{"type":"Feature","geometry":{"type":"Polygon","coordinates":[[[-70.90054374251389,41.10232853126339],[-70.90057928571622,41.102222147320965],[-70.90019870711714,41.10227326527265],[-70.90054374251389,41.10232853126339]]]},"properties":{"kind":"block"}},{"type":"Feature","geometry":{"type":"Polygon","coordinates":[[[-70.90004569045593,41.10174715703768],[-70.89975507418791,41.1017248110164],[-70.8998561889473,41.10221840247834],[-70.89988885971805,41.10222363551394],[-70.90004673324695,41.10220243050808],[-70.90004569045593,41.10174715703768]]]},"properties":{"kind":"block"}},{"type":"Feature","geometry":{"type":"Polygon","coordinates":[[[-70.90061120409011,41.10212661281009],[-70.90072064205752,41.10179905531216],[-70.90016492061885,41.101756324864986],[-70.90016590574805,41.102186423685396],[-70.90061120409011,41.10212661281009]]]},"properties":{"kind":"block"}},{"type":"Feature","geometry":{"type":"Polygon","coordinates":[[[-70.90140950824507,41.10246720515403],[-70.90138887696847,41.10236239669713],[-70.90069732313839,41.10223678852568],[-70.90066042723545,41.10234722122042],[-70.90140950824507,41.10246720515403]]]},"properties":{"kind":"block"}},{"type":"Feature","geometry":{"type":"Polygon","coordinates":[[[-70.90137001299881,41.10226656629417],[-70.90129860965533,41.10190383186957],[-70.90122306375852,41.10183768744413],[-70.90084049222413,41.1018082708127],[-70.90072642935988,41.10214967103519],[-70.90137001299881,41.10226656629417]]]},"properties":{"kind":"block"}},{"type":"Feature","geometry":{"type":"Polygon","coordinates":[[[-70.90000890053447,41.10092406083785],[-70.89956229684287,41.10078376885656],[-70.89967854205946,41.10135121961004],[-70.90000890053447,41.10092406083785]]]},"properties":{"kind":"block"}},{"type":"Feature","geometry":{"type":"Polygon","coordinates":[[[-70.9006247007476,41.101117502660216],[-70.90020377217729,41.10098527602568],[-70.90005138192947,41.101047537355015],[-70.89970743593668,41.1014922650042],[-70.89973628014536,41.10163306794158],[-70.9001570533977,41.10166542197362],[-70.9006247007476,41.101117502660216]]]},"properties":{"kind":"block"}},{"type":"Feature","geometry":{"type":"Polygon","coordinates":[[[-70.9012685021242,41.101750883317735],[-70.9011780388953,41.10129132322311],[-70.90073647059334,41.10115261301287],[-70.90029006093731,41.10167564916885],[-70.9012685021242,41.101750883317735]]]},"properties":{"kind":"block"}},{"type":"Feature","geometry":{"type":"Polygon","coordinates":[[[-70.89929906580512,41.10265003008816],[-70.89932878042414,41.10265003008816],[-70.89941116616313,41.10235795311599],[-70.89942468549654,41.10224731191385],[-70.89920701928713,41.10229742678971],[-70.89929906580512,41.10265003008816]]]},"properties":{"kind":"block"}},{"type":"Feature","geometry":{"type":"Polygon","coordinates":[[[-70.89970884545559,41.102087956841615],[-70.8996613086729,41.10185590614782],[-70.8990579664699,41.10172644902604],[-70.8991543546861,41.10209568410091],[-70.89930701410302,41.10218047339899],[-70.89970884545559,41.102087956841615]]]},"properties":{"kind":"block"}},{"type":"Feature","geometry":{"type":"Polygon","coordinates":[[[-70.89873254218017,41.10265003008816],[-70.8991775721733,41.10265003008816],[-70.89905789002778,41.1021915627806],[-70.89864873399605,41.10217401715525],[-70.89873254218017,41.10265003008816]]]},"properties":{"kind":"block"}},{"type":"Feature","geometry":{"type":"Polygon","coordinates":[[[-70.898214594001,41.10265003008816],[-70.89861228858085,41.10265003008816],[-70.89853978420956,41.10223822044459],[-70.89851361870043,41.10216822307629],[-70.89843085911002,41.10216467413981],[-70.898214594001,41.10265003008816]]]},"properties":{"kind":"block"}},{"type":"Feature","geometry":{"type":"Polygon","coordinates":[[[-70.89903413579965,41.10210056727777],[-70.89892926391477,41.10169883374856],[-70.89866380784831,41.101641875726806],[-70.89847019934142,41.10207638428388],[-70.89903413579965,41.10210056727777]]]},"properties":{"kind":"block"}},{"type":"Feature","geometry":{"type":"Polygon","coordinates":[[[-70.89952533913983,41.10119217118949],[-70.89950637764629,41.10109961070307],[-70.89895952820245,41.100978201250655],[-70.89886389799408,41.10119282066241],[-70.89952533913983,41.10119217118949]]]},"properties":{"kind":"block"}},{"type":"Feature","geometry":{"type":"Polygon","coordinates":[[[-70.89948627901778,41.1010014992949],[-70.89943337983375,41.10074327205151],[-70.89910953657125,41.100641542903766],[-70.8989975000412,41.10089298242875],[-70.89948627901778,41.1010014992949]]]},"properties":{"kind":"block"}},{"type":"Feature","geometry":{"type":"Polygon","coordinates":[[[-70.8996412950716,41.10175820979984],[-70.89954373790695,41.1012819847283],[-70.89882385326933,41.10128269158723],[-70.89870179424025,41.1015566242437],[-70.8996412950716,41.10175820979984]]]},"properties":{"kind":"block"}},{"type":"Feature","geometry":{"type":"Polygon","coordinates":[[[-70.90106709891795,41.100727739686455],[-70.90099513797254,41.1003621726016],[-70.90091452312146,41.10035383520522],[-70.9008341288238,41.100355628192965],[-70.90039636352334,41.100863862684484],[-70.90106709891795,41.100727739686455]]]},"properties":{"kind":"block"}},{"type":"Feature","geometry":{"type":"Polygon","coordinates":[[[-70.90115761814347,41.10118758424814],[-70.90108470858719,41.10081719814777],[-70.90041269425588,41.10095358070077],[-70.90115761814347,41.10118758424814]]]},"properties":{"kind":"block"}},{"type":"Feature","geometry":{"type":"Polygon","coordinates":[[[-70.89937732638576,41.100628339748674],[-70.89998090758475,41.10081794320218],[-70.8999552674734,41.10047087085119],[-70.89937732638576,41.100628339748674]]]},"properties":{"kind":"block"}},{"type":"Feature","geometry":{"type":"Polygon","coordinates":[[[-70.90041397661888,41.10039086362762],[-70.90056805225365,41.100499539770766],[-70.90068922619758,41.100358859872834],[-70.90060946506442,41.10036063873948],[-70.90041397661888,41.10039086362762]]]},"properties":{"kind":"block"}},{"type":"Feature","geometry":{"type":"Polygon","coordinates":[[[-70.90007264912751,41.10044363700363],[-70.90010313768846,41.10085633944419],[-70.90022716570817,41.10089530046701],[-70.90050212379708,41.10057608104885],[-70.90027124859633,41.10041323488303],[-70.900264277084,41.100414008993994],[-70.90007264912751,41.10044363700363]]]},"properties":{"kind":"block"}},{"type":"Feature","geometry":{"type":"Polygon","coordinates":[[[-70.90530479990824,41.098219652974635],[-70.90530479990824,41.097855240596466],[-70.90461772892756,41.09801185405384],[-70.90461204944323,41.0982329115171],[-70.90530479990824,41.098219652974635]]]},"properties":{"kind":"block"}},{"type":"Feature","geometry":{"type":"Polygon","coordinates":[[[-70.90530479990824,41.09776138926929],[-70.90530479990824,41.09755814789836],[-70.9050559790198,41.097503558441055],[-70.90498430651941,41.097546138994964],[-70.90462276271224,41.097815928577745],[-70.90462015439263,41.097917449857334],[-70.90530479990824,41.09776138926929]]]},"properties":{"kind":"block"}},{"type":"Feature","geometry":{"type":"Polygon","coordinates":[[[-70.90412651106561,41.098242204230026],[-70.90444077036923,41.09823618962515],[-70.90449387229508,41.09819188066862],[-70.9045005990767,41.09793006019463],[-70.90402131524104,41.09790159505984],[-70.90412651106561,41.098242204230026]]]},"properties":{"kind":"block"}},{"type":"Feature","geometry":{"type":"Polygon","coordinates":[[[-70.9035678143354,41.098252897119735],[-70.90400483536172,41.09824453297979],[-70.90387461149741,41.09782288656428],[-70.90384995417968,41.09776268920524],[-70.90360560230577,41.09818664167274],[-70.9035678143354,41.098252897119735]]]},"properties":{"kind":"block"}},{"type":"Feature","geometry":{"type":"Polygon","coordinates":[[[-70.90530479990824,41.09886070519819],[-70.90530479990824,41.09830951347162],[-70.90445761839065,41.09832572766806],[-70.90431836165838,41.09869399031417],[-70.90446752255056,41.098788182319105],[-70.90530479990824,41.09886070519819]]]},"properties":{"kind":"block"}},{"type":"Feature","geometry":{"type":"Polygon","coordinates":[[[-70.90482052462833,41.099154586985264],[-70.90492662849,41.099269979850014],[-70.90530479990824,41.09931215844257],[-70.90530479990824,41.098951128210814],[-70.90494952276626,41.098920354989765],[-70.90482052462833,41.099154586985264]]]},"properties":{"kind":"block"}},{"type":"Feature","geometry":{"type":"Polygon","coordinates":[[[-70.90413398430452,41.099181573866545],[-70.90447236970233,41.099219315004916],[-70.90470865017768,41.09912336881698],[-70.90482633211944,41.0989096845228],[-70.90425549512968,41.09886024004469],[-70.90413398430452,41.099181573866545]]]},"properties":{"kind":"block"}},{"type":"Feature","geometry":{"type":"Polygon","coordinates":[[[-70.90412965314586,41.09886523166754],[-70.90426860688557,41.09849777028139],[-70.90412592076858,41.09836556472411],[-70.90397654450811,41.098334934935075],[-70.90351734703657,41.09834372350972],[-70.9034738286263,41.09841527006697],[-70.90342158256632,41.09850591740146],[-70.90341762235686,41.09852309134141],[-70.90412965314586,41.09886523166754]]]},"properties":{"kind":"block"}},{"type":"Feature","geometry":{"type":"Polygon","coordinates":[[[-70.90331226660409,41.09908992522676],[-70.90401504617314,41.09916830834001],[-70.90409556019648,41.09895539003581],[-70.90339550538668,41.09861900432802],[-70.90329381048006,41.099060016914265],[-70.90331226660409,41.09908992522676]]]},"properties":{"kind":"block"}},{"type":"Feature","geometry":{"type":"Polygon","coordinates":[[[-70.89493361806517,41.097960758299536],[-70.89493361806517,41.098155429424295],[-70.89504826735701,41.098168216603696],[-70.89507517859987,41.0980178856099],[-70.89503241739413,41.097960325633544],[-70.89493361806517,41.097960758299536]]]},"properties":{"kind":"block"}},{"type":"Feature","geometry":{"type":"Polygon","coordinates":[[[-70.90333859052029,41.10275782792225],[-70.90466078636051,41.10296961043425],[-70.9050900350617,41.102896989742014],[-70.90528095811091,41.102826818376336],[-70.90528095811091,41.10275782792225],[-70.90333859052029,41.10275782792225]]]},"properties":{"kind":"block"}},{"type":"Feature","geometry":{"type":"Polygon","coordinates":[[[-70.90294709011458,41.10295706454466],[-70.90303893994351,41.10324399591097],[-70.90405485710761,41.10307212210563],[-70.90404508033176,41.10299956360282],[-70.9029830837795,41.10282945847109],[-70.90294709011458,41.10295706454466]]]},"properties":{"kind":"block"}},{"type":"Feature","geometry":{"type":"Polygon","coordinates":[[[-70.90444022186021,41.103135820412156],[-70.90307451016767,41.10336687277932],[-70.90313852215832,41.10361424376738],[-70.90444022186021,41.103135820412156]]]},"properties":{"kind":"block"}},{"type":"Feature","geometry":{"type":"Polygon","coordinates":[[[-70.90498686965832,41.103074832314576],[-70.90317158593876,41.10374201701665],[-70.90322127231356,41.10393402741194],[-70.90528095811091,41.10360380705249],[-70.90528095811091,41.103529208948736],[-70.90498686965832,41.103074832314576]]]},"properties":{"kind":"block"}},{"type":"Feature","geometry":{"type":"Polygon","coordinates":[[[-70.90528095811091,41.103732386071364],[-70.90325348645976,41.10405744167853],[-70.90340732272631,41.10464158881235],[-70.90528095811091,41.10434744758816],[-70.90528095811091,41.103732386071364]]]},"properties":{"kind":"block"}},{"type":"Feature","geometry":{"type":"Polygon","coordinates":[[[-70.90528095811091,41.10448532520746],[-70.90487812190008,41.10505624346373],[-70.90528095811091,41.10499173843988],[-70.90528095811091,41.10448532520746]]]},"properties":{"kind":"block"}},{"type":"Feature","geometry":{"type":"Polygon","coordinates":[[[-70.90507586410789,41.10450810952117],[-70.90344193700096,41.10476461904454],[-70.90359091849731,41.10526235970642],[-70.90466502801338,41.10509036558551],[-70.90507586410789,41.10450810952117]]]},"properties":{"kind":"block"}},{"type":"Feature","geometry":{"type":"Polygon","coordinates":[[[-70.90374317887405,41.1057723596723],[-70.90379735890708,41.10595389984452],[-70.90408103701749,41.105907731579585],[-70.90374317887405,41.1057723596723]]]},"properties":{"kind":"block"}},{"type":"Feature","geometry":{"type":"Polygon","coordinates":[[[-70.90528095811091,41.105120310571486],[-70.9047758467086,41.10520119263268],[-70.90444627074501,41.10566828305153],[-70.90431859899076,41.10586048044389],[-70.90433384184895,41.10586658790297],[-70.90528095811091,41.10571244589164],[-70.90528095811091,41.105120310571486]]]},"properties":{"kind":"block"}},{"type":"Feature","geometry":{"type":"Polygon","coordinates":[[[-70.9045627528219,41.10523531475446],[-70.9037996607998,41.10535750652313],[-70.90432734960574,41.10556893916578],[-70.9045627528219,41.10523531475446]]]},"properties":{"kind":"block"}},{"type":"Feature","geometry":{"type":"Polygon","coordinates":[[[-70.90291114273232,41.10339264306278],[-70.90282047573453,41.10340594253267],[-70.90264488876929,41.10402843994292],[-70.90305809035492,41.10396051446045],[-70.90291114273232,41.10339264306278]]]},"properties":{"kind":"block"}},{"type":"Feature","geometry":{"type":"Polygon","coordinates":[[[-70.9012953932718,41.104791588860564],[-70.90135196179864,41.1049999847559],[-70.90167453144895,41.104943500718136],[-70.9012953932718,41.104791588860564]]]},"properties":{"kind":"block"}},{"type":"Feature","geometry":{"type":"Polygon","coordinates":[[[-70.90243433845188,41.10481045358426],[-70.90279796098,41.10474678092134],[-70.90192741590913,41.10460734150071],[-70.90243433845188,41.10481045358426]]]},"properties":{"kind":"block"}},{"type":"Feature","geometry":{"type":"Polygon","coordinates":[[[-70.90309031722597,41.10408393856529],[-70.9026068149506,41.104163420654594],[-70.90249234192818,41.10456925465202],[-70.90318144128241,41.104679631033356],[-70.90324429548043,41.10466862485565],[-70.90309031722597,41.10408393856529]]]},"properties":{"kind":"block"}},{"type":"Feature","geometry":{"type":"Polygon","coordinates":[[[-70.90189877365879,41.10503334936091],[-70.90138493164515,41.105123326429975],[-70.9015158834625,41.10562140146773],[-70.90280711607444,41.105397301059746],[-70.90189877365879,41.10503334936091]]]},"properties":{"kind":"block"}},{"type":"Feature","geometry":{"type":"Polygon","coordinates":[[[-70.90327894909134,41.10479167169165],[-70.90265858066172,41.10490030222703],[-70.90340043337568,41.10519754537111],[-70.90327894909134,41.10479167169165]]]},"properties":{"kind":"block"}},{"type":"Feature","geometry":{"type":"Polygon","coordinates":[[[-70.9030318623857,41.105487351684246],[-70.90154939370728,41.10574464214654],[-70.90164436453412,41.10608216601724],[-70.90175694771945,41.106195674979574],[-70.9020270197619,41.106226195743425],[-70.90363400047725,41.10597970930531],[-70.90354888377901,41.10569451014254],[-70.9030318623857,41.105487351684246]]]},"properties":{"kind":"block"}},{"type":"Feature","geometry":{"type":"Polygon","coordinates":[[[-70.8992693552011,41.1027742934316],[-70.898195169953,41.10293667071383],[-70.89824956708011,41.103133712936945],[-70.89864228234602,41.103291064818485],[-70.89914599224755,41.103211644342004],[-70.8992693552011,41.1027742934316]]]},"properties":{"kind":"block"}},{"type":"Feature","geometry":{"type":"Polygon","coordinates":[[[-70.89848102966437,41.10366393876032],[-70.89839684475781,41.103679306477716],[-70.89846772742074,41.103947957673796],[-70.89896050619242,41.10386923637227],[-70.8989638469924,41.10385739244446],[-70.89848102966437,41.10366393876032]]]},"properties":{"kind":"block"}},{"type":"Feature","geometry":{"type":"Polygon","coordinates":[[[-70.89892253261704,41.1040038616977],[-70.89850181591241,41.1040710710997],[-70.89867772073723,41.10467750781005],[-70.89873516073712,41.10466813942378],[-70.89892253261704,41.1040038616977]]]},"properties":{"kind":"block"}},{"type":"Feature","geometry":{"type":"Polygon","coordinates":[[[-70.89905280666702,41.104146901414744],[-70.89891400974767,41.10463896939212],[-70.90033575599475,41.104407084502704],[-70.90010836953522,41.10431597603214],[-70.89905280666702,41.104146901414744]]]},"properties":{"kind":"block"}},{"type":"Feature","geometry":{"type":"Polygon","coordinates":[[[-70.90056399603715,41.10449853498409],[-70.89887596395855,41.10477385073237],[-70.89879160423912,41.10507292593309],[-70.89887996001706,41.10538011115217],[-70.90118888129501,41.10502675917711],[-70.90110425635964,41.104715004741315],[-70.90056399603715,41.10449853498409]]]},"properties":{"kind":"block"}},{"type":"Feature","geometry":{"type":"Polygon","coordinates":[[[-70.90115756697219,41.105159882871654],[-70.89897751991124,41.10549351223445],[-70.89910921004387,41.10601415142232],[-70.90128886104146,41.105659259664165],[-70.90115756697219,41.105159882871654]]]},"properties":{"kind":"block"}},{"type":"Feature","geometry":{"type":"Polygon","coordinates":[[[-70.90138649670631,41.10577202889121],[-70.90000237859043,41.10599739162689],[-70.90071746777177,41.10607820364962],[-70.90143095125472,41.10593001921049],[-70.90138649670631,41.10577202889121]]]},"properties":{"kind":"block"}},{"type":"Feature","geometry":{"type":"Polygon","coordinates":[[[-70.89561191082021,41.10275782792225],[-70.89573264995191,41.10318797487547],[-70.89685929707706,41.10301414819672],[-70.89621957873521,41.10275782792225],[-70.89561191082021,41.10275782792225]]]},"properties":{"kind":"block"}},{"type":"Feature","geometry":{"type":"Polygon","coordinates":[[[-70.89764760867823,41.102892522192995],[-70.8979963577144,41.10283871485144],[-70.89797232708031,41.10275782792225],[-70.89731144176473,41.10275782792225],[-70.89764760867823,41.102892522192995]]]},"properties":{"kind":"block"}},{"type":"Feature","geometry":{"type":"Polygon","coordinates":[[[-70.89709061513385,41.10310683196695],[-70.89576707598468,41.103311036468384],[-70.89588639134564,41.103738979717775],[-70.89786247115367,41.103416096738506],[-70.89709061513385,41.10310683196695]]]},"properties":{"kind":"block"}},{"type":"Feature","geometry":{"type":"Polygon","coordinates":[[[-70.89809060960182,41.10350750651344],[-70.89592267162752,41.10386173829556],[-70.8960671850105,41.104324663813664],[-70.89830439025917,41.10397381436288],[-70.89819208419466,41.103548165024826],[-70.89809060960182,41.10350750651344]]]},"properties":{"kind":"block"}},{"type":"Feature","geometry":{"type":"Polygon","coordinates":[[[-70.89827428982737,41.10410699356906],[-70.89616568978808,41.10443767452297],[-70.89631204312448,41.10503349290399],[-70.89844999134093,41.104712729358255],[-70.89827428982737,41.10410699356906]]]},"properties":{"kind":"block"}},{"type":"Feature","geometry":{"type":"Polygon","coordinates":[[[-70.89848549691918,41.1048356349115],[-70.8963460518787,41.10515662303077],[-70.89652304645968,41.10573478929005],[-70.89865202598716,41.105414604045485],[-70.89848549691918,41.1048356349115]]]},"properties":{"kind":"block"}},{"type":"Feature","geometry":{"type":"Polygon","coordinates":[[[-70.89874964305022,41.10552816738096],[-70.89649512982254,41.105867232111194],[-70.89656493913789,41.1061100878287],[-70.89727256152649,41.10622573213888],[-70.89760197095174,41.10624018134918],[-70.8988816488568,41.10605005459123],[-70.89874964305022,41.10552816738096]]]},"properties":{"kind":"block"}},{"type":"Feature","geometry":{"type":"Polygon","coordinates":[[[-70.89891623444056,41.10617310131164],[-70.8978865864852,41.10632608014077],[-70.89877995386571,41.106472080120604],[-70.8989958174574,41.1064295960682],[-70.89891623444056,41.10617310131164]]]},"properties":{"kind":"block"}},{"type":"Feature","geometry":{"type":"Polygon","coordinates":[[[-70.89495745986251,41.10275782792225],[-70.89495745986251,41.10322691632966],[-70.89505054375022,41.10329626115924],[-70.89556925745745,41.10321359960309],[-70.89544132565045,41.10275782792225],[-70.89495745986251,41.10275782792225]]]},"properties":{"kind":"block"}},{"type":"Feature","geometry":{"type":"Polygon","coordinates":[[[-70.8956036834895,41.10333665905059],[-70.89495745986251,41.10343964042525],[-70.89495745986251,41.10388555124155],[-70.89572315185524,41.10376515107563],[-70.8956036834895,41.10333665905059]]]},"properties":{"kind":"block"}},{"type":"Feature","geometry":{"type":"Polygon","coordinates":[[[-70.89575939804223,41.103887924560325],[-70.89495745986251,41.104014024207196],[-70.89495745986251,41.10449998779605],[-70.89590376979181,41.104350396378514],[-70.89575939804223,41.103887924560325]]]},"properties":{"kind":"block"}},{"type":"Feature","geometry":{"type":"Polygon","coordinates":[[[-70.89593807725551,41.104473474606415],[-70.89495745986251,41.10462848930227],[-70.89495745986251,41.10523732445448],[-70.89608404904072,41.10506773965621],[-70.89593807725551,41.104473474606415]]]},"properties":{"kind":"block"}},{"type":"Feature","geometry":{"type":"Polygon","coordinates":[[[-70.8961179766518,41.10519088131858],[-70.89495745986251,41.10536557321994],[-70.89495745986251,41.10565247562069],[-70.89530797775721,41.10575715467782],[-70.89567905841787,41.10583039178873],[-70.8959102027114,41.1058334435987],[-70.89629532115437,41.105770190623346],[-70.8961179766518,41.10519088131858]]]},"properties":{"kind":"block"}},{"type":"Feature","geometry":{"type":"Polygon","coordinates":[[[-70.89633175183972,41.1058929237977],[-70.89596454989038,41.10595323411592],[-70.89638519871934,41.1060788571539],[-70.89633175183972,41.1058929237977]]]},"properties":{"kind":"block"}},{"type":"Feature","geometry":{"type":"Polygon","coordinates":[[[-70.9102427224518,41.10139576926103],[-70.90981366577054,41.10123863340395],[-70.9095435767997,41.10160998285847],[-70.91009223783057,41.10180884943228],[-70.91009579365463,41.10180533707193],[-70.91024438357826,41.10165263670442],[-70.91030443549396,41.10156454702168],[-70.91031106445752,41.10148955802451],[-70.9102427224518,41.10139576926103]]]},"properties":{"kind":"block"}},{"type":"Feature","geometry":{"type":"Polygon","coordinates":[[[-70.91000629027192,41.101897316387216],[-70.90947663217425,41.10170533757835],[-70.90922289848373,41.10208111227291],[-70.90966831856042,41.102244459870576],[-70.90983747472819,41.10207080187627],[-70.91000629027192,41.101897316387216]]]},"properties":{"kind":"block"}},{"type":"Feature","geometry":{"type":"Polygon","coordinates":[[[-70.90956192109151,41.102325326346644],[-70.90915920095398,41.102177637972375],[-70.90895003127505,41.102502206087394],[-70.90929577212465,41.10262692104641],[-70.90954138590264,41.1023747706423],[-70.90956192109151,41.102325326346644]]]},"properties":{"kind":"block"}},{"type":"Feature","geometry":{"type":"Polygon","coordinates":[[[-70.90937513736742,41.10277506117682],[-70.90888624313244,41.10259870821028],[-70.90868244153623,41.102899189183894],[-70.90923972590008,41.103101102718014],[-70.90937513736742,41.10277506117682]]]},"properties":{"kind":"block"}},{"type":"Feature","geometry":{"type":"Polygon","coordinates":[[[-70.90936081815501,41.10330528633799],[-70.90916929724303,41.1031951958126],[-70.90861607742521,41.10299475493215],[-70.90837355977052,41.103335400575496],[-70.90926312758769,41.10363457295363],[-70.90934335459676,41.103412810198705],[-70.90936081815501,41.10330528633799]]]},"properties":{"kind":"block"}},{"type":"Feature","geometry":{"type":"Polygon","coordinates":[[[-70.90919544938734,41.10372985820661],[-70.90830960267502,41.103431937280895],[-70.9081016049434,41.103772777015365],[-70.90880208957688,41.104031759823805],[-70.9090653156215,41.103872673838104],[-70.90919544938734,41.10372985820661]]]},"properties":{"kind":"block"}},{"type":"Feature","geometry":{"type":"Polygon","coordinates":[[[-70.90840587199548,41.10400534371094],[-70.90803918865109,41.103869773738666],[-70.90773304752086,41.10432192398946],[-70.90774045896032,41.10432454577824],[-70.90777044110297,41.10431962997359],[-70.90788611910668,41.10429682671665],[-70.90840587199548,41.10400534371094]]]},"properties":{"kind":"block"}},{"type":"Feature","geometry":{"type":"Polygon","coordinates":[[[-70.90988390566538,41.09869831679778],[-70.90972769641436,41.09893136342491],[-70.91001204199426,41.09904046043868],[-70.91007226942061,41.09904530241063],[-70.91003852045871,41.09895635206208],[-70.90988390566538,41.09869831679778]]]},"properties":{"kind":"block"}},{"type":"Feature","geometry":{"type":"Polygon","coordinates":[[[-70.91013409617346,41.09920825590336],[-70.90966060890462,41.09902658947089],[-70.90943099526781,41.099336583981476],[-70.91017946149475,41.0996221924601],[-70.91019214181316,41.09951455974242],[-70.91014436686369,41.09923532581676],[-70.91013409617346,41.09920825590336]]]},"properties":{"kind":"block"}},{"type":"Feature","geometry":{"type":"Polygon","coordinates":[[[-70.91009595044876,41.099711156264796],[-70.90936568927094,41.099432494681295],[-70.90916727619802,41.09975117445308],[-70.91003349345998,41.10007368170889],[-70.91009595044876,41.099711156264796]]]},"properties":{"kind":"block"}},{"type":"Feature","geometry":{"type":"Polygon","coordinates":[[[-70.90994706488597,41.100161740259516],[-70.90910566769277,41.09984847393276],[-70.90887285315291,41.10021024755827],[-70.90994195696298,41.10060499629624],[-70.9099657383978,41.1004669592985],[-70.90994706488597,41.100161740259516]]]},"properties":{"kind":"block"}},{"type":"Feature","geometry":{"type":"Polygon","coordinates":[[[-70.90998229027674,41.10073993132443],[-70.90880917375368,41.100306777628234],[-70.90855924037218,41.10067640321718],[-70.90975037027991,41.101096467915845],[-70.90998229027674,41.10073993132443]]]},"properties":{"kind":"block"}},{"type":"Feature","geometry":{"type":"Polygon","coordinates":[[[-70.9096410402912,41.101176930066636],[-70.90853640888233,41.10078736998851],[-70.90829136486725,41.101134520861045],[-70.90937253730766,41.10154609892298],[-70.9096410402912,41.101176930066636]]]},"properties":{"kind":"block"}},{"type":"Feature","geometry":{"type":"Polygon","coordinates":[[[-70.90930576394307,41.101641451707636],[-70.90822695535468,41.10123077351106],[-70.90797578788708,41.10162734156245],[-70.90905119391444,41.1020184650028],[-70.90930576394307,41.101641451707636]]]},"properties":{"kind":"block"}},{"type":"Feature","geometry":{"type":"Polygon","coordinates":[[[-70.90898752779725,41.10211500609234],[-70.9079111644449,41.101723534474424],[-70.90767472470048,41.10205474458584],[-70.9087774057798,41.10244105194885],[-70.90898752779725,41.10211500609234]]]},"properties":{"kind":"block"}},{"type":"Feature","geometry":{"type":"Polygon","coordinates":[[[-70.90871352134239,41.10253754889983],[-70.90760712466847,41.10214993983538],[-70.90740916172005,41.10243049412446],[-70.90851084445401,41.10283637162683],[-70.90871352134239,41.10253754889983]]]},"properties":{"kind":"block"}},{"type":"Feature","geometry":{"type":"Polygon","coordinates":[[[-70.90848724311613,41.10294769617173],[-70.90789518103898,41.1031653011424],[-70.90816063785184,41.10326055913495],[-70.90830131488774,41.10320885505957],[-70.90848724311613,41.10294769617173]]]},"properties":{"kind":"block"}},{"type":"Feature","geometry":{"type":"Polygon","coordinates":[[[-70.9083243147942,41.10288764234807],[-70.90730273092186,41.10251127454473],[-70.90712803417668,41.10279688363998],[-70.90718557259036,41.10288578244073],[-70.90734639997605,41.10296837350718],[-70.90773006692449,41.103106050679315],[-70.9083243147942,41.10288764234807]]]},"properties":{"kind":"block"}},{"type":"Feature","geometry":{"type":"Polygon","coordinates":[[[-70.90817969891324,41.103386795358894],[-70.90773081010308,41.10322571361276],[-70.90713525821843,41.103444601218285],[-70.90797208224105,41.10372701066258],[-70.90817969891324,41.103386795358894]]]},"properties":{"kind":"block"}},{"type":"Feature","geometry":{"type":"Polygon","coordinates":[[[-70.90790956747853,41.10382402762752],[-70.90696772379334,41.10350617638931],[-70.90656462808604,41.10365432914718],[-70.90647312211104,41.10379483071326],[-70.90678092997135,41.103978908148406],[-70.90760372478387,41.10427573710867],[-70.90790956747853,41.10382402762752]]]},"properties":{"kind":"block"}},{"type":"Feature","geometry":{"type":"Polygon","coordinates":[[[-70.90754072293193,41.1043725228127],[-70.90637203794262,41.103950911561675],[-70.90614658940838,41.104303448061685],[-70.90719418716772,41.10468486958406],[-70.90739898973705,41.104570014102215],[-70.90748148426339,41.10446720028649],[-70.90754072293193,41.1043725228127]]]},"properties":{"kind":"block"}},{"type":"Feature","geometry":{"type":"Polygon","coordinates":[[[-70.90720702330857,41.10480926392737],[-70.90608400985445,41.104400384185595],[-70.90584593108264,41.10476570315741],[-70.9068767189653,41.10515077118719],[-70.9071218931545,41.1049153625543],[-70.90720702330857,41.10480926392737]]]},"properties":{"kind":"block"}},{"type":"Feature","geometry":{"type":"Polygon","coordinates":[[[-70.90677313153653,41.105232391041824],[-70.90578222300395,41.104862220609334],[-70.90552354142753,41.105249178984955],[-70.90627515471998,41.105527287628696],[-70.90655341655888,41.1053951200007],[-70.90677313153653,41.105232391041824]]]},"properties":{"kind":"block"}},{"type":"Feature","geometry":{"type":"Polygon","coordinates":[[[-70.90610905869032,41.10558592141343],[-70.90546138647187,41.105346272588605],[-70.9054406008684,41.10538019944463],[-70.90543592979361,41.1054540274575],[-70.90543592979361,41.105748624521674],[-70.9057932831847,41.10567390827544],[-70.90610905869032,41.10558592141343]]]},"properties":{"kind":"block"}},{"type":"Feature","geometry":{"type":"Polygon","coordinates":[[[-70.90857549821168,41.097873063717266],[-70.90851945911155,41.09796200772545],[-70.90895908347478,41.09813667481663],[-70.90872876539902,41.097960185295484],[-70.90857549821168,41.097873063717266]]]},"properties":{"kind":"block"}},{"type":"Feature","geometry":{"type":"Polygon","coordinates":[[[-70.90975283545735,41.098573903524816],[-70.90845721095596,41.09805913914447],[-70.90824121592811,41.098390925454176],[-70.90922917305907,41.09874921841396],[-70.9096503550972,41.09880765254108],[-70.90978602407947,41.09860524968391],[-70.90975283545735,41.098573903524816]]]},"properties":{"kind":"block"}},{"type":"Feature","geometry":{"type":"Polygon","coordinates":[[[-70.90948917067992,41.09896314115323],[-70.9082204525314,41.098503027281566],[-70.90801096239481,41.0988156691029],[-70.9092597626641,41.099272858061056],[-70.90948917067992,41.09896314115323]]]},"properties":{"kind":"block"}},{"type":"Feature","geometry":{"type":"Polygon","coordinates":[[[-70.90919462636336,41.09936885773666],[-70.90794410186118,41.09891103753245],[-70.9077288549173,41.099203253727204],[-70.9087851409816,41.099606025174396],[-70.90902975666798,41.099633662046806],[-70.90919462636336,41.09936885773666]]]},"properties":{"kind":"block"}},{"type":"Feature","geometry":{"type":"Polygon","coordinates":[[[-70.90893515469989,41.09978403943039],[-70.90766209108016,41.09929860873713],[-70.90740877937358,41.099680957675524],[-70.90870112200376,41.10014770596521],[-70.90893515469989,41.09978403943039]]]},"properties":{"kind":"block"}},{"type":"Feature","geometry":{"type":"Polygon","coordinates":[[[-70.90863739889771,41.10024423068732],[-70.90734575822015,41.099777735918],[-70.9071309134718,41.100113643228916],[-70.90838887135479,41.10061177718661],[-70.90863739889771,41.10024423068732]]]},"properties":{"kind":"block"}},{"type":"Feature","geometry":{"type":"Polygon","coordinates":[[[-70.90832281310176,41.10070739405948],[-70.90706850948206,41.1002107071396],[-70.90682293341338,41.10059091495879],[-70.90807784860876,41.10105443227409],[-70.90832281310176,41.10070739405948]]]},"properties":{"kind":"block"}},{"type":"Feature","geometry":{"type":"Polygon","coordinates":[[[-70.90801348389643,41.10115070912252],[-70.90676026540689,41.100687818504966],[-70.90650603454597,41.10108045019683],[-70.907761568988,41.10154845730747],[-70.90801348389643,41.10115070912252]]]},"properties":{"kind":"block"}},{"type":"Feature","geometry":{"type":"Polygon","coordinates":[[[-70.9076968013674,41.101644579993774],[-70.90644297464124,41.10117720944327],[-70.90622190728295,41.101514251101655],[-70.90745955416666,41.10197692120816],[-70.9076968013674,41.101644579993774]]]},"properties":{"kind":"block"}},{"type":"Feature","geometry":{"type":"Polygon","coordinates":[[[-70.90739207337917,41.102072028266086],[-70.90615779072239,41.10161061581009],[-70.90595753634211,41.10190729247433],[-70.90692263575323,41.102254508048695],[-70.90723777737497,41.10229069749744],[-70.90739207337917,41.102072028266086]]]},"properties":{"kind":"block"}},{"type":"Feature","geometry":{"type":"Polygon","coordinates":[[[-70.90672942186535,41.10230444841258],[-70.90584840097084,41.1019874819194],[-70.90562051584166,41.10230941282],[-70.90615394895534,41.102515956243494],[-70.90672942186535,41.10230444841258]]]},"properties":{"kind":"block"}},{"type":"Feature","geometry":{"type":"Polygon","coordinates":[[[-70.9071739098622,41.102464362669444],[-70.90689432569397,41.1023637761636],[-70.90685666961178,41.10237761618305],[-70.90704705113843,41.10267176209912],[-70.9071739098622,41.102464362669444]]]},"properties":{"kind":"block"}},{"type":"Feature","geometry":{"type":"Polygon","coordinates":[[[-70.90599336885427,41.102574975440184],[-70.9056675191416,41.102448807578696],[-70.90552503729262,41.10245301877584],[-70.90543592979361,41.102591451123224],[-70.90543592979361,41.10277985515656],[-70.90599336885427,41.102574975440184]]]},"properties":{"kind":"block"}},{"type":"Feature","geometry":{"type":"Polygon","coordinates":[[[-70.90543592979361,41.10374815333785],[-70.90543592979361,41.10404073302057],[-70.90568497571837,41.104132937738775],[-70.90543592979361,41.10374815333785]]]},"properties":{"kind":"block"}},{"type":"Feature","geometry":{"type":"Polygon","coordinates":[[[-70.90624393392652,41.103902919681666],[-70.90607115753606,41.103835698041934],[-70.9057323475345,41.103960223397124],[-70.90589429216254,41.10421043334031],[-70.9060179903208,41.10425623033071],[-70.90624393392652,41.103902919681666]]]},"properties":{"kind":"block"}},{"type":"Feature","geometry":{"type":"Polygon","coordinates":[[[-70.90595541109582,41.10435316705312],[-70.90543592979361,41.104160838561384],[-70.90543592979361,41.10462186962516],[-70.90571685302496,41.104719221483336],[-70.90595541109582,41.10435316705312]]]},"properties":{"kind":"block"}},{"type":"Feature","geometry":{"type":"Polygon","coordinates":[[[-70.90565309414876,41.10481577653488],[-70.90543592979361,41.10474051984143],[-70.90543592979361,41.105031067368984],[-70.90549539610058,41.10505167497575],[-70.90565309414876,41.10481577653488]]]},"properties":{"kind":"block"}},{"type":"Feature","geometry":{"type":"Polygon","coordinates":[[[-70.90758785671095,41.09761804859579],[-70.90839180749585,41.097913275663494],[-70.90846118722449,41.097803157707666],[-70.90828335046133,41.09761887005653],[-70.90820127357507,41.09755597568619],[-70.90761523301522,41.09760517918029],[-70.90758785671095,41.09761804859579]]]},"properties":{"kind":"block"}},{"type":"Feature","geometry":{"type":"Polygon","coordinates":[[[-70.90832962992518,41.098010358997044],[-70.90742809760529,41.09767929800645],[-70.9068890124171,41.09766615207767],[-70.90647244597207,41.09770112666138],[-70.90646071981392,41.09772060654771],[-70.90672112551412,41.09782260017588],[-70.90811270679916,41.09834357094267],[-70.90832962992518,41.098010358997044]]]},"properties":{"kind":"block"}},{"type":"Feature","geometry":{"type":"Polygon","coordinates":[[[-70.9080062592974,41.09842408780509],[-70.90643803696632,41.097836987361106],[-70.90622589441469,41.098137441617745],[-70.90779732740023,41.09873589651328],[-70.9080062592974,41.09842408780509]]]},"properties":{"kind":"block"}},{"type":"Feature","geometry":{"type":"Polygon","coordinates":[[[-70.90773026928491,41.098831140501765],[-70.9065303587216,41.098374173925755],[-70.90611142813316,41.098307493485535],[-70.90595254794628,41.098548183743006],[-70.90751516401133,41.09912316436693],[-70.90773026928491,41.098831140501765]]]},"properties":{"kind":"block"}},{"type":"Feature","geometry":{"type":"Polygon","coordinates":[[[-70.9074485970552,41.0992186329799],[-70.90588987058763,41.098645083573295],[-70.90565193053482,41.09902057017601],[-70.90719464179777,41.09960195329459],[-70.9074485970552,41.0992186329799]]]},"properties":{"kind":"block"}},{"type":"Feature","geometry":{"type":"Polygon","coordinates":[[[-70.9071742762249,41.099714804890894],[-70.90554695547763,41.09910153600922],[-70.90543592979361,41.099272199761266],[-70.90543592979361,41.09950119877579],[-70.90696073399127,41.10004867573491],[-70.9071742762249,41.099714804890894]]]},"properties":{"kind":"block"}},{"type":"Feature","geometry":{"type":"Polygon","coordinates":[[[-70.90689837394942,41.10014569418921],[-70.90543592979361,41.09962060744002],[-70.90543592979361,41.100076867664654],[-70.90665171119194,41.10052758445071],[-70.90689837394942,41.10014569418921]]]},"properties":{"kind":"block"}},{"type":"Feature","geometry":{"type":"Polygon","coordinates":[[[-70.90658904338405,41.10062448859537],[-70.90543592979361,41.100197004137925],[-70.90543592979361,41.100681215253],[-70.90633508233402,41.101016703593885],[-70.90658904338405,41.10062448859537]]]},"properties":{"kind":"block"}},{"type":"Feature","geometry":{"type":"Polygon","coordinates":[[[-70.9062720249784,41.10111346393229],[-70.90543592979361,41.10080150330964],[-70.90543592979361,41.10121401222706],[-70.9060513613955,41.10144988999041],[-70.9062720249784,41.10111346393229]]]},"properties":{"kind":"block"}},{"type":"Feature","geometry":{"type":"Polygon","coordinates":[[[-70.90598724334613,41.101546255043324],[-70.90543592979361,41.10133495193949],[-70.90543592979361,41.101708807669134],[-70.9057862537852,41.10184402087698],[-70.90598724334613,41.101546255043324]]]},"properties":{"kind":"block"}},{"type":"Feature","geometry":{"type":"Polygon","coordinates":[[[-70.90572014937915,41.10193962172601],[-70.90543592979361,41.10182992258232],[-70.90543592979361,41.102240349272456],[-70.90549256076268,41.10226113374626],[-70.90572014937915,41.10193962172601]]]},"properties":{"kind":"block"}},{"type":"Feature","geometry":{"type":"Polygon","coordinates":[[[-70.90626689267282,41.09777338471055],[-70.90543592979361,41.097468168659],[-70.90543592979361,41.09784121480809],[-70.90605539088907,41.098072931457416],[-70.90626689267282,41.09777338471055]]]},"properties":{"kind":"block"}},{"type":"Feature","geometry":{"type":"Polygon","coordinates":[[[-70.90598995073982,41.09816880093991],[-70.90543592979361,41.097961562941826],[-70.90543592979361,41.098355983398804],[-70.90578132465411,41.09848485209311],[-70.90598995073982,41.09816880093991]]]},"properties":{"kind":"block"}},{"type":"Feature","geometry":{"type":"Polygon","coordinates":[[[-70.90571863857755,41.09858175095327],[-70.90543592979361,41.09847627077385],[-70.90543592979361,41.09893928345499],[-70.90548127644648,41.098956325553715],[-70.90571863857755,41.09858175095327]]]},"properties":{"kind":"block"}},{"type":"Feature","geometry":{"type":"Polygon","coordinates":[[[-70.89189094513938,41.09870289040014],[-70.89212644846288,41.09890517418155],[-70.8935631087887,41.09798020249131],[-70.89293359777125,41.09774584557351],[-70.89267159012445,41.0977256088756],[-70.89241683721083,41.09792704470533],[-70.89189094513938,41.09870289040014]]]},"properties":{"kind":"block"}},{"type":"Feature","geometry":{"type":"Polygon","coordinates":[[[-70.89383762224018,41.097992507842136],[-70.89225078492629,41.09901416868012],[-70.89289235216845,41.09958810513045],[-70.89477864638246,41.09834941748189],[-70.89477864638246,41.09807238597104],[-70.89449209635568,41.09798964174276],[-70.89383762224018,41.097992507842136]]]},"properties":{"kind":"block"}},{"type":"Feature","geometry":{"type":"Polygon","coordinates":[[[-70.89477864638246,41.09854006444595],[-70.89301568250058,41.099697763795895],[-70.89371696375632,41.100317412565595],[-70.89477864638246,41.0996250726399],[-70.89477864638246,41.09854006444595]]]},"properties":{"kind":"block"}},{"type":"Feature","geometry":{"type":"Polygon","coordinates":[[[-70.89477864638246,41.09981514906067],[-70.8938401819853,41.10042713644277],[-70.89443244495048,41.100958746772676],[-70.89477864638246,41.1007362683289],[-70.89477864638246,41.09981514906067]]]},"properties":{"kind":"block"}},{"type":"Feature","geometry":{"type":"Polygon","coordinates":[[[-70.89477864638246,41.100925165427014],[-70.89455314942661,41.10107007589583],[-70.89477864638246,41.10128407386042],[-70.89477864638246,41.100925165427014]]]},"properties":{"kind":"block"}},{"type":"Feature","geometry":{"type":"Polygon","coordinates":[[[-70.89073867729083,41.09981071515774],[-70.89198186561417,41.098998927713396],[-70.89168559201413,41.098744445766975],[-70.8915451629595,41.09881281230789],[-70.89073867729083,41.09981071515774]]]},"properties":{"kind":"block"}},{"type":"Feature","geometry":{"type":"Polygon","coordinates":[[[-70.8921062011216,41.09910792345267],[-70.89052043276449,41.10014341165487],[-70.89046835246575,41.100430447054826],[-70.89041430055852,41.100750344757884],[-70.89067540362487,41.100981548511164],[-70.89274716928074,41.0996813239723],[-70.8921062011216,41.09910792345267]]]},"properties":{"kind":"block"}},{"type":"Feature","geometry":{"type":"Polygon","coordinates":[[[-70.8928201105807,41.099822595644476],[-70.89084736201205,41.10106067780436],[-70.89154090450569,41.10171095188475],[-70.89352218556337,41.100442945747496],[-70.8928201105807,41.099822595644476]]]},"properties":{"kind":"block"}},{"type":"Feature","geometry":{"type":"Polygon","coordinates":[[[-70.89382027047695,41.10070964079265],[-70.89305927671559,41.1009277756811],[-70.89166181776544,41.10182213971818],[-70.89225281700729,41.102354560389514],[-70.89423723932431,41.101083908574935],[-70.89382027047695,41.10070964079265]]]},"properties":{"kind":"block"}},{"type":"Feature","geometry":{"type":"Polygon","coordinates":[[[-70.89356364489416,41.101703830997835],[-70.89232395934185,41.10249761802746],[-70.89296183065285,41.10309350069159],[-70.894533068082,41.10209225634275],[-70.89356364489416,41.101703830997835]]]},"properties":{"kind":"block"}},{"type":"Feature","geometry":{"type":"Polygon","coordinates":[[[-70.89440782273783,41.10116329277687],[-70.89400344955895,41.1014222182632],[-70.89477864638246,41.10173282161716],[-70.89477864638246,41.10151520664141],[-70.89440782273783,41.10116329277687]]]},"properties":{"kind":"block"}},{"type":"Feature","geometry":{"type":"Polygon","coordinates":[[[-70.89384707456702,41.101522347235516],[-70.89372001988609,41.10160370202552],[-70.89464504341281,41.10197433745794],[-70.89471779821088,41.10187122596663],[-70.89384707456702,41.101522347235516]]]},"properties":{"kind":"block"}},{"type":"Feature","geometry":{"type":"Polygon","coordinates":[[[-70.89471442404697,41.10216492146375],[-70.89308072086432,41.10320597105241],[-70.89362817387789,41.10373083871873],[-70.89462818640177,41.103096987084434],[-70.89477864638246,41.10289556012031],[-70.89477864638246,41.10219065386126],[-70.89471442404697,41.10216492146375]]]},"properties":{"kind":"block"}},{"type":"Feature","geometry":{"type":"Polygon","coordinates":[[[-70.89477864638246,41.10318943332782],[-70.89374853825282,41.10384236087209],[-70.89433319297056,41.10436539749799],[-70.89477864638246,41.10407426372234],[-70.89477864638246,41.10318943332782]]]},"properties":{"kind":"block"}},{"type":"Feature","geometry":{"type":"Polygon","coordinates":[[[-70.89477864638246,41.104264521430345],[-70.89452611867847,41.10442956527547],[-70.89452611867847,41.10454467511973],[-70.89477864638246,41.104783598672334],[-70.89477864638246,41.104264521430345]]]},"properties":{"kind":"block"}},{"type":"Feature","geometry":{"type":"Polygon","coordinates":[[[-70.89065031467688,41.10118422691401],[-70.89047585634378,41.10129344363969],[-70.89088918688327,41.101742016531716],[-70.89115959941485,41.10194892973384],[-70.89134439835895,41.10183500841942],[-70.89065031467688,41.10118422691401]]]},"properties":{"kind":"block"}},{"type":"Feature","geometry":{"type":"Polygon","coordinates":[[[-70.89146533379987,41.10194615395751],[-70.89125298494858,41.10207705871117],[-70.89131980117303,41.10220934686143],[-70.8917446224367,41.102670390226585],[-70.89205630701262,41.10247855117969],[-70.89146533379987,41.10194615395751]]]},"properties":{"kind":"block"}},{"type":"Feature","geometry":{"type":"Polygon","coordinates":[[[-70.89217738050603,41.10258961196388],[-70.89194869841731,41.10273036372809],[-70.8918615621836,41.103281969006396],[-70.89204801081553,41.10365111504603],[-70.89281477687501,41.103185050949634],[-70.89217738050603,41.10258961196388]]]},"properties":{"kind":"block"}},{"type":"Feature","geometry":{"type":"Polygon","coordinates":[[[-70.89293358481835,41.103297495473285],[-70.89210318764563,41.10380223652587],[-70.8924648921448,41.104229349230536],[-70.89266592643408,41.10433757752199],[-70.89348196908729,41.10382325597575],[-70.89293358481835,41.103297495473285]]]},"properties":{"kind":"block"}},{"type":"Feature","geometry":{"type":"Polygon","coordinates":[[[-70.89360240212218,41.10393472695121],[-70.89269807038123,41.10450469384876],[-70.8929064225459,41.104750723015606],[-70.89319419775293,41.10501510276717],[-70.8932432135919,41.10505064610989],[-70.89418783034021,41.10445845555644],[-70.89360240212218,41.10393472695121]]]},"properties":{"kind":"block"}},{"type":"Feature","geometry":{"type":"Polygon","coordinates":[[[-70.89430868385655,41.1045696570852],[-70.89338149679035,41.10515092078062],[-70.89351243520566,41.10524586945574],[-70.89386212854788,41.10541067156942],[-70.89428980884159,41.10552856428603],[-70.89444689748503,41.105565553347795],[-70.89477864638246,41.10535920688002],[-70.89477864638246,41.105014301829144],[-70.89430868385655,41.1045696570852]]]},"properties":{"kind":"block"}},{"type":"Feature","geometry":{"type":"LineString","coordinates":[[-70.89487401357182,41.10214747287904],[-70.89487401357182,41.10269494585236],[-70.89513428584351,41.10269494585236],[-70.8952813491366,41.10261563976915],[-70.8954564677289,41.102380848725325],[-70.89487401357182,41.10214747287904]]},"properties":{"kind":"centerline","cls":"lane"}},{"type":"Feature","geometry":{"type":"LineString","coordinates":[[-70.89562589585933,41.102153687194],[-70.89571050238891,41.1020402506072],[-70.89540386892818,41.10206472616192],[-70.89562589585933,41.102153687194]]},"properties":{"kind":"centerline","cls":"lane"}},{"type":"Feature","geometry":{"type":"LineString","coordinates":[[-70.89487401357182,41.10132261422995],[-70.89487401357182,41.101852425432845],[-70.89522978041292,41.10199497293913],[-70.89545782414987,41.1014183253568],[-70.89487401357182,41.10132261422995]]},"properties":{"kind":"centerline","cls":"lane"}},{"type":"Feature","geometry":{"type":"LineString","coordinates":[[-70.89534299130302,41.10204033391213],[-70.89551576119965,41.10142782367788],[-70.89545782414987,41.1014183253568],[-70.89522978041292,41.10199497293913],[-70.89534299130302,41.10204033391213]]},"properties":{"kind":"centerline","cls":"lane"}},{"type":"Feature","geometry":{"type":"LineString","coordinates":[[-70.89540386892818,41.10206472616192],[-70.89571050238891,41.1020402506072],[-70.89597053188132,41.10169161489046],[-70.89546422890135,41.101610517889796],[-70.89534299130302,41.10204033391213],[-70.89540386892818,41.10206472616192]]},"properties":{"kind":"centerline","cls":"lane"}},{"type":"Feature","geometry":{"type":"LineString","coordinates":[[-70.8949963658448,41.10071830260509],[-70.89487401357182,41.100845200338846],[-70.89487401357182,41.10132261422995],[-70.89503002388912,41.10134819088756],[-70.89542645970765,41.100749644386816],[-70.8949963658448,41.10071830260509]]},"properties":{"kind":"centerline","cls":"lane"}},{"type":"Feature","geometry":{"type":"LineString","coordinates":[[-70.89509294591379,41.10033575971055],[-70.89487401357182,41.10041248533982],[-70.89487401357182,41.100709386555444],[-70.89542645970765,41.100749644386816],[-70.89562817737885,41.100445087127866],[-70.89509294591379,41.10033575971055]]},"properties":{"kind":"centerline","cls":"lane"}},{"type":"Feature","geometry":{"type":"LineString","coordinates":[[-70.89487401357182,41.0996516687812],[-70.89487401357182,41.1002910401657],[-70.8952074170982,41.10035914181674],[-70.89550363862293,41.09979232257322],[-70.89487401357182,41.0996516687812]]},"properties":{"kind":"centerline","cls":"lane"}},{"type":"Feature","geometry":{"type":"LineString","coordinates":[[-70.8952074170982,41.10035914181674],[-70.89562817737885,41.100445087127866],[-70.89598874685481,41.09990069232794],[-70.89550363862293,41.09979232257322],[-70.8952074170982,41.10035914181674]]},"properties":{"kind":"centerline","cls":"lane"}},{"type":"Feature","geometry":{"type":"LineString","coordinates":[[-70.89503002388912,41.10134819088756],[-70.89551576119965,41.10142782367788],[-70.89565018973661,41.1009512426514],[-70.89534333205815,41.100875152127024],[-70.89503002388912,41.10134819088756]]},"properties":{"kind":"centerline","cls":"lane"}},{"type":"Feature","geometry":{"type":"LineString","coordinates":[[-70.89618511388313,41.10061614003938],[-70.89566223233436,41.10039367029443],[-70.8954755185809,41.10067557434687],[-70.89606068179174,41.10076930277269],[-70.89618511388313,41.10061614003938]]},"properties":{"kind":"centerline","cls":"lane"}},{"type":"Feature","geometry":{"type":"LineString","coordinates":[[-70.8954755185809,41.10067557434687],[-70.89534333205815,41.100875152127024],[-70.89565018973661,41.1009512426514],[-70.8957170353096,41.100714259251134],[-70.8954755185809,41.10067557434687]]},"properties":{"kind":"centerline","cls":"lane"}},{"type":"Feature","geometry":{"type":"LineString","coordinates":[[-70.89650261871097,41.10084008994964],[-70.89660093518883,41.10084639880778],[-70.89663113511324,41.10080590812268],[-70.89618511388313,41.10061614003938],[-70.89606068179174,41.10076930277269],[-70.89650261871097,41.10084008994964]]},"properties":{"kind":"centerline","cls":"lane"}},{"type":"Feature","geometry":{"type":"LineString","coordinates":[[-70.89572054953668,41.100305621849394],[-70.89566223233436,41.10039367029443],[-70.89593488150682,41.10050967398973],[-70.8960121276809,41.10019826351805],[-70.89572054953668,41.100305621849394]]},"properties":{"kind":"centerline","cls":"lane"}},{"type":"Feature","geometry":{"type":"LineString","coordinates":[[-70.897346972479,41.10209225339592],[-70.89711261438478,41.10193099512313],[-70.89653657087685,41.102149971610885],[-70.8966393877812,41.102559769856626],[-70.89668505243536,41.102578066622435],[-70.897346972479,41.10209225339592]]},"properties":{"kind":"centerline","cls":"lane"}},{"type":"Feature","geometry":{"type":"LineString","coordinates":[[-70.89711261438478,41.10193099512313],[-70.89700568832349,41.10185742091176],[-70.89644045579536,41.101766884879936],[-70.89653657087685,41.102149971610885],[-70.89711261438478,41.10193099512313]]},"properties":{"kind":"centerline","cls":"lane"}},{"type":"Feature","geometry":{"type":"LineString","coordinates":[[-70.89700568832349,41.10185742091176],[-70.89669749749375,41.10164535944635],[-70.89665358954149,41.1018010235444],[-70.89700568832349,41.10185742091176]]},"properties":{"kind":"centerline","cls":"lane"}},{"type":"Feature","geometry":{"type":"LineString","coordinates":[[-70.89697675697305,41.10269494585236],[-70.89813170562574,41.10269494585236],[-70.8981530978307,41.10264693610186],[-70.897346972479,41.10209225339592],[-70.89668505243536,41.102578066622435],[-70.89697675697305,41.10269494585236]]},"properties":{"kind":"centerline","cls":"lane"}},{"type":"Feature","geometry":{"type":"LineString","coordinates":[[-70.89570012776281,41.10269494585236],[-70.89624038423221,41.10269494585236],[-70.89589843424957,41.1025579344402],[-70.89575130145337,41.1025579344402],[-70.89570012776281,41.10269494585236]]},"properties":{"kind":"centerline","cls":"lane"}},{"type":"Feature","geometry":{"type":"LineString","coordinates":[[-70.8966393877812,41.102559769856626],[-70.89656957738164,41.10228152592921],[-70.89596619895785,41.10198257217444],[-70.89586630912669,41.10225001520375],[-70.8966393877812,41.102559769856626]]},"properties":{"kind":"centerline","cls":"lane"}},{"type":"Feature","geometry":{"type":"LineString","coordinates":[[-70.89522219879836,41.10269494585236],[-70.89570012776281,41.10269494585236],[-70.89577045402216,41.10250665573694],[-70.8954564677289,41.102380848725325],[-70.89522219879836,41.10269494585236]]},"properties":{"kind":"centerline","cls":"lane"}},{"type":"Feature","geometry":{"type":"LineString","coordinates":[[-70.89586630912669,41.10225001520375],[-70.89596619895785,41.10198257217444],[-70.89581090833377,41.10190563088301],[-70.89562589585933,41.102153687194],[-70.89586630912669,41.10225001520375]]},"properties":{"kind":"centerline","cls":"lane"}},{"type":"Feature","geometry":{"type":"LineString","coordinates":[[-70.89656957738164,41.10228152592921],[-70.89644045579536,41.101766884879936],[-70.89597053188132,41.10169161489046],[-70.89581090833377,41.10190563088301],[-70.89656957738164,41.10228152592921]]},"properties":{"kind":"centerline","cls":"lane"}},{"type":"Feature","geometry":{"type":"LineString","coordinates":[[-70.89763126121427,41.10099380577374],[-70.89749708231693,41.101379118108206],[-70.89799578487596,41.10142842520649],[-70.89811006830551,41.101199611489164],[-70.89763126121427,41.10099380577374]]},"properties":{"kind":"centerline","cls":"lane"}},{"type":"Feature","geometry":{"type":"LineString","coordinates":[[-70.89827981464336,41.1008597521524],[-70.89803671550847,41.10075436705624],[-70.89773402706061,41.10069870014283],[-70.89763126121427,41.10099380577374],[-70.89811006830551,41.101199611489164],[-70.89827981464336,41.1008597521524]]},"properties":{"kind":"centerline","cls":"lane"}},{"type":"Feature","geometry":{"type":"LineString","coordinates":[[-70.89866649440846,41.10149473876403],[-70.89884102705264,41.10110304147444],[-70.89827981464336,41.1008597521524],[-70.89799578487596,41.10142842520649],[-70.89866649440846,41.10149473876403]]},"properties":{"kind":"centerline","cls":"lane"}},{"type":"Feature","geometry":{"type":"LineString","coordinates":[[-70.89803889945613,41.100755313812115],[-70.89831047797766,41.100873044912305],[-70.89834514662664,41.100811090094304],[-70.89804230005952,41.10075539410145],[-70.89803889945613,41.100755313812115]]},"properties":{"kind":"centerline","cls":"lane"}},{"type":"Feature","geometry":{"type":"LineString","coordinates":[[-70.89884102705264,41.10110304147444],[-70.8989860038722,41.10077767525118],[-70.89871817009332,41.100771351609744],[-70.89841983946624,41.10092045384692],[-70.89884102705264,41.10110304147444]]},"properties":{"kind":"centerline","cls":"lane"}},{"type":"Feature","geometry":{"type":"LineString","coordinates":[[-70.89683294747299,41.10053532728958],[-70.89659464643962,41.10085483047669],[-70.8976223344194,41.10101944023819],[-70.8976718889543,41.10087713787987],[-70.89683294747299,41.10053532728958]]},"properties":{"kind":"centerline","cls":"lane"}},{"type":"Feature","geometry":{"type":"LineString","coordinates":[[-70.89679225234565,41.101309431037144],[-70.89749708231693,41.101379118108206],[-70.8976223344194,41.10101944023819],[-70.89690639594974,41.100904764905735],[-70.89679225234565,41.101309431037144]]},"properties":{"kind":"centerline","cls":"lane"}},{"type":"Feature","geometry":{"type":"LineString","coordinates":[[-70.89683448430368,41.100533266776885],[-70.89683294747299,41.10053532728958],[-70.89723317126847,41.10069839078665],[-70.89724492981513,41.10060875110709],[-70.89683448430368,41.100533266776885]]},"properties":{"kind":"centerline","cls":"lane"}},{"type":"Feature","geometry":{"type":"LineString","coordinates":[[-70.89831585391765,41.10228166851297],[-70.89866649440846,41.10149473876403],[-70.89816856440035,41.101445508048435],[-70.89778109572934,41.10200706173259],[-70.89831585391765,41.10228166851297]]},"properties":{"kind":"centerline","cls":"lane"}},{"type":"Feature","geometry":{"type":"LineString","coordinates":[[-70.89805735217408,41.10160668659024],[-70.8980120366568,41.101430032032326],[-70.89762321431786,41.10139158887431],[-70.89735290802697,41.10178718058085],[-70.89778109572934,41.10200706173259],[-70.89805735217408,41.10160668659024]]},"properties":{"kind":"centerline","cls":"lane"}},{"type":"Feature","geometry":{"type":"LineString","coordinates":[[-70.8981530978307,41.10264693610186],[-70.89828193135003,41.1023577997024],[-70.89811515115004,41.10217860447013],[-70.89735290802697,41.10178718058085],[-70.89720921962503,41.10199746773307],[-70.8981530978307,41.10264693610186]]},"properties":{"kind":"centerline","cls":"lane"}},{"type":"Feature","geometry":{"type":"LineString","coordinates":[[-70.8970228738327,41.10133223275758],[-70.89679225234565,41.101309431037144],[-70.89669749749375,41.10164535944635],[-70.89695818154046,41.1018247322103],[-70.8970228738327,41.10133223275758]]},"properties":{"kind":"centerline","cls":"lane"}},{"type":"Feature","geometry":{"type":"LineString","coordinates":[[-70.89762321431786,41.10139158887431],[-70.8970228738327,41.10133223275758],[-70.89695818154046,41.1018247322103],[-70.89720921962503,41.10199746773307],[-70.89762321431786,41.10139158887431]]},"properties":{"kind":"centerline","cls":"lane"}},{"type":"Feature","geometry":{"type":"LineString","coordinates":[[-70.89487401357182,41.098194186622415],[-70.89487401357182,41.09865232325873],[-70.89502722352638,41.09862174836136],[-70.89508033966432,41.0983250321582],[-70.89499128667187,41.09820726644301],[-70.89487401357182,41.098194186622415]]},"properties":{"kind":"centerline","cls":"lane"}},{"type":"Feature","geometry":{"type":"LineString","coordinates":[[-70.89487401357182,41.09865232325873],[-70.89487401357182,41.09879686643861],[-70.89551108255775,41.098894656418],[-70.89537675378475,41.09871701697448],[-70.89518028048472,41.098591203996236],[-70.89487401357182,41.09865232325873]]},"properties":{"kind":"centerline","cls":"lane"}},{"type":"Feature","geometry":{"type":"LineString","coordinates":[[-70.89487401357182,41.09879686643861],[-70.89487401357182,41.0996516687812],[-70.89522706663878,41.099730538344225],[-70.89565914812496,41.09891738445701],[-70.89487401357182,41.09879686643861]]},"properties":{"kind":"centerline","cls":"lane"}},{"type":"Feature","geometry":{"type":"LineString","coordinates":[[-70.89522706663878,41.099730538344225],[-70.89563121224624,41.099820821620156],[-70.89599993377358,41.09917204219226],[-70.89576416639724,41.09896509920541],[-70.89569927162277,41.098923543407],[-70.89565914812496,41.09891738445701],[-70.89522706663878,41.099730538344225]]},"properties":{"kind":"centerline","cls":"lane"}},{"type":"Feature","geometry":{"type":"LineString","coordinates":[[-70.89650630081029,41.10001631022829],[-70.89725162286358,41.10018280991392],[-70.8973123632504,41.10000080963365],[-70.89706766262996,41.0998096182336],[-70.89650630081029,41.10001631022829]]},"properties":{"kind":"centerline","cls":"lane"}},{"type":"Feature","geometry":{"type":"LineString","coordinates":[[-70.89563121224624,41.099820821620156],[-70.89608083792467,41.0999212648229],[-70.89620590447089,41.099417071150995],[-70.89602975732996,41.09919821958768],[-70.89599993377358,41.09917204219226],[-70.89563121224624,41.099820821620156]]},"properties":{"kind":"centerline","cls":"lane"}},{"type":"Feature","geometry":{"type":"LineString","coordinates":[[-70.89725162286358,41.10018280991392],[-70.8972994028139,41.10019348361755],[-70.8973235322337,41.10000953627092],[-70.8973123632504,41.10000080963365],[-70.89725162286358,41.10018280991392]]},"properties":{"kind":"centerline","cls":"lane"}},{"type":"Feature","geometry":{"type":"LineString","coordinates":[[-70.90171576133861,41.102562178404504],[-70.90213315396475,41.101689720806384],[-70.90136207144432,41.10192011401655],[-70.90148106004268,41.10252458516113],[-70.90171576133861,41.102562178404504]]},"properties":{"kind":"centerline","cls":"lane"}},{"type":"Feature","geometry":{"type":"LineString","coordinates":[[-70.90213315396475,41.101689720806384],[-70.90232546610682,41.101287739125226],[-70.90129086109384,41.10155836001101],[-70.90136207144432,41.10192011401655],[-70.90213315396475,41.101689720806384]]},"properties":{"kind":"centerline","cls":"lane"}},{"type":"Feature","geometry":{"type":"LineString","coordinates":[[-70.90187105163773,41.10097032310759],[-70.90116483447927,41.100918135207934],[-70.90129086109384,41.10155836001101],[-70.90158173811156,41.101482275519636],[-70.90187105163773,41.10097032310759]]},"properties":{"kind":"centerline","cls":"lane"}},{"type":"Feature","geometry":{"type":"LineString","coordinates":[[-70.90232546610682,41.101287739125226],[-70.90245661932445,41.1010135952758],[-70.90187105163773,41.10097032310759],[-70.90158173811156,41.101482275519636],[-70.90232546610682,41.101287739125226]]},"properties":{"kind":"centerline","cls":"lane"}},{"type":"Feature","geometry":{"type":"LineString","coordinates":[[-70.9025446520983,41.10269494585236],[-70.90299092529865,41.10269494585236],[-70.90325335347671,41.10200394652581],[-70.90313348835235,41.101983444068814],[-70.90234882810553,41.10234450226727],[-70.90249041465255,41.102686258377965],[-70.9025446520983,41.10269494585236]]},"properties":{"kind":"centerline","cls":"lane"}},{"type":"Feature","geometry":{"type":"LineString","coordinates":[[-70.90291376862149,41.102084547202956],[-70.90285193048314,41.10193528470522],[-70.90212799254967,41.10181145797556],[-70.90234882810553,41.10234450226727],[-70.90291376862149,41.102084547202956]]},"properties":{"kind":"centerline","cls":"lane"}},{"type":"Feature","geometry":{"type":"LineString","coordinates":[[-70.90249041465255,41.102686258377965],[-70.90219920563572,41.101983349358136],[-70.90211835186517,41.10180980897448],[-70.90207892857364,41.101803065775876],[-70.90171576133861,41.102562178404504],[-70.90249041465255,41.102686258377965]]},"properties":{"kind":"centerline","cls":"lane"}},{"type":"Feature","geometry":{"type":"LineString","coordinates":[[-70.90343419340817,41.10152777711528],[-70.90359745229557,41.10109790033114],[-70.90301642962153,41.101054964029395],[-70.90283704500166,41.10115142139375],[-70.90282038771976,41.1015157377186],[-70.90343419340817,41.10152777711528]]},"properties":{"kind":"centerline","cls":"lane"}},{"type":"Feature","geometry":{"type":"LineString","coordinates":[[-70.90284204443347,41.101042077346335],[-70.90245661932445,41.1010135952758],[-70.90222200430331,41.10150400081969],[-70.90269760130019,41.101513329343376],[-70.90282483161019,41.10141854408054],[-70.90284204443347,41.101042077346335]]},"properties":{"kind":"centerline","cls":"lane"}},{"type":"Feature","geometry":{"type":"LineString","coordinates":[[-70.90325335347671,41.10200394652581],[-70.90343419340817,41.10152777711528],[-70.90222200430331,41.10150400081969],[-70.90207892857364,41.101803065775876],[-70.90325335347671,41.10200394652581]]},"properties":{"kind":"centerline","cls":"lane"}},{"type":"Feature","geometry":{"type":"LineString","coordinates":[[-70.90490536699305,41.101772135616464],[-70.904344123869,41.10198183989714],[-70.90437690716918,41.102124028158144],[-70.90509569523246,41.1022285968308],[-70.90490536699305,41.101772135616464]]},"properties":{"kind":"centerline","cls":"lane"}},{"type":"Feature","geometry":{"type":"LineString","coordinates":[[-70.90528643469386,41.1022563454445],[-70.9053644044016,41.102074129144114],[-70.9053644044016,41.10160061973424],[-70.90490536699305,41.101772135616464],[-70.90509569523246,41.1022285968308],[-70.90528643469386,41.1022563454445]]},"properties":{"kind":"centerline","cls":"lane"}},{"type":"Feature","geometry":{"type":"LineString","coordinates":[[-70.90450853945742,41.10269494585236],[-70.9053644044016,41.10269494585236],[-70.9053644044016,41.10226768841089],[-70.90437690716918,41.102124028158144],[-70.90450853945742,41.10269494585236]]},"properties":{"kind":"centerline","cls":"lane"}},{"type":"Feature","geometry":{"type":"LineString","coordinates":[[-70.90483934778791,41.10118967368522],[-70.90414973018414,41.10113871245626],[-70.904344123869,41.10198183989714],[-70.90476564772501,41.101824340672245],[-70.90483934778791,41.10118967368522]]},"properties":{"kind":"centerline","cls":"lane"}},{"type":"Feature","geometry":{"type":"LineString","coordinates":[[-70.9053644044016,41.10160061973424],[-70.9053644044016,41.101228474217805],[-70.90483934778791,41.10118967368522],[-70.90476564772501,41.101824340672245],[-70.9053644044016,41.10160061973424]]},"properties":{"kind":"centerline","cls":"lane"}},{"type":"Feature","geometry":{"type":"LineString","coordinates":[[-70.90374546810062,41.10269494585236],[-70.90450853945742,41.10269494585236],[-70.90437853489651,41.1021310879635],[-70.9037054439846,41.10228848451475],[-70.90374546810062,41.10269494585236]]},"properties":{"kind":"centerline","cls":"lane"}},{"type":"Feature","geometry":{"type":"LineString","coordinates":[[-70.90437853489651,41.1021310879635],[-70.90432945251125,41.10191820704651],[-70.90366082300145,41.10183534010331],[-70.9037054439846,41.10228848451475],[-70.90437853489651,41.1021310879635]]},"properties":{"kind":"centerline","cls":"lane"}},{"type":"Feature","geometry":{"type":"LineString","coordinates":[[-70.90299092529865,41.10269494585236],[-70.90374546810062,41.10269494585236],[-70.90366082300145,41.10183534010331],[-70.90333282523562,41.101794689531],[-70.90299092529865,41.10269494585236]]},"properties":{"kind":"centerline","cls":"lane"}},{"type":"Feature","geometry":{"type":"LineString","coordinates":[[-70.90424083638293,41.101533859738346],[-70.90414973018414,41.10113871245626],[-70.90359745229557,41.10109790033114],[-70.90345970987954,41.10146058972455],[-70.90424083638293,41.101533859738346]]},"properties":{"kind":"centerline","cls":"lane"}},{"type":"Feature","geometry":{"type":"LineString","coordinates":[[-70.90432945251125,41.10191820704651],[-70.90424083638293,41.101533859738346],[-70.90345970987954,41.10146058972455],[-70.90333282523562,41.101794689531],[-70.90432945251125,41.10191820704651]]},"properties":{"kind":"centerline","cls":"lane"}},{"type":"Feature","geometry":{"type":"LineString","coordinates":[[-70.90105727474743,41.100371723575904],[-70.90116483447927,41.100918135207934],[-70.90163394861399,41.10095280171397],[-70.90167015746748,41.10038664805356],[-70.90130221424825,41.10034859441429],[-70.90105727474743,41.100371723575904]]},"properties":{"kind":"centerline","cls":"lane"}},{"type":"Feature","geometry":{"type":"LineString","coordinates":[[-70.90166942392622,41.10039811754319],[-70.90164629289423,41.10075978926621],[-70.90259782422103,41.10056471644122],[-70.90249395875772,41.10023606029354],[-70.90191280487157,41.100290937526935],[-70.90166942392622,41.10039811754319]]},"properties":{"kind":"centerline","cls":"lane"}},{"type":"Feature","geometry":{"type":"LineString","coordinates":[[-70.90164629289423,41.10075978926621],[-70.90163394861399,41.10095280171397],[-70.9027464525149,41.10103501331313],[-70.90259782422103,41.10056471644122],[-70.90164629289423,41.10075978926621]]},"properties":{"kind":"centerline","cls":"lane"}},{"type":"Feature","geometry":{"type":"LineString","coordinates":[[-70.90299809618475,41.10048849520483],[-70.90322125862835,41.10041241858907],[-70.9033173974115,41.10003211975238],[-70.90245393938898,41.10010942906173],[-70.9025158612901,41.10030536535112],[-70.90299809618475,41.10048849520483]]},"properties":{"kind":"centerline","cls":"lane"}},{"type":"Feature","geometry":{"type":"LineString","coordinates":[[-70.9027464525149,41.10103501331313],[-70.90295977118926,41.10105077709547],[-70.90309782382408,41.10090069304959],[-70.90318416398419,41.10055915489634],[-70.9025158612901,41.10030536535112],[-70.9027464525149,41.10103501331313]]},"properties":{"kind":"centerline","cls":"lane"}},{"type":"Feature","geometry":{"type":"LineString","coordinates":[[-70.90236506954602,41.10011738598147],[-70.90258255053725,41.10009791392285],[-70.9026147790249,41.099981802392904],[-70.90252500774477,41.10002133583809],[-70.90236506954602,41.10011738598147]]},"properties":{"kind":"centerline","cls":"lane"}},{"type":"Feature","geometry":{"type":"LineString","coordinates":[[-70.90261023973359,41.099998156373445],[-70.90258255053725,41.10009791392285],[-70.9033173974115,41.10003211975238],[-70.90341187430597,41.09965839489448],[-70.9031385963474,41.09965284804894],[-70.90294307044495,41.0997702702227],[-70.90277546089725,41.09987981171527],[-70.90261023973359,41.099998156373445]]},"properties":{"kind":"centerline","cls":"lane"}},{"type":"Feature","geometry":{"type":"LineString","coordinates":[[-70.9053644044016,41.101228474217805],[-70.9053644044016,41.10095826809202],[-70.90463696169495,41.100752845034705],[-70.90460629303601,41.10117245145002],[-70.9053644044016,41.101228474217805]]},"properties":{"kind":"centerline","cls":"lane"}},{"type":"Feature","geometry":{"type":"LineString","coordinates":[[-70.9053644044016,41.10095826809202],[-70.9053644044016,41.10059771523864],[-70.90466808005324,41.10032708586476],[-70.90463696169495,41.100752845034705],[-70.9053644044016,41.10095826809202]]},"properties":{"kind":"centerline","cls":"lane"}},{"type":"Feature","geometry":{"type":"LineString","coordinates":[[-70.90466808005324,41.10032708586476],[-70.9045123981154,41.10026657942769],[-70.90402170530436,41.10112925169833],[-70.90460629303601,41.10117245145002],[-70.90466808005324,41.10032708586476]]},"properties":{"kind":"centerline","cls":"lane"}},{"type":"Feature","geometry":{"type":"LineString","coordinates":[[-70.9031604542497,41.10065294414718],[-70.90305804696713,41.10105803945999],[-70.90402170530436,41.10112925169833],[-70.90431873629188,41.1006070504541],[-70.9031604542497,41.10065294414718]]},"properties":{"kind":"centerline","cls":"lane"}},{"type":"Feature","geometry":{"type":"LineString","coordinates":[[-70.9045123981154,41.10026657942769],[-70.9033703352895,41.09982271192796],[-70.90319779931218,41.10050521725328],[-70.90336655250076,41.100644778079214],[-70.90431873629188,41.1006070504541],[-70.9045123981154,41.10026657942769]]},"properties":{"kind":"centerline","cls":"lane"}},{"type":"Feature","geometry":{"type":"LineString","coordinates":[[-70.9053644044016,41.100011248902156],[-70.9053644044016,41.09936421137654],[-70.90533020281586,41.0993603967711],[-70.90481961213449,41.099766151633595],[-70.90482991353439,41.09996218605527],[-70.9053644044016,41.100011248902156]]},"properties":{"kind":"centerline","cls":"lane"}},{"type":"Feature","geometry":{"type":"LineString","coordinates":[[-70.9053644044016,41.10059771523864],[-70.9053644044016,41.100011248902156],[-70.90459953858222,41.099941039106476],[-70.90429581320224,41.10018240279423],[-70.9053644044016,41.10059771523864]]},"properties":{"kind":"centerline","cls":"lane"}},{"type":"Feature","geometry":{"type":"LineString","coordinates":[[-70.9042882570011,41.099244185429164],[-70.90353774651037,41.09916047874305],[-70.9033703352895,41.09982271192796],[-70.90410370618117,41.10010773959604],[-70.9042882570011,41.099244185429164]]},"properties":{"kind":"centerline","cls":"lane"}},{"type":"Feature","geometry":{"type":"LineString","coordinates":[[-70.90533020281586,41.0993603967711],[-70.9042882570011,41.099244185429164],[-70.90410370618117,41.10010773959604],[-70.90429581320224,41.10018240279423],[-70.90533020281586,41.0993603967711]]},"properties":{"kind":"centerline","cls":"lane"}},{"type":"Feature","geometry":{"type":"LineString","coordinates":[[-70.9005875224334,41.102381462914245],[-70.90065959729756,41.102165736482846],[-70.89988785617594,41.10226939398083],[-70.9005875224334,41.102381462914245]]},"properties":{"kind":"centerline","cls":"lane"}},{"type":"Feature","geometry":{"type":"LineString","coordinates":[[-70.9001052021067,41.101706584015254],[-70.89968440145577,41.10167422787648],[-70.89980355826786,41.10225589157659],[-70.89988785617594,41.10226939398083],[-70.9001064239651,41.102240036739744],[-70.9001052021067,41.101706584015254]]},"properties":{"kind":"centerline","cls":"lane"}},{"type":"Feature","geometry":{"type":"LineString","coordinates":[[-70.90065959729756,41.102165736482846],[-70.90079527374517,41.10175964489728],[-70.9001052021067,41.101706584015254],[-70.9001064239651,41.102240036739744],[-70.90065959729756,41.102165736482846]]},"properties":{"kind":"centerline","cls":"lane"}},{"type":"Feature","geometry":{"type":"LineString","coordinates":[[-70.90148106004268,41.10252458516113],[-70.90144193596083,41.10232583184472],[-70.90065392820654,41.102182704572776],[-70.9005875224334,41.102381462914245],[-70.90148106004268,41.10252458516113]]},"properties":{"kind":"centerline","cls":"lane"}},{"type":"Feature","geometry":{"type":"LineString","coordinates":[[-70.90144193596083,41.10232583184472],[-70.9013550380271,41.101884383721234],[-70.901252744921,41.1017948207004],[-70.90079527374517,41.10175964489728],[-70.90065392820654,41.102182704572776],[-70.90144193596083,41.10232583184472]]},"properties":{"kind":"centerline","cls":"lane"}},{"type":"Feature","geometry":{"type":"LineString","coordinates":[[-70.90009468293911,41.10090234564068],[-70.89948718403893,41.10071151151651],[-70.89964530821605,41.101483394318024],[-70.90009468293911,41.10090234564068]]},"properties":{"kind":"centerline","cls":"lane"}},{"type":"Feature","geometry":{"type":"LineString","coordinates":[[-70.90071333752229,41.10109668410863],[-70.90009468293911,41.10090234564068],[-70.89964530821605,41.101483394318024],[-70.89968440145577,41.10167422787648],[-70.90018739581626,41.10171290404129],[-70.90071333752229,41.10109668410863]]},"properties":{"kind":"centerline","cls":"lane"}},{"type":"Feature","geometry":{"type":"LineString","coordinates":[[-70.90133870892356,41.10180143063123],[-70.90123205682083,41.101259629824256],[-70.90071333752229,41.10109668410863],[-70.90018739581626,41.10171290404129],[-70.90133870892356,41.10180143063123]]},"properties":{"kind":"centerline","cls":"lane"}},{"type":"Feature","geometry":{"type":"LineString","coordinates":[[-70.89980355826786,41.10225589157659],[-70.8997756272956,41.10211954660064],[-70.89943785311019,41.10219731481013],[-70.89980355826786,41.10225589157659]]},"properties":{"kind":"centerline","cls":"lane"}},{"type":"Feature","geometry":{"type":"LineString","coordinates":[[-70.89925004417647,41.10269494585236],[-70.89937704719117,41.10269494585236],[-70.89947019779747,41.102364704874006],[-70.89948963779388,41.102205609413744],[-70.89943785311019,41.10219731481013],[-70.89913815139415,41.10226631731785],[-70.89925004417647,41.10269494585236]]},"properties":{"kind":"centerline","cls":"lane"}},{"type":"Feature","geometry":{"type":"LineString","coordinates":[[-70.8997756272956,41.10211954660064],[-70.89971438522119,41.101820593557356],[-70.89898070058291,41.10166316929449],[-70.89913815139415,41.10226631731785],[-70.8997756272956,41.10211954660064]]},"properties":{"kind":"centerline","cls":"lane"}},{"type":"Feature","geometry":{"type":"LineString","coordinates":[[-70.89868032337708,41.10269494585236],[-70.89925004417647,41.10269494585236],[-70.89910744745254,41.10214869949457],[-70.89858016873741,41.102126088475615],[-70.89868032337708,41.10269494585236]]},"properties":{"kind":"centerline","cls":"lane"}},{"type":"Feature","geometry":{"type":"LineString","coordinates":[[-70.89813170562574,41.10269494585236],[-70.89868032337708,41.10269494585236],[-70.89858016873741,41.102126088475615],[-70.89838883329644,41.10211788353739],[-70.89813170562574,41.10269494585236]]},"properties":{"kind":"centerline","cls":"lane"}},{"type":"Feature","geometry":{"type":"LineString","coordinates":[[-70.89910744745254,41.10214869949457],[-70.89898070058291,41.10166316929449],[-70.89862541294157,41.101586936411685],[-70.89838883329644,41.10211788353739],[-70.89910744745254,41.10214869949457]]},"properties":{"kind":"centerline","cls":"lane"}},{"type":"Feature","geometry":{"type":"LineString","coordinates":[[-70.89959483690923,41.10123701875156],[-70.89955951253852,41.10106458291836],[-70.89892129936388,41.10092288923479],[-70.89878097332078,41.101237817888965],[-70.89959483690923,41.10123701875156]]},"properties":{"kind":"centerline","cls":"lane"}},{"type":"Feature","geometry":{"type":"LineString","coordinates":[[-70.89955951253852,41.10106458291836],[-70.89948718403893,41.10071151151651],[-70.89908849063903,41.10058626963416],[-70.89906636265437,41.10059732894794],[-70.89892129936388,41.10092288923479],[-70.89955951253852,41.10106458291836]]},"properties":{"kind":"centerline","cls":"lane"}},{"type":"Feature","geometry":{"type":"LineString","coordinates":[[-70.89971438522119,41.101820593557356],[-70.89959483690923,41.10123701875156],[-70.89878097332078,41.101237817888965],[-70.89862541294157,41.101586936411685],[-70.89971438522119,41.101820593557356]]},"properties":{"kind":"centerline","cls":"lane"}},{"type":"Feature","geometry":{"type":"LineString","coordinates":[[-70.90113384569774,41.100760709836926],[-70.90104753699147,41.10032225503378],[-70.9009177156338,41.10030882857324],[-70.90080114051281,41.100311428481064],[-70.9002616969771,41.1009377088436],[-70.90113384569774,41.100760709836926]]},"properties":{"kind":"centerline","cls":"lane"}},{"type":"Feature","geometry":{"type":"LineString","coordinates":[[-70.90123205682083,41.101259629824256],[-70.90113384569774,41.100760709836926],[-70.9002616969771,41.1009377088436],[-70.90025010387325,41.10095116814527],[-70.90123205682083,41.101259629824256]]},"properties":{"kind":"centerline","cls":"lane"}},{"type":"Feature","geometry":{"type":"LineString","coordinates":[[-70.89908849063903,41.10058626963416],[-70.89921294808481,41.100625365552936],[-70.90001032757358,41.1004081073035],[-70.90000997419239,41.100403323828075],[-70.89986547903807,41.10041289043328],[-70.89941649441433,41.100462745314495],[-70.89924253484863,41.10050928009909],[-70.89908849063903,41.10058626963416]]},"properties":{"kind":"centerline","cls":"lane"}},{"type":"Feature","geometry":{"type":"LineString","coordinates":[[-70.89921294808481,41.100625365552936],[-70.90004570297658,41.10088695952516],[-70.90001032757358,41.1004081073035],[-70.89921294808481,41.100625365552936]]},"properties":{"kind":"centerline","cls":"lane"}},{"type":"Feature","geometry":{"type":"LineString","coordinates":[[-70.90028911759107,41.10036431692936],[-70.90057929181383,41.100568989234745],[-70.90080114051281,41.100311428481064],[-70.90060254199561,41.10031585770949],[-70.90028911759107,41.10036431692936]]},"properties":{"kind":"centerline","cls":"lane"}},{"type":"Feature","geometry":{"type":"LineString","coordinates":[[-70.90001027746364,41.10040742899992],[-70.90004570297658,41.10088695952516],[-70.90025010387325,41.10095116814527],[-70.90057929181383,41.100568989234745],[-70.90029099542456,41.10036564144573],[-70.90025393455615,41.1003697566539],[-70.90001027746364,41.10040742899992]]},"properties":{"kind":"centerline","cls":"lane"}},{"type":"Feature","geometry":{"type":"LineString","coordinates":[[-70.90323188842709,41.09906619387624],[-70.9032995431721,41.09877280067633],[-70.90321137177351,41.09873500375507],[-70.90311826006517,41.098882058109005],[-70.90323188842709,41.09906619387624]]},"properties":{"kind":"centerline","cls":"lane"}},{"type":"Feature","geometry":{"type":"LineString","coordinates":[[-70.9032995431721,41.09877280067633],[-70.90336375432976,41.09849434102036],[-70.90328752498431,41.09861473250868],[-70.90326289250302,41.09865426387174],[-70.90321328370197,41.09873582335202],[-70.9032995431721,41.09877280067633]]},"properties":{"kind":"centerline","cls":"lane"}},{"type":"Feature","geometry":{"type":"LineString","coordinates":[[-70.9053644044016,41.0975244440435],[-70.9053644044016,41.097352959708054],[-70.90529766827554,41.09732767602951],[-70.90518633323663,41.09733217198212],[-70.90502767199943,41.09745056745216],[-70.9053644044016,41.0975244440435]]},"properties":{"kind":"centerline","cls":"lane"}},{"type":"Feature","geometry":{"type":"LineString","coordinates":[[-70.9053644044016,41.09826344245348],[-70.9053644044016,41.09779472846795],[-70.90455897480643,41.09797832101824],[-70.90455124951956,41.09827900541457],[-70.9053644044016,41.09826344245348]]},"properties":{"kind":"centerline","cls":"lane"}},{"type":"Feature","geometry":{"type":"LineString","coordinates":[[-70.9053644044016,41.09779472846795],[-70.9053644044016,41.0975244440435],[-70.90504317595382,41.09745396890475],[-70.90494475969724,41.09751243789488],[-70.90456363755271,41.097796837135924],[-70.90455897480643,41.09797832101824],[-70.9053644044016,41.09779472846795]]},"properties":{"kind":"centerline","cls":"lane"}},{"type":"Feature","geometry":{"type":"LineString","coordinates":[[-70.90407946820488,41.098288034831235],[-70.90455124951956,41.09827900541457],[-70.90456127971767,41.09788860903017],[-70.90394479919055,41.097851995649975],[-70.90407946820488,41.098288034831235]]},"properties":{"kind":"centerline","cls":"lane"}},{"type":"Feature","geometry":{"type":"LineString","coordinates":[[-70.90456127971767,41.09788860903017],[-70.90456422963506,41.097773792047064],[-70.90451515950447,41.097767662898384],[-70.90433427375397,41.09787512692443],[-70.90456127971767,41.09788860903017]]},"properties":{"kind":"centerline","cls":"lane"}},{"type":"Feature","geometry":{"type":"LineString","coordinates":[[-70.90347631383965,41.09829957859507],[-70.90407946820488,41.098288034831235],[-70.90393218651565,41.09781115759626],[-70.90388197549555,41.09768857448173],[-70.90383133350254,41.09768224899816],[-70.90355088628341,41.098168827180054],[-70.90347631383965,41.09829957859507]]},"properties":{"kind":"centerline","cls":"lane"}},{"type":"Feature","geometry":{"type":"LineString","coordinates":[[-70.9053644044016,41.09891107949724],[-70.9053644044016,41.09826344245348],[-70.90441230337407,41.09828166470311],[-70.90421203782846,41.09881126437519],[-70.9053644044016,41.09891107949724]]},"properties":{"kind":"centerline","cls":"lane"}},{"type":"Feature","geometry":{"type":"LineString","coordinates":[[-70.90475300139416,41.09916001552242],[-70.90489234810119,41.09931156152147],[-70.9053644044016,41.09936421137654],[-70.9053644044016,41.09891107949724],[-70.90491169300758,41.098871866763986],[-70.90475300139416,41.09916001552242]]},"properties":{"kind":"centerline","cls":"lane"}},{"type":"Feature","geometry":{"type":"LineString","coordinates":[[-70.90405804037191,41.099218508678],[-70.90448322140354,41.09926593039374],[-70.90475557953813,41.09915533418502],[-70.90491169300758,41.098871866763986],[-70.90421203782846,41.09881126437519],[-70.90405804037191,41.099218508678]]},"properties":{"kind":"centerline","cls":"lane"}},{"type":"Feature","geometry":{"type":"LineString","coordinates":[[-70.90416505400414,41.09893551249728],[-70.90433443751706,41.09848757996533],[-70.90411827195749,41.0982872921667],[-70.9034786581888,41.0982995337266],[-70.90341939594889,41.098396963968526],[-70.90336407658903,41.09849294350304],[-70.90335210088286,41.09854487763944],[-70.90416505400414,41.09893551249728]]},"properties":{"kind":"centerline","cls":"lane"}},{"type":"Feature","geometry":{"type":"LineString","coordinates":[[-70.90327176421236,41.09913081293956],[-70.90405804037191,41.099218508678],[-70.90416505400414,41.09893551249728],[-70.90335210088286,41.09854487763944],[-70.90323188842709,41.09906619387624],[-70.90327176421236,41.09913081293956]]},"properties":{"kind":"centerline","cls":"lane"}},{"type":"Feature","geometry":{"type":"LineString","coordinates":[[-70.89487401357182,41.09791610279928],[-70.89487401357182,41.098194186622415],[-70.89509926539908,41.09821930963433],[-70.8951369083332,41.09800902950255],[-70.89506724460364,41.09791525659418],[-70.89487401357182,41.09791610279928]]},"properties":{"kind":"centerline","cls":"lane"}},{"type":"Feature","geometry":{"type":"LineString","coordinates":[[-70.90292283764806,41.10269494585236],[-70.90278452320794,41.10271737529262],[-70.90278991904505,41.102734231447215],[-70.90466127350287,41.10303397535494],[-70.90511784043798,41.10295673293862],[-70.9053644044016,41.102866111454595],[-70.9053644044016,41.10269494585236],[-70.90292283764806,41.10269494585236]]},"properties":{"kind":"centerline","cls":"grid"}},{"type":"Feature","geometry":{"type":"LineString","coordinates":[[-70.90286153167276,41.102957943449184],[-70.90297708054052,41.10331890867786],[-70.90466127350287,41.10303397535494],[-70.90291881044986,41.102754876607825],[-70.90286153167276,41.102957943449184]]},"properties":{"kind":"centerline","cls":"grid"}},{"type":"Feature","geometry":{"type":"LineString","coordinates":[[-70.90511784043798,41.10295673293862],[-70.90297708054052,41.10331890867786],[-70.90307741965549,41.10370666393685],[-70.90511784043798,41.10295673293862]]},"properties":{"kind":"centerline","cls":"grid"}},{"type":"Feature","geometry":{"type":"LineString","coordinates":[[-70.90502529024144,41.10299074859945],[-70.90307741965549,41.10370666393685],[-70.90315561443246,41.1040088435605],[-70.9053644044016,41.10365471798538],[-70.9053644044016,41.103514691479006],[-70.90502529024144,41.10299074859945]]},"properties":{"kind":"centerline","cls":"grid"}},{"type":"Feature","geometry":{"type":"LineString","coordinates":[[-70.9053644044016,41.10365471798538],[-70.90315561443246,41.1040088435605],[-70.90334187078072,41.10471609624176],[-70.9053644044016,41.104398579546626],[-70.9053644044016,41.10365471798538]]},"properties":{"kind":"centerline","cls":"grid"}},{"type":"Feature","geometry":{"type":"LineString","coordinates":[[-70.9053644044016,41.104398579546626],[-70.90523311329116,41.10441919088235],[-70.904720437361,41.105145779109094],[-70.9053644044016,41.10504266248701],[-70.9053644044016,41.104398579546626]]},"properties":{"kind":"centerline","cls":"grid"}},{"type":"Feature","geometry":{"type":"LineString","coordinates":[[-70.90523311329116,41.10441919088235],[-70.90334187078072,41.10471609624176],[-70.90352185462551,41.10531741439354],[-70.9035580355079,41.10533191123238],[-70.904720437361,41.105145779109094],[-70.90523311329116,41.10441919088235]]},"properties":{"kind":"centerline","cls":"grid"}},{"type":"Feature","geometry":{"type":"LineString","coordinates":[[-70.90362188957288,41.10565254351863],[-70.90373410052365,41.10602852696103],[-70.90432161936965,41.105932908988606],[-70.90362188957288,41.10565254351863]]},"properties":{"kind":"centerline","cls":"grid"}},{"type":"Feature","geometry":{"type":"LineString","coordinates":[[-70.9053644044016,41.10504266248701],[-70.904720437361,41.105145779109094],[-70.9041995534818,41.10588400002379],[-70.90432161936965,41.105932908988606],[-70.9053644044016,41.10576319700217],[-70.9053644044016,41.10504266248701]]},"properties":{"kind":"centerline","cls":"grid"}},{"type":"Feature","geometry":{"type":"LineString","coordinates":[[-70.904720437361,41.105145779109094],[-70.9035580355079,41.10533191123238],[-70.90436185264673,41.10565398208164],[-70.904720437361,41.105145779109094]]},"properties":{"kind":"centerline","cls":"grid"}},{"type":"Feature","geometry":{"type":"LineString","coordinates":[[-70.90413263251186,41.10596366636819],[-70.90373410052365,41.10602852696103],[-70.90373916832486,41.106047432774666],[-70.90389840512819,41.106025135243236],[-70.90413263251186,41.10596366636819]]},"properties":{"kind":"centerline","cls":"grid"}},{"type":"Feature","geometry":{"type":"LineString","coordinates":[[-70.902750333002,41.10335216909382],[-70.90297708054052,41.10331890867786],[-70.90286153167276,41.102957943449184],[-70.902750333002,41.10335216909382]]},"properties":{"kind":"centerline","cls":"grid"}},{"type":"Feature","geometry":{"type":"LineString","coordinates":[[-70.90297708054052,41.10331890867786],[-70.902750333002,41.10335216909382],[-70.90253639324447,41.104110636243334],[-70.90315561443246,41.1040088435605],[-70.90297708054052,41.10331890867786]]},"properties":{"kind":"centerline","cls":"grid"}},{"type":"Feature","geometry":{"type":"LineString","coordinates":[[-70.90117813358259,41.10467338727878],[-70.90128738123357,41.10507585068569],[-70.90191034206597,41.10496676620377],[-70.90117813358259,41.10467338727878]]},"properties":{"kind":"centerline","cls":"grid"}},{"type":"Feature","geometry":{"type":"LineString","coordinates":[[-70.9024227700447,41.10487703674139],[-70.90318224825032,41.10474404718205],[-70.90136398904679,41.10445280779838],[-70.9024227700447,41.10487703674139]]},"properties":{"kind":"centerline","cls":"grid"}},{"type":"Feature","geometry":{"type":"LineString","coordinates":[[-70.90315561443246,41.1040088435605],[-70.90253639324447,41.104110636243334],[-70.90239336967977,41.10461768868034],[-70.90318224825032,41.10474404718205],[-70.90334187078072,41.10471609624176],[-70.90315561443246,41.1040088435605]]},"properties":{"kind":"centerline","cls":"grid"}},{"type":"Feature","geometry":{"type":"LineString","coordinates":[[-70.90191034206597,41.10496676620377],[-70.90128738123357,41.10507585068569],[-70.90145075263368,41.10569723355714],[-70.90304351284313,41.10542080140274],[-70.90191034206597,41.10496676620377]]},"properties":{"kind":"centerline","cls":"grid"}},{"type":"Feature","geometry":{"type":"LineString","coordinates":[[-70.90334187078072,41.10471609624176],[-70.9024227700447,41.10487703674139],[-70.90352185462551,41.10531741439354],[-70.90334187078072,41.10471609624176]]},"properties":{"kind":"centerline","cls":"grid"}},{"type":"Feature","geometry":{"type":"LineString","coordinates":[[-70.90304351284313,41.10542080140274],[-70.90145075263368,41.10569723355714],[-70.90160403048732,41.10624197909831],[-70.90202922037605,41.106290029685354],[-70.90373410052365,41.10602852696103],[-70.90362188957288,41.10565254351863],[-70.90304351284313,41.10542080140274]]},"properties":{"kind":"centerline","cls":"grid"}},{"type":"Feature","geometry":{"type":"LineString","coordinates":[[-70.9036791444432,41.10603695638921],[-70.90203214637654,41.10628958088131],[-70.90204842602226,41.106292200109905],[-70.90263021931182,41.10635794840225],[-70.90335015266086,41.10616901450228],[-70.9036791444432,41.10603695638921]]},"properties":{"kind":"centerline","cls":"grid"}},{"type":"Feature","geometry":{"type":"LineString","coordinates":[[-70.89803915739564,41.10269494585236],[-70.89809635516689,41.10288747310958],[-70.89936999355227,41.10269494585236],[-70.89803915739564,41.10269494585236]]},"properties":{"kind":"centerline","cls":"grid"}},{"type":"Feature","geometry":{"type":"LineString","coordinates":[[-70.89936999355227,41.10269494585236],[-70.89809635516689,41.10288747310958],[-70.89817584007893,41.10317539058984],[-70.89862979090223,41.1033572781363],[-70.89921630889243,41.10326480122032],[-70.89937704719117,41.10269494585236],[-70.89936999355227,41.10269494585236]]},"properties":{"kind":"centerline","cls":"grid"}},{"type":"Feature","geometry":{"type":"LineString","coordinates":[[-70.8982662094779,41.10350664695429],[-70.89840236274947,41.10402267919332],[-70.89903085545285,41.10392227762074],[-70.89905854353682,41.10382411680027],[-70.8982662094779,41.10350664695429]]},"properties":{"kind":"centerline","cls":"grid"}},{"type":"Feature","geometry":{"type":"LineString","coordinates":[[-70.89921630889243,41.10326480122032],[-70.89862979090223,41.1033572781363],[-70.8991333164442,41.10355902912057],[-70.89921630889243,41.10326480122032]]},"properties":{"kind":"centerline","cls":"grid"}},{"type":"Feature","geometry":{"type":"LineString","coordinates":[[-70.89903085545285,41.10392227762074],[-70.89840236274947,41.10402267919332],[-70.89861398178046,41.104752241609425],[-70.89880556234783,41.104720995078075],[-70.89903085545285,41.10392227762074]]},"properties":{"kind":"centerline","cls":"grid"}},{"type":"Feature","geometry":{"type":"LineString","coordinates":[[-70.89898853333737,41.104072319551484],[-70.89880556234783,41.104720995078075],[-70.90057619998787,41.104432206474485],[-70.9001371903295,41.10425630550562],[-70.89898853333737,41.104072319551484]]},"properties":{"kind":"centerline","cls":"grid"}},{"type":"Feature","geometry":{"type":"LineString","coordinates":[[-70.89880556234783,41.104720995078075],[-70.89861398178046,41.104752241609425],[-70.89870625736758,41.10507305477082],[-70.89880556234783,41.104720995078075]]},"properties":{"kind":"centerline","cls":"grid"}},{"type":"Feature","geometry":{"type":"LineString","coordinates":[[-70.90057619998787,41.104432206474485],[-70.89880556234783,41.104720995078075],[-70.89870625736758,41.10507305477082],[-70.89881585393044,41.105454087510964],[-70.90128738123357,41.10507585068569],[-70.90117813358259,41.10467338727878],[-70.90057619998787,41.104432206474485]]},"properties":{"kind":"centerline","cls":"grid"}},{"type":"Feature","geometry":{"type":"LineString","coordinates":[[-70.90128738123357,41.10507585068569],[-70.89881585393044,41.105454087510964],[-70.89897914506896,41.106099661815186],[-70.90145075263368,41.10569723355714],[-70.90128738123357,41.10507585068569]]},"properties":{"kind":"centerline","cls":"grid"}},{"type":"Feature","geometry":{"type":"LineString","coordinates":[[-70.90145075263368,41.10569723355714],[-70.89953862073072,41.10600856773569],[-70.90072258605474,41.106142367316465],[-70.90152888285296,41.10597490634271],[-70.90145075263368,41.10569723355714]]},"properties":{"kind":"centerline","cls":"grid"}},{"type":"Feature","geometry":{"type":"LineString","coordinates":[[-70.89550896769413,41.10269494585236],[-70.89566816665115,41.103262110327954],[-70.897103285901,41.10304069049983],[-70.89624038423221,41.10269494585236],[-70.89550896769413,41.10269494585236]]},"properties":{"kind":"centerline","cls":"grid"}},{"type":"Feature","geometry":{"type":"LineString","coordinates":[[-70.89763493791109,41.10295866366011],[-70.89809635516689,41.10288747310958],[-70.89803915739564,41.10269494585236],[-70.89697675697305,41.10269494585236],[-70.89763493791109,41.10295866366011]]},"properties":{"kind":"centerline","cls":"grid"}},{"type":"Feature","geometry":{"type":"LineString","coordinates":[[-70.897103285901,41.10304069049983],[-70.89566816665115,41.103262110327954],[-70.89582199641211,41.10381384488443],[-70.89810279782066,41.103441171700425],[-70.897103285901,41.10304069049983]]},"properties":{"kind":"centerline","cls":"grid"}},{"type":"Feature","geometry":{"type":"LineString","coordinates":[[-70.89809635516689,41.10288747310958],[-70.89763493791109,41.10295866366011],[-70.89817584007893,41.10317539058984],[-70.89809635516689,41.10288747310958]]},"properties":{"kind":"centerline","cls":"grid"}},{"type":"Feature","geometry":{"type":"LineString","coordinates":[[-70.89810279782066,41.103441171700425],[-70.89582199641211,41.10381384488443],[-70.89600457671872,41.10439871170642],[-70.89840236274947,41.10402267919332],[-70.8982662094779,41.10350664695429],[-70.89810279782066,41.103441171700425]]},"properties":{"kind":"centerline","cls":"grid"}},{"type":"Feature","geometry":{"type":"LineString","coordinates":[[-70.89840236274947,41.10402267919332],[-70.89600457671872,41.10439871170642],[-70.89618107636157,41.105117258574104],[-70.89861398178046,41.104752241609425],[-70.89840236274947,41.10402267919332]]},"properties":{"kind":"centerline","cls":"grid"}},{"type":"Feature","geometry":{"type":"LineString","coordinates":[[-70.89861398178046,41.104752241609425],[-70.89618107636157,41.105117258574104],[-70.89639561821956,41.10581807586922],[-70.89881585393044,41.105454087510964],[-70.89861398178046,41.104752241609425]]},"properties":{"kind":"centerline","cls":"grid"}},{"type":"Feature","geometry":{"type":"LineString","coordinates":[[-70.89881585393044,41.105454087510964],[-70.89639561821956,41.10581807586922],[-70.89649475634774,41.1061629619511],[-70.89726122565773,41.10628822341267],[-70.89760770842776,41.10630342152791],[-70.89897914506896,41.106099661815186],[-70.89881585393044,41.105454087510964]]},"properties":{"kind":"centerline","cls":"grid"}},{"type":"Feature","geometry":{"type":"LineString","coordinates":[[-70.89897914506896,41.106099661815186],[-70.89758130568926,41.10630734428617],[-70.89783494817465,41.10638198492414],[-70.89878175118203,41.10653671770597],[-70.89909558685976,41.10647495179504],[-70.89897914506896,41.106099661815186]]},"properties":{"kind":"centerline","cls":"grid"}},{"type":"Feature","geometry":{"type":"LineString","coordinates":[[-70.89487401357182,41.10269494585236],[-70.89487401357182,41.10338866555185],[-70.89566816665115,41.103262110327954],[-70.89550896769413,41.10269494585236],[-70.89487401357182,41.10269494585236]]},"properties":{"kind":"centerline","cls":"grid"}},{"type":"Feature","geometry":{"type":"LineString","coordinates":[[-70.89566816665115,41.103262110327954],[-70.89487401357182,41.10338866555185],[-70.89487401357182,41.10396290911958],[-70.89582199641211,41.10381384488443],[-70.89566816665115,41.103262110327954]]},"properties":{"kind":"centerline","cls":"grid"}},{"type":"Feature","geometry":{"type":"LineString","coordinates":[[-70.89582199641211,41.10381384488443],[-70.89487401357182,41.10396290911958],[-70.89487401357182,41.10457742962803],[-70.89600457671872,41.10439871170642],[-70.89582199641211,41.10381384488443]]},"properties":{"kind":"centerline","cls":"grid"}},{"type":"Feature","geometry":{"type":"LineString","coordinates":[[-70.89600457671872,41.10439871170642],[-70.89487401357182,41.10457742962803],[-70.89487401357182,41.10531400995767],[-70.89618107636157,41.105117258574104],[-70.89600457671872,41.10439871170642]]},"properties":{"kind":"centerline","cls":"grid"}},{"type":"Feature","geometry":{"type":"LineString","coordinates":[[-70.89618107636157,41.105117258574104],[-70.89487401357182,41.10531400995767],[-70.89487401357182,41.10569519524607],[-70.8952819393991,41.10581701867255],[-70.89579070240467,41.10591742900545],[-70.89639561821956,41.10581807586922],[-70.89618107636157,41.105117258574104]]},"properties":{"kind":"centerline","cls":"grid"}},{"type":"Feature","geometry":{"type":"LineString","coordinates":[[-70.89639561821956,41.10581807586922],[-70.89570701362075,41.10593117429519],[-70.89581846455003,41.10597724714527],[-70.8964998672591,41.1061807420144],[-70.89639561821956,41.10581807586922]]},"properties":{"kind":"centerline","cls":"grid"}},{"type":"Feature","geometry":{"type":"LineString","coordinates":[[-70.909960296082,41.10089620097822],[-70.90978367641283,41.101167722949945],[-70.91008700961999,41.10127881438744],[-70.91007306964535,41.10105096513748],[-70.909960296082,41.10089620097822]]},"properties":{"kind":"centerline","cls":"grid"}},{"type":"Feature","geometry":{"type":"LineString","coordinates":[[-70.91029446117369,41.10135479054425],[-70.90978367641283,41.101167722949945],[-70.90944460385592,41.10163391899141],[-70.91011375524799,41.10187645825922],[-70.91015307207935,41.10183762200722],[-70.91037185504695,41.10161278684519],[-70.91038382108582,41.10147742311223],[-70.91029446117369,41.10135479054425]]},"properties":{"kind":"centerline","cls":"grid"}},{"type":"Feature","geometry":{"type":"LineString","coordinates":[[-70.91011488335202,41.101876867149535],[-70.90944460385592,41.10163391899141],[-70.90912613287696,41.102105568359704],[-70.90969067108028,41.1023125997984],[-70.90989514435786,41.1021026847847],[-70.91011488335202,41.101876867149535]]},"properties":{"kind":"centerline","cls":"grid"}},{"type":"Feature","geometry":{"type":"LineString","coordinates":[[-70.90964856616452,41.1022971587862],[-70.90912613287696,41.102105568359704],[-70.90885426909577,41.102527418770585],[-70.90931835612685,41.10269482333135],[-70.90960609024364,41.10239943162156],[-70.90964856616452,41.1022971587862]]},"properties":{"kind":"centerline","cls":"grid"}},{"type":"Feature","geometry":{"type":"LineString","coordinates":[[-70.90944857084861,41.10274179412958],[-70.90885426909577,41.102527418770585],[-70.90858539960071,41.10292383454529],[-70.90928328018371,41.10317668846341],[-70.90944968791128,41.10277601462813],[-70.90944857084861,41.10274179412958]]},"properties":{"kind":"centerline","cls":"grid"}},{"type":"Feature","geometry":{"type":"LineString","coordinates":[[-70.90944428886262,41.103235024626215],[-70.90858539960071,41.10292383454529],[-70.90827416815101,41.10336099709969],[-70.90930302785415,41.10370701501784],[-70.90931634189496,41.10369240348996],[-70.90941372193377,41.10342322648915],[-70.90944428886262,41.103235024626215]]},"properties":{"kind":"centerline","cls":"grid"}},{"type":"Feature","geometry":{"type":"LineString","coordinates":[[-70.90930302785415,41.10370701501784],[-70.90827416815101,41.10336099709969],[-70.90800747864448,41.10379801331083],[-70.90881138606981,41.10409523353921],[-70.90911830238113,41.10390974245688],[-70.90930302785415,41.10370701501784]]},"properties":{"kind":"centerline","cls":"grid"}},{"type":"Feature","geometry":{"type":"LineString","coordinates":[[-70.90854259355571,41.10399585571297],[-70.90800747864448,41.10379801331083],[-70.90763574158393,41.10434704442282],[-70.9077353121759,41.10438226741329],[-70.90791766943633,41.104346319875035],[-70.90854259355571,41.10399585571297]]},"properties":{"kind":"centerline","cls":"grid"}},{"type":"Feature","geometry":{"type":"LineString","coordinates":[[-70.90780782835473,41.10440791993404],[-70.90763574158393,41.10434704442282],[-70.90748403584692,41.10458950625215],[-70.90780782835473,41.10440791993404]]},"properties":{"kind":"centerline","cls":"grid"}},{"type":"Feature","geometry":{"type":"LineString","coordinates":[[-70.90987056349168,41.09859867410618],[-70.90963170895512,41.09895501820077],[-70.91019430414424,41.09917087334125],[-70.91010585583614,41.09893775482754],[-70.90994455044175,41.098668553678166],[-70.90987056349168,41.09859867410618]]},"properties":{"kind":"centerline","cls":"grid"}},{"type":"Feature","geometry":{"type":"LineString","coordinates":[[-70.91019430414424,41.09917087334125],[-70.90963170895512,41.09895501820077],[-70.90933224406172,41.09935931680584],[-70.9102413675622,41.09970623076202],[-70.91026407522178,41.0995134842524],[-70.91021461665167,41.09922440993954],[-70.91019430414424,41.09917087334125]]},"properties":{"kind":"centerline","cls":"grid"}},{"type":"Feature","geometry":{"type":"LineString","coordinates":[[-70.91017339341826,41.099680292394815],[-70.90933224406172,41.09935931680584],[-70.90907275098077,41.09977609980605],[-70.91008029373369,41.10015122491914],[-70.91010068345102,41.10010233024316],[-70.91017339341826,41.099680292394815]]},"properties":{"kind":"centerline","cls":"grid"}},{"type":"Feature","geometry":{"type":"LineString","coordinates":[[-70.91001657141142,41.10012750002679],[-70.90907275098077,41.09977609980605],[-70.90877741313247,41.10023502923631],[-70.91000004671369,41.10068646627978],[-70.91003747715568,41.10046920496339],[-70.91001657141142,41.10012750002679]]},"properties":{"kind":"centerline","cls":"grid"}},{"type":"Feature","geometry":{"type":"LineString","coordinates":[[-70.91005194165736,41.10070562762157],[-70.90877741313247,41.10023502923631],[-70.9084619306414,41.10070159517027],[-70.90978367641283,41.101167722949945],[-70.91005472005311,41.10075104057263],[-70.91005194165736,41.10070562762157]]},"properties":{"kind":"centerline","cls":"grid"}},{"type":"Feature","geometry":{"type":"LineString","coordinates":[[-70.90978367641283,41.101167722949945],[-70.9084619306414,41.10070159517027],[-70.90815134147911,41.10114160305481],[-70.90944460385592,41.10163391899141],[-70.90978367641283,41.101167722949945]]},"properties":{"kind":"centerline","cls":"grid"}},{"type":"Feature","geometry":{"type":"LineString","coordinates":[[-70.90944460385592,41.10163391899141],[-70.90815134147911,41.10114160305481],[-70.90783761962325,41.101636938164305],[-70.90912613287696,41.102105568359704],[-70.90944460385592,41.10163391899141]]},"properties":{"kind":"centerline","cls":"grid"}},{"type":"Feature","geometry":{"type":"LineString","coordinates":[[-70.90912613287696,41.102105568359704],[-70.90783761962325,41.101636938164305],[-70.90753249960324,41.102064357150375],[-70.90885426909577,41.102527418770585],[-70.90912613287696,41.102105568359704]]},"properties":{"kind":"centerline","cls":"grid"}},{"type":"Feature","geometry":{"type":"LineString","coordinates":[[-70.90885426909577,41.102527418770585],[-70.90753249960324,41.102064357150375],[-70.90726840550757,41.102438632901766],[-70.90858539960071,41.10292383454529],[-70.90885426909577,41.102527418770585]]},"properties":{"kind":"centerline","cls":"grid"}},{"type":"Feature","geometry":{"type":"LineString","coordinates":[[-70.90858539960071,41.10292383454529],[-70.90848731921099,41.102887700164324],[-70.90773043851378,41.10316588214604],[-70.90827416815101,41.10336099709969],[-70.90858539960071,41.10292383454529]]},"properties":{"kind":"centerline","cls":"grid"}},{"type":"Feature","geometry":{"type":"LineString","coordinates":[[-70.90848731921099,41.102887700164324],[-70.90726840550757,41.102438632901766],[-70.90704887730043,41.10279753628349],[-70.90715322047636,41.10295875002944],[-70.90773043851378,41.10316588214604],[-70.90848731921099,41.102887700164324]]},"properties":{"kind":"centerline","cls":"grid"}},{"type":"Feature","geometry":{"type":"LineString","coordinates":[[-70.90827416815101,41.10336099709969],[-70.90773043851378,41.10316588214604],[-70.90696643178109,41.10344668321247],[-70.90800747864448,41.10379801331083],[-70.90827416815101,41.10336099709969]]},"properties":{"kind":"centerline","cls":"grid"}},{"type":"Feature","geometry":{"type":"LineString","coordinates":[[-70.90773043851378,41.10316588214604],[-70.90715322047636,41.10295875002944],[-70.90737244437558,41.10329745838939],[-70.90773043851378,41.10316588214604]]},"properties":{"kind":"centerline","cls":"grid"}},{"type":"Feature","geometry":{"type":"LineString","coordinates":[[-70.90800747864448,41.10379801331083],[-70.90696643178109,41.10344668321247],[-70.90651122617585,41.103613988308],[-70.90633857531287,41.10387908265439],[-70.90763574158393,41.10434704442282],[-70.90800747864448,41.10379801331083]]},"properties":{"kind":"centerline","cls":"grid"}},{"type":"Feature","geometry":{"type":"LineString","coordinates":[[-70.90763574158393,41.10434704442282],[-70.90633857531287,41.10387908265439],[-70.90605113608896,41.10432855471816],[-70.90720210856207,41.104747614103296],[-70.90745294133482,41.1046069443887],[-70.90754460321327,41.1044927052034],[-70.90763574158393,41.10434704442282]]},"properties":{"kind":"centerline","cls":"grid"}},{"type":"Feature","geometry":{"type":"LineString","coordinates":[[-70.90730888055607,41.104786488887186],[-70.90605113608896,41.10432855471816],[-70.90575031807542,41.104790143656025],[-70.90689495127394,41.10521774050499],[-70.90690782441506,41.105208206185246],[-70.90718084733874,41.10494605806344],[-70.90730888055607,41.104786488887186]]},"properties":{"kind":"centerline","cls":"grid"}},{"type":"Feature","geometry":{"type":"LineString","coordinates":[[-70.90689495127394,41.10521774050499],[-70.90575031807542,41.104790143656025],[-70.90542715425146,41.10527356017957],[-70.90627949353464,41.10558893901125],[-70.90659806524177,41.10543762517301],[-70.90689495127394,41.10521774050499]]},"properties":{"kind":"centerline","cls":"grid"}},{"type":"Feature","geometry":{"type":"LineString","coordinates":[[-70.90627949353464,41.10558893901125],[-70.90542715425146,41.10527356017957],[-70.9053644044016,41.105375982277884],[-70.9053644044016,41.10581951431568],[-70.90581528585227,41.10572524301357],[-70.90624405274791,41.105605772525806],[-70.90627949353464,41.10558893901125]]},"properties":{"kind":"centerline","cls":"grid"}},{"type":"Feature","geometry":{"type":"LineString","coordinates":[[-70.90854851961474,41.09779021461604],[-70.90842542952548,41.09798558045671],[-70.9093325556898,41.09834599061981],[-70.90877605753018,41.09791955386106],[-70.90854851961474,41.09779021461604]]},"properties":{"kind":"centerline","cls":"grid"}},{"type":"Feature","geometry":{"type":"LineString","coordinates":[[-70.9097994204972,41.09853148060786],[-70.90842542952548,41.09798558045671],[-70.90814526113036,41.09841594239069],[-70.90963170895512,41.09895501820077],[-70.90987056349168,41.09859867410618],[-70.9097994204972,41.09853148060786]]},"properties":{"kind":"centerline","cls":"grid"}},{"type":"Feature","geometry":{"type":"LineString","coordinates":[[-70.90963170895512,41.09895501820077],[-70.90814526113036,41.09841594239069],[-70.90787148233593,41.098824528218785],[-70.90933224406172,41.09935931680584],[-70.90963170895512,41.09895501820077]]},"properties":{"kind":"centerline","cls":"grid"}},{"type":"Feature","geometry":{"type":"LineString","coordinates":[[-70.90933224406172,41.09935931680584],[-70.90787148233593,41.098824528218785],[-70.90758767163567,41.099209825595665],[-70.90907275098077,41.09977609980605],[-70.90933224406172,41.09935931680584]]},"properties":{"kind":"centerline","cls":"grid"}},{"type":"Feature","geometry":{"type":"LineString","coordinates":[[-70.90907275098077,41.09977609980605],[-70.90758767163567,41.099209825595665],[-70.90726931269961,41.09969035688606],[-70.90877741313247,41.10023502923631],[-70.90907275098077,41.09977609980605]]},"properties":{"kind":"centerline","cls":"grid"}},{"type":"Feature","geometry":{"type":"LineString","coordinates":[[-70.90877741313247,41.10023502923631],[-70.90726931269961,41.09969035688606],[-70.90699425019449,41.10012041397213],[-70.9084619306414,41.10070159517027],[-70.90877741313247,41.10023502923631]]},"properties":{"kind":"centerline","cls":"grid"}},{"type":"Feature","geometry":{"type":"LineString","coordinates":[[-70.9084619306414,41.10070159517027],[-70.90699425019449,41.10012041397213],[-70.90668458847155,41.100599841014805],[-70.90815134147911,41.10114160305481],[-70.9084619306414,41.10070159517027]]},"properties":{"kind":"centerline","cls":"grid"}},{"type":"Feature","geometry":{"type":"LineString","coordinates":[[-70.90815134147911,41.10114160305481],[-70.90668458847155,41.100599841014805],[-70.90636781614896,41.10108906113745],[-70.90783761962325,41.101636938164305],[-70.90815134147911,41.10114160305481]]},"properties":{"kind":"centerline","cls":"grid"}},{"type":"Feature","geometry":{"type":"LineString","coordinates":[[-70.90783761962325,41.101636938164305],[-70.90636781614896,41.10108906113745],[-70.90608342394779,41.10152264852842],[-70.90753249960324,41.102064357150375],[-70.90783761962325,41.101636938164305]]},"properties":{"kind":"centerline","cls":"grid"}},{"type":"Feature","geometry":{"type":"LineString","coordinates":[[-70.90753249960324,41.102064357150375],[-70.90608342394779,41.10152264852842],[-70.90581748729616,41.101916633412046],[-70.90726840550757,41.102438632901766],[-70.90753249960324,41.102064357150375]]},"properties":{"kind":"centerline","cls":"grid"}},{"type":"Feature","geometry":{"type":"LineString","coordinates":[[-70.90689399378367,41.102303930113365],[-70.90581748729616,41.101916633412046],[-70.90552322214386,41.10233233866598],[-70.90615311477588,41.102576230875364],[-70.90689399378367,41.102303930113365]]},"properties":{"kind":"centerline","cls":"grid"}},{"type":"Feature","geometry":{"type":"LineString","coordinates":[[-70.90726840550757,41.102438632901766],[-70.90689399378367,41.102303930113365],[-70.90676102834715,41.102352799887385],[-70.90704887730043,41.10279753628349],[-70.90726840550757,41.102438632901766]]},"properties":{"kind":"centerline","cls":"grid"}},{"type":"Feature","geometry":{"type":"LineString","coordinates":[[-70.90615311477588,41.102576230875364],[-70.90552322214386,41.10233233866598],[-70.9053644044016,41.10257906888635],[-70.9053644044016,41.10284781236935],[-70.90538882975447,41.10285713422331],[-70.90615311477588,41.102576230875364]]},"properties":{"kind":"centerline","cls":"grid"}},{"type":"Feature","geometry":{"type":"LineString","coordinates":[[-70.9060720706338,41.10377539440465],[-70.90633857531287,41.10387908265439],[-70.90651122617585,41.103613988308],[-70.9060720706338,41.10377539440465]]},"properties":{"kind":"centerline","cls":"grid"}},{"type":"Feature","geometry":{"type":"LineString","coordinates":[[-70.9053644044016,41.103514691479006],[-70.9053644044016,41.104074304817146],[-70.90584075128942,41.104250663577496],[-70.9053644044016,41.103514691479006]]},"properties":{"kind":"centerline","cls":"grid"}},{"type":"Feature","geometry":{"type":"LineString","coordinates":[[-70.90633857531287,41.10387908265439],[-70.9060720706338,41.10377539440465],[-70.90563670626987,41.10393540710146],[-70.90584075128942,41.104250663577496],[-70.90605113608896,41.10432855471816],[-70.90633857531287,41.10387908265439]]},"properties":{"kind":"centerline","cls":"grid"}},{"type":"Feature","geometry":{"type":"LineString","coordinates":[[-70.90605113608896,41.10432855471816],[-70.9053644044016,41.104074304817146],[-70.9053644044016,41.10465640814022],[-70.90575031807542,41.104790143656025],[-70.90605113608896,41.10432855471816]]},"properties":{"kind":"centerline","cls":"grid"}},{"type":"Feature","geometry":{"type":"LineString","coordinates":[[-70.90575031807542,41.104790143656025],[-70.9053644044016,41.10465640814022],[-70.9053644044016,41.10525107379157],[-70.90542715425146,41.10527356017957],[-70.90575031807542,41.104790143656025]]},"properties":{"kind":"centerline","cls":"grid"}},{"type":"Feature","geometry":{"type":"LineString","coordinates":[[-70.90744037935819,41.09762385001513],[-70.90842542952548,41.09798558045671],[-70.90854402243887,41.09779735243315],[-70.90833807336398,41.0975839327184],[-70.90822789919848,41.097499507795845],[-70.90759116297365,41.0975529676572],[-70.90744037935819,41.09762385001513]]},"properties":{"kind":"centerline","cls":"grid"}},{"type":"Feature","geometry":{"type":"LineString","coordinates":[[-70.90842542952548,41.09798558045671],[-70.90744568908468,41.09762579985461],[-70.90688619462311,41.09761215623296],[-70.90642410863953,41.097650952600524],[-70.90636484552608,41.09774940246771],[-70.90814526113036,41.09841594239069],[-70.90842542952548,41.09798558045671]]},"properties":{"kind":"centerline","cls":"grid"}},{"type":"Feature","geometry":{"type":"LineString","coordinates":[[-70.90814526113036,41.09841594239069],[-70.90636484552608,41.09774940246771],[-70.90608587259965,41.098144507563724],[-70.90787148233593,41.098824528218785],[-70.90814526113036,41.09841594239069]]},"properties":{"kind":"centerline","cls":"grid"}},{"type":"Feature","geometry":{"type":"LineString","coordinates":[[-70.90787148233593,41.098824528218785],[-70.90608587259965,41.098144507563724],[-70.90581356822089,41.09855702603014],[-70.90758767163567,41.099209825595665],[-70.90787148233593,41.098824528218785]]},"properties":{"kind":"centerline","cls":"grid"}},{"type":"Feature","geometry":{"type":"LineString","coordinates":[[-70.90758767163567,41.099209825595665],[-70.90581356822089,41.09855702603014],[-70.90551446708916,41.0990290292364],[-70.90726931269961,41.09969035688606],[-70.90758767163567,41.099209825595665]]},"properties":{"kind":"centerline","cls":"grid"}},{"type":"Feature","geometry":{"type":"LineString","coordinates":[[-70.90726931269961,41.09969035688606],[-70.90551446708916,41.0990290292364],[-70.9053644044016,41.09925969893709],[-70.9053644044016,41.09953522210297],[-70.90699425019449,41.10012041397213],[-70.90726931269961,41.09969035688606]]},"properties":{"kind":"centerline","cls":"grid"}},{"type":"Feature","geometry":{"type":"LineString","coordinates":[[-70.90699425019449,41.10012041397213],[-70.9053644044016,41.09953522210297],[-70.9053644044016,41.100110419872294],[-70.90668458847155,41.100599841014805],[-70.90699425019449,41.10012041397213]]},"properties":{"kind":"centerline","cls":"grid"}},{"type":"Feature","geometry":{"type":"LineString","coordinates":[[-70.90668458847155,41.100599841014805],[-70.9053644044016,41.100110419872294],[-70.9053644044016,41.100714672001885],[-70.90636781614896,41.10108906113745],[-70.90668458847155,41.100599841014805]]},"properties":{"kind":"centerline","cls":"grid"}},{"type":"Feature","geometry":{"type":"LineString","coordinates":[[-70.90636781614896,41.10108906113745],[-70.9053644044016,41.100714672001885],[-70.9053644044016,41.10124706839597],[-70.90608342394779,41.10152264852842],[-70.90636781614896,41.10108906113745]]},"properties":{"kind":"centerline","cls":"grid"}},{"type":"Feature","geometry":{"type":"LineString","coordinates":[[-70.90608342394779,41.10152264852842],[-70.9053644044016,41.10124706839597],[-70.9053644044016,41.1017417587444],[-70.90581748729616,41.101916633412046],[-70.90608342394779,41.10152264852842]]},"properties":{"kind":"centerline","cls":"grid"}},{"type":"Feature","geometry":{"type":"LineString","coordinates":[[-70.90581748729616,41.101916633412046],[-70.9053644044016,41.1017417587444],[-70.9053644044016,41.10227405000771],[-70.90552322214386,41.10233233866598],[-70.90581748729616,41.101916633412046]]},"properties":{"kind":"centerline","cls":"grid"}},{"type":"Feature","geometry":{"type":"LineString","coordinates":[[-70.90552322214386,41.10233233866598],[-70.9053644044016,41.10227405000771],[-70.9053644044016,41.10257906888635],[-70.90552322214386,41.10233233866598]]},"properties":{"kind":"centerline","cls":"grid"}},{"type":"Feature","geometry":{"type":"LineString","coordinates":[[-70.90592754138693,41.09758877887546],[-70.90636484552608,41.09774940246771],[-70.90637338199004,41.09773522140814],[-70.90599092765873,41.09759032458926],[-70.90592754138693,41.09758877887546]]},"properties":{"kind":"centerline","cls":"grid"}},{"type":"Feature","geometry":{"type":"LineString","coordinates":[[-70.90636484552608,41.09774940246771],[-70.9053644044016,41.09738193636607],[-70.9053644044016,41.09787463396767],[-70.90608587259965,41.098144507563724],[-70.90636484552608,41.09774940246771]]},"properties":{"kind":"centerline","cls":"grid"}},{"type":"Feature","geometry":{"type":"LineString","coordinates":[[-70.90608587259965,41.098144507563724],[-70.9053644044016,41.09787463396767],[-70.9053644044016,41.098389440574934],[-70.90581356822089,41.09855702603014],[-70.90608587259965,41.098144507563724]]},"properties":{"kind":"centerline","cls":"grid"}},{"type":"Feature","geometry":{"type":"LineString","coordinates":[[-70.90581356822089,41.09855702603014],[-70.9053644044016,41.098389440574934],[-70.9053644044016,41.09897263294308],[-70.90551446708916,41.0990290292364],[-70.90581356822089,41.09855702603014]]},"properties":{"kind":"centerline","cls":"grid"}},{"type":"Feature","geometry":{"type":"LineString","coordinates":[[-70.90551446708916,41.0990290292364],[-70.9053644044016,41.09897263294308],[-70.9053644044016,41.09925969893709],[-70.90551446708916,41.0990290292364]]},"properties":{"kind":"centerline","cls":"grid"}},{"type":"Feature","geometry":{"type":"LineString","coordinates":[[-70.8917765792708,41.09871362764347],[-70.89211683451342,41.099005887285934],[-70.8937350180032,41.097964044693946],[-70.89296042446423,41.097675675865915],[-70.89263480658238,41.09765052610105],[-70.89233822276569,41.09788503806933],[-70.8917765792708,41.09871362764347]]},"properties":{"kind":"centerline","cls":"grid"}},{"type":"Feature","geometry":{"type":"LineString","coordinates":[[-70.89380219072416,41.09792079656902],[-70.89211683451342,41.099005887285934],[-70.89288189284659,41.09969029701758],[-70.89487401357182,41.09838211544206],[-70.89487401357182,41.09802296341238],[-70.89450947500339,41.09791769920125],[-70.89380219072416,41.09792079656902]]},"properties":{"kind":"centerline","cls":"grid"}},{"type":"Feature","geometry":{"type":"LineString","coordinates":[[-70.89487401357182,41.09838211544206],[-70.89288189284659,41.09969029701758],[-70.89370673337349,41.1004191221694],[-70.89487401357182,41.09965792040733],[-70.89487401357182,41.09838211544206]]},"properties":{"kind":"centerline","cls":"grid"}},{"type":"Feature","geometry":{"type":"LineString","coordinates":[[-70.89487401357182,41.09965792040733],[-70.89370673337349,41.1004191221694],[-70.89442120009039,41.10106042157425],[-70.89487401357182,41.10076943133169],[-70.89487401357182,41.09965792040733]]},"properties":{"kind":"centerline","cls":"grid"}},{"type":"Feature","geometry":{"type":"LineString","coordinates":[[-70.89487401357182,41.10076943133169],[-70.89442120009039,41.10106042157425],[-70.89487401357182,41.10149014428604],[-70.89487401357182,41.10076943133169]]},"properties":{"kind":"centerline","cls":"grid"}},{"type":"Feature","geometry":{"type":"LineString","coordinates":[[-70.89042682699605,41.10010944244139],[-70.89211683451342,41.099005887285934],[-70.89170298903913,41.098650417875916],[-70.89147507004483,41.09876137805643],[-70.89043725592813,41.10004551453261],[-70.89043130053636,41.100080760581186],[-70.89042682699605,41.10010944244139]]},"properties":{"kind":"centerline","cls":"grid"}},{"type":"Feature","geometry":{"type":"LineString","coordinates":[[-70.89211683451342,41.099005887285934],[-70.89043081411498,41.10010683889933],[-70.89037380470552,41.10042104060403],[-70.89031542424084,41.1007665561929],[-70.89031547148643,41.10077371931546],[-70.89066392901121,41.101082274434006],[-70.89288189284659,41.09969029701758],[-70.89211683451342,41.099005887285934]]},"properties":{"kind":"centerline","cls":"grid"}},{"type":"Feature","geometry":{"type":"LineString","coordinates":[[-70.89288189284659,41.09969029701758],[-70.89066392901121,41.101082274434006],[-70.89147796104227,41.10184552100542],[-70.89370673337349,41.1004191221694],[-70.89288189284659,41.09969029701758]]},"properties":{"kind":"centerline","cls":"grid"}},{"type":"Feature","geometry":{"type":"LineString","coordinates":[[-70.89370673337349,41.1004191221694],[-70.89147796104227,41.10184552100542],[-70.89219136534211,41.10248821420933],[-70.89442120009039,41.10106042157425],[-70.89370673337349,41.1004191221694]]},"properties":{"kind":"centerline","cls":"grid"}},{"type":"Feature","geometry":{"type":"LineString","coordinates":[[-70.8935512402519,41.10161746834697],[-70.89219136534211,41.10248821420933],[-70.89294888272735,41.103195867100844],[-70.89470216559712,41.102078617388806],[-70.8935512402519,41.10161746834697]]},"properties":{"kind":"centerline","cls":"grid"}},{"type":"Feature","geometry":{"type":"LineString","coordinates":[[-70.89442120009039,41.10106042157425],[-70.89383466992476,41.101435984584654],[-70.89487401357182,41.101852425432845],[-70.89487401357182,41.10149014428604],[-70.89442120009039,41.10106042157425]]},"properties":{"kind":"centerline","cls":"grid"}},{"type":"Feature","geometry":{"type":"LineString","coordinates":[[-70.89383466992476,41.101435984584654],[-70.8935512402519,41.10161746834697],[-70.89468447545966,41.10207152936179],[-70.89484677462458,41.10184151141964],[-70.89383466992476,41.101435984584654]]},"properties":{"kind":"centerline","cls":"grid"}},{"type":"Feature","geometry":{"type":"LineString","coordinates":[[-70.89470216559712,41.102078617388806],[-70.89294888272735,41.103195867100844],[-70.89361411626902,41.10383365622232],[-70.89487401357182,41.1030350782592],[-70.89487401357182,41.10214747287904],[-70.89470216559712,41.102078617388806]]},"properties":{"kind":"centerline","cls":"grid"}},{"type":"Feature","geometry":{"type":"LineString","coordinates":[[-70.89487401357182,41.1030350782592],[-70.89361411626902,41.10383365622232],[-70.89432258600361,41.10446745871856],[-70.89487401357182,41.104107063701605],[-70.89487401357182,41.1030350782592]]},"properties":{"kind":"centerline","cls":"grid"}},{"type":"Feature","geometry":{"type":"LineString","coordinates":[[-70.89487401357182,41.104107063701605],[-70.89432258600361,41.10446745871856],[-70.89487401357182,41.10498917982684],[-70.89487401357182,41.104107063701605]]},"properties":{"kind":"centerline","cls":"grid"}},{"type":"Feature","geometry":{"type":"LineString","coordinates":[[-70.8903583554336,41.101273573668664],[-70.89066392901121,41.101082274434006],[-70.89031547148643,41.10077371931546],[-70.89031728433893,41.101048574183054],[-70.8903583554336,41.101273573668664]]},"properties":{"kind":"centerline","cls":"grid"}},{"type":"Feature","geometry":{"type":"LineString","coordinates":[[-70.89066392901121,41.101082274434006],[-70.8903583554336,41.101273573668664],[-70.89036253311993,41.101296460257906],[-70.89081550906054,41.10178805888972],[-70.89115267276561,41.102046048493406],[-70.89147796104227,41.10184552100542],[-70.89066392901121,41.101082274434006]]},"properties":{"kind":"centerline","cls":"grid"}},{"type":"Feature","geometry":{"type":"LineString","coordinates":[[-70.89147796104227,41.10184552100542],[-70.89113941038397,41.10205422423249],[-70.89123481800011,41.10224311992613],[-70.89172509460883,41.1027751996426],[-70.89219136534211,41.10248821420933],[-70.89147796104227,41.10184552100542]]},"properties":{"kind":"centerline","cls":"grid"}},{"type":"Feature","geometry":{"type":"LineString","coordinates":[[-70.89219136534211,41.10248821420933],[-70.89185855096812,41.10269305845646],[-70.89176409201565,41.103291019311115],[-70.89200561823348,41.103769212397694],[-70.89294888272735,41.103195867100844],[-70.89219136534211,41.10248821420933]]},"properties":{"kind":"centerline","cls":"grid"}},{"type":"Feature","geometry":{"type":"LineString","coordinates":[[-70.89294888272735,41.103195867100844],[-70.89197688128668,41.10378667960165],[-70.89239443195628,41.10427973732207],[-70.89267051892725,41.10442837077791],[-70.89361411626902,41.10383365622232],[-70.89294888272735,41.103195867100844]]},"properties":{"kind":"centerline","cls":"grid"}},{"type":"Feature","geometry":{"type":"LineString","coordinates":[[-70.89361411626902,41.10383365622232],[-70.89257257867953,41.104490098898914],[-70.89282908553103,41.104792990721826],[-70.8931240243124,41.10506395166578],[-70.89323858987201,41.10514702772923],[-70.89432258600361,41.10446745871856],[-70.89361411626902,41.10383365622232]]},"properties":{"kind":"centerline","cls":"grid"}},{"type":"Feature","geometry":{"type":"LineString","coordinates":[[-70.89432258600361,41.10446745871856],[-70.89323858987201,41.10514702772923],[-70.8934534569225,41.10530283641013],[-70.8938200087341,41.105475583517475],[-70.8942591885189,41.10559664613989],[-70.89446776368766,41.10564575853675],[-70.89487401357182,41.1053930727576],[-70.89487401357182,41.10498917982684],[-70.89432258600361,41.10446745871856]]},"properties":{"kind":"centerline","cls":"grid"}},{"type":"Feature","geometry":{"type":"LineString","coordinates":[[-70.89487401357182,41.1053930727576],[-70.89446776368766,41.10564575853675],[-70.8947452385102,41.10571109447145],[-70.89487401357182,41.105736509736836],[-70.89487401357182,41.1053930727576]]},"properties":{"kind":"centerline","cls":"grid"}},{"type":"Feature","geometry":{"type":"LineString","coordinates":[[-70.89493361806517,41.102222225263844],[-70.89493361806517,41.10265003008816],[-70.89511515566748,41.10265003008816],[-70.89523588326672,41.102584925922244],[-70.89537461398697,41.1023989220823],[-70.89493361806517,41.102222225263844]]},"properties":{"kind":"street","cls":"lane"}},{"type":"Feature","geometry":{"type":"LineString","coordinates":[[-70.89493361806517,41.10137835233456],[-70.89493361806517,41.101825437318965],[-70.8951934582699,41.1019295492511],[-70.89538234473618,41.10145191752324],[-70.89493361806517,41.10137835233456]]},"properties":{"kind":"street","cls":"lane"}},{"type":"Feature","geometry":{"type":"LineString","coordinates":[[-70.89541573833489,41.102018611708026],[-70.89567362070294,41.10199802747696],[-70.89587886092734,41.101722850718836],[-70.89551013842251,41.101663790649276],[-70.8954106316919,41.102016565594845],[-70.89541573833489,41.102018611708026]]},"properties":{"kind":"street","cls":"lane"}},{"type":"Feature","geometry":{"type":"LineString","coordinates":[[-70.89508115887013,41.10076960692922],[-70.89500793973147,41.10078271205445],[-70.89493361806517,41.1008597948155],[-70.89493361806517,41.10128641949587],[-70.89499739566965,41.1012968753297],[-70.89533439907648,41.1007880610388],[-70.89508115887013,41.10076960692922]]},"properties":{"kind":"street","cls":"lane"}},{"type":"Feature","geometry":{"type":"LineString","coordinates":[[-70.8950983520082,41.10038340056604],[-70.89493361806517,41.100441132170815],[-70.89493361806517,41.10066860476117],[-70.89539142256292,41.1007019658711],[-70.89554235013843,41.10047409248539],[-70.8950983520082,41.10038340056604]]},"properties":{"kind":"street","cls":"lane"}},{"type":"Feature","geometry":{"type":"LineString","coordinates":[[-70.89493361806517,41.09971183185417],[-70.89493361806517,41.10025667849899],[-70.8951715102561,41.100305270819376],[-70.89542435215955,41.09982145838686],[-70.89493361806517,41.09971183185417]]},"properties":{"kind":"street","cls":"lane"}},{"type":"Feature","geometry":{"type":"LineString","coordinates":[[-70.89528727283093,41.10032891670746],[-70.89559664930651,41.1003921105465],[-70.89590368738372,41.099928538492414],[-70.89553907834355,41.099847087406545],[-70.89528727283093,41.10032891670746]]},"properties":{"kind":"street","cls":"lane"}},{"type":"Feature","geometry":{"type":"LineString","coordinates":[[-70.89511757799715,41.10131657827176],[-70.89546991103467,41.10137434048662],[-70.89558077139881,41.1009813142191],[-70.89537365045715,41.100929955096724],[-70.89511757799715,41.10131657827176]]},"properties":{"kind":"street","cls":"lane"}},{"type":"Feature","geometry":{"type":"LineString","coordinates":[[-70.89610203762633,41.10063237418822],[-70.89568755041411,41.100456022843254],[-70.89556324192768,41.10064370621114],[-70.89603185164692,41.10071876569965],[-70.89610203762633,41.10063237418822]]},"properties":{"kind":"street","cls":"lane"}},{"type":"Feature","geometry":{"type":"LineString","coordinates":[[-70.89550824867425,41.100726736093556],[-70.89544132077032,41.1008277851432],[-70.89545804970503,41.100856313285185],[-70.8956057028364,41.100892926363436],[-70.89564634084644,41.10074885498565],[-70.89550824867425,41.100726736093556]]},"properties":{"kind":"street","cls":"lane"}},{"type":"Feature","geometry":{"type":"LineString","coordinates":[[-70.89726010899044,41.102093307357],[-70.89710276975946,41.10198504460332],[-70.89660347244659,41.10217484688458],[-70.89668830829892,41.10251297789205],[-70.89726010899044,41.102093307357]]},"properties":{"kind":"street","cls":"lane"}},{"type":"Feature","geometry":{"type":"LineString","coordinates":[[-70.89700858133294,41.10192023496648],[-70.8969774558464,41.10189881798826],[-70.89651565944366,41.10182484982164],[-70.89658042667855,41.10208299316293],[-70.89700858133294,41.10192023496648]]},"properties":{"kind":"street","cls":"lane"}},{"type":"Feature","geometry":{"type":"LineString","coordinates":[[-70.89699161804234,41.10265003008816],[-70.89806919912905,41.10265003008816],[-70.89734829149829,41.102153984411714],[-70.89689988201859,41.10248309252413],[-70.89682721332099,41.10258415693657],[-70.89699161804234,41.10265003008816]]},"properties":{"kind":"street","cls":"lane"}},{"type":"Feature","geometry":{"type":"LineString","coordinates":[[-70.89655775806433,41.10247619247655],[-70.89651570713566,41.10230858971801],[-70.89600150783006,41.10205382122273],[-70.89593669592752,41.10222734730993],[-70.89655775806433,41.10247619247655]]},"properties":{"kind":"street","cls":"lane"}},{"type":"Feature","geometry":{"type":"LineString","coordinates":[[-70.89532407291456,41.10265003008816],[-70.8956549834228,41.10265003008816],[-70.89570006722133,41.10252932363076],[-70.8954798979776,41.10244110693087],[-70.89532407291456,41.10265003008816]]},"properties":{"kind":"street","cls":"lane"}},{"type":"Feature","geometry":{"type":"LineString","coordinates":[[-70.89582897581018,41.102184186361995],[-70.89589700588124,41.102002044015016],[-70.89583155820708,41.10196961688942],[-70.89570774960127,41.102135613837014],[-70.89582897581018,41.102184186361995]]},"properties":{"kind":"street","cls":"lane"}},{"type":"Feature","geometry":{"type":"LineString","coordinates":[[-70.89648490429683,41.10218581857063],[-70.89638925883945,41.10180460362462],[-70.89600101513349,41.101742416749715],[-70.89589010746539,41.10189111670681],[-70.89648490429683,41.10218581857063]]},"properties":{"kind":"street","cls":"lane"}},{"type":"Feature","geometry":{"type":"LineString","coordinates":[[-70.89766919851587,41.10106182117299],[-70.8975719040311,41.10134121507024],[-70.89795665657927,41.10137925584498],[-70.89803637587079,41.10121964506407],[-70.89766919851587,41.10106182117299]]},"properties":{"kind":"street","cls":"lane"}},{"type":"Feature","geometry":{"type":"LineString","coordinates":[[-70.89820618872368,41.100879652553566],[-70.89801434480022,41.10079648693338],[-70.897776809457,41.10075280221572],[-70.89770052331151,41.10097186790629],[-70.8980788997298,41.10113450549226],[-70.89820618872368,41.100879652553566]]},"properties":{"kind":"street","cls":"lane"}},{"type":"Feature","geometry":{"type":"LineString","coordinates":[[-70.89862560606211,41.10144539538508],[-70.89876898004708,41.10112362634541],[-70.89831089145082,41.10092504188403],[-70.89807803554586,41.10139125667499],[-70.89862560606211,41.10144539538508]]},"properties":{"kind":"street","cls":"lane"}},{"type":"Feature","geometry":{"type":"LineString","coordinates":[[-70.89880768219096,41.10103676852618],[-70.89890396871024,41.10082067617965],[-70.89873528675972,41.10081669354469],[-70.89853310949402,41.10091773943098],[-70.89880768219096,41.10103676852618]]},"properties":{"kind":"street","cls":"lane"}},{"type":"Feature","geometry":{"type":"LineString","coordinates":[[-70.89685617838293,41.10059585275945],[-70.8966863173936,41.10082359464832],[-70.8975791132746,41.10096659808898],[-70.8976023514419,41.10089986663815],[-70.89685617838293,41.10059585275945]]},"properties":{"kind":"street","cls":"lane"}},{"type":"Feature","geometry":{"type":"LineString","coordinates":[[-70.89686396636368,41.101271220738916],[-70.89745276097946,41.10132943530683],[-70.89753074676652,41.101105488872165],[-70.89743658061084,41.10103560636004],[-70.89695230547092,41.100958037665215],[-70.89686396636368,41.101271220738916]]},"properties":{"kind":"street","cls":"lane"}},{"type":"Feature","geometry":{"type":"LineString","coordinates":[[-70.89828439583765,41.102211161128935],[-70.89858693929598,41.101532173807335],[-70.89820219318501,41.10149413366905],[-70.89785839157447,41.101992401207724],[-70.89828439583765,41.102211161128935]]},"properties":{"kind":"street","cls":"lane"}},{"type":"Feature","geometry":{"type":"LineString","coordinates":[[-70.89799489019322,41.10159984857405],[-70.8979616719621,41.10147035315426],[-70.89765701867613,41.10144023185401],[-70.89743002884163,41.10177243017506],[-70.89775918306978,41.10194145607279],[-70.89799489019322,41.10159984857405]]},"properties":{"kind":"street","cls":"lane"}},{"type":"Feature","geometry":{"type":"LineString","coordinates":[[-70.8981257190286,41.102567273742245],[-70.89821584230721,41.10236501333345],[-70.89807259786498,41.10221110584863],[-70.8973750436256,41.10185290072338],[-70.89728309042795,41.1019874737008],[-70.8981257190286,41.102567273742245]]},"properties":{"kind":"street","cls":"lane"}},{"type":"Feature","geometry":{"type":"LineString","coordinates":[[-70.8969578717665,41.10137110667154],[-70.89683910391722,41.10135936400467],[-70.8967628967984,41.1016295363038],[-70.89691057781123,41.10173115338312],[-70.8969578717665,41.10137110667154]]},"properties":{"kind":"street","cls":"lane"}},{"type":"Feature","geometry":{"type":"LineString","coordinates":[[-70.89753142003185,41.10142781382129],[-70.89707612752078,41.10138279870719],[-70.89702043968056,41.10180674767975],[-70.89719188721831,41.10192471814672],[-70.89753142003185,41.10142781382129]]},"properties":{"kind":"street","cls":"lane"}},{"type":"Feature","geometry":{"type":"LineString","coordinates":[[-70.89493361806517,41.098246239556374],[-70.89493361806517,41.09859396436765],[-70.8949734767805,41.09858601007947],[-70.89501857626757,41.098334076315375],[-70.89495386260798,41.09824849749096],[-70.89493361806517,41.098246239556374]]},"properties":{"kind":"street","cls":"lane"}},{"type":"Feature","geometry":{"type":"LineString","coordinates":[[-70.89493361806517,41.098686892556344],[-70.89493361806517,41.09876017757685],[-70.89539425739393,41.098830885634314],[-70.89533016172977,41.098746124061215],[-70.89516542366204,41.098640632949035],[-70.89493361806517,41.098686892556344]]},"properties":{"kind":"street","cls":"lane"}},{"type":"Feature","geometry":{"type":"LineString","coordinates":[[-70.89493361806517,41.09885185385925],[-70.89493361806517,41.09961813615438],[-70.89519192600656,41.09967584032515],[-70.89557726486129,41.09895065353137],[-70.89493361806517,41.09885185385925]]},"properties":{"kind":"street","cls":"lane"}},{"type":"Feature","geometry":{"type":"LineString","coordinates":[[-70.89530671113312,41.099701482512174],[-70.8955476884019,41.09975531513301],[-70.89565419458847,41.09966629355392],[-70.89593052783118,41.09918007479578],[-70.89572199655773,41.09899703808709],[-70.89569142917232,41.098977464059494],[-70.89530671113312,41.099701482512174]]},"properties":{"kind":"street","cls":"lane"}},{"type":"Feature","geometry":{"type":"LineString","coordinates":[[-70.89666999257233,41.10000602996257],[-70.89720897669321,41.1001264352106],[-70.89724648720185,41.100014040090265],[-70.89705486550322,41.09986432072799],[-70.89666999257233,41.10000602996257]]},"properties":{"kind":"street","cls":"lane"}},{"type":"Feature","geometry":{"type":"LineString","coordinates":[[-70.89571237374291,41.099792104675714],[-70.89603439533401,41.09986404202608],[-70.89614312989774,41.099425689160306],[-70.8960127103115,41.0992636511608],[-70.89571237374291,41.099792104675714]]},"properties":{"kind":"street","cls":"lane"}},{"type":"Feature","geometry":{"type":"LineString","coordinates":[[-70.9016773160127,41.10251010122134],[-70.90203225581372,41.10176818603912],[-70.90142796379438,41.101948743598825],[-70.90153394512082,41.10248713681115],[-70.9016773160127,41.10251010122134]]},"properties":{"kind":"street","cls":"lane"}},{"type":"Feature","geometry":{"type":"LineString","coordinates":[[-70.9020861979189,41.10165543320983],[-70.90222704443372,41.10136102788419],[-70.90135706789312,41.101588587019386],[-70.90140999805068,41.101857476252206],[-70.9020861979189,41.10165543320983]]},"properties":{"kind":"street","cls":"lane"}},{"type":"Feature","geometry":{"type":"LineString","coordinates":[[-70.90178438248023,41.10100904966378],[-70.90123499574129,41.10096845118828],[-70.90133926638481,41.10149815400099],[-70.90153724560807,41.1014463687186],[-70.90178438248023,41.10100904966378]]},"properties":{"kind":"street","cls":"lane"}},{"type":"Feature","geometry":{"type":"LineString","coordinates":[[-70.90227904313056,41.101252337276556],[-70.90237456926118,41.10105266317293],[-70.90190875665901,41.10101824064291],[-70.90168928835462,41.10140659900723],[-70.90227904313056,41.101252337276556]]},"properties":{"kind":"street","cls":"lane"}},{"type":"Feature","geometry":{"type":"LineString","coordinates":[[-70.902550916783,41.10265003008816],[-70.90294598605234,41.10265003008816],[-70.90317871270699,41.1020372378079],[-70.90314389596824,41.10203128254199],[-70.9024195843077,41.10236457158565],[-70.90253691832754,41.10264778788774],[-70.902550916783,41.10265003008816]]},"properties":{"kind":"street","cls":"lane"}},{"type":"Feature","geometry":{"type":"LineString","coordinates":[[-70.90284301241931,41.102064477884575],[-70.90280526340398,41.1019733607768],[-70.90221573331765,41.10187252397954],[-70.9023619155861,41.1022253730642],[-70.90244085451828,41.10224952919542],[-70.90284301241931,41.102064477884575]]},"properties":{"kind":"street","cls":"lane"}},{"type":"Feature","geometry":{"type":"LineString","coordinates":[[-70.9024031588587,41.10262636298573],[-70.90214262062769,41.10199748591802],[-70.90209656604132,41.1018986367174],[-70.90179501591805,41.10252895378528],[-70.9024031588587,41.10262636298573]]},"properties":{"kind":"street","cls":"lane"}},{"type":"Feature","geometry":{"type":"LineString","coordinates":[[-70.9033895921805,41.1014819713146],[-70.90352047530368,41.10113734311712],[-70.90303285671986,41.10110130917286],[-70.90289560163671,41.10117511295589],[-70.90288202663834,41.101472015748826],[-70.9033895921805,41.1014819713146]]},"properties":{"kind":"street","cls":"lane"}},{"type":"Feature","geometry":{"type":"LineString","coordinates":[[-70.9027805488599,41.10108266417518],[-70.90253802169407,41.10106474194936],[-70.90246932258192,41.101119479981676],[-70.90230607047182,41.10146071874574],[-70.90267375995951,41.10146793073429],[-70.9027660782778,41.10139915454358],[-70.9027805488599,41.10108266417518]]},"properties":{"kind":"street","cls":"lane"}},{"type":"Feature","geometry":{"type":"LineString","coordinates":[[-70.90300739025403,41.101915817194694],[-70.90323949517811,41.10187719155478],[-70.9033557166923,41.10157116882268],[-70.90226347925868,41.10154974530059],[-70.90215786364205,41.10177050901665],[-70.90300739025403,41.101915817194694]]},"properties":{"kind":"street","cls":"lane"}},{"type":"Feature","geometry":{"type":"LineString","coordinates":[[-70.90486939743631,41.10183570932332],[-70.90441046515588,41.10200718592521],[-70.90442859107874,41.10208580197166],[-70.90488147918445,41.102151687745916],[-70.90497825534759,41.10209678153479],[-70.90486939743631,41.10183570932332]]},"properties":{"kind":"street","cls":"lane"}},{"type":"Feature","geometry":{"type":"LineString","coordinates":[[-70.90524590533252,41.10220470415024],[-70.90530479990824,41.102067066700876],[-70.90530479990824,41.10167302445777],[-70.90497750918854,41.101795314178574],[-70.90514190154245,41.10218957376782],[-70.90524590533252,41.10220470415024]]},"properties":{"kind":"street","cls":"lane"}},{"type":"Feature","geometry":{"type":"LineString","coordinates":[[-70.90455868100031,41.10265003008816],[-70.90530479990824,41.10265003008816],[-70.90530479990824,41.102304762317615],[-70.90445041740837,41.102180467482306],[-70.90455868100031,41.10265003008816]]},"properties":{"kind":"street","cls":"lane"}},{"type":"Feature","geometry":{"type":"LineString","coordinates":[[-70.90477482836499,41.10123003705823],[-70.90422186218666,41.10118917407001],[-70.90438918073403,41.10191487078574],[-70.90470918746647,41.1017953026721],[-70.90477482836499,41.10123003705823]]},"properties":{"kind":"street","cls":"lane"}},{"type":"Feature","geometry":{"type":"LineString","coordinates":[[-70.90530479990824,41.10157275655383],[-70.90530479990824,41.10126920079334],[-70.90489347475771,41.101238804766524],[-70.90483427960542,41.10174856293331],[-70.90530479990824,41.10157275655383]]},"properties":{"kind":"street","cls":"lane"}},{"type":"Feature","geometry":{"type":"LineString","coordinates":[[-70.90380081362233,41.10265003008816],[-70.90443768612059,41.10265003008816],[-70.90433142067373,41.102189133869516],[-70.90376839374328,41.10232079290033],[-70.90380081362233,41.10265003008816]]},"properties":{"kind":"street","cls":"lane"}},{"type":"Feature","geometry":{"type":"LineString","coordinates":[[-70.90431084397063,41.1020998882593],[-70.90427797924913,41.101957346856544],[-70.90372586741721,41.10188892059185],[-70.90375934041639,41.10222885264719],[-70.90431084397063,41.1020998882593]]},"properties":{"kind":"street","cls":"lane"}},{"type":"Feature","geometry":{"type":"LineString","coordinates":[[-70.90306998082181,41.10265003008816],[-70.90368127689746,41.10265003008816],[-70.90360485385615,41.10187392271373],[-70.90337552548922,41.10184550078428],[-70.90306998082181,41.10265003008816]]},"properties":{"kind":"street","cls":"lane"}},{"type":"Feature","geometry":{"type":"LineString","coordinates":[[-70.90416833515081,41.101481796696056],[-70.90409877005418,41.101180077831295],[-70.90364108516255,41.10114625592126],[-70.90353617314963,41.10142249961889],[-70.90416833515081,41.101481796696056]]},"properties":{"kind":"street","cls":"lane"}},{"type":"Feature","geometry":{"type":"LineString","coordinates":[[-70.9042563717757,41.10186363057253],[-70.9041896681509,41.10157432252984],[-70.9035029761812,41.10150991051735],[-70.9034085458798,41.10175855483277],[-70.9042563717757,41.10186363057253]]},"properties":{"kind":"street","cls":"lane"}},{"type":"Feature","geometry":{"type":"LineString","coordinates":[[-70.90117271423044,41.10040608988007],[-70.90114987386035,41.1005360255482],[-70.901216965534,41.10087685636167],[-70.9015774284699,41.10090349378233],[-70.90160799540587,41.10042555590225],[-70.90130186156101,41.10039389474833],[-70.90117271423044,41.10040608988007]]},"properties":{"kind":"street","cls":"lane"}},{"type":"Feature","geometry":{"type":"LineString","coordinates":[[-70.90172740339581,41.10042460778235],[-70.90170977596743,41.10070022637119],[-70.90252646539942,41.10053279739628],[-70.90244835405625,41.10028563368744],[-70.90193233415691,41.1003343604449],[-70.90172740339581,41.10042460778235]]},"properties":{"kind":"street","cls":"lane"}},{"type":"Feature","geometry":{"type":"LineString","coordinates":[[-70.9017037427922,41.10079455977064],[-70.90169621441599,41.10091227180332],[-70.90266911203176,41.10098416680408],[-70.90255409657016,41.10062022928983],[-70.9017037427922,41.10079455977064]]},"properties":{"kind":"street","cls":"lane"}},{"type":"Feature","geometry":{"type":"LineString","coordinates":[[-70.90299948202065,41.10043872469234],[-70.90316849780656,41.10038110680291],[-70.90324361658608,41.10008395737442],[-70.90252742606194,41.10014808115733],[-70.90256742581336,41.10027465031508],[-70.90299948202065,41.10043872469234]]},"properties":{"kind":"street","cls":"lane"}},{"type":"Feature","geometry":{"type":"LineString","coordinates":[[-70.90279458517028,41.100993438993925],[-70.90293073485911,41.101003500157425],[-70.90304163727882,41.10088293249229],[-70.90311720115356,41.10058402238836],[-70.90260355212351,41.100388962941665],[-70.90279458517028,41.100993438993925]]},"properties":{"kind":"street","cls":"lane"}},{"type":"Feature","geometry":{"type":"LineString","coordinates":[[-70.90266477630638,41.10002106194916],[-70.90265787147413,41.10004593840765],[-70.903267015154,41.09999139901377],[-70.90334020693052,41.09970187228422],[-70.90315873421495,41.09969818885095],[-70.9029811870222,41.099804813994005],[-70.90281554026387,41.099913072702385],[-70.90266477630638,41.10002106194916]]},"properties":{"kind":"street","cls":"lane"}},{"type":"Feature","geometry":{"type":"LineString","coordinates":[[-70.90530479990824,41.10117893835952],[-70.90530479990824,41.10098940230271],[-70.90469201446369,41.10081635739024],[-70.90466894805903,41.10113195030194],[-70.90530479990824,41.10117893835952]]},"properties":{"kind":"street","cls":"lane"}},{"type":"Feature","geometry":{"type":"LineString","coordinates":[[-70.90530479990824,41.10089347037178],[-70.90530479990824,41.100625087489846],[-70.90472253427389,41.10039878751279],[-70.90469888425274,41.10072236542386],[-70.90530479990824,41.10089347037178]]},"properties":{"kind":"street","cls":"lane"}},{"type":"Feature","geometry":{"type":"LineString","coordinates":[[-70.9046064423653,41.10035366790638],[-70.9045419648237,41.10032860843983],[-70.90410857395777,41.10109053988445],[-70.90455019977296,41.10112317506395],[-70.9046064423653,41.10035366790638]]},"properties":{"kind":"street","cls":"lane"}},{"type":"Feature","geometry":{"type":"LineString","coordinates":[[-70.90321025919528,41.10069594857441],[-70.90312881047824,41.1010181375114],[-70.90398410740639,41.10108134207919],[-70.90422621839865,41.10065569402659],[-70.90321025919528,41.10069594857441]]},"properties":{"kind":"street","cls":"lane"}},{"type":"Feature","geometry":{"type":"LineString","coordinates":[[-70.9044357477721,41.100287326737934],[-70.90341395057175,41.0998902009772],[-70.90326192724946,41.10049156382711],[-70.90339160363592,41.100598807688705],[-70.90427856541966,41.1005636643036],[-70.9044357477721,41.100287326737934]]},"properties":{"kind":"street","cls":"lane"}},{"type":"Feature","geometry":{"type":"LineString","coordinates":[[-70.90530479990824,41.09996052981565],[-70.90530479990824,41.09944586019408],[-70.9048801648923,41.099783308033984],[-70.90488746462601,41.099922221102986],[-70.90530479990824,41.09996052981565]]},"properties":{"kind":"street","cls":"lane"}},{"type":"Feature","geometry":{"type":"LineString","coordinates":[[-70.90530479990824,41.10052401191556],[-70.90530479990824,41.10005102536528],[-70.90462213213861,41.09998836082542],[-70.90445049010187,41.10012476086866],[-70.90462024190049,41.100257955579224],[-70.90530479990824,41.10052401191556]]},"properties":{"kind":"street","cls":"lane"}},{"type":"Feature","geometry":{"type":"LineString","coordinates":[[-70.90421981240378,41.09928195666397],[-70.90358559546281,41.09921122054627],[-70.90343721638482,41.099798167758586],[-70.90405793583795,41.10003941297334],[-70.90421981240378,41.09928195666397]]},"properties":{"kind":"street","cls":"lane"}},{"type":"Feature","geometry":{"type":"LineString","coordinates":[[-70.90520806630522,41.09939217958577],[-70.90433774631029,41.0992951101863],[-70.90416942089168,41.100082742106316],[-70.90428335809636,41.10012702427804],[-70.90520806630522,41.09939217958577]]},"properties":{"kind":"street","cls":"lane"}},{"type":"Feature","geometry":{"type":"LineString","coordinates":[[-70.90054374251389,41.10232853126339],[-70.90057928571622,41.102222147320965],[-70.90019870711714,41.10227326527265],[-70.90054374251389,41.10232853126339]]},"properties":{"kind":"street","cls":"lane"}},{"type":"Feature","geometry":{"type":"LineString","coordinates":[[-70.90004569045593,41.10174715703768],[-70.89975507418791,41.1017248110164],[-70.8998561889473,41.10221840247834],[-70.89988885971805,41.10222363551394],[-70.90004673324695,41.10220243050808],[-70.90004569045593,41.10174715703768]]},"properties":{"kind":"street","cls":"lane"}},{"type":"Feature","geometry":{"type":"LineString","coordinates":[[-70.90061120409011,41.10212661281009],[-70.90072064205752,41.10179905531216],[-70.90016492061885,41.101756324864986],[-70.90016590574805,41.102186423685396],[-70.90061120409011,41.10212661281009]]},"properties":{"kind":"street","cls":"lane"}},{"type":"Feature","geometry":{"type":"LineString","coordinates":[[-70.90140950824507,41.10246720515403],[-70.90138887696847,41.10236239669713],[-70.90069732313839,41.10223678852568],[-70.90066042723545,41.10234722122042],[-70.90140950824507,41.10246720515403]]},"properties":{"kind":"street","cls":"lane"}},{"type":"Feature","geometry":{"type":"LineString","coordinates":[[-70.90137001299881,41.10226656629417],[-70.90129860965533,41.10190383186957],[-70.90122306375852,41.10183768744413],[-70.90084049222413,41.1018082708127],[-70.90072642935988,41.10214967103519],[-70.90137001299881,41.10226656629417]]},"properties":{"kind":"street","cls":"lane"}},{"type":"Feature","geometry":{"type":"LineString","coordinates":[[-70.90000890053447,41.10092406083785],[-70.89956229684287,41.10078376885656],[-70.89967854205946,41.10135121961004],[-70.90000890053447,41.10092406083785]]},"properties":{"kind":"street","cls":"lane"}},{"type":"Feature","geometry":{"type":"LineString","coordinates":[[-70.9006247007476,41.101117502660216],[-70.90020377217729,41.10098527602568],[-70.90005138192947,41.101047537355015],[-70.89970743593668,41.1014922650042],[-70.89973628014536,41.10163306794158],[-70.9001570533977,41.10166542197362],[-70.9006247007476,41.101117502660216]]},"properties":{"kind":"street","cls":"lane"}},{"type":"Feature","geometry":{"type":"LineString","coordinates":[[-70.9012685021242,41.101750883317735],[-70.9011780388953,41.10129132322311],[-70.90073647059334,41.10115261301287],[-70.90029006093731,41.10167564916885],[-70.9012685021242,41.101750883317735]]},"properties":{"kind":"street","cls":"lane"}},{"type":"Feature","geometry":{"type":"LineString","coordinates":[[-70.89929906580512,41.10265003008816],[-70.89932878042414,41.10265003008816],[-70.89941116616313,41.10235795311599],[-70.89942468549654,41.10224731191385],[-70.89920701928713,41.10229742678971],[-70.89929906580512,41.10265003008816]]},"properties":{"kind":"street","cls":"lane"}},{"type":"Feature","geometry":{"type":"LineString","coordinates":[[-70.89970884545559,41.102087956841615],[-70.8996613086729,41.10185590614782],[-70.8990579664699,41.10172644902604],[-70.8991543546861,41.10209568410091],[-70.89930701410302,41.10218047339899],[-70.89970884545559,41.102087956841615]]},"properties":{"kind":"street","cls":"lane"}},{"type":"Feature","geometry":{"type":"LineString","coordinates":[[-70.89873254218017,41.10265003008816],[-70.8991775721733,41.10265003008816],[-70.89905789002778,41.1021915627806],[-70.89864873399605,41.10217401715525],[-70.89873254218017,41.10265003008816]]},"properties":{"kind":"street","cls":"lane"}},{"type":"Feature","geometry":{"type":"LineString","coordinates":[[-70.898214594001,41.10265003008816],[-70.89861228858085,41.10265003008816],[-70.89853978420956,41.10223822044459],[-70.89851361870043,41.10216822307629],[-70.89843085911002,41.10216467413981],[-70.898214594001,41.10265003008816]]},"properties":{"kind":"street","cls":"lane"}},{"type":"Feature","geometry":{"type":"LineString","coordinates":[[-70.89903413579965,41.10210056727777],[-70.89892926391477,41.10169883374856],[-70.89866380784831,41.101641875726806],[-70.89847019934142,41.10207638428388],[-70.89903413579965,41.10210056727777]]},"properties":{"kind":"street","cls":"lane"}},{"type":"Feature","geometry":{"type":"LineString","coordinates":[[-70.89952533913983,41.10119217118949],[-70.89950637764629,41.10109961070307],[-70.89895952820245,41.100978201250655],[-70.89886389799408,41.10119282066241],[-70.89952533913983,41.10119217118949]]},"properties":{"kind":"street","cls":"lane"}},{"type":"Feature","geometry":{"type":"LineString","coordinates":[[-70.89948627901778,41.1010014992949],[-70.89943337983375,41.10074327205151],[-70.89910953657125,41.100641542903766],[-70.8989975000412,41.10089298242875],[-70.89948627901778,41.1010014992949]]},"properties":{"kind":"street","cls":"lane"}},{"type":"Feature","geometry":{"type":"LineString","coordinates":[[-70.8996412950716,41.10175820979984],[-70.89954373790695,41.1012819847283],[-70.89882385326933,41.10128269158723],[-70.89870179424025,41.1015566242437],[-70.8996412950716,41.10175820979984]]},"properties":{"kind":"street","cls":"lane"}},{"type":"Feature","geometry":{"type":"LineString","coordinates":[[-70.90106709891795,41.100727739686455],[-70.90099513797254,41.1003621726016],[-70.90091452312146,41.10035383520522],[-70.9008341288238,41.100355628192965],[-70.90039636352334,41.100863862684484],[-70.90106709891795,41.100727739686455]]},"properties":{"kind":"street","cls":"lane"}},{"type":"Feature","geometry":{"type":"LineString","coordinates":[[-70.90115761814347,41.10118758424814],[-70.90108470858719,41.10081719814777],[-70.90041269425588,41.10095358070077],[-70.90115761814347,41.10118758424814]]},"properties":{"kind":"street","cls":"lane"}},{"type":"Feature","geometry":{"type":"LineString","coordinates":[[-70.89937732638576,41.100628339748674],[-70.89998090758475,41.10081794320218],[-70.8999552674734,41.10047087085119],[-70.89937732638576,41.100628339748674]]},"properties":{"kind":"street","cls":"lane"}},{"type":"Feature","geometry":{"type":"LineString","coordinates":[[-70.90041397661888,41.10039086362762],[-70.90056805225365,41.100499539770766],[-70.90068922619758,41.100358859872834],[-70.90060946506442,41.10036063873948],[-70.90041397661888,41.10039086362762]]},"properties":{"kind":"street","cls":"lane"}},{"type":"Feature","geometry":{"type":"LineString","coordinates":[[-70.90007264912751,41.10044363700363],[-70.90010313768846,41.10085633944419],[-70.90022716570817,41.10089530046701],[-70.90050212379708,41.10057608104885],[-70.90027124859633,41.10041323488303],[-70.900264277084,41.100414008993994],[-70.90007264912751,41.10044363700363]]},"properties":{"kind":"street","cls":"lane"}},{"type":"Feature","geometry":{"type":"LineString","coordinates":[[-70.90530479990824,41.098219652974635],[-70.90530479990824,41.097855240596466],[-70.90461772892756,41.09801185405384],[-70.90461204944323,41.0982329115171],[-70.90530479990824,41.098219652974635]]},"properties":{"kind":"street","cls":"lane"}},{"type":"Feature","geometry":{"type":"LineString","coordinates":[[-70.90530479990824,41.09776138926929],[-70.90530479990824,41.09755814789836],[-70.9050559790198,41.097503558441055],[-70.90498430651941,41.097546138994964],[-70.90462276271224,41.097815928577745],[-70.90462015439263,41.097917449857334],[-70.90530479990824,41.09776138926929]]},"properties":{"kind":"street","cls":"lane"}},{"type":"Feature","geometry":{"type":"LineString","coordinates":[[-70.90412651106561,41.098242204230026],[-70.90444077036923,41.09823618962515],[-70.90449387229508,41.09819188066862],[-70.9045005990767,41.09793006019463],[-70.90402131524104,41.09790159505984],[-70.90412651106561,41.098242204230026]]},"properties":{"kind":"street","cls":"lane"}},{"type":"Feature","geometry":{"type":"LineString","coordinates":[[-70.9035678143354,41.098252897119735],[-70.90400483536172,41.09824453297979],[-70.90387461149741,41.09782288656428],[-70.90384995417968,41.09776268920524],[-70.90360560230577,41.09818664167274],[-70.9035678143354,41.098252897119735]]},"properties":{"kind":"street","cls":"lane"}},{"type":"Feature","geometry":{"type":"LineString","coordinates":[[-70.90530479990824,41.09886070519819],[-70.90530479990824,41.09830951347162],[-70.90445761839065,41.09832572766806],[-70.90431836165838,41.09869399031417],[-70.90446752255056,41.098788182319105],[-70.90530479990824,41.09886070519819]]},"properties":{"kind":"street","cls":"lane"}},{"type":"Feature","geometry":{"type":"LineString","coordinates":[[-70.90482052462833,41.099154586985264],[-70.90492662849,41.099269979850014],[-70.90530479990824,41.09931215844257],[-70.90530479990824,41.098951128210814],[-70.90494952276626,41.098920354989765],[-70.90482052462833,41.099154586985264]]},"properties":{"kind":"street","cls":"lane"}},{"type":"Feature","geometry":{"type":"LineString","coordinates":[[-70.90413398430452,41.099181573866545],[-70.90447236970233,41.099219315004916],[-70.90470865017768,41.09912336881698],[-70.90482633211944,41.0989096845228],[-70.90425549512968,41.09886024004469],[-70.90413398430452,41.099181573866545]]},"properties":{"kind":"street","cls":"lane"}},{"type":"Feature","geometry":{"type":"LineString","coordinates":[[-70.90412965314586,41.09886523166754],[-70.90426860688557,41.09849777028139],[-70.90412592076858,41.09836556472411],[-70.90397654450811,41.098334934935075],[-70.90351734703657,41.09834372350972],[-70.9034738286263,41.09841527006697],[-70.90342158256632,41.09850591740146],[-70.90341762235686,41.09852309134141],[-70.90412965314586,41.09886523166754]]},"properties":{"kind":"street","cls":"lane"}},{"type":"Feature","geometry":{"type":"LineString","coordinates":[[-70.90331226660409,41.09908992522676],[-70.90401504617314,41.09916830834001],[-70.90409556019648,41.09895539003581],[-70.90339550538668,41.09861900432802],[-70.90329381048006,41.099060016914265],[-70.90331226660409,41.09908992522676]]},"properties":{"kind":"street","cls":"lane"}},{"type":"Feature","geometry":{"type":"LineString","coordinates":[[-70.89493361806517,41.097960758299536],[-70.89493361806517,41.098155429424295],[-70.89504826735701,41.098168216603696],[-70.89507517859987,41.0980178856099],[-70.89503241739413,41.097960325633544],[-70.89493361806517,41.097960758299536]]},"properties":{"kind":"street","cls":"lane"}},{"type":"Feature","geometry":{"type":"LineString","coordinates":[[-70.90333859052029,41.10275782792225],[-70.90466078636051,41.10296961043425],[-70.9050900350617,41.102896989742014],[-70.90528095811091,41.102826818376336],[-70.90528095811091,41.10275782792225],[-70.90333859052029,41.10275782792225]]},"properties":{"kind":"street","cls":"grid"}},{"type":"Feature","geometry":{"type":"LineString","coordinates":[[-70.90294709011458,41.10295706454466],[-70.90303893994351,41.10324399591097],[-70.90405485710761,41.10307212210563],[-70.90404508033176,41.10299956360282],[-70.9029830837795,41.10282945847109],[-70.90294709011458,41.10295706454466]]},"properties":{"kind":"street","cls":"grid"}},{"type":"Feature","geometry":{"type":"LineString","coordinates":[[-70.90444022186021,41.103135820412156],[-70.90307451016767,41.10336687277932],[-70.90313852215832,41.10361424376738],[-70.90444022186021,41.103135820412156]]},"properties":{"kind":"street","cls":"grid"}},{"type":"Feature","geometry":{"type":"LineString","coordinates":[[-70.90498686965832,41.103074832314576],[-70.90317158593876,41.10374201701665],[-70.90322127231356,41.10393402741194],[-70.90528095811091,41.10360380705249],[-70.90528095811091,41.103529208948736],[-70.90498686965832,41.103074832314576]]},"properties":{"kind":"street","cls":"grid"}},{"type":"Feature","geometry":{"type":"LineString","coordinates":[[-70.90528095811091,41.103732386071364],[-70.90325348645976,41.10405744167853],[-70.90340732272631,41.10464158881235],[-70.90528095811091,41.10434744758816],[-70.90528095811091,41.103732386071364]]},"properties":{"kind":"street","cls":"grid"}},{"type":"Feature","geometry":{"type":"LineString","coordinates":[[-70.90528095811091,41.10448532520746],[-70.90487812190008,41.10505624346373],[-70.90528095811091,41.10499173843988],[-70.90528095811091,41.10448532520746]]},"properties":{"kind":"street","cls":"grid"}},{"type":"Feature","geometry":{"type":"LineString","coordinates":[[-70.90507586410789,41.10450810952117],[-70.90344193700096,41.10476461904454],[-70.90359091849731,41.10526235970642],[-70.90466502801338,41.10509036558551],[-70.90507586410789,41.10450810952117]]},"properties":{"kind":"street","cls":"grid"}},{"type":"Feature","geometry":{"type":"LineString","coordinates":[[-70.90374317887405,41.1057723596723],[-70.90379735890708,41.10595389984452],[-70.90408103701749,41.105907731579585],[-70.90374317887405,41.1057723596723]]},"properties":{"kind":"street","cls":"grid"}},{"type":"Feature","geometry":{"type":"LineString","coordinates":[[-70.90528095811091,41.105120310571486],[-70.9047758467086,41.10520119263268],[-70.90444627074501,41.10566828305153],[-70.90431859899076,41.10586048044389],[-70.90433384184895,41.10586658790297],[-70.90528095811091,41.10571244589164],[-70.90528095811091,41.105120310571486]]},"properties":{"kind":"street","cls":"grid"}},{"type":"Feature","geometry":{"type":"LineString","coordinates":[[-70.9045627528219,41.10523531475446],[-70.9037996607998,41.10535750652313],[-70.90432734960574,41.10556893916578],[-70.9045627528219,41.10523531475446]]},"properties":{"kind":"street","cls":"grid"}},{"type":"Feature","geometry":{"type":"LineString","coordinates":[[-70.90291114273232,41.10339264306278],[-70.90282047573453,41.10340594253267],[-70.90264488876929,41.10402843994292],[-70.90305809035492,41.10396051446045],[-70.90291114273232,41.10339264306278]]},"properties":{"kind":"street","cls":"grid"}},{"type":"Feature","geometry":{"type":"LineString","coordinates":[[-70.9012953932718,41.104791588860564],[-70.90135196179864,41.1049999847559],[-70.90167453144895,41.104943500718136],[-70.9012953932718,41.104791588860564]]},"properties":{"kind":"street","cls":"grid"}},{"type":"Feature","geometry":{"type":"LineString","coordinates":[[-70.90243433845188,41.10481045358426],[-70.90279796098,41.10474678092134],[-70.90192741590913,41.10460734150071],[-70.90243433845188,41.10481045358426]]},"properties":{"kind":"street","cls":"grid"}},{"type":"Feature","geometry":{"type":"LineString","coordinates":[[-70.90309031722597,41.10408393856529],[-70.9026068149506,41.104163420654594],[-70.90249234192818,41.10456925465202],[-70.90318144128241,41.104679631033356],[-70.90324429548043,41.10466862485565],[-70.90309031722597,41.10408393856529]]},"properties":{"kind":"street","cls":"grid"}},{"type":"Feature","geometry":{"type":"LineString","coordinates":[[-70.90189877365879,41.10503334936091],[-70.90138493164515,41.105123326429975],[-70.9015158834625,41.10562140146773],[-70.90280711607444,41.105397301059746],[-70.90189877365879,41.10503334936091]]},"properties":{"kind":"street","cls":"grid"}},{"type":"Feature","geometry":{"type":"LineString","coordinates":[[-70.90327894909134,41.10479167169165],[-70.90265858066172,41.10490030222703],[-70.90340043337568,41.10519754537111],[-70.90327894909134,41.10479167169165]]},"properties":{"kind":"street","cls":"grid"}},{"type":"Feature","geometry":{"type":"LineString","coordinates":[[-70.9030318623857,41.105487351684246],[-70.90154939370728,41.10574464214654],[-70.90164436453412,41.10608216601724],[-70.90175694771945,41.106195674979574],[-70.9020270197619,41.106226195743425],[-70.90363400047725,41.10597970930531],[-70.90354888377901,41.10569451014254],[-70.9030318623857,41.105487351684246]]},"properties":{"kind":"street","cls":"grid"}},{"type":"Feature","geometry":{"type":"LineString","coordinates":[[-70.8992693552011,41.1027742934316],[-70.898195169953,41.10293667071383],[-70.89824956708011,41.103133712936945],[-70.89864228234602,41.103291064818485],[-70.89914599224755,41.103211644342004],[-70.8992693552011,41.1027742934316]]},"properties":{"kind":"street","cls":"grid"}},{"type":"Feature","geometry":{"type":"LineString","coordinates":[[-70.89848102966437,41.10366393876032],[-70.89839684475781,41.103679306477716],[-70.89846772742074,41.103947957673796],[-70.89896050619242,41.10386923637227],[-70.8989638469924,41.10385739244446],[-70.89848102966437,41.10366393876032]]},"properties":{"kind":"street","cls":"grid"}},{"type":"Feature","geometry":{"type":"LineString","coordinates":[[-70.89892253261704,41.1040038616977],[-70.89850181591241,41.1040710710997],[-70.89867772073723,41.10467750781005],[-70.89873516073712,41.10466813942378],[-70.89892253261704,41.1040038616977]]},"properties":{"kind":"street","cls":"grid"}},{"type":"Feature","geometry":{"type":"LineString","coordinates":[[-70.89905280666702,41.104146901414744],[-70.89891400974767,41.10463896939212],[-70.90033575599475,41.104407084502704],[-70.90010836953522,41.10431597603214],[-70.89905280666702,41.104146901414744]]},"properties":{"kind":"street","cls":"grid"}},{"type":"Feature","geometry":{"type":"LineString","coordinates":[[-70.90056399603715,41.10449853498409],[-70.89887596395855,41.10477385073237],[-70.89879160423912,41.10507292593309],[-70.89887996001706,41.10538011115217],[-70.90118888129501,41.10502675917711],[-70.90110425635964,41.104715004741315],[-70.90056399603715,41.10449853498409]]},"properties":{"kind":"street","cls":"grid"}},{"type":"Feature","geometry":{"type":"LineString","coordinates":[[-70.90115756697219,41.105159882871654],[-70.89897751991124,41.10549351223445],[-70.89910921004387,41.10601415142232],[-70.90128886104146,41.105659259664165],[-70.90115756697219,41.105159882871654]]},"properties":{"kind":"street","cls":"grid"}},{"type":"Feature","geometry":{"type":"LineString","coordinates":[[-70.90138649670631,41.10577202889121],[-70.90000237859043,41.10599739162689],[-70.90071746777177,41.10607820364962],[-70.90143095125472,41.10593001921049],[-70.90138649670631,41.10577202889121]]},"properties":{"kind":"street","cls":"grid"}},{"type":"Feature","geometry":{"type":"LineString","coordinates":[[-70.89561191082021,41.10275782792225],[-70.89573264995191,41.10318797487547],[-70.89685929707706,41.10301414819672],[-70.89621957873521,41.10275782792225],[-70.89561191082021,41.10275782792225]]},"properties":{"kind":"street","cls":"grid"}},{"type":"Feature","geometry":{"type":"LineString","coordinates":[[-70.89764760867823,41.102892522192995],[-70.8979963577144,41.10283871485144],[-70.89797232708031,41.10275782792225],[-70.89731144176473,41.10275782792225],[-70.89764760867823,41.102892522192995]]},"properties":{"kind":"street","cls":"grid"}},{"type":"Feature","geometry":{"type":"LineString","coordinates":[[-70.89709061513385,41.10310683196695],[-70.89576707598468,41.103311036468384],[-70.89588639134564,41.103738979717775],[-70.89786247115367,41.103416096738506],[-70.89709061513385,41.10310683196695]]},"properties":{"kind":"street","cls":"grid"}},{"type":"Feature","geometry":{"type":"LineString","coordinates":[[-70.89809060960182,41.10350750651344],[-70.89592267162752,41.10386173829556],[-70.8960671850105,41.104324663813664],[-70.89830439025917,41.10397381436288],[-70.89819208419466,41.103548165024826],[-70.89809060960182,41.10350750651344]]},"properties":{"kind":"street","cls":"grid"}},{"type":"Feature","geometry":{"type":"LineString","coordinates":[[-70.89827428982737,41.10410699356906],[-70.89616568978808,41.10443767452297],[-70.89631204312448,41.10503349290399],[-70.89844999134093,41.104712729358255],[-70.89827428982737,41.10410699356906]]},"properties":{"kind":"street","cls":"grid"}},{"type":"Feature","geometry":{"type":"LineString","coordinates":[[-70.89848549691918,41.1048356349115],[-70.8963460518787,41.10515662303077],[-70.89652304645968,41.10573478929005],[-70.89865202598716,41.105414604045485],[-70.89848549691918,41.1048356349115]]},"properties":{"kind":"street","cls":"grid"}},{"type":"Feature","geometry":{"type":"LineString","coordinates":[[-70.89874964305022,41.10552816738096],[-70.89649512982254,41.105867232111194],[-70.89656493913789,41.1061100878287],[-70.89727256152649,41.10622573213888],[-70.89760197095174,41.10624018134918],[-70.8988816488568,41.10605005459123],[-70.89874964305022,41.10552816738096]]},"properties":{"kind":"street","cls":"grid"}},{"type":"Feature","geometry":{"type":"LineString","coordinates":[[-70.89891623444056,41.10617310131164],[-70.8978865864852,41.10632608014077],[-70.89877995386571,41.106472080120604],[-70.8989958174574,41.1064295960682],[-70.89891623444056,41.10617310131164]]},"properties":{"kind":"street","cls":"grid"}},{"type":"Feature","geometry":{"type":"LineString","coordinates":[[-70.89495745986251,41.10275782792225],[-70.89495745986251,41.10322691632966],[-70.89505054375022,41.10329626115924],[-70.89556925745745,41.10321359960309],[-70.89544132565045,41.10275782792225],[-70.89495745986251,41.10275782792225]]},"properties":{"kind":"street","cls":"grid"}},{"type":"Feature","geometry":{"type":"LineString","coordinates":[[-70.8956036834895,41.10333665905059],[-70.89495745986251,41.10343964042525],[-70.89495745986251,41.10388555124155],[-70.89572315185524,41.10376515107563],[-70.8956036834895,41.10333665905059]]},"properties":{"kind":"street","cls":"grid"}},{"type":"Feature","geometry":{"type":"LineString","coordinates":[[-70.89575939804223,41.103887924560325],[-70.89495745986251,41.104014024207196],[-70.89495745986251,41.10449998779605],[-70.89590376979181,41.104350396378514],[-70.89575939804223,41.103887924560325]]},"properties":{"kind":"street","cls":"grid"}},{"type":"Feature","geometry":{"type":"LineString","coordinates":[[-70.89593807725551,41.104473474606415],[-70.89495745986251,41.10462848930227],[-70.89495745986251,41.10523732445448],[-70.89608404904072,41.10506773965621],[-70.89593807725551,41.104473474606415]]},"properties":{"kind":"street","cls":"grid"}},{"type":"Feature","geometry":{"type":"LineString","coordinates":[[-70.8961179766518,41.10519088131858],[-70.89495745986251,41.10536557321994],[-70.89495745986251,41.10565247562069],[-70.89530797775721,41.10575715467782],[-70.89567905841787,41.10583039178873],[-70.8959102027114,41.1058334435987],[-70.89629532115437,41.105770190623346],[-70.8961179766518,41.10519088131858]]},"properties":{"kind":"street","cls":"grid"}},{"type":"Feature","geometry":{"type":"LineString","coordinates":[[-70.89633175183972,41.1058929237977],[-70.89596454989038,41.10595323411592],[-70.89638519871934,41.1060788571539],[-70.89633175183972,41.1058929237977]]},"properties":{"kind":"street","cls":"grid"}},{"type":"Feature","geometry":{"type":"LineString","coordinates":[[-70.9102427224518,41.10139576926103],[-70.90981366577054,41.10123863340395],[-70.9095435767997,41.10160998285847],[-70.91009223783057,41.10180884943228],[-70.91009579365463,41.10180533707193],[-70.91024438357826,41.10165263670442],[-70.91030443549396,41.10156454702168],[-70.91031106445752,41.10148955802451],[-70.9102427224518,41.10139576926103]]},"properties":{"kind":"street","cls":"grid"}},{"type":"Feature","geometry":{"type":"LineString","coordinates":[[-70.91000629027192,41.101897316387216],[-70.90947663217425,41.10170533757835],[-70.90922289848373,41.10208111227291],[-70.90966831856042,41.102244459870576],[-70.90983747472819,41.10207080187627],[-70.91000629027192,41.101897316387216]]},"properties":{"kind":"street","cls":"grid"}},{"type":"Feature","geometry":{"type":"LineString","coordinates":[[-70.90956192109151,41.102325326346644],[-70.90915920095398,41.102177637972375],[-70.90895003127505,41.102502206087394],[-70.90929577212465,41.10262692104641],[-70.90954138590264,41.1023747706423],[-70.90956192109151,41.102325326346644]]},"properties":{"kind":"street","cls":"grid"}},{"type":"Feature","geometry":{"type":"LineString","coordinates":[[-70.90937513736742,41.10277506117682],[-70.90888624313244,41.10259870821028],[-70.90868244153623,41.102899189183894],[-70.90923972590008,41.103101102718014],[-70.90937513736742,41.10277506117682]]},"properties":{"kind":"street","cls":"grid"}},{"type":"Feature","geometry":{"type":"LineString","coordinates":[[-70.90936081815501,41.10330528633799],[-70.90916929724303,41.1031951958126],[-70.90861607742521,41.10299475493215],[-70.90837355977052,41.103335400575496],[-70.90926312758769,41.10363457295363],[-70.90934335459676,41.103412810198705],[-70.90936081815501,41.10330528633799]]},"properties":{"kind":"street","cls":"grid"}},{"type":"Feature","geometry":{"type":"LineString","coordinates":[[-70.90919544938734,41.10372985820661],[-70.90830960267502,41.103431937280895],[-70.9081016049434,41.103772777015365],[-70.90880208957688,41.104031759823805],[-70.9090653156215,41.103872673838104],[-70.90919544938734,41.10372985820661]]},"properties":{"kind":"street","cls":"grid"}},{"type":"Feature","geometry":{"type":"LineString","coordinates":[[-70.90840587199548,41.10400534371094],[-70.90803918865109,41.103869773738666],[-70.90773304752086,41.10432192398946],[-70.90774045896032,41.10432454577824],[-70.90777044110297,41.10431962997359],[-70.90788611910668,41.10429682671665],[-70.90840587199548,41.10400534371094]]},"properties":{"kind":"street","cls":"grid"}},{"type":"Feature","geometry":{"type":"LineString","coordinates":[[-70.90988390566538,41.09869831679778],[-70.90972769641436,41.09893136342491],[-70.91001204199426,41.09904046043868],[-70.91007226942061,41.09904530241063],[-70.91003852045871,41.09895635206208],[-70.90988390566538,41.09869831679778]]},"properties":{"kind":"street","cls":"grid"}},{"type":"Feature","geometry":{"type":"LineString","coordinates":[[-70.91013409617346,41.09920825590336],[-70.90966060890462,41.09902658947089],[-70.90943099526781,41.099336583981476],[-70.91017946149475,41.0996221924601],[-70.91019214181316,41.09951455974242],[-70.91014436686369,41.09923532581676],[-70.91013409617346,41.09920825590336]]},"properties":{"kind":"street","cls":"grid"}},{"type":"Feature","geometry":{"type":"LineString","coordinates":[[-70.91009595044876,41.099711156264796],[-70.90936568927094,41.099432494681295],[-70.90916727619802,41.09975117445308],[-70.91003349345998,41.10007368170889],[-70.91009595044876,41.099711156264796]]},"properties":{"kind":"street","cls":"grid"}},{"type":"Feature","geometry":{"type":"LineString","coordinates":[[-70.90994706488597,41.100161740259516],[-70.90910566769277,41.09984847393276],[-70.90887285315291,41.10021024755827],[-70.90994195696298,41.10060499629624],[-70.9099657383978,41.1004669592985],[-70.90994706488597,41.100161740259516]]},"properties":{"kind":"street","cls":"grid"}},{"type":"Feature","geometry":{"type":"LineString","coordinates":[[-70.90998229027674,41.10073993132443],[-70.90880917375368,41.100306777628234],[-70.90855924037218,41.10067640321718],[-70.90975037027991,41.101096467915845],[-70.90998229027674,41.10073993132443]]},"properties":{"kind":"street","cls":"grid"}},{"type":"Feature","geometry":{"type":"LineString","coordinates":[[-70.9096410402912,41.101176930066636],[-70.90853640888233,41.10078736998851],[-70.90829136486725,41.101134520861045],[-70.90937253730766,41.10154609892298],[-70.9096410402912,41.101176930066636]]},"properties":{"kind":"street","cls":"grid"}},{"type":"Feature","geometry":{"type":"LineString","coordinates":[[-70.90930576394307,41.101641451707636],[-70.90822695535468,41.10123077351106],[-70.90797578788708,41.10162734156245],[-70.90905119391444,41.1020184650028],[-70.90930576394307,41.101641451707636]]},"properties":{"kind":"street","cls":"grid"}},{"type":"Feature","geometry":{"type":"LineString","coordinates":[[-70.90898752779725,41.10211500609234],[-70.9079111644449,41.101723534474424],[-70.90767472470048,41.10205474458584],[-70.9087774057798,41.10244105194885],[-70.90898752779725,41.10211500609234]]},"properties":{"kind":"street","cls":"grid"}},{"type":"Feature","geometry":{"type":"LineString","coordinates":[[-70.90871352134239,41.10253754889983],[-70.90760712466847,41.10214993983538],[-70.90740916172005,41.10243049412446],[-70.90851084445401,41.10283637162683],[-70.90871352134239,41.10253754889983]]},"properties":{"kind":"street","cls":"grid"}},{"type":"Feature","geometry":{"type":"LineString","coordinates":[[-70.90848724311613,41.10294769617173],[-70.90789518103898,41.1031653011424],[-70.90816063785184,41.10326055913495],[-70.90830131488774,41.10320885505957],[-70.90848724311613,41.10294769617173]]},"properties":{"kind":"street","cls":"grid"}},{"type":"Feature","geometry":{"type":"LineString","coordinates":[[-70.9083243147942,41.10288764234807],[-70.90730273092186,41.10251127454473],[-70.90712803417668,41.10279688363998],[-70.90718557259036,41.10288578244073],[-70.90734639997605,41.10296837350718],[-70.90773006692449,41.103106050679315],[-70.9083243147942,41.10288764234807]]},"properties":{"kind":"street","cls":"grid"}},{"type":"Feature","geometry":{"type":"LineString","coordinates":[[-70.90817969891324,41.103386795358894],[-70.90773081010308,41.10322571361276],[-70.90713525821843,41.103444601218285],[-70.90797208224105,41.10372701066258],[-70.90817969891324,41.103386795358894]]},"properties":{"kind":"street","cls":"grid"}},{"type":"Feature","geometry":{"type":"LineString","coordinates":[[-70.90790956747853,41.10382402762752],[-70.90696772379334,41.10350617638931],[-70.90656462808604,41.10365432914718],[-70.90647312211104,41.10379483071326],[-70.90678092997135,41.103978908148406],[-70.90760372478387,41.10427573710867],[-70.90790956747853,41.10382402762752]]},"properties":{"kind":"street","cls":"grid"}},{"type":"Feature","geometry":{"type":"LineString","coordinates":[[-70.90754072293193,41.1043725228127],[-70.90637203794262,41.103950911561675],[-70.90614658940838,41.104303448061685],[-70.90719418716772,41.10468486958406],[-70.90739898973705,41.104570014102215],[-70.90748148426339,41.10446720028649],[-70.90754072293193,41.1043725228127]]},"properties":{"kind":"street","cls":"grid"}},{"type":"Feature","geometry":{"type":"LineString","coordinates":[[-70.90720702330857,41.10480926392737],[-70.90608400985445,41.104400384185595],[-70.90584593108264,41.10476570315741],[-70.9068767189653,41.10515077118719],[-70.9071218931545,41.1049153625543],[-70.90720702330857,41.10480926392737]]},"properties":{"kind":"street","cls":"grid"}},{"type":"Feature","geometry":{"type":"LineString","coordinates":[[-70.90677313153653,41.105232391041824],[-70.90578222300395,41.104862220609334],[-70.90552354142753,41.105249178984955],[-70.90627515471998,41.105527287628696],[-70.90655341655888,41.1053951200007],[-70.90677313153653,41.105232391041824]]},"properties":{"kind":"street","cls":"grid"}},{"type":"Feature","geometry":{"type":"LineString","coordinates":[[-70.90610905869032,41.10558592141343],[-70.90546138647187,41.105346272588605],[-70.9054406008684,41.10538019944463],[-70.90543592979361,41.1054540274575],[-70.90543592979361,41.105748624521674],[-70.9057932831847,41.10567390827544],[-70.90610905869032,41.10558592141343]]},"properties":{"kind":"street","cls":"grid"}},{"type":"Feature","geometry":{"type":"LineString","coordinates":[[-70.90857549821168,41.097873063717266],[-70.90851945911155,41.09796200772545],[-70.90895908347478,41.09813667481663],[-70.90872876539902,41.097960185295484],[-70.90857549821168,41.097873063717266]]},"properties":{"kind":"street","cls":"grid"}},{"type":"Feature","geometry":{"type":"LineString","coordinates":[[-70.90975283545735,41.098573903524816],[-70.90845721095596,41.09805913914447],[-70.90824121592811,41.098390925454176],[-70.90922917305907,41.09874921841396],[-70.9096503550972,41.09880765254108],[-70.90978602407947,41.09860524968391],[-70.90975283545735,41.098573903524816]]},"properties":{"kind":"street","cls":"grid"}},{"type":"Feature","geometry":{"type":"LineString","coordinates":[[-70.90948917067992,41.09896314115323],[-70.9082204525314,41.098503027281566],[-70.90801096239481,41.0988156691029],[-70.9092597626641,41.099272858061056],[-70.90948917067992,41.09896314115323]]},"properties":{"kind":"street","cls":"grid"}},{"type":"Feature","geometry":{"type":"LineString","coordinates":[[-70.90919462636336,41.09936885773666],[-70.90794410186118,41.09891103753245],[-70.9077288549173,41.099203253727204],[-70.9087851409816,41.099606025174396],[-70.90902975666798,41.099633662046806],[-70.90919462636336,41.09936885773666]]},"properties":{"kind":"street","cls":"grid"}},{"type":"Feature","geometry":{"type":"LineString","coordinates":[[-70.90893515469989,41.09978403943039],[-70.90766209108016,41.09929860873713],[-70.90740877937358,41.099680957675524],[-70.90870112200376,41.10014770596521],[-70.90893515469989,41.09978403943039]]},"properties":{"kind":"street","cls":"grid"}},{"type":"Feature","geometry":{"type":"LineString","coordinates":[[-70.90863739889771,41.10024423068732],[-70.90734575822015,41.099777735918],[-70.9071309134718,41.100113643228916],[-70.90838887135479,41.10061177718661],[-70.90863739889771,41.10024423068732]]},"properties":{"kind":"street","cls":"grid"}},{"type":"Feature","geometry":{"type":"LineString","coordinates":[[-70.90832281310176,41.10070739405948],[-70.90706850948206,41.1002107071396],[-70.90682293341338,41.10059091495879],[-70.90807784860876,41.10105443227409],[-70.90832281310176,41.10070739405948]]},"properties":{"kind":"street","cls":"grid"}},{"type":"Feature","geometry":{"type":"LineString","coordinates":[[-70.90801348389643,41.10115070912252],[-70.90676026540689,41.100687818504966],[-70.90650603454597,41.10108045019683],[-70.907761568988,41.10154845730747],[-70.90801348389643,41.10115070912252]]},"properties":{"kind":"street","cls":"grid"}},{"type":"Feature","geometry":{"type":"LineString","coordinates":[[-70.9076968013674,41.101644579993774],[-70.90644297464124,41.10117720944327],[-70.90622190728295,41.101514251101655],[-70.90745955416666,41.10197692120816],[-70.9076968013674,41.101644579993774]]},"properties":{"kind":"street","cls":"grid"}},{"type":"Feature","geometry":{"type":"LineString","coordinates":[[-70.90739207337917,41.102072028266086],[-70.90615779072239,41.10161061581009],[-70.90595753634211,41.10190729247433],[-70.90692263575323,41.102254508048695],[-70.90723777737497,41.10229069749744],[-70.90739207337917,41.102072028266086]]},"properties":{"kind":"street","cls":"grid"}},{"type":"Feature","geometry":{"type":"LineString","coordinates":[[-70.90672942186535,41.10230444841258],[-70.90584840097084,41.1019874819194],[-70.90562051584166,41.10230941282],[-70.90615394895534,41.102515956243494],[-70.90672942186535,41.10230444841258]]},"properties":{"kind":"street","cls":"grid"}},{"type":"Feature","geometry":{"type":"LineString","coordinates":[[-70.9071739098622,41.102464362669444],[-70.90689432569397,41.1023637761636],[-70.90685666961178,41.10237761618305],[-70.90704705113843,41.10267176209912],[-70.9071739098622,41.102464362669444]]},"properties":{"kind":"street","cls":"grid"}},{"type":"Feature","geometry":{"type":"LineString","coordinates":[[-70.90599336885427,41.102574975440184],[-70.9056675191416,41.102448807578696],[-70.90552503729262,41.10245301877584],[-70.90543592979361,41.102591451123224],[-70.90543592979361,41.10277985515656],[-70.90599336885427,41.102574975440184]]},"properties":{"kind":"street","cls":"grid"}},{"type":"Feature","geometry":{"type":"LineString","coordinates":[[-70.90543592979361,41.10374815333785],[-70.90543592979361,41.10404073302057],[-70.90568497571837,41.104132937738775],[-70.90543592979361,41.10374815333785]]},"properties":{"kind":"street","cls":"grid"}},{"type":"Feature","geometry":{"type":"LineString","coordinates":[[-70.90624393392652,41.103902919681666],[-70.90607115753606,41.103835698041934],[-70.9057323475345,41.103960223397124],[-70.90589429216254,41.10421043334031],[-70.9060179903208,41.10425623033071],[-70.90624393392652,41.103902919681666]]},"properties":{"kind":"street","cls":"grid"}},{"type":"Feature","geometry":{"type":"LineString","coordinates":[[-70.90595541109582,41.10435316705312],[-70.90543592979361,41.104160838561384],[-70.90543592979361,41.10462186962516],[-70.90571685302496,41.104719221483336],[-70.90595541109582,41.10435316705312]]},"properties":{"kind":"street","cls":"grid"}},{"type":"Feature","geometry":{"type":"LineString","coordinates":[[-70.90565309414876,41.10481577653488],[-70.90543592979361,41.10474051984143],[-70.90543592979361,41.105031067368984],[-70.90549539610058,41.10505167497575],[-70.90565309414876,41.10481577653488]]},"properties":{"kind":"street","cls":"grid"}},{"type":"Feature","geometry":{"type":"LineString","coordinates":[[-70.90758785671095,41.09761804859579],[-70.90839180749585,41.097913275663494],[-70.90846118722449,41.097803157707666],[-70.90828335046133,41.09761887005653],[-70.90820127357507,41.09755597568619],[-70.90761523301522,41.09760517918029],[-70.90758785671095,41.09761804859579]]},"properties":{"kind":"street","cls":"grid"}},{"type":"Feature","geometry":{"type":"LineString","coordinates":[[-70.90832962992518,41.098010358997044],[-70.90742809760529,41.09767929800645],[-70.9068890124171,41.09766615207767],[-70.90647244597207,41.09770112666138],[-70.90646071981392,41.09772060654771],[-70.90672112551412,41.09782260017588],[-70.90811270679916,41.09834357094267],[-70.90832962992518,41.098010358997044]]},"properties":{"kind":"street","cls":"grid"}},{"type":"Feature","geometry":{"type":"LineString","coordinates":[[-70.9080062592974,41.09842408780509],[-70.90643803696632,41.097836987361106],[-70.90622589441469,41.098137441617745],[-70.90779732740023,41.09873589651328],[-70.9080062592974,41.09842408780509]]},"properties":{"kind":"street","cls":"grid"}},{"type":"Feature","geometry":{"type":"LineString","coordinates":[[-70.90773026928491,41.098831140501765],[-70.9065303587216,41.098374173925755],[-70.90611142813316,41.098307493485535],[-70.90595254794628,41.098548183743006],[-70.90751516401133,41.09912316436693],[-70.90773026928491,41.098831140501765]]},"properties":{"kind":"street","cls":"grid"}},{"type":"Feature","geometry":{"type":"LineString","coordinates":[[-70.9074485970552,41.0992186329799],[-70.90588987058763,41.098645083573295],[-70.90565193053482,41.09902057017601],[-70.90719464179777,41.09960195329459],[-70.9074485970552,41.0992186329799]]},"properties":{"kind":"street","cls":"grid"}},{"type":"Feature","geometry":{"type":"LineString","coordinates":[[-70.9071742762249,41.099714804890894],[-70.90554695547763,41.09910153600922],[-70.90543592979361,41.099272199761266],[-70.90543592979361,41.09950119877579],[-70.90696073399127,41.10004867573491],[-70.9071742762249,41.099714804890894]]},"properties":{"kind":"street","cls":"grid"}},{"type":"Feature","geometry":{"type":"LineString","coordinates":[[-70.90689837394942,41.10014569418921],[-70.90543592979361,41.09962060744002],[-70.90543592979361,41.100076867664654],[-70.90665171119194,41.10052758445071],[-70.90689837394942,41.10014569418921]]},"properties":{"kind":"street","cls":"grid"}},{"type":"Feature","geometry":{"type":"LineString","coordinates":[[-70.90658904338405,41.10062448859537],[-70.90543592979361,41.100197004137925],[-70.90543592979361,41.100681215253],[-70.90633508233402,41.101016703593885],[-70.90658904338405,41.10062448859537]]},"properties":{"kind":"street","cls":"grid"}},{"type":"Feature","geometry":{"type":"LineString","coordinates":[[-70.9062720249784,41.10111346393229],[-70.90543592979361,41.10080150330964],[-70.90543592979361,41.10121401222706],[-70.9060513613955,41.10144988999041],[-70.9062720249784,41.10111346393229]]},"properties":{"kind":"street","cls":"grid"}},{"type":"Feature","geometry":{"type":"LineString","coordinates":[[-70.90598724334613,41.101546255043324],[-70.90543592979361,41.10133495193949],[-70.90543592979361,41.101708807669134],[-70.9057862537852,41.10184402087698],[-70.90598724334613,41.101546255043324]]},"properties":{"kind":"street","cls":"grid"}},{"type":"Feature","geometry":{"type":"LineString","coordinates":[[-70.90572014937915,41.10193962172601],[-70.90543592979361,41.10182992258232],[-70.90543592979361,41.102240349272456],[-70.90549256076268,41.10226113374626],[-70.90572014937915,41.10193962172601]]},"properties":{"kind":"street","cls":"grid"}},{"type":"Feature","geometry":{"type":"LineString","coordinates":[[-70.90626689267282,41.09777338471055],[-70.90543592979361,41.097468168659],[-70.90543592979361,41.09784121480809],[-70.90605539088907,41.098072931457416],[-70.90626689267282,41.09777338471055]]},"properties":{"kind":"street","cls":"grid"}},{"type":"Feature","geometry":{"type":"LineString","coordinates":[[-70.90598995073982,41.09816880093991],[-70.90543592979361,41.097961562941826],[-70.90543592979361,41.098355983398804],[-70.90578132465411,41.09848485209311],[-70.90598995073982,41.09816880093991]]},"properties":{"kind":"street","cls":"grid"}},{"type":"Feature","geometry":{"type":"LineString","coordinates":[[-70.90571863857755,41.09858175095327],[-70.90543592979361,41.09847627077385],[-70.90543592979361,41.09893928345499],[-70.90548127644648,41.098956325553715],[-70.90571863857755,41.09858175095327]]},"properties":{"kind":"street","cls":"grid"}},{"type":"Feature","geometry":{"type":"LineString","coordinates":[[-70.89189094513938,41.09870289040014],[-70.89212644846288,41.09890517418155],[-70.8935631087887,41.09798020249131],[-70.89293359777125,41.09774584557351],[-70.89267159012445,41.0977256088756],[-70.89241683721083,41.09792704470533],[-70.89189094513938,41.09870289040014]]},"properties":{"kind":"street","cls":"grid"}},{"type":"Feature","geometry":{"type":"LineString","coordinates":[[-70.89383762224018,41.097992507842136],[-70.89225078492629,41.09901416868012],[-70.89289235216845,41.09958810513045],[-70.89477864638246,41.09834941748189],[-70.89477864638246,41.09807238597104],[-70.89449209635568,41.09798964174276],[-70.89383762224018,41.097992507842136]]},"properties":{"kind":"street","cls":"grid"}},{"type":"Feature","geometry":{"type":"LineString","coordinates":[[-70.89477864638246,41.09854006444595],[-70.89301568250058,41.099697763795895],[-70.89371696375632,41.100317412565595],[-70.89477864638246,41.0996250726399],[-70.89477864638246,41.09854006444595]]},"properties":{"kind":"street","cls":"grid"}},{"type":"Feature","geometry":{"type":"LineString","coordinates":[[-70.89477864638246,41.09981514906067],[-70.8938401819853,41.10042713644277],[-70.89443244495048,41.100958746772676],[-70.89477864638246,41.1007362683289],[-70.89477864638246,41.09981514906067]]},"properties":{"kind":"street","cls":"grid"}},{"type":"Feature","geometry":{"type":"LineString","coordinates":[[-70.89477864638246,41.100925165427014],[-70.89455314942661,41.10107007589583],[-70.89477864638246,41.10128407386042],[-70.89477864638246,41.100925165427014]]},"properties":{"kind":"street","cls":"grid"}},{"type":"Feature","geometry":{"type":"LineString","coordinates":[[-70.89073867729083,41.09981071515774],[-70.89198186561417,41.098998927713396],[-70.89168559201413,41.098744445766975],[-70.8915451629595,41.09881281230789],[-70.89073867729083,41.09981071515774]]},"properties":{"kind":"street","cls":"grid"}},{"type":"Feature","geometry":{"type":"LineString","coordinates":[[-70.8921062011216,41.09910792345267],[-70.89052043276449,41.10014341165487],[-70.89046835246575,41.100430447054826],[-70.89041430055852,41.100750344757884],[-70.89067540362487,41.100981548511164],[-70.89274716928074,41.0996813239723],[-70.8921062011216,41.09910792345267]]},"properties":{"kind":"street","cls":"grid"}},{"type":"Feature","geometry":{"type":"LineString","coordinates":[[-70.8928201105807,41.099822595644476],[-70.89084736201205,41.10106067780436],[-70.89154090450569,41.10171095188475],[-70.89352218556337,41.100442945747496],[-70.8928201105807,41.099822595644476]]},"properties":{"kind":"street","cls":"grid"}},{"type":"Feature","geometry":{"type":"LineString","coordinates":[[-70.89382027047695,41.10070964079265],[-70.89305927671559,41.1009277756811],[-70.89166181776544,41.10182213971818],[-70.89225281700729,41.102354560389514],[-70.89423723932431,41.101083908574935],[-70.89382027047695,41.10070964079265]]},"properties":{"kind":"street","cls":"grid"}},{"type":"Feature","geometry":{"type":"LineString","coordinates":[[-70.89356364489416,41.101703830997835],[-70.89232395934185,41.10249761802746],[-70.89296183065285,41.10309350069159],[-70.894533068082,41.10209225634275],[-70.89356364489416,41.101703830997835]]},"properties":{"kind":"street","cls":"grid"}},{"type":"Feature","geometry":{"type":"LineString","coordinates":[[-70.89440782273783,41.10116329277687],[-70.89400344955895,41.1014222182632],[-70.89477864638246,41.10173282161716],[-70.89477864638246,41.10151520664141],[-70.89440782273783,41.10116329277687]]},"properties":{"kind":"street","cls":"grid"}},{"type":"Feature","geometry":{"type":"LineString","coordinates":[[-70.89384707456702,41.101522347235516],[-70.89372001988609,41.10160370202552],[-70.89464504341281,41.10197433745794],[-70.89471779821088,41.10187122596663],[-70.89384707456702,41.101522347235516]]},"properties":{"kind":"street","cls":"grid"}},{"type":"Feature","geometry":{"type":"LineString","coordinates":[[-70.89471442404697,41.10216492146375],[-70.89308072086432,41.10320597105241],[-70.89362817387789,41.10373083871873],[-70.89462818640177,41.103096987084434],[-70.89477864638246,41.10289556012031],[-70.89477864638246,41.10219065386126],[-70.89471442404697,41.10216492146375]]},"properties":{"kind":"street","cls":"grid"}},{"type":"Feature","geometry":{"type":"LineString","coordinates":[[-70.89477864638246,41.10318943332782],[-70.89374853825282,41.10384236087209],[-70.89433319297056,41.10436539749799],[-70.89477864638246,41.10407426372234],[-70.89477864638246,41.10318943332782]]},"properties":{"kind":"street","cls":"grid"}},{"type":"Feature","geometry":{"type":"LineString","coordinates":[[-70.89477864638246,41.104264521430345],[-70.89452611867847,41.10442956527547],[-70.89452611867847,41.10454467511973],[-70.89477864638246,41.104783598672334],[-70.89477864638246,41.104264521430345]]},"properties":{"kind":"street","cls":"grid"}},{"type":"Feature","geometry":{"type":"LineString","coordinates":[[-70.89065031467688,41.10118422691401],[-70.89047585634378,41.10129344363969],[-70.89088918688327,41.101742016531716],[-70.89115959941485,41.10194892973384],[-70.89134439835895,41.10183500841942],[-70.89065031467688,41.10118422691401]]},"properties":{"kind":"street","cls":"grid"}},{"type":"Feature","geometry":{"type":"LineString","coordinates":[[-70.89146533379987,41.10194615395751],[-70.89125298494858,41.10207705871117],[-70.89131980117303,41.10220934686143],[-70.8917446224367,41.102670390226585],[-70.89205630701262,41.10247855117969],[-70.89146533379987,41.10194615395751]]},"properties":{"kind":"street","cls":"grid"}},{"type":"Feature","geometry":{"type":"LineString","coordinates":[[-70.89217738050603,41.10258961196388],[-70.89194869841731,41.10273036372809],[-70.8918615621836,41.103281969006396],[-70.89204801081553,41.10365111504603],[-70.89281477687501,41.103185050949634],[-70.89217738050603,41.10258961196388]]},"properties":{"kind":"street","cls":"grid"}},{"type":"Feature","geometry":{"type":"LineString","coordinates":[[-70.89293358481835,41.103297495473285],[-70.89210318764563,41.10380223652587],[-70.8924648921448,41.104229349230536],[-70.89266592643408,41.10433757752199],[-70.89348196908729,41.10382325597575],[-70.89293358481835,41.103297495473285]]},"properties":{"kind":"street","cls":"grid"}},{"type":"Feature","geometry":{"type":"LineString","coordinates":[[-70.89360240212218,41.10393472695121],[-70.89269807038123,41.10450469384876],[-70.8929064225459,41.104750723015606],[-70.89319419775293,41.10501510276717],[-70.8932432135919,41.10505064610989],[-70.89418783034021,41.10445845555644],[-70.89360240212218,41.10393472695121]]},"properties":{"kind":"street","cls":"grid"}},{"type":"Feature","geometry":{"type":"LineString","coordinates":[[-70.89430868385655,41.1045696570852],[-70.89338149679035,41.10515092078062],[-70.89351243520566,41.10524586945574],[-70.89386212854788,41.10541067156942],[-70.89428980884159,41.10552856428603],[-70.89444689748503,41.105565553347795],[-70.89477864638246,41.10535920688002],[-70.89477864638246,41.105014301829144],[-70.89430868385655,41.1045696570852]]},"properties":{"kind":"street","cls":"grid"}},{"type":"Feature","geometry":{"type":"LineString","coordinates":[[-70.91021461665167,41.09922440993954],[-70.91026407522178,41.0995134842524],[-70.91023172282193,41.0997880969717],[-70.91010068345102,41.10010233024316],[-70.91003747715568,41.10046920496339],[-70.9100606751018,41.1008483759994],[-70.91019131194956,41.10121323429224],[-70.91038382108582,41.10147742311223],[-70.91037100983496,41.10162234815878],[-70.91015307207935,41.10183762200722],[-70.90989514435788,41.1021026847847],[-70.90960609024364,41.10239943162156],[-70.90944968791128,41.10277601462813],[-70.90946126039339,41.10313053019937],[-70.90941372193377,41.10342322648915],[-70.90931634189496,41.10369240348996],[-70.90911830238113,41.10390974245688],[-70.90879163028528,41.104107173347295],[-70.90841984972836,41.10424732658451],[-70.90791766943633,41.104346319875035],[-70.90745294133482,41.1046069443887],[-70.90718084733874,41.10494605806344],[-70.90690782441506,41.105208206185246],[-70.90659806524177,41.10543762517301],[-70.90624405274791,41.105605772525806],[-70.90581528585227,41.10572524301357],[-70.90535947042017,41.10582054592355],[-70.90487895203488,41.105887831711584],[-70.90438350145281,41.10595840528356],[-70.90386505095414,41.10603388846212],[-70.90335015266086,41.10616901450228],[-70.9029326064889,41.10633661856581],[-70.90254718909743,41.10637244599065],[-70.90204842602226,41.106292200109905],[-70.90148912335233,41.10622899347602],[-70.90090568330207,41.10618821585631],[-70.90031099116891,41.10622785206666],[-70.8997566084659,41.10634299262965],[-70.89922972607748,41.10644855189356],[-70.89874518148474,41.10654391497775],[-70.89832182782979,41.10652526142618],[-70.89783494817465,41.10638198492414],[-70.89726122565773,41.10628822341267],[-70.89672632281032,41.10626476044187],[-70.89628170221236,41.10616874558771],[-70.89581846455003,41.10597724714527],[-70.8952819393991,41.10581701867255],[-70.8947452385102,41.10571109447145],[-70.8942591885189,41.10559664613989],[-70.8938200087341,41.105475583517475],[-70.8934534569225,41.10530283641013],[-70.8931240243124,41.10506395166578],[-70.89282908553103,41.104792990721826],[-70.89255208947357,41.104465904562936],[-70.89217353239378,41.104160814414364],[-70.89179462637375,41.103956827565575],[-70.89168550362699,41.103788513501065],[-70.89173419790032,41.10348026035478],[-70.89166469336043,41.10309422183643],[-70.89148771381004,41.10274382344813],[-70.8913048522491,41.10242211219384],[-70.89109802527345,41.10209466365893],[-70.89081550906054,41.10178805888972],[-70.8905151737805,41.1015582495161],[-70.89036959625969,41.10133515420619],[-70.89031728433893,41.101048574183054],[-70.89031527304083,41.10074363206739],[-70.89037380470552,41.10042104060403],[-70.89043130053636,41.100080760581186],[-70.89048157521371,41.09975842722499],[-70.89058989028536,41.099468598753184],[-70.89075148287164,41.0992003226554],[-70.89095618899124,41.09901399033013],[-70.89128057374211,41.0988560667195],[-70.89159963685177,41.09860724565648],[-70.89181579655613,41.09833978103387],[-70.8920388203732,41.098121778715374],[-70.89233822276569,41.09788503806933],[-70.89255750723407,41.09756152889325],[-70.89261288493091,41.09728957943687],[-70.89235563402607,41.0973454062735],[-70.8925515963409,41.09752347567205],[-70.89296042446423,41.097675675865915],[-70.89336854941685,41.09770719823359],[-70.89370117871441,41.097742305791485],[-70.89400991451366,41.09778696037443],[-70.89429694126567,41.097856327927595],[-70.89450947500339,41.09791769920125],[-70.89515376275344,41.097914877710416],[-70.8950989783119,41.0982209133544],[-70.89514443883901,41.09840979837372],[-70.89529476306512,41.098608590570485],[-70.8954904020618,41.09878979240099],[-70.89576416639724,41.09896509920541],[-70.89602975732996,41.09919821958768],[-70.89620590447089,41.099417071150995],[-70.89607683567534,41.09993739950358],[-70.8964282525221,41.10004504740956],[-70.89706766262996,41.0998096182336],[-70.8973235322337,41.10000953627092],[-70.89725335199553,41.10054454576152],[-70.89763502860148,41.10068049350597],[-70.89804230005952,41.10075539410145],[-70.89848505769879,41.10076584775133],[-70.89891946644414,41.10067074599464],[-70.89924253484863,41.10050928009909],[-70.89951649081654,41.10043599593156],[-70.89986547903807,41.10041289043328],[-70.90025393455615,41.1003697566539],[-70.90060254199561,41.10031585770949],[-70.9009177156338,41.10030882857324],[-70.90130221424825,41.10034859441429],[-70.90174643962636,41.10030664707411],[-70.90215897535732,41.10018252905385],[-70.90252500774477,41.10002133583809],[-70.90285222560891,41.0998248266676],[-70.90314784357841,41.09961308135136],[-70.90342402155812,41.09937754731738],[-70.90311826006517,41.098882058109005],[-70.9032726032934,41.09863829882117],[-70.90341939594889,41.098396963968526],[-70.90355088628341,41.098168827180054],[-70.90368224400221,41.09793851143953],[-70.90382945609566,41.09768201449898],[-70.90451515950447,41.097767662898384],[-70.90475082234421,41.09762765586368],[-70.90501205047951,41.09746222447202],[-70.90518633323663,41.09733217198212],[-70.90529766827554,41.09732767602951],[-70.9056059574154,41.09744447459082],[-70.90601830743356,41.097543988518474],[-70.90644916810676,41.097601499068595],[-70.90688619462311,41.09761215623296],[-70.90733507681647,41.09757446844501],[-70.90776733662402,41.09747014961556],[-70.90804642535554,41.09733895189025],[-70.90811746438304,41.09735532132112],[-70.90833807336398,41.0975839327184],[-70.90867136495378,41.097839329403584],[-70.90903138050925,41.09805732328016],[-70.90938642152491,41.09826650271183],[-70.90971906768851,41.098455588577266],[-70.90994455044175,41.098668553678166],[-70.91010585583614,41.09893775482754],[-70.91021461665167,41.09922440993954]]},"properties":{"kind":"street","cls":"shore"}},{"type":"Feature","geometry":{"type":"Point","coordinates":[-70.9025874587137,41.102850126389846]},"properties":{"kind":"tree"}},{"type":"Feature","geometry":{"type":"Point","coordinates":[-70.90264972057942,41.103063824993825]},"properties":{"kind":"tree"}},{"type":"Feature","geometry":{"type":"Point","coordinates":[-70.90260112558612,41.10322042286319]},"properties":{"kind":"tree"}},{"type":"Feature","geometry":{"type":"Point","coordinates":[-70.90261702190702,41.10347822804997]},"properties":{"kind":"tree"}},{"type":"Feature","geometry":{"type":"Point","coordinates":[-70.90243750100312,41.10288810947639]},"properties":{"kind":"tree"}},{"type":"Feature","geometry":{"type":"Point","coordinates":[-70.90237478172169,41.10300488841611]},"properties":{"kind":"tree"}},{"type":"Feature","geometry":{"type":"Point","coordinates":[-70.90244810712657,41.10319425694209]},"properties":{"kind":"tree"}},{"type":"Feature","geometry":{"type":"Point","coordinates":[-70.90238795481528,41.103382966264654]},"properties":{"kind":"tree"}},{"type":"Feature","geometry":{"type":"Point","coordinates":[-70.90248719720665,41.10353128646947]},"properties":{"kind":"tree"}},{"type":"Feature","geometry":{"type":"Point","coordinates":[-70.90249997700681,41.10366461634409]},"properties":{"kind":"tree"}},{"type":"Feature","geometry":{"type":"Point","coordinates":[-70.90238332208325,41.10380158527866]},"properties":{"kind":"tree"}},{"type":"Feature","geometry":{"type":"Point","coordinates":[-70.90236070358,41.103977078634365]},"properties":{"kind":"tree"}},{"type":"Feature","geometry":{"type":"Point","coordinates":[-70.9023849384421,41.10427489075965]},"properties":{"kind":"tree"}},{"type":"Feature","geometry":{"type":"Point","coordinates":[-70.90235767037409,41.10444163696829]},"properties":{"kind":"tree"}},{"type":"Feature","geometry":{"type":"Point","coordinates":[-70.90217845741115,41.10270031249645]},"properties":{"kind":"tree"}},{"type":"Feature","geometry":{"type":"Point","coordinates":[-70.90215652505621,41.103309995638895]},"properties":{"kind":"tree"}},{"type":"Feature","geometry":{"type":"Point","coordinates":[-70.902278867168,41.103820587897616]},"properties":{"kind":"tree"}},{"type":"Feature","geometry":{"type":"Point","coordinates":[-70.90222934392247,41.10395752969428]},"properties":{"kind":"tree"}},{"type":"Feature","geometry":{"type":"Point","coordinates":[-70.90219834754872,41.10444269241992]},"properties":{"kind":"tree"}},{"type":"Feature","geometry":{"type":"Point","coordinates":[-70.90197781652482,41.10277099353417]},"properties":{"kind":"tree"}},{"type":"Feature","geometry":{"type":"Point","coordinates":[-70.90204408187321,41.1028417096001]},"properties":{"kind":"tree"}},{"type":"Feature","geometry":{"type":"Point","coordinates":[-70.90200771141204,41.103058481596115]},"properties":{"kind":"tree"}},{"type":"Feature","geometry":{"type":"Point","coordinates":[-70.9020196833155,41.103149057356234]},"properties":{"kind":"tree"}},{"type":"Feature","geometry":{"type":"Point","coordinates":[-70.9019579558713,41.10349080030953]},"properties":{"kind":"tree"}},{"type":"Feature","geometry":{"type":"Point","coordinates":[-70.901972081465,41.10369465833876]},"properties":{"kind":"tree"}},{"type":"Feature","geometry":{"type":"Point","coordinates":[-70.90200608746036,41.103783198734654]},"properties":{"kind":"tree"}},{"type":"Feature","geometry":{"type":"Point","coordinates":[-70.90197687715116,41.104241860407384]},"properties":{"kind":"tree"}},{"type":"Feature","geometry":{"type":"Point","coordinates":[-70.9019871034901,41.104393272141785]},"properties":{"kind":"tree"}},{"type":"Feature","geometry":{"type":"Point","coordinates":[-70.90181384278112,41.10271321970442]},"properties":{"kind":"tree"}},{"type":"Feature","geometry":{"type":"Point","coordinates":[-70.90184049379639,41.10284021741342]},"properties":{"kind":"tree"}},{"type":"Feature","geometry":{"type":"Point","coordinates":[-70.90178644115092,41.10321854913847]},"properties":{"kind":"tree"}},{"type":"Feature","geometry":{"type":"Point","coordinates":[-70.90188316786643,41.10330282954054]},"properties":{"kind":"tree"}},{"type":"Feature","geometry":{"type":"Point","coordinates":[-70.90178640322902,41.10346486067846]},"properties":{"kind":"tree"}},{"type":"Feature","geometry":{"type":"Point","coordinates":[-70.90176600636222,41.103790403633425]},"properties":{"kind":"tree"}},{"type":"Feature","geometry":{"type":"Point","coordinates":[-70.9017762369597,41.103914952495415]},"properties":{"kind":"tree"}},{"type":"Feature","geometry":{"type":"Point","coordinates":[-70.90178706803495,41.104063306320704]},"properties":{"kind":"tree"}},{"type":"Feature","geometry":{"type":"Point","coordinates":[-70.90156181522602,41.102916275776344]},"properties":{"kind":"tree"}},{"type":"Feature","geometry":{"type":"Point","coordinates":[-70.9015479458143,41.10307640028015]},"properties":{"kind":"tree"}},{"type":"Feature","geometry":{"type":"Point","coordinates":[-70.90155934111466,41.10315538718751]},"properties":{"kind":"tree"}},{"type":"Feature","geometry":{"type":"Point","coordinates":[-70.90164588597406,41.103542812579896]},"properties":{"kind":"tree"}},{"type":"Feature","geometry":{"type":"Point","coordinates":[-70.90167295782813,41.1036081477898]},"properties":{"kind":"tree"}},{"type":"Feature","geometry":{"type":"Point","coordinates":[-70.90155533747107,41.10377972492297]},"properties":{"kind":"tree"}},{"type":"Feature","geometry":{"type":"Point","coordinates":[-70.90156026629428,41.103981672924085]},"properties":{"kind":"tree"}},{"type":"Feature","geometry":{"type":"Point","coordinates":[-70.9016654898286,41.10427144541203]},"properties":{"kind":"tree"}},{"type":"Feature","geometry":{"type":"Point","coordinates":[-70.90162872808772,41.104389836891805]},"properties":{"kind":"tree"}},{"type":"Feature","geometry":{"type":"Point","coordinates":[-70.90144345321865,41.10258916276765]},"properties":{"kind":"tree"}},{"type":"Feature","geometry":{"type":"Point","coordinates":[-70.90135934353631,41.10275004161222]},"properties":{"kind":"tree"}},{"type":"Feature","geometry":{"type":"Point","coordinates":[-70.90141438383368,41.10307260747662]},"properties":{"kind":"tree"}},{"type":"Feature","geometry":{"type":"Point","coordinates":[-70.90147092807105,41.10315777384296]},"properties":{"kind":"tree"}},{"type":"Feature","geometry":{"type":"Point","coordinates":[-70.90139464433688,41.10329753392012]},"properties":{"kind":"tree"}},{"type":"Feature","geometry":{"type":"Point","coordinates":[-70.90140836031735,41.10359665661768]},"properties":{"kind":"tree"}},{"type":"Feature","geometry":{"type":"Point","coordinates":[-70.90136040886345,41.10383850017974]},"properties":{"kind":"tree"}},{"type":"Feature","geometry":{"type":"Point","coordinates":[-70.9013599898861,41.103989754588795]},"properties":{"kind":"tree"}},{"type":"Feature","geometry":{"type":"Point","coordinates":[-70.90147504357928,41.10429175891341]},"properties":{"kind":"tree"}},{"type":"Feature","geometry":{"type":"Point","coordinates":[-70.90123891869708,41.10254949199458]},"properties":{"kind":"tree"}},{"type":"Feature","geometry":{"type":"Point","coordinates":[-70.90119396867685,41.10273294449247]},"properties":{"kind":"tree"}},{"type":"Feature","geometry":{"type":"Point","coordinates":[-70.90118893199438,41.1028644439484]},"properties":{"kind":"tree"}},{"type":"Feature","geometry":{"type":"Point","coordinates":[-70.90128192359303,41.10302744450042]},"properties":{"kind":"tree"}},{"type":"Feature","geometry":{"type":"Point","coordinates":[-70.90123801047122,41.1033141484547]},"properties":{"kind":"tree"}},{"type":"Feature","geometry":{"type":"Point","coordinates":[-70.90124346770041,41.10354295399245]},"properties":{"kind":"tree"}},{"type":"Feature","geometry":{"type":"Point","coordinates":[-70.90124536801528,41.103808895212396]},"properties":{"kind":"tree"}},{"type":"Feature","geometry":{"type":"Point","coordinates":[-70.90121713843115,41.10397715393786]},"properties":{"kind":"tree"}},{"type":"Feature","geometry":{"type":"Point","coordinates":[-70.90124084541112,41.10411345352262]},"properties":{"kind":"tree"}},{"type":"Feature","geometry":{"type":"Point","coordinates":[-70.9010612721183,41.10260601788686]},"properties":{"kind":"tree"}},{"type":"Feature","geometry":{"type":"Point","coordinates":[-70.90102812824479,41.10278341451906]},"properties":{"kind":"tree"}},{"type":"Feature","geometry":{"type":"Point","coordinates":[-70.90099130231965,41.10291264095087]},"properties":{"kind":"tree"}},{"type":"Feature","geometry":{"type":"Point","coordinates":[-70.90101301460997,41.10316593064428]},"properties":{"kind":"tree"}},{"type":"Feature","geometry":{"type":"Point","coordinates":[-70.90106452449693,41.10375374506135]},"properties":{"kind":"tree"}},{"type":"Feature","geometry":{"type":"Point","coordinates":[-70.90105284499926,41.10390267466177]},"properties":{"kind":"tree"}},{"type":"Feature","geometry":{"type":"Point","coordinates":[-70.90099841360217,41.104118676760066]},"properties":{"kind":"tree"}},{"type":"Feature","geometry":{"type":"Point","coordinates":[-70.90086071150053,41.10255903292443]},"properties":{"kind":"tree"}},{"type":"Feature","geometry":{"type":"Point","coordinates":[-70.90079807281668,41.1026957290208]},"properties":{"kind":"tree"}},{"type":"Feature","geometry":{"type":"Point","coordinates":[-70.90075931018973,41.10290997224651]},"properties":{"kind":"tree"}},{"type":"Feature","geometry":{"type":"Point","coordinates":[-70.90079705195815,41.10305540149178]},"properties":{"kind":"tree"}},{"type":"Feature","geometry":{"type":"Point","coordinates":[-70.90075848830872,41.1032285354436]},"properties":{"kind":"tree"}},{"type":"Feature","geometry":{"type":"Point","coordinates":[-70.90075574717537,41.103347501084855]},"properties":{"kind":"tree"}},{"type":"Feature","geometry":{"type":"Point","coordinates":[-70.90085060564647,41.103814645730964]},"properties":{"kind":"tree"}},{"type":"Feature","geometry":{"type":"Point","coordinates":[-70.90086781918946,41.10405768397752]},"properties":{"kind":"tree"}},{"type":"Feature","geometry":{"type":"Point","coordinates":[-70.9005475050508,41.102583834208154]},"properties":{"kind":"tree"}},{"type":"Feature","geometry":{"type":"Point","coordinates":[-70.90062762790197,41.103136463820015]},"properties":{"kind":"tree"}},{"type":"Feature","geometry":{"type":"Point","coordinates":[-70.90053954192662,41.10375246273614]},"properties":{"kind":"tree"}},{"type":"Feature","geometry":{"type":"Point","coordinates":[-70.90061698176963,41.10390642799009]},"properties":{"kind":"tree"}},{"type":"Feature","geometry":{"type":"Point","coordinates":[-70.90065401148081,41.10410222004611]},"properties":{"kind":"tree"}},{"type":"Feature","geometry":{"type":"Point","coordinates":[-70.9005664465639,41.10421858240748]},"properties":{"kind":"tree"}},{"type":"Feature","geometry":{"type":"Point","coordinates":[-70.90045143512765,41.10253069127911]},"properties":{"kind":"tree"}},{"type":"Feature","geometry":{"type":"Point","coordinates":[-70.90036592406666,41.102719930428954]},"properties":{"kind":"tree"}},{"type":"Feature","geometry":{"type":"Point","coordinates":[-70.9004640607887,41.10333486315376]},"properties":{"kind":"tree"}},{"type":"Feature","geometry":{"type":"Point","coordinates":[-70.90046769452228,41.10345844917357]},"properties":{"kind":"tree"}},{"type":"Feature","geometry":{"type":"Point","coordinates":[-70.90036626547074,41.103658663915056]},"properties":{"kind":"tree"}},{"type":"Feature","geometry":{"type":"Point","coordinates":[-70.90045029979152,41.104102498157125]},"properties":{"kind":"tree"}},{"type":"Feature","geometry":{"type":"Point","coordinates":[-70.90017994337086,41.10243957630638]},"properties":{"kind":"tree"}},{"type":"Feature","geometry":{"type":"Point","coordinates":[-70.9002352140417,41.10273706905818]},"properties":{"kind":"tree"}},{"type":"Feature","geometry":{"type":"Point","coordinates":[-70.90025460586698,41.102918888823545]},"properties":{"kind":"tree"}},{"type":"Feature","geometry":{"type":"Point","coordinates":[-70.90018039200449,41.10316916943097]},"properties":{"kind":"tree"}},{"type":"Feature","geometry":{"type":"Point","coordinates":[-70.90015088292297,41.10393094568231]},"properties":{"kind":"tree"}},{"type":"Feature","geometry":{"type":"Point","coordinates":[-70.90019361327052,41.10413252287952]},"properties":{"kind":"tree"}},{"type":"Feature","geometry":{"type":"Point","coordinates":[-70.90005887373134,41.10246626844741]},"properties":{"kind":"tree"}},{"type":"Feature","geometry":{"type":"Point","coordinates":[-70.89994608080039,41.10256714531876]},"properties":{"kind":"tree"}},{"type":"Feature","geometry":{"type":"Point","coordinates":[-70.90003590039498,41.10302767890936]},"properties":{"kind":"tree"}},{"type":"Feature","geometry":{"type":"Point","coordinates":[-70.89999666084039,41.10322297807241]},"properties":{"kind":"tree"}},{"type":"Feature","geometry":{"type":"Point","coordinates":[-70.90000500132032,41.10339335158677]},"properties":{"kind":"tree"}},{"type":"Feature","geometry":{"type":"Point","coordinates":[-70.90005693307027,41.10369466040247]},"properties":{"kind":"tree"}},{"type":"Feature","geometry":{"type":"Point","coordinates":[-70.90000767950545,41.10397682725515]},"properties":{"kind":"tree"}},{"type":"Feature","geometry":{"type":"Point","coordinates":[-70.90000795275425,41.10412524917346]},"properties":{"kind":"tree"}},{"type":"Feature","geometry":{"type":"Point","coordinates":[-70.89979989050289,41.10244757003926]},"properties":{"kind":"tree"}},{"type":"Feature","geometry":{"type":"Point","coordinates":[-70.89974784207793,41.102752593537325]},"properties":{"kind":"tree"}},{"type":"Feature","geometry":{"type":"Point","coordinates":[-70.89983387785675,41.10293528678997]},"properties":{"kind":"tree"}},{"type":"Feature","geometry":{"type":"Point","coordinates":[-70.89981014935628,41.10308114984735]},"properties":{"kind":"tree"}},{"type":"Feature","geometry":{"type":"Point","coordinates":[-70.89977624896761,41.10336374423038]},"properties":{"kind":"tree"}},{"type":"Feature","geometry":{"type":"Point","coordinates":[-70.89974759961369,41.10363554393513]},"properties":{"kind":"tree"}},{"type":"Feature","geometry":{"type":"Point","coordinates":[-70.89979609202716,41.103837157820095]},"properties":{"kind":"tree"}},{"type":"Feature","geometry":{"type":"Point","coordinates":[-70.89981203213546,41.10394087743346]},"properties":{"kind":"tree"}},{"type":"Feature","geometry":{"type":"Point","coordinates":[-70.89965583039304,41.102314100542685]},"properties":{"kind":"tree"}},{"type":"Feature","geometry":{"type":"Point","coordinates":[-70.89957565786314,41.102381515202]},"properties":{"kind":"tree"}},{"type":"Feature","geometry":{"type":"Point","coordinates":[-70.89965892998141,41.102565885817846]},"properties":{"kind":"tree"}},{"type":"Feature","geometry":{"type":"Point","coordinates":[-70.8996328541224,41.10275970279951]},"properties":{"kind":"tree"}},{"type":"Feature","geometry":{"type":"Point","coordinates":[-70.8995863738286,41.1028379117361]},"properties":{"kind":"tree"}},{"type":"Feature","geometry":{"type":"Point","coordinates":[-70.89961785152725,41.10318163300165]},"properties":{"kind":"tree"}},{"type":"Feature","geometry":{"type":"Point","coordinates":[-70.89958188483212,41.103383458839104]},"properties":{"kind":"tree"}},{"type":"Feature","geometry":{"type":"Point","coordinates":[-70.89960960197898,41.10351611162663]},"properties":{"kind":"tree"}},{"type":"Feature","geometry":{"type":"Point","coordinates":[-70.89943583980008,41.10287928278782]},"properties":{"kind":"tree"}},{"type":"Feature","geometry":{"type":"Point","coordinates":[-70.89938584941707,41.10314989144796]},"properties":{"kind":"tree"}},{"type":"Feature","geometry":{"type":"Point","coordinates":[-70.89939162137541,41.10335314098976]},"properties":{"kind":"tree"}},{"type":"Feature","geometry":{"type":"Point","coordinates":[-70.89933940786811,41.103455230067475]},"properties":{"kind":"tree"}},{"type":"Feature","geometry":{"type":"Point","coordinates":[-70.89939429644052,41.103669006443134]},"properties":{"kind":"tree"}},{"type":"Feature","geometry":{"type":"Point","coordinates":[-70.89936680624362,41.103905253982475]},"properties":{"kind":"tree"}},{"type":"Feature","geometry":{"type":"Point","coordinates":[-70.89920773957992,41.10363650804044]},"properties":{"kind":"tree"}},{"type":"Feature","geometry":{"type":"Point","coordinates":[-70.8967727262877,41.101061409914365]},"properties":{"kind":"tree"}},{"type":"Feature","geometry":{"type":"Point","coordinates":[-70.8966087202123,41.1010975621026]},"properties":{"kind":"tree"}},{"type":"Feature","geometry":{"type":"Point","coordinates":[-70.8965921203351,41.10138614726393]},"properties":{"kind":"tree"}},{"type":"Feature","geometry":{"type":"Point","coordinates":[-70.89647908825734,41.10094481210231]},"properties":{"kind":"tree"}},{"type":"Feature","geometry":{"type":"Point","coordinates":[-70.89645658412203,41.10111920594346]},"properties":{"kind":"tree"}},{"type":"Feature","geometry":{"type":"Point","coordinates":[-70.8963882177042,41.10125448817198]},"properties":{"kind":"tree"}},{"type":"Feature","geometry":{"type":"Point","coordinates":[-70.89625986632488,41.10107716949157]},"properties":{"kind":"tree"}},{"type":"Feature","geometry":{"type":"Point","coordinates":[-70.89616650153064,41.101221506045974]},"properties":{"kind":"tree"}},{"type":"Feature","geometry":{"type":"Point","coordinates":[-70.89617091354954,41.10134599344348]},"properties":{"kind":"tree"}},{"type":"Feature","geometry":{"type":"Point","coordinates":[-70.89600491958369,41.10094321195753]},"properties":{"kind":"tree"}},{"type":"Feature","geometry":{"type":"Point","coordinates":[-70.89595758843762,41.10149343132483]},"properties":{"kind":"tree"}},{"type":"Feature","geometry":{"type":"Point","coordinates":[-70.89574036872959,41.100922944387584]},"properties":{"kind":"tree"}},{"type":"Feature","geometry":{"type":"Point","coordinates":[-70.89578946732655,41.10106223370014]},"properties":{"kind":"tree"}},{"type":"Feature","geometry":{"type":"Point","coordinates":[-70.89577253929798,41.1012469331152]},"properties":{"kind":"tree"}},{"type":"Feature","geometry":{"type":"Point","coordinates":[-70.89579327490023,41.10138952561974]},"properties":{"kind":"tree"}},{"type":"Feature","geometry":{"type":"Point","coordinates":[-70.8958692797865,41.10154706131277]},"properties":{"kind":"tree"}},{"type":"Feature","geometry":{"type":"Point","coordinates":[-70.90708176301641,41.10299276684795]},"properties":{"kind":"tree"}},{"type":"Feature","geometry":{"type":"Point","coordinates":[-70.90712888055148,41.10331260037533]},"properties":{"kind":"tree"}},{"type":"Feature","geometry":{"type":"Point","coordinates":[-70.90683695098981,41.10285819605958]},"properties":{"kind":"tree"}},{"type":"Feature","geometry":{"type":"Point","coordinates":[-70.90691721558551,41.10308490168699]},"properties":{"kind":"tree"}},{"type":"Feature","geometry":{"type":"Point","coordinates":[-70.90693884346906,41.103141629827846]},"properties":{"kind":"tree"}},{"type":"Feature","geometry":{"type":"Point","coordinates":[-70.90666888109054,41.102863915493565]},"properties":{"kind":"tree"}},{"type":"Feature","geometry":{"type":"Point","coordinates":[-70.9066738978443,41.10301231865949]},"properties":{"kind":"tree"}},{"type":"Feature","geometry":{"type":"Point","coordinates":[-70.90660910774794,41.10334068103562]},"properties":{"kind":"tree"}},{"type":"Feature","geometry":{"type":"Point","coordinates":[-70.90649399982382,41.10291407488506]},"properties":{"kind":"tree"}},{"type":"Feature","geometry":{"type":"Point","coordinates":[-70.9064213913829,41.103206301293504]},"properties":{"kind":"tree"}},{"type":"Feature","geometry":{"type":"Point","coordinates":[-70.90629723755806,41.10275351558435]},"properties":{"kind":"tree"}},{"type":"Feature","geometry":{"type":"Point","coordinates":[-70.90623780475713,41.10330179177521]},"properties":{"kind":"tree"}},{"type":"Feature","geometry":{"type":"Point","coordinates":[-70.90630835452697,41.10353291715317]},"properties":{"kind":"tree"}},{"type":"Feature","geometry":{"type":"Point","coordinates":[-70.9061271604486,41.10272042068983]},"properties":{"kind":"tree"}},{"type":"Feature","geometry":{"type":"Point","coordinates":[-70.90603858669243,41.103069836811486]},"properties":{"kind":"tree"}},{"type":"Feature","geometry":{"type":"Point","coordinates":[-70.90600534894196,41.103157948824666]},"properties":{"kind":"tree"}},{"type":"Feature","geometry":{"type":"Point","coordinates":[-70.90604988510351,41.103664224735994]},"properties":{"kind":"tree"}},{"type":"Feature","geometry":{"type":"Point","coordinates":[-70.90580441983978,41.103339620440714]},"properties":{"kind":"tree"}},{"type":"Feature","geometry":{"type":"Point","coordinates":[-70.90584002948621,41.103478462813506]},"properties":{"kind":"tree"}},{"type":"Feature","geometry":{"type":"Point","coordinates":[-70.90585280319299,41.103626681109006]},"properties":{"kind":"tree"}},{"type":"Feature","geometry":{"type":"Point","coordinates":[-70.9056459462794,41.102901863222975]},"properties":{"kind":"tree"}},{"type":"Feature","geometry":{"type":"Point","coordinates":[-70.9056016350583,41.10299550352469]},"properties":{"kind":"tree"}},{"type":"Feature","geometry":{"type":"Point","coordinates":[-70.90562209120554,41.103471526760465]},"properties":{"kind":"tree"}},{"type":"Feature","geometry":{"type":"Point","coordinates":[-70.90570078000029,41.10382258303253]},"properties":{"kind":"tree"}},{"type":"Feature","geometry":{"type":"Point","coordinates":[-70.90544934601557,41.10293474505208]},"properties":{"kind":"tree"}},{"type":"Feature","geometry":{"type":"Point","coordinates":[-70.90548625151902,41.10307519502631]},"properties":{"kind":"tree"}},{"type":"Feature","geometry":{"type":"Point","coordinates":[-70.90540078825413,41.103235701780456]},"properties":{"kind":"tree"}},{"type":"Feature","geometry":{"type":"Point","coordinates":[-70.9055202159159,41.1035455357803]},"properties":{"kind":"tree"}},{"type":"Feature","geometry":{"type":"Point","coordinates":[-70.90527808030895,41.10304218932638]},"properties":{"kind":"tree"}},{"type":"Feature","geometry":{"type":"Point","coordinates":[-70.90531237766064,41.10318671121127]},"properties":{"kind":"tree"}},{"type":"Feature","geometry":{"type":"Point","coordinates":[-70.91036510539463,41.09922777616416]},"properties":{"kind":"tree"}},{"type":"Feature","geometry":{"type":"Point","coordinates":[-70.9102975371893,41.101915665304176]},"properties":{"kind":"tree"}},{"type":"Feature","geometry":{"type":"Point","coordinates":[-70.90960311886457,41.10276763629924]},"properties":{"kind":"tree"}},{"type":"Feature","geometry":{"type":"Point","coordinates":[-70.90946468434721,41.10372718164787]},"properties":{"kind":"tree"}},{"type":"Feature","geometry":{"type":"Point","coordinates":[-70.90634511398856,41.10573379939916]},"properties":{"kind":"tree"}},{"type":"Feature","geometry":{"type":"Point","coordinates":[-70.90491321485645,41.10598327822316]},"properties":{"kind":"tree"}},{"type":"Feature","geometry":{"type":"Point","coordinates":[-70.9033941777628,41.10625663742099]},"properties":{"kind":"tree"}},{"type":"Feature","geometry":{"type":"Point","coordinates":[-70.89875897967899,41.10664501650166]},"properties":{"kind":"tree"}},{"type":"Feature","geometry":{"type":"Point","coordinates":[-70.89722277505048,41.106417286565154]},"properties":{"kind":"tree"}},{"type":"Feature","geometry":{"type":"Point","coordinates":[-70.89040536083957,41.1016284797423]},"properties":{"kind":"tree"}},{"type":"Feature","geometry":{"type":"Point","coordinates":[-70.89084251904703,41.09891334533909]},"properties":{"kind":"tree"}},{"type":"Feature","geometry":{"type":"Point","coordinates":[-70.89243252016934,41.09750791132422]},"properties":{"kind":"tree"}},{"type":"Feature","geometry":{"type":"Point","coordinates":[-70.8949669605039,41.098476375308934]},"properties":{"kind":"tree"}},{"type":"Feature","geometry":{"type":"Point","coordinates":[-70.89566218833926,41.099056998267166]},"properties":{"kind":"tree"}},{"type":"Feature","geometry":{"type":"Point","coordinates":[-70.89719489675898,41.10009150229176]},"properties":{"kind":"tree"}},{"type":"Feature","geometry":{"type":"Point","coordinates":[-70.89809398739425,41.10066374749374]},"properties":{"kind":"tree"}},{"type":"Feature","geometry":{"type":"Point","coordinates":[-70.8991658284804,41.10038190763761]},"properties":{"kind":"tree"}},{"type":"Feature","geometry":{"type":"Point","coordinates":[-70.9002269349717,41.10023034863879]},"properties":{"kind":"tree"}},{"type":"Feature","geometry":{"type":"Point","coordinates":[-70.90130558295387,41.100241476188835]},"properties":{"kind":"tree"}},{"type":"Feature","geometry":{"type":"Point","coordinates":[-70.90244875569485,41.09992494972399]},"properties":{"kind":"tree"}},{"type":"Feature","geometry":{"type":"Point","coordinates":[-70.90357467811485,41.098444186594605]},"properties":{"kind":"tree"}},{"type":"Feature","geometry":{"type":"Point","coordinates":[-70.90394998676577,41.09773199589363]},"properties":{"kind":"tree"}},{"type":"Feature","geometry":{"type":"Point","coordinates":[-70.90567778889694,41.09735607271518]},"properties":{"kind":"tree"}},{"type":"Feature","geometry":{"type":"Point","coordinates":[-70.90685987652712,41.09750888837085]},"properties":{"kind":"tree"}},{"type":"Feature","geometry":{"type":"Point","coordinates":[-70.89606610343884,41.101257641397765]},"properties":{"kind":"station","name":"Custom House"}},{"type":"Feature","geometry":{"type":"Point","coordinates":[-70.89785423823938,41.10215595668189]},"properties":{"kind":"station","name":"State Street"}},{"type":"Feature","geometry":{"type":"Point","coordinates":[-70.90095367189362,41.103413598079655]},"properties":{"kind":"station","name":"Marrow Common"}},{"type":"Feature","geometry":{"type":"Point","coordinates":[-70.90393389656117,41.103413598079655]},"properties":{"kind":"station","name":"Copley"}},{"type":"Feature","geometry":{"type":"Point","coordinates":[-70.9061988673085,41.10314410349442]},"properties":{"kind":"station","name":"Blackstone"}},{"type":"Feature","geometry":{"type":"Point","coordinates":[-70.90071525392021,41.10547972323313]},"properties":{"kind":"station","name":"North End"}},{"type":"Feature","geometry":{"type":"Point","coordinates":[-70.8928474607979,41.10233561973871]},"properties":{"kind":"station","name":"East Yards"}},{"type":"Feature","geometry":{"type":"Point","coordinates":[-70.89117853498406,41.1007186522273]},"properties":{"kind":"station","name":"Drydock"}},{"type":"Feature","geometry":{"type":"Point","coordinates":[-70.89785423823938,41.101257641397765]},"properties":{"kind":"label","labelKind":"district","name":"THE OLD TOWN"}},{"type":"Feature","geometry":{"type":"Point","coordinates":[-70.90143050784043,41.104671239477426]},"properties":{"kind":"label","labelKind":"district","name":"THE MERCHANT GRID"}},{"type":"Feature","geometry":{"type":"Point","coordinates":[-70.90739095717552,41.10269494585236]},"properties":{"kind":"label","labelKind":"district","name":"HILLSIDE"}},{"type":"Feature","geometry":{"type":"Point","coordinates":[-70.89237062485108,41.102964440437596]},"properties":{"kind":"label","labelKind":"district","name":"EAST YARDS"}},{"type":"Feature","geometry":{"type":"Point","coordinates":[-70.90095367189362,41.103413598079655]},"properties":{"kind":"label","labelKind":"park","name":"Marrow Common"}},{"type":"Feature","geometry":{"type":"Point","coordinates":[-70.9061988673085,41.10314410349442]},"properties":{"kind":"label","labelKind":"park","name":"Blackstone Green"}},{"type":"Feature","geometry":{"type":"Point","coordinates":[-70.89856949215958,41.097933874846525]},"properties":{"kind":"label","labelKind":"water","name":"Marrow Bay"}},{"type":"Feature","geometry":{"type":"Point","coordinates":[-70.9116824806968,41.10233561973871]},"properties":{"kind":"label","labelKind":"water","name":"The Narrows"}}]}