{"type":"FeatureCollection","features":[{"type":"Feature","geometry":{"type":"Polygon","coordinates":[[[-70.90986951089837,41.0981068483224],[-70.9098198409026,41.09845279527416],[-70.90983555957774,41.098797046786885],[-70.90991666692382,41.09913960286058],[-70.9099853140636,41.099484479950995],[-70.9100415009971,41.099831678058116],[-70.91017479355533,41.10016116300848],[-70.9103851917383,41.100472934802085],[-70.91048018924062,41.10079436415028],[-70.91045978606229,41.101125451053065],[-70.91039211974123,41.10145095873564],[-70.91027719027744,41.10177088719801],[-70.91016286523599,41.10209162373541],[-70.91004914461688,41.10241316834786],[-70.90987839296453,41.10271648136416],[-70.90965061027894,41.103001562784335],[-70.90936443823891,41.10326367328882],[-70.90901987684441,41.103502812877636],[-70.90872317328062,41.10377191622302],[-70.90847432754755,41.10407098332498],[-70.90818523721505,41.104350441883895],[-70.90785590228312,41.104610291899775],[-70.90746715417336,41.1048015751375],[-70.9070189928858,41.10492429159708],[-70.9065377523653,41.105003785595045],[-70.90602343261185,41.10504005713141],[-70.90552217012727,41.105121797953586],[-70.90503396491155,41.10524900806158],[-70.90453732525243,41.105354633681415],[-70.90403225114989,41.1054386748131],[-70.90355003949416,41.105570283870904],[-70.9030906902853,41.10574946085482],[-70.90259153257318,41.105894550210586],[-70.90205256635784,41.1060055519382],[-70.90150509101046,41.10608190844064],[-70.90094910653106,41.10612361971792],[-70.90039193365489,41.1061445661685],[-70.89983357238197,41.10614474779238],[-70.89927836460234,41.10611330705414],[-70.89872631031604,41.10605024395378],[-70.89818037476091,41.10596242538697],[-70.89764055793697,41.1058498513537],[-70.89709064280787,41.105797410668046],[-70.89653062937363,41.105805103330006],[-70.89597888929202,41.10576171071929],[-70.89543542256304,41.10566723283592],[-70.89491245681181,41.105528781523695],[-70.89440999203835,41.10534635678263],[-70.89397850135425,41.105126148297074],[-70.89361798475956,41.10486815606702],[-70.8932693971233,41.10460131469968],[-70.8929327384455,41.104325624195056],[-70.89254134688676,41.104104796586554],[-70.8920952224471,41.10393883187418],[-70.89163914942311,41.103790202422616],[-70.89117312781481,41.10365890823186],[-70.89086493602372,41.10343742463807],[-70.89071457404984,41.10312575164123],[-70.89048163043041,41.10285432444554],[-70.89016610516545,41.10262314305098],[-70.88991914408192,41.1023581579503],[-70.88974074717981,41.102059369143504],[-70.88963096496248,41.101746891404524],[-70.88958979742988,41.10142072473335],[-70.88956603229497,41.10108630570564],[-70.88955966955773,41.10074363432138],[-70.889682189677,41.100429508492816],[-70.88993359265278,41.10014392821996],[-70.89002445599648,41.09983417116964],[-70.88995477970808,41.099500237341864],[-70.88999617194551,41.0991743135305],[-70.8901486327088,41.09885639973552],[-70.89029826212197,41.09854653984499],[-70.89044506018504,41.0982447338589],[-70.89069807862778,41.098007169863905],[-70.89105731745016,41.09783384786],[-70.8913724494192,41.09762833181956],[-70.89164347453489,41.09739062174256],[-70.89197159990233,41.09721271491865],[-70.89235682552153,41.09709461134782],[-70.89276186575404,41.09703544422503],[-70.89318672059983,41.09703521355028],[-70.8936094780242,41.097012658670224],[-70.89403013802713,41.09696777958487],[-70.89442580133603,41.096862996172824],[-70.89479646795087,41.09669830843408],[-70.89519327231008,41.09658611602151],[-70.89561621441365,41.09652641893513],[-70.89601478163111,41.096569699228674],[-70.89638897396246,41.096715956902145],[-70.8967855702048,41.09680647067629],[-70.89720457035813,41.09684124055112],[-70.89752441402872,41.096995544134764],[-70.89774510121659,41.09726938142722],[-70.89803395664778,41.09749327800251],[-70.89839098032232,41.09766723386064],[-70.89873102434612,41.097674650740466],[-70.89905408871918,41.09751552864199],[-70.89940624357044,41.09741332637086],[-70.89978748889989,41.09736804392707],[-70.90017594466889,41.09735001665714],[-70.90057161087744,41.09735924456106],[-70.90093470994638,41.09728178377537],[-70.90126524187575,41.09711763430006],[-70.90164766020649,41.097045410150876],[-70.90208196493863,41.09706511132781],[-70.90250668696683,41.097025888430316],[-70.90292182629106,41.0969277414584],[-70.90332268808542,41.09680553847407],[-70.90370927234989,41.09665927947732],[-70.90405940873525,41.09647392355379],[-70.90437309724153,41.096249470703455],[-70.90468089227446,41.096231036555835],[-70.904982793834,41.096418621110935],[-70.90532936688041,41.09651474897477],[-70.90572061141367,41.09651942014736],[-70.9060982912722,41.0965594087113],[-70.906462406456,41.0966347146666],[-70.9068310873298,41.096650876213275],[-70.90720433389362,41.096607893351326],[-70.90757972609774,41.09663709473947],[-70.90795726394214,41.09673848037771],[-70.90833580808932,41.096837685544045],[-70.90871535853925,41.09693471023847],[-70.90906989735328,41.09707776136695],[-70.90939942453141,41.097266838929464],[-70.90964672756442,41.09750450199467],[-70.90981180645232,41.097790750562574],[-70.90986951089837,41.0981068483224]]]},"properties":{"kind":"land"}},{"type":"Feature","geometry":{"type":"Polygon","coordinates":[[[-70.90986951089837,41.0981068483224],[-70.9098198409026,41.09845279527416],[-70.90983555957774,41.098797046786885],[-70.90991666692382,41.09913960286058],[-70.9099853140636,41.099484479950995],[-70.9100415009971,41.099831678058116],[-70.91017479355533,41.10016116300848],[-70.9103851917383,41.100472934802085],[-70.91048018924062,41.10079436415028],[-70.91045978606229,41.101125451053065],[-70.91039211974123,41.10145095873564],[-70.91027719027744,41.10177088719801],[-70.91016286523599,41.10209162373541],[-70.91004914461688,41.10241316834786],[-70.90987839296453,41.10271648136416],[-70.90965061027894,41.103001562784335],[-70.90936443823891,41.10326367328882],[-70.90901987684441,41.103502812877636],[-70.90872317328062,41.10377191622302],[-70.90847432754755,41.10407098332498],[-70.90818523721505,41.104350441883895],[-70.90785590228312,41.104610291899775],[-70.90746715417336,41.1048015751375],[-70.9070189928858,41.10492429159708],[-70.9065377523653,41.105003785595045],[-70.90602343261185,41.10504005713141],[-70.90552217012727,41.105121797953586],[-70.90503396491155,41.10524900806158],[-70.90453732525243,41.105354633681415],[-70.90403225114989,41.1054386748131],[-70.90355003949416,41.105570283870904],[-70.9030906902853,41.10574946085482],[-70.90259153257318,41.105894550210586],[-70.90205256635784,41.1060055519382],[-70.90150509101046,41.10608190844064],[-70.90094910653106,41.10612361971792],[-70.90039193365489,41.1061445661685],[-70.89983357238197,41.10614474779238],[-70.89927836460234,41.10611330705414],[-70.89872631031604,41.10605024395378],[-70.89818037476091,41.10596242538697],[-70.89764055793697,41.1058498513537],[-70.89709064280787,41.105797410668046],[-70.89653062937363,41.105805103330006],[-70.89597888929202,41.10576171071929],[-70.89543542256304,41.10566723283592],[-70.89491245681181,41.105528781523695],[-70.89440999203835,41.10534635678263],[-70.89397850135425,41.105126148297074],[-70.89361798475956,41.10486815606702],[-70.8932693971233,41.10460131469968],[-70.8929327384455,41.104325624195056],[-70.89254134688676,41.104104796586554],[-70.8920952224471,41.10393883187418],[-70.89163914942311,41.103790202422616],[-70.89117312781481,41.10365890823186],[-70.89086493602372,41.10343742463807],[-70.89071457404984,41.10312575164123],[-70.89048163043041,41.10285432444554],[-70.89016610516545,41.10262314305098],[-70.88991914408192,41.1023581579503],[-70.88974074717981,41.102059369143504],[-70.88963096496248,41.101746891404524],[-70.88958979742988,41.10142072473335],[-70.88956603229497,41.10108630570564],[-70.88955966955773,41.10074363432138],[-70.889682189677,41.100429508492816],[-70.88993359265278,41.10014392821996],[-70.89002445599648,41.09983417116964],[-70.88995477970808,41.099500237341864],[-70.88999617194551,41.0991743135305],[-70.8901486327088,41.09885639973552],[-70.89029826212197,41.09854653984499],[-70.89044506018504,41.0982447338589],[-70.89069807862778,41.098007169863905],[-70.89105731745016,41.09783384786],[-70.8913724494192,41.09762833181956],[-70.89164347453489,41.09739062174256],[-70.89197159990233,41.09721271491865],[-70.89235682552153,41.09709461134782],[-70.89276186575404,41.09703544422503],[-70.89318672059983,41.09703521355028],[-70.8936094780242,41.097012658670224],[-70.89403013802713,41.09696777958487],[-70.89442580133603,41.096862996172824],[-70.89479646795087,41.09669830843408],[-70.89519327231008,41.09658611602151],[-70.89561621441365,41.09652641893513],[-70.89601478163111,41.096569699228674],[-70.89638897396246,41.096715956902145],[-70.8967855702048,41.09680647067629],[-70.89720457035813,41.09684124055112],[-70.89752441402872,41.096995544134764],[-70.89774510121659,41.09726938142722],[-70.89803395664778,41.09749327800251],[-70.89839098032232,41.09766723386064],[-70.89873102434612,41.097674650740466],[-70.89905408871918,41.09751552864199],[-70.89940624357044,41.09741332637086],[-70.89978748889989,41.09736804392707],[-70.90017594466889,41.09735001665714],[-70.90057161087744,41.09735924456106],[-70.90093470994638,41.09728178377537],[-70.90126524187575,41.09711763430006],[-70.90164766020649,41.097045410150876],[-70.90208196493863,41.09706511132781],[-70.90250668696683,41.097025888430316],[-70.90292182629106,41.0969277414584],[-70.90332268808542,41.09680553847407],[-70.90370927234989,41.09665927947732],[-70.90405940873525,41.09647392355379],[-70.90437309724153,41.096249470703455],[-70.90468089227446,41.096231036555835],[-70.904982793834,41.096418621110935],[-70.90532936688041,41.09651474897477],[-70.90572061141367,41.09651942014736],[-70.9060982912722,41.0965594087113],[-70.906462406456,41.0966347146666],[-70.9068310873298,41.096650876213275],[-70.90720433389362,41.096607893351326],[-70.90757972609774,41.09663709473947],[-70.90795726394214,41.09673848037771],[-70.90833580808932,41.096837685544045],[-70.90871535853925,41.09693471023847],[-70.90906989735328,41.09707776136695],[-70.90939942453141,41.097266838929464],[-70.90964672756442,41.09750450199467],[-70.90981180645232,41.097790750562574],[-70.90986951089837,41.0981068483224]],[[-70.90958214190262,41.09783898641757],[-70.90944166835885,41.09759615789568],[-70.90923239809302,41.097395045065696],[-70.90894076637574,41.09722879081327],[-70.90862044087304,41.09709952157562],[-70.90825835441802,41.09700760374406],[-70.90787808896755,41.09690794747531],[-70.90752625044811,41.096812180267854],[-70.90721015644061,41.096787502823354],[-70.90684251186826,41.09683033288533],[-70.90642344587624,41.096811962649525],[-70.90605013007,41.096735367988],[-70.90570228972226,41.09669855192288],[-70.90528683602281,41.09669153028286],[-70.90486308502611,41.09657399581636],[-70.90459852085014,41.09639963628786],[-70.90448286316598,41.09640896034706],[-70.90421050020758,41.09661290339759],[-70.90383153470674,41.09681352093788],[-70.90342096342772,41.09696922848331],[-70.9030022543541,41.09709687314518],[-70.90255725855528,41.09720146327447],[-70.90208915169961,41.09724469274221],[-70.90166793320209,41.097224422518174],[-70.90136125594552,41.09728208460413],[-70.90103474601071,41.09744486700414],[-70.90059986194971,41.09753764185246],[-70.90017949475431,41.09752965979565],[-70.8998133588532,41.09754664620202],[-70.89946771691555,41.09758691466316],[-70.89916301175685,41.097675346099315],[-70.8988002855367,41.0978465656505],[-70.89831316623433,41.097837058525386],[-70.89788306443627,41.09763238072349],[-70.89755632729506,41.09737912141437],[-70.89735168012771,41.09711938128954],[-70.89712790542264,41.09701136175158],[-70.89673794929547,41.09698251343792],[-70.89629897601196,41.096882328099795],[-70.89594099034888,41.096740540503745],[-70.89562253478167,41.096706018850895],[-70.89525718613291,41.09675920307514],[-70.89489942053986,41.09686035767207],[-70.89452661909722,41.09702580582231],[-70.89408649954379,41.097142350330614],[-70.89363463303464,41.09719131892891],[-70.89319522033531,41.097214762398266],[-70.89278440898963,41.097214302353436],[-70.89242484707701,41.097266807092886],[-70.89208660388172,41.097370094634684],[-70.89180494723433,41.097522806508074],[-70.89154132563158,41.09775515444508],[-70.89119981447791,41.09797789032887],[-70.89085664194945,41.09814133971092],[-70.89065320623052,41.098332349510805],[-70.89052221349706,41.098608170604805],[-70.89037276933334,41.098917646888786],[-70.89022868034405,41.09921406694323],[-70.89019307340423,41.099494437134766],[-70.89026280066469,41.09983862607283],[-70.89015236246698,41.10021534956705],[-70.88989797565877,41.100505910828474],[-70.88979599803771,41.10076736833356],[-70.88980431635432,41.10108028487556],[-70.88982756402378,41.10140745309623],[-70.88986568883033,41.10171538708376],[-70.88996540873738,41.101999224046075],[-70.89012640528058,41.102269359127355],[-70.89034738104735,41.102506444849176],[-70.89066578154025,41.1027402112117],[-70.89092821653364,41.1030460019197],[-70.8910650077688,41.103339709730236],[-70.891296493184,41.10350516631106],[-70.89172823886884,41.10362355378967],[-70.89219534625036,41.103775779223504],[-70.89266592944976,41.10395161304194],[-70.8930927204719,41.10419241413335],[-70.89344209556049,41.10447744946096],[-70.89378504949204,41.10473997826724],[-70.89412758023335,41.10498593969642],[-70.89452838350607,41.105190409955725],[-70.89500389046869,41.1053628554607],[-70.89550179575582,41.10549467220052],[-70.89601817345606,41.10558450329849],[-70.89654077980111,41.105625603171426],[-70.89710338010777,41.10561800418707],[-70.8976875285468,41.10567370940965],[-70.8982370926002,41.10578792018726],[-70.8987690817607,41.10587349561022],[-70.89930519643772,41.105934785385266],[-70.89984244757076,41.10596520926055],[-70.90038594320943,41.10596495983186],[-70.90093134709905,41.1059444557899],[-70.90147157442794,41.105904029536546],[-70.901999379895,41.105830416396465],[-70.90251735743219,41.10572380335713],[-70.90299304401496,41.10558555720351],[-70.90345438188824,41.105405715645425],[-70.90396587564366,41.10526611468302],[-70.90447922567256,41.10518038680114],[-70.90496259503334,41.105077583618254],[-70.90545783540942,41.104948799469085],[-70.90598709732593,41.1048624927824],[-70.90650139260984,41.10482622409042],[-70.90695285766796,41.104751679084394],[-70.90736089130453,41.10464074392482],[-70.90770323107303,41.104472295879205],[-70.90800483939753,41.104232973562695],[-70.90827907153125,41.103967884896704],[-70.90853001559785,41.10366659717341],[-70.9088470923782,41.10337901578662],[-70.90919143203548,41.103140052176386],[-70.90945600559871,41.10289776739796],[-70.90966603680813,41.102634804015835],[-70.90982362860906,41.102354867372014],[-70.90993254859528,41.102045187015136],[-70.91004699459342,41.10172411113756],[-70.91015894163024,41.1014134989895],[-70.91022257671742,41.10110738348873],[-70.9102426510358,41.100809784261465],[-70.91016111446484,41.100534305152635],[-70.90995372527163,41.100228445476205],[-70.90980821976687,41.09986877142799],[-70.90974906849505,41.099508678153796],[-70.90968139797559,41.099168706919194],[-70.9095984757562,41.098816026887334],[-70.90958158656059,41.0984461400438],[-70.90963110289414,41.09810849129101],[-70.90958214190262,41.09783898641757]]]},"properties":{"kind":"esplanade"}},{"type":"Feature","geometry":{"type":"Polygon","coordinates":[[[-70.90963110289414,41.09810849129101],[-70.90958158656059,41.0984461400438],[-70.9095984757562,41.098816026887334],[-70.90968139797559,41.099168706919194],[-70.90974906849505,41.099508678153796],[-70.90980821976687,41.09986877142799],[-70.90995372527163,41.100228445476205],[-70.91016111446484,41.100534305152635],[-70.9102426510358,41.100809784261465],[-70.91022257671742,41.10110738348873],[-70.91015894163024,41.1014134989895],[-70.91004699459342,41.10172411113756],[-70.90993254859528,41.102045187015136],[-70.90982362860906,41.102354867372014],[-70.90966603680813,41.102634804015835],[-70.90945600559871,41.10289776739796],[-70.90919143203548,41.103140052176386],[-70.9088470923782,41.10337901578662],[-70.90853001559785,41.10366659717341],[-70.90827907153125,41.103967884896704],[-70.90800483939753,41.104232973562695],[-70.90770323107303,41.104472295879205],[-70.90736089130453,41.10464074392482],[-70.90695285766796,41.104751679084394],[-70.90650139260984,41.10482622409042],[-70.90598709732593,41.1048624927824],[-70.90545783540942,41.104948799469085],[-70.90496259503334,41.105077583618254],[-70.90447922567256,41.10518038680114],[-70.90396587564366,41.10526611468302],[-70.90345438188824,41.105405715645425],[-70.90299304401496,41.10558555720351],[-70.90251735743219,41.10572380335713],[-70.901999379895,41.105830416396465],[-70.90147157442794,41.105904029536546],[-70.90093134709905,41.1059444557899],[-70.90038594320943,41.10596495983186],[-70.89984244757076,41.10596520926055],[-70.89930519643772,41.105934785385266],[-70.8987690817607,41.10587349561022],[-70.8982370926002,41.10578792018726],[-70.8976875285468,41.10567370940965],[-70.89710338010777,41.10561800418707],[-70.89654077980111,41.105625603171426],[-70.89601817345606,41.10558450329849],[-70.89550179575582,41.10549467220052],[-70.89500389046869,41.1053628554607],[-70.89452838350607,41.105190409955725],[-70.89412758023335,41.10498593969642],[-70.89378504949204,41.10473997826724],[-70.89344209556049,41.10447744946096],[-70.8930927204719,41.10419241413335],[-70.89266592944976,41.10395161304194],[-70.89219534625036,41.103775779223504],[-70.89172823886884,41.10362355378967],[-70.891296493184,41.10350516631106],[-70.8910650077688,41.103339709730236],[-70.89092821653364,41.1030460019197],[-70.89066578154025,41.1027402112117],[-70.89034738104735,41.102506444849176],[-70.89012640528058,41.102269359127355],[-70.88996540873738,41.101999224046075],[-70.88986568883033,41.10171538708376],[-70.88982756402378,41.10140745309623],[-70.88980431635432,41.10108028487556],[-70.88979599803771,41.10076736833356],[-70.88989797565877,41.100505910828474],[-70.89015236246698,41.10021534956705],[-70.89026280066469,41.09983862607283],[-70.89019307340423,41.099494437134766],[-70.89022868034405,41.09921406694323],[-70.89037276933334,41.098917646888786],[-70.89052221349706,41.098608170604805],[-70.89065320623052,41.098332349510805],[-70.89085664194945,41.09814133971092],[-70.89119981447791,41.09797789032887],[-70.89154132563158,41.09775515444508],[-70.89180494723433,41.097522806508074],[-70.89208660388172,41.097370094634684],[-70.89242484707701,41.097266807092886],[-70.89278440898963,41.097214302353436],[-70.89319522033531,41.097214762398266],[-70.89363463303464,41.09719131892891],[-70.89408649954379,41.097142350330614],[-70.89452661909722,41.09702580582231],[-70.89489942053986,41.09686035767207],[-70.89525718613291,41.09675920307514],[-70.89562253478167,41.096706018850895],[-70.89594099034888,41.096740540503745],[-70.89629897601196,41.096882328099795],[-70.89673794929547,41.09698251343792],[-70.89712790542264,41.09701136175158],[-70.89735168012771,41.09711938128954],[-70.89755632729506,41.09737912141437],[-70.89788306443627,41.09763238072349],[-70.89831316623433,41.097837058525386],[-70.8988002855367,41.0978465656505],[-70.89916301175685,41.097675346099315],[-70.89946771691555,41.09758691466316],[-70.8998133588532,41.09754664620202],[-70.90017949475431,41.09752965979565],[-70.90059986194971,41.09753764185246],[-70.90103474601071,41.09744486700414],[-70.90136125594552,41.09728208460413],[-70.90166793320209,41.097224422518174],[-70.90208915169961,41.09724469274221],[-70.90255725855528,41.09720146327447],[-70.9030022543541,41.09709687314518],[-70.90342096342772,41.09696922848331],[-70.90383153470674,41.09681352093788],[-70.90421050020758,41.09661290339759],[-70.90448286316598,41.09640896034706],[-70.90459852085014,41.09639963628786],[-70.90486308502611,41.09657399581636],[-70.90528683602281,41.09669153028286],[-70.90570228972226,41.09669855192288],[-70.90605013007,41.096735367988],[-70.90642344587624,41.096811962649525],[-70.90684251186826,41.09683033288533],[-70.90721015644061,41.096787502823354],[-70.90752625044811,41.096812180267854],[-70.90787808896755,41.09690794747531],[-70.90825835441802,41.09700760374406],[-70.90862044087304,41.09709952157562],[-70.90894076637574,41.09722879081327],[-70.90923239809302,41.097395045065696],[-70.90944166835885,41.09759615789568],[-70.90958214190262,41.09783898641757],[-70.90963110289414,41.09810849129101]]]},"properties":{"kind":"paveland"}},{"type":"Feature","geometry":{"type":"Polygon","coordinates":[[[-70.8990463281064,41.09757454873288],[-70.8992847460798,41.09658640192035],[-70.89885559372766,41.09651453669762],[-70.89861717575427,41.09750268351015],[-70.8990463281064,41.09757454873288]]]},"properties":{"kind":"pier"}},{"type":"Feature","geometry":{"type":"Polygon","coordinates":[[[-70.89499322255853,41.09685589650558],[-70.89520779873459,41.09586774969305],[-70.89477864638246,41.09579588447032],[-70.8945640702064,41.09678403128285],[-70.89499322255853,41.09685589650558]]]},"properties":{"kind":"pier"}},{"type":"Feature","geometry":{"type":"Polygon","coordinates":[[[-70.9059604493351,41.09640673886352],[-70.90613926281516,41.09541859205099],[-70.90569818956436,41.095364693133945],[-70.90553129698297,41.09633487364079],[-70.9059604493351,41.09640673886352]]]},"properties":{"kind":"pier"}},{"type":"Feature","geometry":{"type":"Polygon","coordinates":[[[-70.90064831846651,41.0995728902672],[-70.89768441978151,41.099807639057644],[-70.89792117369308,41.10150508807375],[-70.90088507237807,41.1012703392833],[-70.90064831846651,41.0995728902672]]]},"properties":{"kind":"park"}},{"type":"Feature","geometry":{"type":"Polygon","coordinates":[[[-70.89581008991465,41.10174210347404],[-70.89379463880884,41.10190173265154],[-70.893937937229,41.10292913600339],[-70.8959533883348,41.10276950682589],[-70.89581008991465,41.10174210347404]]]},"properties":{"kind":"park"}},{"type":"Feature","geometry":{"type":"Polygon","coordinates":[[[-70.90642781574019,41.10358803601503],[-70.90476988602335,41.10308326377244],[-70.904300993063,41.10395781237157],[-70.90595892277985,41.10446258461417],[-70.90642781574019,41.10358803601503]]]},"properties":{"kind":"park"}},{"type":"Feature","geometry":{"type":"Polygon","coordinates":[[[-70.90071197559564,41.09951365264309],[-70.89760580977376,41.09975966937548],[-70.89785751656396,41.10156432569786],[-70.90096368238582,41.10131830896547],[-70.90071197559564,41.09951365264309]]]},"properties":{"kind":"apron"}},{"type":"Feature","geometry":{"type":"Polygon","coordinates":[[[-70.89587374704377,41.101682865849924],[-70.8937160288011,41.10185376296937],[-70.89387428009988,41.102988373627504],[-70.89603199834255,41.10281747650806],[-70.89587374704377,41.101682865849924]]]},"properties":{"kind":"apron"}},{"type":"Feature","geometry":{"type":"Polygon","coordinates":[[[-70.9065209268123,41.103558252699074],[-70.90473036271811,41.10301309867707],[-70.90420788199089,41.103987595687535],[-70.90599844608506,41.104532749709534],[-70.9065209268123,41.103558252699074]]]},"properties":{"kind":"apron"}},{"type":"Feature","geometry":{"type":"Polygon","coordinates":[[[-70.90261995351618,41.09876801490618],[-70.89289520658632,41.10371095718065],[-70.89308852296256,41.10392693094619],[-70.90281326989243,41.09898398867171],[-70.90261995351618,41.09876801490618]]]},"properties":{"kind":"apron"}},{"type":"Feature","geometry":{"type":"LineString","coordinates":[[-70.90269684595852,41.09888604841958],[-70.89301163052022,41.10380889743278]]},"properties":{"kind":"street","cls":"shore"}},{"type":"Feature","geometry":{"type":"Polygon","coordinates":[[[-70.9094531905185,41.09761607558923],[-70.90930381158161,41.0980603437681],[-70.9096309640042,41.09810943837278],[-70.90963110289414,41.09810849129101],[-70.90958214190262,41.09783898641757],[-70.9094531905185,41.09761607558923]]]},"properties":{"kind":"pavement","solo":1,"d":"millrace"}},{"type":"Feature","geometry":{"type":"Polygon","coordinates":[[[-70.90942507807384,41.09807854180084],[-70.90930381158161,41.0980603437681],[-70.90906585526535,41.09886052068777],[-70.90951202152439,41.098920499634524],[-70.90955466707518,41.09862970231559],[-70.90942507807384,41.09807854180084]]]},"properties":{"kind":"pavement","solo":0,"d":"millrace"}},{"type":"Feature","geometry":{"type":"Polygon","coordinates":[[[-70.90962666296126,41.098935911092696],[-70.90906585526535,41.09886052068777],[-70.90885695365695,41.099553625403054],[-70.90977852173137,41.099687979662875],[-70.90974906849505,41.099508678153796],[-70.90968139797559,41.099168706919194],[-70.90962666296126,41.098935911092696]]]},"properties":{"kind":"pavement","solo":0,"d":"millrace"}},{"type":"Feature","geometry":{"type":"Polygon","coordinates":[[[-70.90977852173137,41.099687979662875],[-70.90885695365695,41.099553625403054],[-70.90878809206698,41.099820336943175],[-70.90980026360222,41.099820336943175],[-70.90977852173137,41.099687979662875]]]},"properties":{"kind":"pavement","solo":0,"d":"millrace"}},{"type":"Feature","geometry":{"type":"Polygon","coordinates":[[[-70.90710611536319,41.096799623458686],[-70.90705508392665,41.09696166202086],[-70.90893616486306,41.09722693384581],[-70.90870027379277,41.09713173861918],[-70.90804845328279,41.096954319074264],[-70.90747178387356,41.096807928064905],[-70.90721015644061,41.096787502823354],[-70.90710611536319,41.096799623458686]]]},"properties":{"kind":"pavement","solo":0,"d":"millrace"}},{"type":"Feature","geometry":{"type":"Polygon","coordinates":[[[-70.90893616486306,41.09722693384581],[-70.90705508392665,41.09696166202086],[-70.90683228114315,41.09772583654239],[-70.90930381158161,41.0980603437681],[-70.9094531905185,41.09761607558923],[-70.90944166835885,41.09759615789568],[-70.90923239809302,41.097395045065696],[-70.90894076637574,41.09722879081327],[-70.90893616486306,41.09722693384581]]]},"properties":{"kind":"pavement","solo":0,"d":"millrace"}},{"type":"Feature","geometry":{"type":"Polygon","coordinates":[[[-70.90930381158161,41.0980603437681],[-70.90683228114315,41.09772583654239],[-70.90661626670338,41.098482359668175],[-70.90906585526535,41.09886052068777],[-70.90930381158161,41.0980603437681]]]},"properties":{"kind":"pavement","solo":0,"d":"millrace"}},{"type":"Feature","geometry":{"type":"Polygon","coordinates":[[[-70.90906585526535,41.09886052068777],[-70.90661626670338,41.098482359668175],[-70.906436840369,41.09921750864139],[-70.90885695365695,41.099553625403054],[-70.90906585526535,41.09886052068777]]]},"properties":{"kind":"pavement","solo":0,"d":"millrace"}},{"type":"Feature","geometry":{"type":"Polygon","coordinates":[[[-70.90885695365695,41.099553625403054],[-70.906436840369,41.09921750864139],[-70.90626600780092,41.099820336943175],[-70.90878809206698,41.099820336943175],[-70.90885695365695,41.099553625403054]]]},"properties":{"kind":"pavement","solo":0,"d":"millrace"}},{"type":"Feature","geometry":{"type":"Polygon","coordinates":[[[-70.90459056854398,41.0966797625706],[-70.90441933331228,41.097340979642],[-70.90683228114315,41.09772583654239],[-70.90699565307428,41.09716549943469],[-70.90528683602281,41.09669153028286],[-70.90459056854398,41.0966797625706]]]},"properties":{"kind":"pavement","solo":0,"d":"millrace"}},{"type":"Feature","geometry":{"type":"Polygon","coordinates":[[[-70.90683228114315,41.09772583654239],[-70.90441933331228,41.097340979642],[-70.90417161007113,41.098120629632284],[-70.90661626670338,41.098482359668175],[-70.90683228114315,41.09772583654239]]]},"properties":{"kind":"pavement","solo":0,"d":"millrace"}},{"type":"Feature","geometry":{"type":"Polygon","coordinates":[[[-70.90661626670338,41.098482359668175],[-70.90417161007113,41.098120629632284],[-70.90397953409739,41.09884049285293],[-70.906436840369,41.09921750864139],[-70.90661626670338,41.098482359668175]]]},"properties":{"kind":"pavement","solo":0,"d":"millrace"}},{"type":"Feature","geometry":{"type":"Polygon","coordinates":[[[-70.906436840369,41.09921750864139],[-70.90397953409739,41.09884049285293],[-70.90379255053334,41.09958866353267],[-70.9053995445463,41.099820336943175],[-70.90626600780092,41.099820336943175],[-70.906436840369,41.09921750864139]]]},"properties":{"kind":"pavement","solo":0,"d":"millrace"}},{"type":"Feature","geometry":{"type":"Polygon","coordinates":[[[-70.9053995445463,41.099820336943175],[-70.90379255053334,41.09958866353267],[-70.90373862904572,41.099820336943175],[-70.9053995445463,41.099820336943175]]]},"properties":{"kind":"pavement","solo":0,"d":"millrace"}},{"type":"Feature","geometry":{"type":"Polygon","coordinates":[[[-70.90432377544292,41.09652808387155],[-70.90461684314029,41.096578304410095],[-70.90465182103921,41.09643476347694],[-70.90459852085014,41.09639963628786],[-70.90448286316598,41.09640896034706],[-70.90432377544292,41.09652808387155]]]},"properties":{"kind":"pavement","solo":1,"d":"millrace"}},{"type":"Feature","geometry":{"type":"Polygon","coordinates":[[[-70.90395003053315,41.096807940858945],[-70.90346278244837,41.09717278805167],[-70.90441933331228,41.097340979642],[-70.90460943249515,41.09660692027978],[-70.90395003053315,41.096807940858945]]]},"properties":{"kind":"pavement","solo":0,"d":"millrace"}},{"type":"Feature","geometry":{"type":"Polygon","coordinates":[[[-70.9024589855677,41.09726249019272],[-70.90204116890207,41.09738986280146],[-70.90194228090351,41.09775909319477],[-70.90417161007113,41.098120629632284],[-70.90441437365261,41.09735658899131],[-70.9024589855677,41.09726249019272]]]},"properties":{"kind":"pavement","solo":0,"d":"millrace"}},{"type":"Feature","geometry":{"type":"Polygon","coordinates":[[[-70.90417161007113,41.098120629632284],[-70.90194228090351,41.09775909319477],[-70.90174559021897,41.09847806705399],[-70.90397953409739,41.09884049285293],[-70.90417161007113,41.098120629632284]]]},"properties":{"kind":"pavement","solo":0,"d":"millrace"}},{"type":"Feature","geometry":{"type":"Polygon","coordinates":[[[-70.9028408188158,41.09865575240368],[-70.90174559021897,41.09847806705399],[-70.90157078019678,41.0992196408988],[-70.90169185900298,41.099239751357224],[-70.9028408188158,41.09865575240368]]]},"properties":{"kind":"pavement","solo":0,"d":"millrace"}},{"type":"Feature","geometry":{"type":"Polygon","coordinates":[[[-70.90397953409739,41.09884049285293],[-70.90330945986857,41.098731782786366],[-70.90215781897285,41.09931714449392],[-70.90379255053334,41.09958866353267],[-70.90397953409739,41.09884049285293]]]},"properties":{"kind":"pavement","solo":0,"d":"millrace"}},{"type":"Feature","geometry":{"type":"Polygon","coordinates":[[[-70.90330945986857,41.098731782786366],[-70.9028408188158,41.09865575240368],[-70.90261995351618,41.09876801490618],[-70.90281326989243,41.09898398867171],[-70.90330945986857,41.098731782786366]]]},"properties":{"kind":"pavement","solo":0,"d":"millrace"}},{"type":"Feature","geometry":{"type":"Polygon","coordinates":[[[-70.90169185900298,41.099239751357224],[-70.90157078019678,41.0992196408988],[-70.9015445631211,41.09931461963366],[-70.90169185900298,41.099239751357224]]]},"properties":{"kind":"pavement","solo":1,"d":"millrace"}},{"type":"Feature","geometry":{"type":"Polygon","coordinates":[[[-70.90379255053334,41.09958866353267],[-70.90215781897285,41.09931714449392],[-70.90144366926383,41.09968013602599],[-70.9014049694637,41.099820336943175],[-70.90373862904572,41.099820336943175],[-70.90379255053334,41.09958866353267]]]},"properties":{"kind":"pavement","solo":0,"d":"millrace"}},{"type":"Feature","geometry":{"type":"Polygon","coordinates":[[[-70.90080699357235,41.09755841359055],[-70.90194228090351,41.09775909319477],[-70.902080164459,41.097244260250804],[-70.90199443334969,41.09724013462763],[-70.90103474601071,41.09744486700414],[-70.90080699357235,41.09755841359055]]]},"properties":{"kind":"pavement","solo":0,"d":"millrace"}},{"type":"Feature","geometry":{"type":"Polygon","coordinates":[[[-70.90194228090351,41.09775909319477],[-70.90070026925632,41.097539548416144],[-70.90059986194971,41.09753764185246],[-70.89915889176359,41.09784504744041],[-70.89911817054006,41.09801782049874],[-70.90174559021897,41.09847806705399],[-70.90194228090351,41.09775909319477]]]},"properties":{"kind":"pavement","solo":0,"d":"millrace"}},{"type":"Feature","geometry":{"type":"Polygon","coordinates":[[[-70.90174559021897,41.09847806705399],[-70.89911817054006,41.09801782049874],[-70.89890868587162,41.09876793134548],[-70.90157078019678,41.0992196408988],[-70.90174559021897,41.09847806705399]]]},"properties":{"kind":"pavement","solo":0,"d":"millrace"}},{"type":"Feature","geometry":{"type":"Polygon","coordinates":[[[-70.90157078019678,41.0992196408988],[-70.89890868587162,41.09876793134548],[-70.89868712824493,41.09963739428904],[-70.89884383987807,41.09966161404349],[-70.90123438987409,41.09947227601959],[-70.9015445631211,41.09931461963366],[-70.90157078019678,41.0992196408988]]]},"properties":{"kind":"pavement","solo":0,"d":"millrace"}},{"type":"Feature","geometry":{"type":"Polygon","coordinates":[[[-70.90123438987409,41.09947227601959],[-70.90071197559564,41.09951365264309],[-70.90074117067223,41.099722971905145],[-70.90123438987409,41.09947227601959]]]},"properties":{"kind":"pavement","solo":1,"d":"millrace"}},{"type":"Feature","geometry":{"type":"Polygon","coordinates":[[[-70.90116783791414,41.099820336943175],[-70.9014049694637,41.099820336943175],[-70.90144366926383,41.09968013602599],[-70.90116783791414,41.099820336943175]]]},"properties":{"kind":"pavement","solo":1,"d":"millrace"}},{"type":"Feature","geometry":{"type":"Polygon","coordinates":[[[-70.89911817054006,41.09801782049874],[-70.89681800692338,41.09760100285955],[-70.8966388914797,41.098366816612426],[-70.89890868587162,41.09876793134548],[-70.89911817054006,41.09801782049874]]]},"properties":{"kind":"pavement","solo":0,"d":"millrace"}},{"type":"Feature","geometry":{"type":"Polygon","coordinates":[[[-70.89890868587162,41.09876793134548],[-70.8966388914797,41.098366816612426],[-70.89638908003674,41.099249115923875],[-70.89868712824493,41.09963739428904],[-70.89890868587162,41.09876793134548]]]},"properties":{"kind":"pavement","solo":0,"d":"millrace"}},{"type":"Feature","geometry":{"type":"Polygon","coordinates":[[[-70.89868712824493,41.09963739428904],[-70.89638908003674,41.099249115923875],[-70.89620065597228,41.099820336943175],[-70.89683983128336,41.099820336943175],[-70.89867533669336,41.099674959951365],[-70.89868712824493,41.09963739428904]]]},"properties":{"kind":"pavement","solo":0,"d":"millrace"}},{"type":"Feature","geometry":{"type":"Polygon","coordinates":[[[-70.89683983128336,41.099820336943175],[-70.89761427146176,41.099820336943175],[-70.89760580977376,41.09975966937548],[-70.89683983128336,41.099820336943175]]]},"properties":{"kind":"pavement","solo":1,"d":"millrace"}},{"type":"Feature","geometry":{"type":"Polygon","coordinates":[[[-70.89445935692092,41.09705565657227],[-70.89442736252339,41.097175356574255],[-70.89681800692338,41.09760100285955],[-70.89695797111587,41.097143336685384],[-70.89650919782723,41.0969655907801],[-70.89513728909749,41.09686409922609],[-70.89452661909722,41.09702580582231],[-70.89445935692092,41.09705565657227]]]},"properties":{"kind":"pavement","solo":0,"d":"millrace"}},{"type":"Feature","geometry":{"type":"Polygon","coordinates":[[[-70.89681800692338,41.09760100285955],[-70.89442736252339,41.097175356574255],[-70.89421274619257,41.097940065613905],[-70.8966388914797,41.098366816612426],[-70.89681800692338,41.09760100285955]]]},"properties":{"kind":"pavement","solo":0,"d":"millrace"}},{"type":"Feature","geometry":{"type":"Polygon","coordinates":[[[-70.8966388914797,41.098366816612426],[-70.89421274619257,41.097940065613905],[-70.8939588705323,41.09881741762589],[-70.89638908003674,41.099249115923875],[-70.8966388914797,41.098366816612426]]]},"properties":{"kind":"pavement","solo":0,"d":"millrace"}},{"type":"Feature","geometry":{"type":"Polygon","coordinates":[[[-70.89638908003674,41.099249115923875],[-70.8939588705323,41.09881741762589],[-70.89371229659298,41.09953693735443],[-70.89540943013186,41.099820336943175],[-70.89620065597228,41.099820336943175],[-70.89638908003674,41.099249115923875]]]},"properties":{"kind":"pavement","solo":0,"d":"millrace"}},{"type":"Feature","geometry":{"type":"Polygon","coordinates":[[[-70.89540943013186,41.099820336943175],[-70.89371229659298,41.09953693735443],[-70.89362489187415,41.099820336943175],[-70.89540943013186,41.099820336943175]]]},"properties":{"kind":"pavement","solo":0,"d":"millrace"}},{"type":"Feature","geometry":{"type":"Polygon","coordinates":[[[-70.89414524648198,41.097126794027844],[-70.89442736252339,41.097175356574255],[-70.89446282007967,41.09704269992545],[-70.89414524648198,41.097126794027844]]]},"properties":{"kind":"pavement","solo":1,"d":"millrace"}},{"type":"Feature","geometry":{"type":"Polygon","coordinates":[[[-70.89381044031087,41.09721545134899],[-70.89227842937443,41.09762113080564],[-70.89421274619257,41.097940065613905],[-70.89441591959279,41.09721612939165],[-70.89381044031087,41.09721545134899]]]},"properties":{"kind":"pavement","solo":0,"d":"millrace"}},{"type":"Feature","geometry":{"type":"Polygon","coordinates":[[[-70.89421274619257,41.097940065613905],[-70.89178558723962,41.09753986980936],[-70.89168771138617,41.097626134563065],[-70.89145509365821,41.098400339732066],[-70.8939588705323,41.09881741762589],[-70.89421274619257,41.097940065613905]]]},"properties":{"kind":"pavement","solo":0,"d":"millrace"}},{"type":"Feature","geometry":{"type":"Polygon","coordinates":[[[-70.8939588705323,41.09881741762589],[-70.89145509365821,41.098400339732066],[-70.8911933175477,41.099084815143264],[-70.89371229659298,41.09953693735443],[-70.8939588705323,41.09881741762589]]]},"properties":{"kind":"pavement","solo":0,"d":"millrace"}},{"type":"Feature","geometry":{"type":"Polygon","coordinates":[[[-70.89371229659298,41.09953693735443],[-70.8911933175477,41.099084815143264],[-70.89096752946838,41.099820336943175],[-70.89362489187415,41.099820336943175],[-70.89371229659298,41.09953693735443]]]},"properties":{"kind":"pavement","solo":0,"d":"millrace"}},{"type":"Feature","geometry":{"type":"Polygon","coordinates":[[[-70.89091537488966,41.09830684809248],[-70.89145509365821,41.098400339732066],[-70.8916458536644,41.097765446664674],[-70.8913930146415,41.097885871170206],[-70.89091537488966,41.09830684809248]]]},"properties":{"kind":"pavement","solo":0,"d":"millrace"}},{"type":"Feature","geometry":{"type":"Polygon","coordinates":[[[-70.89145509365821,41.098400339732066],[-70.8907169705636,41.09827247992367],[-70.89066070186637,41.09832531171081],[-70.89048009131739,41.0986968639649],[-70.8903606346024,41.098948394572325],[-70.8911933175477,41.099084815143264],[-70.89145509365821,41.098400339732066]]]},"properties":{"kind":"pavement","solo":0,"d":"millrace"}},{"type":"Feature","geometry":{"type":"Polygon","coordinates":[[[-70.8911933175477,41.099084815143264],[-70.890358030365,41.098947967913475],[-70.89022868034405,41.09921406694323],[-70.89019307340423,41.099494437134766],[-70.89024928738158,41.09977192156541],[-70.8905342768185,41.099820336943175],[-70.89096752946838,41.099820336943175],[-70.8911933175477,41.099084815143264]]]},"properties":{"kind":"pavement","solo":0,"d":"millrace"}},{"type":"Feature","geometry":{"type":"Polygon","coordinates":[[[-70.8905342768185,41.099820336943175],[-70.89024928738158,41.09977192156541],[-70.89025909557493,41.099820336943175],[-70.8905342768185,41.099820336943175]]]},"properties":{"kind":"pavement","solo":1,"d":"millrace"}},{"type":"Feature","geometry":{"type":"Polygon","coordinates":[[[-70.89775082429873,41.100799376644055],[-70.89769884594745,41.100795451286956],[-70.89761839194226,41.1013102332611],[-70.8978085926577,41.101213557104515],[-70.89775082429873,41.100799376644055]]]},"properties":{"kind":"pavement","solo":1,"d":"downtown"}},{"type":"Feature","geometry":{"type":"Polygon","coordinates":[[[-70.89805766087296,41.10154847372738],[-70.89833107418617,41.10156919910388],[-70.89833107418617,41.101526818653646],[-70.89805766087296,41.10154847372738]]]},"properties":{"kind":"pavement","solo":1,"d":"downtown"}},{"type":"Feature","geometry":{"type":"Polygon","coordinates":[[[-70.89785314330031,41.101532970811135],[-70.89780550562446,41.101529359762516],[-70.89756621476256,41.10165098770057],[-70.89750282359351,41.10207790934531],[-70.89793433921189,41.10211511925093],[-70.89785314330031,41.101532970811135]]]},"properties":{"kind":"pavement","solo":0,"d":"downtown"}},{"type":"Feature","geometry":{"type":"Polygon","coordinates":[[[-70.89833107418617,41.10156919910388],[-70.89805766087296,41.10154847372738],[-70.89785751656396,41.10156432569786],[-70.89793433921189,41.10211511925093],[-70.89833107418617,41.102149329996315],[-70.89833107418617,41.10156919910388]]]},"properties":{"kind":"pavement","solo":0,"d":"downtown"}},{"type":"Feature","geometry":{"type":"Polygon","coordinates":[[[-70.89833107418617,41.102149329996315],[-70.89750282359351,41.10207790934531],[-70.89739255253549,41.10279048318108],[-70.89833107418617,41.10286784339706],[-70.89833107418617,41.102149329996315]]]},"properties":{"kind":"pavement","solo":0,"d":"downtown"}},{"type":"Feature","geometry":{"type":"Polygon","coordinates":[[[-70.89833107418617,41.10286784339706],[-70.89739255253549,41.10279048318108],[-70.89736717477656,41.102964440437596],[-70.89833107418617,41.102964440437596],[-70.89833107418617,41.10286784339706]]]},"properties":{"kind":"pavement","solo":1,"d":"downtown"}},{"type":"Feature","geometry":{"type":"Polygon","coordinates":[[[-70.89592517633203,41.099820336943175],[-70.89591488259083,41.099893595380756],[-70.89683983128336,41.099820336943175],[-70.89592517633203,41.099820336943175]]]},"properties":{"kind":"pavement","solo":1,"d":"downtown"}},{"type":"Feature","geometry":{"type":"Polygon","coordinates":[[[-70.89591488259083,41.099893595380756],[-70.89589612595255,41.1000270825152],[-70.89766260343056,41.10016686153634],[-70.89761427146176,41.099820336943175],[-70.89683983128336,41.099820336943175],[-70.89591488259083,41.099893595380756]]]},"properties":{"kind":"pavement","solo":0,"d":"downtown"}},{"type":"Feature","geometry":{"type":"Polygon","coordinates":[[[-70.89766260343056,41.10016686153634],[-70.89589612595255,41.1000270825152],[-70.89581105364276,41.10064559887368],[-70.89769884594745,41.100795451286956],[-70.89772857214685,41.10063983590802],[-70.89766260343056,41.10016686153634]]]},"properties":{"kind":"pavement","solo":0,"d":"downtown"}},{"type":"Feature","geometry":{"type":"Polygon","coordinates":[[[-70.89769884594745,41.100795451286956],[-70.89581105364276,41.10064559887368],[-70.89568310136279,41.101369573408675],[-70.89726719963333,41.10148873901789],[-70.89761839194226,41.1013102332611],[-70.89769884594745,41.100795451286956]]]},"properties":{"kind":"pavement","solo":0,"d":"downtown"}},{"type":"Feature","geometry":{"type":"Polygon","coordinates":[[[-70.89726719963333,41.10148873901789],[-70.89568310136279,41.101369573408675],[-70.89562555926034,41.10170252299349],[-70.89707198851843,41.101587961885],[-70.89726719963333,41.10148873901789]]]},"properties":{"kind":"pavement","solo":0,"d":"downtown"}},{"type":"Feature","geometry":{"type":"Polygon","coordinates":[[[-70.89591207360168,41.10195765488124],[-70.89628864737115,41.101986122382144],[-70.89707198851843,41.101587961885],[-70.89587374704377,41.101682865849924],[-70.89591207360168,41.10195765488124]]]},"properties":{"kind":"pavement","solo":0,"d":"downtown"}},{"type":"Feature","geometry":{"type":"Polygon","coordinates":[[[-70.89682682820273,41.10202680674349],[-70.89750282359351,41.10207790934531],[-70.89756621476256,41.10165098770057],[-70.89682682820273,41.10202680674349]]]},"properties":{"kind":"pavement","solo":0,"d":"downtown"}},{"type":"Feature","geometry":{"type":"Polygon","coordinates":[[[-70.89685584750043,41.102752225427004],[-70.89739255253549,41.10279048318108],[-70.8974052062328,41.10270871472989],[-70.89685584750043,41.102752225427004]]]},"properties":{"kind":"pavement","solo":1,"d":"downtown"}},{"type":"Feature","geometry":{"type":"Polygon","coordinates":[[[-70.89628864737115,41.101986122382144],[-70.89591207360168,41.10195765488124],[-70.89594071066458,41.10216297336533],[-70.89628864737115,41.101986122382144]]]},"properties":{"kind":"pavement","solo":1,"d":"downtown"}},{"type":"Feature","geometry":{"type":"Polygon","coordinates":[[[-70.89750282359351,41.10207790934531],[-70.89682682820273,41.10202680674349],[-70.89598163735562,41.10245640451075],[-70.89601453281084,41.10269225429129],[-70.89685584750043,41.102752225427004],[-70.8974052062328,41.10270871472989],[-70.89750282359351,41.10207790934531]]]},"properties":{"kind":"pavement","solo":0,"d":"downtown"}},{"type":"Feature","geometry":{"type":"Polygon","coordinates":[[[-70.89739255253549,41.10279048318108],[-70.89685584750043,41.102752225427004],[-70.89544181750072,41.10286422042662],[-70.89542598668122,41.102964440437596],[-70.89736717477656,41.102964440437596],[-70.89739255253549,41.10279048318108]]]},"properties":{"kind":"pavement","solo":0,"d":"downtown"}},{"type":"Feature","geometry":{"type":"Polygon","coordinates":[[[-70.89685584750043,41.102752225427004],[-70.89601453281084,41.10269225429129],[-70.89603199834255,41.10281747650806],[-70.89685584750043,41.102752225427004]]]},"properties":{"kind":"pavement","solo":1,"d":"downtown"}},{"type":"Feature","geometry":{"type":"Polygon","coordinates":[[[-70.89354723274546,41.099820336943175],[-70.89354501343848,41.099834290914636],[-70.89589612595255,41.1000270825152],[-70.89592517633203,41.099820336943175],[-70.89354723274546,41.099820336943175]]]},"properties":{"kind":"pavement","solo":0,"d":"downtown"}},{"type":"Feature","geometry":{"type":"Polygon","coordinates":[[[-70.89589612595255,41.1000270825152],[-70.89354501343848,41.099834290914636],[-70.89344367996155,41.10043520586809],[-70.89581105364276,41.10064559887368],[-70.89589612595255,41.1000270825152]]]},"properties":{"kind":"pavement","solo":0,"d":"downtown"}},{"type":"Feature","geometry":{"type":"Polygon","coordinates":[[[-70.89581105364276,41.10064559887368],[-70.89344367996155,41.10043520586809],[-70.89334446361244,41.101166479946805],[-70.89568310136279,41.101369573408675],[-70.89581105364276,41.10064559887368]]]},"properties":{"kind":"pavement","solo":0,"d":"downtown"}},{"type":"Feature","geometry":{"type":"Polygon","coordinates":[[[-70.89568310136279,41.101369573408675],[-70.89334446361244,41.101166479946805],[-70.8932324885127,41.10175167979435],[-70.89413094101498,41.10182090080008],[-70.89562555926034,41.10170252299349],[-70.89568310136279,41.101369573408675]]]},"properties":{"kind":"pavement","solo":0,"d":"downtown"}},{"type":"Feature","geometry":{"type":"Polygon","coordinates":[[[-70.89413094101498,41.10182090080008],[-70.8932324885127,41.10175167979435],[-70.89321427917038,41.10189350289689],[-70.89413094101498,41.10182090080008]]]},"properties":{"kind":"pavement","solo":1,"d":"downtown"}},{"type":"Feature","geometry":{"type":"Polygon","coordinates":[[[-70.8937160288011,41.10185376296937],[-70.89321427917038,41.10189350289689],[-70.89314140376109,41.102461091580814],[-70.89380841917797,41.10251617210676],[-70.8937160288011,41.10185376296937]]]},"properties":{"kind":"pavement","solo":0,"d":"downtown"}},{"type":"Feature","geometry":{"type":"Polygon","coordinates":[[[-70.89380841917797,41.10251617210676],[-70.89314140376109,41.102461091580814],[-70.89306456349584,41.102964440437596],[-70.89387094198706,41.102964440437596],[-70.89380841917797,41.10251617210676]]]},"properties":{"kind":"pavement","solo":0,"d":"downtown"}},{"type":"Feature","geometry":{"type":"Polygon","coordinates":[[[-70.89498212723683,41.102964440437596],[-70.89542598668122,41.102964440437596],[-70.89544181750072,41.10286422042662],[-70.89513084302081,41.10288885044633],[-70.89498212723683,41.102964440437596]]]},"properties":{"kind":"pavement","solo":1,"d":"downtown"}},{"type":"Feature","geometry":{"type":"Polygon","coordinates":[[[-70.89354501343848,41.099834290914636],[-70.89338839237617,41.099820336943175],[-70.89123760204625,41.099820336943175],[-70.8911594129079,41.10024580838727],[-70.89344367996155,41.10043520586809],[-70.89354501343848,41.099834290914636]]]},"properties":{"kind":"pavement","solo":0,"d":"downtown"}},{"type":"Feature","geometry":{"type":"Polygon","coordinates":[[[-70.89344367996155,41.10043520586809],[-70.8911594129079,41.10024580838727],[-70.89105397890019,41.10099752743139],[-70.89334446361244,41.101166479946805],[-70.89344367996155,41.10043520586809]]]},"properties":{"kind":"pavement","solo":0,"d":"downtown"}},{"type":"Feature","geometry":{"type":"Polygon","coordinates":[[[-70.89334446361244,41.101166479946805],[-70.89105397890019,41.10099752743139],[-70.89096274387411,41.10158292076845],[-70.8932324885127,41.10175167979435],[-70.89334446361244,41.101166479946805]]]},"properties":{"kind":"pavement","solo":0,"d":"downtown"}},{"type":"Feature","geometry":{"type":"Polygon","coordinates":[[[-70.8932324885127,41.10175167979435],[-70.89096274387411,41.10158292076845],[-70.89086252155066,41.102291288004146],[-70.89314140376109,41.102461091580814],[-70.8932324885127,41.10175167979435]]]},"properties":{"kind":"pavement","solo":0,"d":"downtown"}},{"type":"Feature","geometry":{"type":"Polygon","coordinates":[[[-70.89314140376109,41.102461091580814],[-70.89086252155066,41.102291288004146],[-70.89077183827645,41.102863789108206],[-70.89081150697837,41.102910011299414],[-70.89163705393179,41.102964440437596],[-70.89306456349584,41.102964440437596],[-70.89314140376109,41.102461091580814]]]},"properties":{"kind":"pavement","solo":0,"d":"downtown"}},{"type":"Feature","geometry":{"type":"Polygon","coordinates":[[[-70.89163705393179,41.102964440437596],[-70.89081150697837,41.102910011299414],[-70.89085821902731,41.102964440437596],[-70.89163705393179,41.102964440437596]]]},"properties":{"kind":"pavement","solo":1,"d":"downtown"}},{"type":"Feature","geometry":{"type":"Polygon","coordinates":[[[-70.89033285033787,41.10018440651032],[-70.8911594129079,41.10024580838727],[-70.89123760204625,41.099820336943175],[-70.89026816220584,41.099820336943175],[-70.89026280066469,41.09983862607283],[-70.89033285033787,41.10018440651032]]]},"properties":{"kind":"pavement","solo":0,"d":"downtown"}},{"type":"Feature","geometry":{"type":"Polygon","coordinates":[[[-70.8911594129079,41.10024580838727],[-70.8901888204776,41.10017370713429],[-70.89015236246698,41.10021534956705],[-70.88995074459808,41.10090310244282],[-70.89105397890019,41.10099752743139],[-70.8911594129079,41.10024580838727]]]},"properties":{"kind":"pavement","solo":0,"d":"downtown"}},{"type":"Feature","geometry":{"type":"Polygon","coordinates":[[[-70.89105397890019,41.10099752743139],[-70.88979926162266,41.10089013712966],[-70.88980431635432,41.10108028487556],[-70.88982756402378,41.10140745309623],[-70.8898376350697,41.1014887969143],[-70.89096274387411,41.10158292076845],[-70.89105397890019,41.10099752743139]]]},"properties":{"kind":"pavement","solo":0,"d":"downtown"}},{"type":"Feature","geometry":{"type":"Polygon","coordinates":[[[-70.89096274387411,41.10158292076845],[-70.8898376350697,41.1014887969143],[-70.88986568883033,41.10171538708376],[-70.88996540873738,41.101999224046075],[-70.89010094952114,41.10222664706964],[-70.89086252155066,41.102291288004146],[-70.89096274387411,41.10158292076845]]]},"properties":{"kind":"pavement","solo":0,"d":"downtown"}},{"type":"Feature","geometry":{"type":"Polygon","coordinates":[[[-70.89086252155066,41.102291288004146],[-70.89023478050244,41.102238006415],[-70.89066578154025,41.1027402112117],[-70.89077832467409,41.10282283922144],[-70.89086252155066,41.102291288004146]]]},"properties":{"kind":"pavement","solo":0,"d":"downtown"}},{"type":"Feature","geometry":{"type":"Polygon","coordinates":[[[-70.90900004872915,41.102422049425996],[-70.90966641229251,41.10211021470732],[-70.90867139517131,41.102006263134484],[-70.90900004872915,41.102422049425996]]]},"properties":{"kind":"pavement","solo":0,"d":"terrace"}},{"type":"Feature","geometry":{"type":"Polygon","coordinates":[[[-70.90832054411959,41.10196960897258],[-70.90839963593571,41.10270302150316],[-70.90900004872915,41.102422049425996],[-70.90867139517131,41.102006263134484],[-70.90832054411959,41.10196960897258]]]},"properties":{"kind":"pavement","solo":0,"d":"terrace"}},{"type":"Feature","geometry":{"type":"Polygon","coordinates":[[[-70.90971610320172,41.10208696110892],[-70.90918694050177,41.101294610362615],[-70.90886135227214,41.101375707088266],[-70.90894411111817,41.10203475435439],[-70.90966641229251,41.10211021470732],[-70.90971610320172,41.10208696110892]]]},"properties":{"kind":"pavement","solo":0,"d":"terrace"}},{"type":"Feature","geometry":{"type":"Polygon","coordinates":[[[-70.90886135227214,41.101375707088266],[-70.90840317222636,41.10148982946153],[-70.90828303224626,41.101621764160036],[-70.90832054411959,41.10196960897258],[-70.90894411111817,41.10203475435439],[-70.90886135227214,41.101375707088266]]]},"properties":{"kind":"pavement","solo":0,"d":"terrace"}},{"type":"Feature","geometry":{"type":"Polygon","coordinates":[[[-70.90945600559871,41.10289776739796],[-70.90966603680813,41.102634804015835],[-70.90982362860906,41.102354867372014],[-70.90984825707012,41.102284843945846],[-70.90973774341745,41.1021193644531],[-70.90970265381809,41.102093254947576],[-70.90963396963642,41.102125396729704],[-70.90939619233977,41.10295254173752],[-70.90945600559871,41.10289776739796]]]},"properties":{"kind":"pavement","solo":0,"d":"terrace"}},{"type":"Feature","geometry":{"type":"Polygon","coordinates":[[[-70.9084278275706,41.102964440437596],[-70.90938319902877,41.102964440437596],[-70.90939619233977,41.10295254173752],[-70.90963396963642,41.102125396729704],[-70.90839963593571,41.10270302150316],[-70.9084278275706,41.102964440437596]]]},"properties":{"kind":"pavement","solo":0,"d":"terrace"}},{"type":"Feature","geometry":{"type":"Polygon","coordinates":[[[-70.91022742906861,41.10103544799688],[-70.90918694050177,41.101294610362615],[-70.90929609734896,41.10145805821967],[-70.91012219028416,41.1015154705546],[-70.91015894163024,41.1014134989895],[-70.91022257671742,41.10110738348873],[-70.91022742906861,41.10103544799688]]]},"properties":{"kind":"pavement","solo":0,"d":"terrace"}},{"type":"Feature","geometry":{"type":"Polygon","coordinates":[[[-70.90929609734896,41.10145805821967],[-70.90965521639194,41.10199579121132],[-70.90994529353937,41.102006294424896],[-70.91004699459342,41.10172411113756],[-70.91012138354054,41.10151541448702],[-70.90929609734896,41.10145805821967]]]},"properties":{"kind":"pavement","solo":0,"d":"terrace"}},{"type":"Feature","geometry":{"type":"Polygon","coordinates":[[[-70.90994621604978,41.102006327827475],[-70.90970644649926,41.10199764616875],[-70.9096890708906,41.10204648381925],[-70.90984751830271,41.102283737739924],[-70.90993254859528,41.102045187015136],[-70.90994621604978,41.102006327827475]]]},"properties":{"kind":"pavement","solo":1,"d":"terrace"}},{"type":"Feature","geometry":{"type":"Polygon","coordinates":[[[-70.90818582673883,41.10072038471662],[-70.90827231910937,41.101522422038165],[-70.90884843188526,41.10137892526686],[-70.90896045227387,41.10072332064332],[-70.90818582673883,41.10072038471662]]]},"properties":{"kind":"pavement","solo":0,"d":"terrace"}},{"type":"Feature","geometry":{"type":"Polygon","coordinates":[[[-70.90884843188526,41.10137892526686],[-70.90957964968243,41.10119679531346],[-70.90963018252836,41.10072585900392],[-70.90896045227387,41.10072332064332],[-70.90884843188526,41.10137892526686]]]},"properties":{"kind":"pavement","solo":0,"d":"terrace"}},{"type":"Feature","geometry":{"type":"Polygon","coordinates":[[[-70.90907897373087,41.099820336943175],[-70.9080887648398,41.099820336943175],[-70.90813982041358,41.10029377148298],[-70.90894078616907,41.100284173571396],[-70.90907897373087,41.099820336943175]]]},"properties":{"kind":"pavement","solo":0,"d":"terrace"}},{"type":"Feature","geometry":{"type":"Polygon","coordinates":[[[-70.90813982041358,41.10029377148298],[-70.90818582673883,41.10072038471662],[-70.9088101239374,41.10072275088031],[-70.90894078616907,41.100284173571396],[-70.90813982041358,41.10029377148298]]]},"properties":{"kind":"pavement","solo":0,"d":"terrace"}},{"type":"Feature","geometry":{"type":"Polygon","coordinates":[[[-70.90896864211656,41.100190673052296],[-70.9088101239374,41.10072275088031],[-70.90963018252836,41.10072585900392],[-70.90967134570026,41.10034224252826],[-70.90896864211656,41.100190673052296]]]},"properties":{"kind":"pavement","solo":0,"d":"terrace"}},{"type":"Feature","geometry":{"type":"Polygon","coordinates":[[[-70.90971555380919,41.09993024903598],[-70.90959080166104,41.099820336943175],[-70.90907897373087,41.099820336943175],[-70.90896864211656,41.100190673052296],[-70.90967134570026,41.10034224252826],[-70.90971555380919,41.09993024903598]]]},"properties":{"kind":"pavement","solo":0,"d":"terrace"}},{"type":"Feature","geometry":{"type":"Polygon","coordinates":[[[-70.91011197571001,41.100461834820784],[-70.90996474225032,41.10046568329],[-70.91023964420381,41.10085436016498],[-70.9102426510358,41.100809784261465],[-70.91017588252521,41.10058420045803],[-70.91015221435917,41.10052117918691],[-70.91011197571001,41.100461834820784]]]},"properties":{"kind":"pavement","solo":1,"d":"terrace"}},{"type":"Feature","geometry":{"type":"Polygon","coordinates":[[[-70.90996474225032,41.10046568329],[-70.9096572376735,41.10047372101389],[-70.90957964968243,41.10119679531346],[-70.91004162241508,41.10108172826697],[-70.91023093281301,41.10098350543007],[-70.91023964420381,41.10085436016498],[-70.90996474225032,41.10046568329]]]},"properties":{"kind":"pavement","solo":0,"d":"terrace"}},{"type":"Feature","geometry":{"type":"Polygon","coordinates":[[[-70.90972046951752,41.09988443753455],[-70.9096572376735,41.10047372101389],[-70.9099065223838,41.10046720507292],[-70.90983967121838,41.1000602374067],[-70.90972046951752,41.09988443753455]]]},"properties":{"kind":"pavement","solo":0,"d":"terrace"}},{"type":"Feature","geometry":{"type":"Polygon","coordinates":[[[-70.90820163687262,41.100866990911754],[-70.90814075196027,41.10030240964627],[-70.90704073756386,41.10033488400704],[-70.90729276275522,41.10107439984844],[-70.90820163687262,41.100866990911754]]]},"properties":{"kind":"pavement","solo":0,"d":"terrace"}},{"type":"Feature","geometry":{"type":"Polygon","coordinates":[[[-70.90814075196027,41.10030240964627],[-70.9080887648398,41.099820336943175],[-70.90686538118207,41.099820336943175],[-70.90704073756386,41.10033488400704],[-70.90814075196027,41.10030240964627]]]},"properties":{"kind":"pavement","solo":0,"d":"terrace"}},{"type":"Feature","geometry":{"type":"Polygon","coordinates":[[[-70.90650660543142,41.10125380429124],[-70.90729276275522,41.10107439984844],[-70.90717568111549,41.10073084797233],[-70.90644638761121,41.100726900220316],[-70.90650660543142,41.10125380429124]]]},"properties":{"kind":"pavement","solo":0,"d":"terrace"}},{"type":"Feature","geometry":{"type":"Polygon","coordinates":[[[-70.90584280010835,41.10072363292976],[-70.90573213016148,41.10083472437861],[-70.90574932343684,41.101426619261176],[-70.90650660543142,41.10125380429124],[-70.90644638761121,41.100726900220316],[-70.90584280010835,41.10072363292976]]]},"properties":{"kind":"pavement","solo":0,"d":"terrace"}},{"type":"Feature","geometry":{"type":"Polygon","coordinates":[[[-70.90686538118207,41.099820336943175],[-70.90630169400426,41.099820336943175],[-70.90634310550014,41.10072634114203],[-70.90717568111549,41.10073084797233],[-70.90686538118207,41.099820336943175]]]},"properties":{"kind":"pavement","solo":0,"d":"terrace"}},{"type":"Feature","geometry":{"type":"Polygon","coordinates":[[[-70.90630169400426,41.099820336943175],[-70.90570266438468,41.099820336943175],[-70.90572888528153,41.10072301629532],[-70.90634310550014,41.10072634114203],[-70.90630169400426,41.099820336943175]]]},"properties":{"kind":"pavement","solo":0,"d":"terrace"}},{"type":"Feature","geometry":{"type":"Polygon","coordinates":[[[-70.90747012605006,41.1010339247907],[-70.90695182920878,41.101152202332855],[-70.90702191968319,41.1016411840737],[-70.90773551322592,41.10148643725021],[-70.90747012605006,41.1010339247907]]]},"properties":{"kind":"pavement","solo":0,"d":"terrace"}},{"type":"Feature","geometry":{"type":"Polygon","coordinates":[[[-70.90825626034098,41.10137351027277],[-70.90820163687262,41.100866990911754],[-70.90758737931687,41.10100716709683],[-70.90751266474173,41.10110645763985],[-70.90773551322592,41.10148643725021],[-70.90825626034098,41.10137351027277]]]},"properties":{"kind":"pavement","solo":0,"d":"terrace"}},{"type":"Feature","geometry":{"type":"Polygon","coordinates":[[[-70.90831725903092,41.10193914658954],[-70.90825626034098,41.10137351027277],[-70.90734471804753,41.10157118341013],[-70.90703977245906,41.10176573283017],[-70.90709018646999,41.10211744297388],[-70.90831725903092,41.10193914658954]]]},"properties":{"kind":"pavement","solo":0,"d":"terrace"}},{"type":"Feature","geometry":{"type":"Polygon","coordinates":[[[-70.90695182920878,41.101152202332855],[-70.90610371279685,41.101345746102915],[-70.9062102359131,41.101679747609985],[-70.90701835073568,41.1016162855382],[-70.90695182920878,41.101152202332855]]]},"properties":{"kind":"pavement","solo":0,"d":"terrace"}},{"type":"Feature","geometry":{"type":"Polygon","coordinates":[[[-70.9062102359131,41.101679747609985],[-70.90634701137995,41.10210860487285],[-70.90652877744837,41.10219901695889],[-70.90709018646999,41.10211744297388],[-70.90701835073568,41.1016162855382],[-70.9062102359131,41.101679747609985]]]},"properties":{"kind":"pavement","solo":0,"d":"terrace"}},{"type":"Feature","geometry":{"type":"Polygon","coordinates":[[[-70.90610371279685,41.101345746102915],[-70.90574932343684,41.101426619261176],[-70.90575795943997,41.10172392189518],[-70.90591563573464,41.10183840759886],[-70.90624407469679,41.101785848568625],[-70.90610371279685,41.101345746102915]]]},"properties":{"kind":"pavement","solo":0,"d":"terrace"}},{"type":"Feature","geometry":{"type":"Polygon","coordinates":[[[-70.90584790691899,41.101849246023285],[-70.90576430557502,41.10194239364001],[-70.90577494165959,41.10230855098305],[-70.9063826196458,41.102220254014114],[-70.90624407469679,41.101785848568625],[-70.90584790691899,41.101849246023285]]]},"properties":{"kind":"pavement","solo":0,"d":"terrace"}},{"type":"Feature","geometry":{"type":"Polygon","coordinates":[[[-70.9077622768087,41.102541472780295],[-70.9075728612426,41.10204730925114],[-70.90694032239018,41.102139218559465],[-70.90700856137964,41.10260059218581],[-70.9077622768087,41.102541472780295]]]},"properties":{"kind":"pavement","solo":0,"d":"terrace"}},{"type":"Feature","geometry":{"type":"Polygon","coordinates":[[[-70.90706237597935,41.102964440437596],[-70.90792440261023,41.102964440437596],[-70.9077622768087,41.102541472780295],[-70.90700856137964,41.10260059218581],[-70.90706237597935,41.102964440437596]]]},"properties":{"kind":"pavement","solo":0,"d":"terrace"}},{"type":"Feature","geometry":{"type":"Polygon","coordinates":[[[-70.90837031995487,41.10243117659241],[-70.90831725903092,41.10193914658954],[-70.9075728612426,41.10204730925114],[-70.90770251566387,41.10238556279444],[-70.90837031995487,41.10243117659241]]]},"properties":{"kind":"pavement","solo":0,"d":"terrace"}},{"type":"Feature","geometry":{"type":"Polygon","coordinates":[[[-70.90787590337403,41.10283791148217],[-70.90803443939456,41.102964440437596],[-70.9084278275706,41.102964440437596],[-70.90837031995487,41.10243117659241],[-70.90770251566387,41.10238556279444],[-70.90787590337403,41.10283791148217]]]},"properties":{"kind":"pavement","solo":0,"d":"terrace"}},{"type":"Feature","geometry":{"type":"Polygon","coordinates":[[[-70.90648197621809,41.10272601863182],[-70.90660613757584,41.102964440437596],[-70.90706237597935,41.102964440437596],[-70.90694032239018,41.102139218559465],[-70.90665427524351,41.1021807818489],[-70.90648197621809,41.10272601863182]]]},"properties":{"kind":"pavement","solo":0,"d":"terrace"}},{"type":"Feature","geometry":{"type":"Polygon","coordinates":[[[-70.90579399383985,41.102964440437596],[-70.90640663309,41.102964440437596],[-70.90665427524351,41.1021807818489],[-70.90577494165959,41.10230855098305],[-70.90579399383985,41.102964440437596]]]},"properties":{"kind":"pavement","solo":0,"d":"terrace"}},{"type":"Feature","geometry":{"type":"Polygon","coordinates":[[[-70.90577949106387,41.102465168559284],[-70.90576499667841,41.10196618553248],[-70.90450492897718,41.10223189468959],[-70.90452371801685,41.10250100659857],[-70.90577949106387,41.102465168559284]]]},"properties":{"kind":"pavement","solo":0,"d":"terrace"}},{"type":"Feature","geometry":{"type":"Polygon","coordinates":[[[-70.90454923610206,41.10286649737108],[-70.90481769882305,41.102964440437596],[-70.90579399383985,41.102964440437596],[-70.90577949106387,41.102465168559284],[-70.90452371801685,41.10250100659857],[-70.90454923610206,41.10286649737108]]]},"properties":{"kind":"pavement","solo":0,"d":"terrace"}},{"type":"Feature","geometry":{"type":"Polygon","coordinates":[[[-70.90576499667841,41.10196618553248],[-70.90575559471378,41.10164251394367],[-70.9044551590197,41.10151904887615],[-70.90450492897718,41.10223189468959],[-70.90576499667841,41.10196618553248]]]},"properties":{"kind":"pavement","solo":0,"d":"terrace"}},{"type":"Feature","geometry":{"type":"Polygon","coordinates":[[[-70.90453000840154,41.102591102604656],[-70.9044951733588,41.10209216678798],[-70.90362291737752,41.10210863239264],[-70.90359059690903,41.1024727521484],[-70.90453000840154,41.102591102604656]]]},"properties":{"kind":"pavement","solo":0,"d":"terrace"}},{"type":"Feature","geometry":{"type":"Polygon","coordinates":[[[-70.90354695303746,41.102964440437596],[-70.90455607435818,41.102964440437596],[-70.90453000840154,41.102591102604656],[-70.90359059690903,41.1024727521484],[-70.90354695303746,41.102964440437596]]]},"properties":{"kind":"pavement","solo":0,"d":"terrace"}},{"type":"Feature","geometry":{"type":"Polygon","coordinates":[[[-70.9044951733588,41.10209216678798],[-70.9044551590197,41.10151904887615],[-70.90368176834951,41.10144562215328],[-70.90362291737752,41.10210863239264],[-70.9044951733588,41.10209216678798]]]},"properties":{"kind":"pavement","solo":0,"d":"terrace"}},{"type":"Feature","geometry":{"type":"Polygon","coordinates":[[[-70.90275497963212,41.102964440437596],[-70.90312559821221,41.102964440437596],[-70.90315806261758,41.10240103165884],[-70.9027605478435,41.10237695553245],[-70.90275497963212,41.102964440437596]]]},"properties":{"kind":"pavement","solo":0,"d":"terrace"}},{"type":"Feature","geometry":{"type":"Polygon","coordinates":[[[-70.90312559821221,41.102964440437596],[-70.90354695303746,41.102964440437596],[-70.9035801783956,41.10259012626897],[-70.90346237887388,41.10241946306599],[-70.90315806261758,41.10240103165884],[-70.90312559821221,41.102964440437596]]]},"properties":{"kind":"pavement","solo":0,"d":"terrace"}},{"type":"Feature","geometry":{"type":"Polygon","coordinates":[[[-70.90359461610386,41.102427472228094],[-70.90361034813468,41.10225023645497],[-70.90276395293667,41.10201769459692],[-70.9027605478435,41.10237695553245],[-70.90359461610386,41.102427472228094]]]},"properties":{"kind":"pavement","solo":0,"d":"terrace"}},{"type":"Feature","geometry":{"type":"Polygon","coordinates":[[[-70.90213085945301,41.102964440437596],[-70.90275497963212,41.102964440437596],[-70.90276395293667,41.10201769459692],[-70.9024056272588,41.10191924682794],[-70.90213085945301,41.102964440437596]]]},"properties":{"kind":"pavement","solo":0,"d":"terrace"}},{"type":"Feature","geometry":{"type":"Polygon","coordinates":[[[-70.90361034813468,41.10225023645497],[-70.90368176834951,41.10144562215328],[-70.90331507752693,41.10141080804645],[-70.90303575477833,41.10209237047579],[-70.90361034813468,41.10225023645497]]]},"properties":{"kind":"pavement","solo":0,"d":"terrace"}},{"type":"Feature","geometry":{"type":"Polygon","coordinates":[[[-70.90331507752693,41.10141080804645],[-70.90255818047054,41.10133894724887],[-70.90247823912668,41.10164303739332],[-70.90316458821371,41.101778010010555],[-70.90331507752693,41.10141080804645]]]},"properties":{"kind":"pavement","solo":0,"d":"terrace"}},{"type":"Feature","geometry":{"type":"Polygon","coordinates":[[[-70.90247823912668,41.10164303739332],[-70.9024056272588,41.10191924682794],[-70.90303575477833,41.10209237047579],[-70.90316458821371,41.101778010010555],[-70.90247823912668,41.10164303739332]]]},"properties":{"kind":"pavement","solo":0,"d":"terrace"}},{"type":"Feature","geometry":{"type":"Polygon","coordinates":[[[-70.90572962241882,41.100748392948425],[-70.90571968286632,41.10040621438561],[-70.90493980240308,41.10031551057369],[-70.90488480861887,41.10084251407233],[-70.90572962241882,41.100748392948425]]]},"properties":{"kind":"pavement","solo":0,"d":"terrace"}},{"type":"Feature","geometry":{"type":"Polygon","coordinates":[[[-70.90571968286632,41.10040621438561],[-70.90570678929491,41.09996234090712],[-70.90553028745124,41.099820336943175],[-70.90499147468199,41.099820336943175],[-70.90493980240308,41.10031551057369],[-70.90571968286632,41.10040621438561]]]},"properties":{"kind":"pavement","solo":0,"d":"terrace"}},{"type":"Feature","geometry":{"type":"Polygon","coordinates":[[[-70.9043334872569,41.100317621370024],[-70.90413833088357,41.10092567952657],[-70.90488480861887,41.10084251407233],[-70.9049353669451,41.100358015411324],[-70.9043334872569,41.100317621370024]]]},"properties":{"kind":"pavement","solo":0,"d":"terrace"}},{"type":"Feature","geometry":{"type":"Polygon","coordinates":[[[-70.90499147468199,41.099820336943175],[-70.90462980342821,41.099820336943175],[-70.90444930963207,41.09995674799077],[-70.9043334872569,41.100317621370024],[-70.9049353669451,41.100358015411324],[-70.90499147468199,41.099820336943175]]]},"properties":{"kind":"pavement","solo":0,"d":"terrace"}},{"type":"Feature","geometry":{"type":"Polygon","coordinates":[[[-70.90574179430253,41.10116742163998],[-70.90572962241882,41.100748392948425],[-70.90494906999619,41.100835354680456],[-70.90490024871478,41.10115210614817],[-70.90574179430253,41.10116742163998]]]},"properties":{"kind":"pavement","solo":0,"d":"terrace"}},{"type":"Feature","geometry":{"type":"Polygon","coordinates":[[[-70.90575559471378,41.10164251394367],[-70.90574179430253,41.10116742163998],[-70.90490024871478,41.10115210614817],[-70.90483808783742,41.10155540463949],[-70.90575559471378,41.10164251394367]]]},"properties":{"kind":"pavement","solo":0,"d":"terrace"}},{"type":"Feature","geometry":{"type":"Polygon","coordinates":[[[-70.90494906999619,41.100835354680456],[-70.90413833088357,41.10092567952657],[-70.90396288905525,41.10147231212117],[-70.90483808783742,41.10155540463949],[-70.90494906999619,41.100835354680456]]]},"properties":{"kind":"pavement","solo":0,"d":"terrace"}},{"type":"Feature","geometry":{"type":"Polygon","coordinates":[[[-70.90366620562676,41.099820336943175],[-70.90295740336828,41.099820336943175],[-70.9028531565427,41.10021688309457],[-70.90362851612322,41.100416878791435],[-70.90366620562676,41.099820336943175]]]},"properties":{"kind":"pavement","solo":0,"d":"terrace"}},{"type":"Feature","geometry":{"type":"Polygon","coordinates":[[[-70.90449309078203,41.099820336943175],[-70.90366620562676,41.099820336943175],[-70.90364764696969,41.100114079618216],[-70.9043758174155,41.10018573124642],[-70.90449309078203,41.099820336943175]]]},"properties":{"kind":"pavement","solo":0,"d":"terrace"}},{"type":"Feature","geometry":{"type":"Polygon","coordinates":[[[-70.90364764696969,41.100114079618216],[-70.90362851612322,41.100416878791435],[-70.90425016680781,41.10057722692538],[-70.9043758174155,41.10018573124642],[-70.90364764696969,41.100114079618216]]]},"properties":{"kind":"pavement","solo":0,"d":"terrace"}},{"type":"Feature","geometry":{"type":"Polygon","coordinates":[[[-70.90273854855103,41.10065284224987],[-70.90255818047054,41.10133894724887],[-70.90304839617737,41.101385488969946],[-70.90343504084088,41.10079026561634],[-70.90273854855103,41.10065284224987]]]},"properties":{"kind":"pavement","solo":0,"d":"terrace"}},{"type":"Feature","geometry":{"type":"Polygon","coordinates":[[[-70.90362379128824,41.101440117735166],[-70.90390853640737,41.10146715180961],[-70.90399084782858,41.101385199618115],[-70.90413731951952,41.10092883068249],[-70.90369495845653,41.10084154939115],[-70.90362379128824,41.101440117735166]]]},"properties":{"kind":"pavement","solo":0,"d":"terrace"}},{"type":"Feature","geometry":{"type":"Polygon","coordinates":[[[-70.90313731223131,41.10124860640875],[-70.90318071886935,41.101398051859576],[-70.90362379128824,41.101440117735166],[-70.90369495845653,41.10084154939115],[-70.90343504084088,41.10079026561634],[-70.90313731223131,41.10124860640875]]]},"properties":{"kind":"pavement","solo":0,"d":"terrace"}},{"type":"Feature","geometry":{"type":"Polygon","coordinates":[[[-70.9028531565427,41.10021688309457],[-70.90273854855103,41.10065284224987],[-70.90334388998768,41.10077228084137],[-70.90350715449834,41.100385574860525],[-70.9028531565427,41.10021688309457]]]},"properties":{"kind":"pavement","solo":0,"d":"terrace"}},{"type":"Feature","geometry":{"type":"Polygon","coordinates":[[[-70.90334388998768,41.10077228084137],[-70.90389149899497,41.10088032837382],[-70.90417228189297,41.1008198967236],[-70.90425016680781,41.10057722692538],[-70.90350715449834,41.100385574860525],[-70.90334388998768,41.10077228084137]]]},"properties":{"kind":"pavement","solo":0,"d":"terrace"}},{"type":"Feature","geometry":{"type":"Polygon","coordinates":[[[-70.90089405298475,41.10081908866722],[-70.90090987509058,41.10082099236723],[-70.90094410642762,41.100526006587735],[-70.90085162295489,41.10051487906844],[-70.90089405298475,41.10081908866722]]]},"properties":{"kind":"pavement","solo":1,"d":"terrace"}},{"type":"Feature","geometry":{"type":"Polygon","coordinates":[[[-70.90094410642762,41.100526006587735],[-70.90101710439335,41.09989695251965],[-70.90078209736329,41.10001640305055],[-70.90085162295489,41.10051487906844],[-70.90094410642762,41.100526006587735]]]},"properties":{"kind":"pavement","solo":0,"d":"terrace"}},{"type":"Feature","geometry":{"type":"Polygon","coordinates":[[[-70.8997291440008,41.10212140913544],[-70.89970567419887,41.101742915524774],[-70.89900800030927,41.101667692782904],[-70.89907623578004,41.10217083944613],[-70.8997291440008,41.10212140913544]]]},"properties":{"kind":"pavement","solo":0,"d":"terrace"}},{"type":"Feature","geometry":{"type":"Polygon","coordinates":[[[-70.89970567419887,41.101742915524774],[-70.89968562186246,41.10141953481489],[-70.89914984865295,41.10146196950185],[-70.89898813239323,41.10152119308796],[-70.89900800030927,41.101667692782904],[-70.89970567419887,41.101742915524774]]]},"properties":{"kind":"pavement","solo":0,"d":"terrace"}},{"type":"Feature","geometry":{"type":"Polygon","coordinates":[[[-70.89833107418617,41.10172944095291],[-70.89833107418617,41.10222725406602],[-70.89907623578004,41.10217083944613],[-70.89902227030846,41.101772915219264],[-70.89833107418617,41.10172944095291]]]},"properties":{"kind":"pavement","solo":0,"d":"terrace"}},{"type":"Feature","geometry":{"type":"Polygon","coordinates":[[[-70.89833107418617,41.101526818653646],[-70.89833107418617,41.10172944095291],[-70.89891713669871,41.10176630261481],[-70.89901613052372,41.10172764239896],[-70.89898190457369,41.10147527112706],[-70.89833107418617,41.101526818653646]]]},"properties":{"kind":"pavement","solo":0,"d":"terrace"}},{"type":"Feature","geometry":{"type":"Polygon","coordinates":[[[-70.89975923391295,41.10260666416752],[-70.8997291440008,41.10212140913544],[-70.8993865691054,41.102147344761576],[-70.89925804955958,41.10224279828794],[-70.89917817964114,41.102530619195214],[-70.89975923391295,41.10260666416752]]]},"properties":{"kind":"pavement","solo":0,"d":"terrace"}},{"type":"Feature","geometry":{"type":"Polygon","coordinates":[[[-70.89905779482416,41.102964440437596],[-70.89978141906471,41.102964440437596],[-70.89975923391295,41.10260666416752],[-70.89917817964114,41.102530619195214],[-70.89905779482416,41.102964440437596]]]},"properties":{"kind":"pavement","solo":0,"d":"terrace"}},{"type":"Feature","geometry":{"type":"Polygon","coordinates":[[[-70.89914809987123,41.102639015282726],[-70.89928234822607,41.102155235105556],[-70.89833107418617,41.10222725406602],[-70.89833107418617,41.102475711314455],[-70.89914809987123,41.102639015282726]]]},"properties":{"kind":"pavement","solo":0,"d":"terrace"}},{"type":"Feature","geometry":{"type":"Polygon","coordinates":[[[-70.89833107418617,41.102964440437596],[-70.89905779482416,41.102964440437596],[-70.89914809987123,41.102639015282726],[-70.89833107418617,41.102475711314455],[-70.89833107418617,41.102964440437596]]]},"properties":{"kind":"pavement","solo":0,"d":"terrace"}},{"type":"Feature","geometry":{"type":"Polygon","coordinates":[[[-70.89968562186246,41.10141953481489],[-70.89969696263799,41.10160242562472],[-70.90037372407076,41.101625486843915],[-70.90033037813798,41.101368468374396],[-70.89968562186246,41.10141953481489]]]},"properties":{"kind":"pavement","solo":0,"d":"terrace"}},{"type":"Feature","geometry":{"type":"Polygon","coordinates":[[[-70.89969696263799,41.10160242562472],[-70.89972324265683,41.10202623913824],[-70.9004411108732,41.10202505496301],[-70.90037372407076,41.101625486843915],[-70.89969696263799,41.10160242562472]]]},"properties":{"kind":"pavement","solo":0,"d":"terrace"}},{"type":"Feature","geometry":{"type":"Polygon","coordinates":[[[-70.900770213819,41.102024512084036],[-70.90085113000202,41.101327223418615],[-70.90033037813798,41.101368468374396],[-70.9004411108732,41.10202505496301],[-70.900770213819,41.102024512084036]]]},"properties":{"kind":"pavement","solo":0,"d":"terrace"}},{"type":"Feature","geometry":{"type":"Polygon","coordinates":[[[-70.90070811985396,41.10255960180778],[-70.900770213819,41.102024512084036],[-70.89972324265683,41.10202623913824],[-70.89975969763243,41.1026141424951],[-70.90070811985396,41.10255960180778]]]},"properties":{"kind":"pavement","solo":0,"d":"terrace"}},{"type":"Feature","geometry":{"type":"Polygon","coordinates":[[[-70.89978141906471,41.102964440437596],[-70.90066114075006,41.102964440437596],[-70.90070811985396,41.10255960180778],[-70.89975969763243,41.1026141424951],[-70.89978141906471,41.102964440437596]]]},"properties":{"kind":"pavement","solo":0,"d":"terrace"}},{"type":"Feature","geometry":{"type":"Polygon","coordinates":[[[-70.90149247529817,41.10074908920601],[-70.9019574898969,41.10073577764647],[-70.90195571593499,41.1003045066656],[-70.90152995604434,41.100330204631334],[-70.90149247529817,41.10074908920601]]]},"properties":{"kind":"pavement","solo":0,"d":"terrace"}},{"type":"Feature","geometry":{"type":"Polygon","coordinates":[[[-70.90096285600865,41.10036443358902],[-70.90093021930004,41.10064567778694],[-70.90108852442994,41.10076065274843],[-70.90149247529817,41.10074908920601],[-70.90152995604434,41.100330204631334],[-70.90096285600865,41.10036443358902]]]},"properties":{"kind":"pavement","solo":0,"d":"terrace"}},{"type":"Feature","geometry":{"type":"Polygon","coordinates":[[[-70.90195372438286,41.099820336943175],[-70.90146731861157,41.099820336943175],[-70.90152059058936,41.10033076991037],[-70.90195571593499,41.1003045066656],[-70.90195372438286,41.099820336943175]]]},"properties":{"kind":"pavement","solo":0,"d":"terrace"}},{"type":"Feature","geometry":{"type":"Polygon","coordinates":[[[-70.90146731861157,41.099820336943175],[-70.90116783791414,41.099820336943175],[-70.90101710439335,41.09989695251965],[-70.90096285600865,41.10036443358902],[-70.90152059058936,41.10033076991037],[-70.90146731861157,41.099820336943175]]]},"properties":{"kind":"pavement","solo":0,"d":"terrace"}},{"type":"Feature","geometry":{"type":"Polygon","coordinates":[[[-70.902722502968,41.10071387829734],[-70.90283181062163,41.1002980811819],[-70.90195562509443,41.10028242225822],[-70.9019574898969,41.10073577764647],[-70.902722502968,41.10071387829734]]]},"properties":{"kind":"pavement","solo":0,"d":"terrace"}},{"type":"Feature","geometry":{"type":"Polygon","coordinates":[[[-70.90283181062163,41.1002980811819],[-70.90295740336828,41.099820336943175],[-70.90195372438286,41.099820336943175],[-70.90195562509443,41.10028242225822],[-70.90283181062163,41.1002980811819]]]},"properties":{"kind":"pavement","solo":0,"d":"terrace"}},{"type":"Feature","geometry":{"type":"Polygon","coordinates":[[[-70.90163807774489,41.100744921174204],[-70.9009163050491,41.100765582719546],[-70.90090281009998,41.10088187435264],[-70.90095061428971,41.101224614940506],[-70.90172822481235,41.101194978624136],[-70.90163807774489,41.100744921174204]]]},"properties":{"kind":"pavement","solo":0,"d":"terrace"}},{"type":"Feature","geometry":{"type":"Polygon","coordinates":[[[-70.90085113000202,41.101327223418615],[-70.9008417316573,41.10140821289445],[-70.90099981431287,41.101465447743685],[-70.90182536552281,41.10167995169838],[-70.90174060265909,41.10125677477898],[-70.90085113000202,41.101327223418615]]]},"properties":{"kind":"pavement","solo":0,"d":"terrace"}},{"type":"Feature","geometry":{"type":"Polygon","coordinates":[[[-70.90096368238582,41.10131830896547],[-70.90174060265909,41.10125677477898],[-70.90172822481235,41.101194978624136],[-70.9011520421443,41.10121693811586],[-70.9009539993758,41.101248884913566],[-70.90096368238582,41.10131830896547]]]},"properties":{"kind":"pavement","solo":1,"d":"terrace"}},{"type":"Feature","geometry":{"type":"Polygon","coordinates":[[[-70.90259655423658,41.10119297667222],[-70.902722502968,41.10071387829734],[-70.90163807774489,41.100744921174204],[-70.90169066415008,41.10100745776127],[-70.90259655423658,41.10119297667222]]]},"properties":{"kind":"pavement","solo":0,"d":"terrace"}},{"type":"Feature","geometry":{"type":"Polygon","coordinates":[[[-70.90203698297934,41.10107838103662],[-70.90169066415008,41.10100745776127],[-70.90182536552281,41.10167995169838],[-70.90200690853457,41.10172712223547],[-70.90203698297934,41.10107838103662]]]},"properties":{"kind":"pavement","solo":0,"d":"terrace"}},{"type":"Feature","geometry":{"type":"Polygon","coordinates":[[[-70.90242741134881,41.10183638198281],[-70.90259655423658,41.10119297667222],[-70.90203698297934,41.10107838103662],[-70.90200690853457,41.10172712223547],[-70.90242741134881,41.10183638198281]]]},"properties":{"kind":"pavement","solo":0,"d":"terrace"}},{"type":"Feature","geometry":{"type":"Polygon","coordinates":[[[-70.90066114075006,41.102964440437596],[-70.90123608450777,41.102964440437596],[-70.90138217030824,41.1025353356493],[-70.9007019118009,41.102613099203246],[-70.90066114075006,41.102964440437596]]]},"properties":{"kind":"pavement","solo":0,"d":"terrace"}},{"type":"Feature","geometry":{"type":"Polygon","coordinates":[[[-70.90138217030824,41.1025353356493],[-70.90148702978172,41.10222732691723],[-70.90075436937914,41.10216105026362],[-70.9007019118009,41.102613099203246],[-70.90138217030824,41.1025353356493]]]},"properties":{"kind":"pavement","solo":0,"d":"terrace"}},{"type":"Feature","geometry":{"type":"Polygon","coordinates":[[[-70.9012715214516,41.10286034981254],[-70.90146236509136,41.102964440437596],[-70.90213085945301,41.102964440437596],[-70.90216232171372,41.102844760645596],[-70.90137621181775,41.102552837807536],[-70.9012715214516,41.10286034981254]]]},"properties":{"kind":"pavement","solo":0,"d":"terrace"}},{"type":"Feature","geometry":{"type":"Polygon","coordinates":[[[-70.9019993830846,41.102784253193285],[-70.90219193239321,41.10273212411276],[-70.90230518070484,41.10230133706592],[-70.90148702978172,41.10222732691723],[-70.90137621181775,41.102552837807536],[-70.9019993830846,41.102784253193285]]]},"properties":{"kind":"pavement","solo":0,"d":"terrace"}},{"type":"Feature","geometry":{"type":"Polygon","coordinates":[[[-70.90080974460211,41.10168385875655],[-70.90075436937914,41.10216105026362],[-70.90139468383656,41.102218973278625],[-70.90161334265566,41.101879690700954],[-70.90080974460211,41.10168385875655]]]},"properties":{"kind":"pavement","solo":0,"d":"terrace"}},{"type":"Feature","geometry":{"type":"Polygon","coordinates":[[[-70.90175401690526,41.10166141310205],[-70.9008399112688,41.101423899945196],[-70.90080974460211,41.10168385875655],[-70.90161334265566,41.101879690700954],[-70.90175401690526,41.10166141310205]]]},"properties":{"kind":"pavement","solo":0,"d":"terrace"}},{"type":"Feature","geometry":{"type":"Polygon","coordinates":[[[-70.90204523980911,41.1022778227438],[-70.90234007675357,41.10216859543331],[-70.90242741134881,41.10183638198281],[-70.90175401690526,41.10166141310205],[-70.90139468383656,41.102218973278625],[-70.90204523980911,41.1022778227438]]]},"properties":{"kind":"pavement","solo":0,"d":"terrace"}},{"type":"Feature","geometry":{"type":"Polygon","coordinates":[[[-70.90902483487154,41.102964440437596],[-70.90912540221386,41.103162348114296],[-70.90918652767294,41.10314345568845],[-70.90919143203548,41.103140052176386],[-70.90938319902877,41.102964440437596],[-70.90902483487154,41.102964440437596]]]},"properties":{"kind":"pavement","solo":1,"d":"theridge"}},{"type":"Feature","geometry":{"type":"Polygon","coordinates":[[[-70.90723559132817,41.102964440437596],[-70.9073637875589,41.10323542354263],[-70.9081828214063,41.102964440437596],[-70.90723559132817,41.102964440437596]]]},"properties":{"kind":"pavement","solo":0,"d":"theridge"}},{"type":"Feature","geometry":{"type":"Polygon","coordinates":[[[-70.9081828214063,41.102964440437596],[-70.9073637875589,41.10323542354263],[-70.90760532549254,41.10363170276618],[-70.90912540221386,41.103162348114296],[-70.90902483487154,41.102964440437596],[-70.9081828214063,41.102964440437596]]]},"properties":{"kind":"pavement","solo":0,"d":"theridge"}},{"type":"Feature","geometry":{"type":"Polygon","coordinates":[[[-70.90888928286084,41.10323525477432],[-70.90760532549254,41.10363170276618],[-70.90784646997659,41.104073424160774],[-70.90866332029294,41.1035065492845],[-70.90888928286084,41.10323525477432]]]},"properties":{"kind":"pavement","solo":0,"d":"theridge"}},{"type":"Feature","geometry":{"type":"Polygon","coordinates":[[[-70.90818409554035,41.104059694191214],[-70.90788850638883,41.10415042522803],[-70.90795042263137,41.104276152564985],[-70.90800483939753,41.104232973562695],[-70.90818409554035,41.104059694191214]]]},"properties":{"kind":"pavement","solo":1,"d":"theridge"}},{"type":"Feature","geometry":{"type":"Polygon","coordinates":[[[-70.90547968607758,41.102964440437596],[-70.90561498517215,41.10321716066587],[-70.90644638411378,41.102964440437596],[-70.90547968607758,41.102964440437596]]]},"properties":{"kind":"pavement","solo":0,"d":"theridge"}},{"type":"Feature","geometry":{"type":"Polygon","coordinates":[[[-70.90644638411378,41.102964440437596],[-70.90561498517215,41.10321716066587],[-70.90565882249537,41.103295776959],[-70.90641912465455,41.103527258077925],[-70.9073637875589,41.10323542354263],[-70.90723559132817,41.102964440437596],[-70.90644638411378,41.102964440437596]]]},"properties":{"kind":"pavement","solo":0,"d":"theridge"}},{"type":"Feature","geometry":{"type":"Polygon","coordinates":[[[-70.9073637875589,41.10323542354263],[-70.90641912465455,41.103527258077925],[-70.90719507664491,41.10376350393464],[-70.90760532549254,41.10363170276618],[-70.9073637875589,41.10323542354263]]]},"properties":{"kind":"pavement","solo":0,"d":"theridge"}},{"type":"Feature","geometry":{"type":"Polygon","coordinates":[[[-70.90624769269012,41.10406787118135],[-70.90719507664491,41.10376350393464],[-70.9065209268123,41.103558252699074],[-70.90624769269012,41.10406787118135]]]},"properties":{"kind":"pavement","solo":0,"d":"theridge"}},{"type":"Feature","geometry":{"type":"Polygon","coordinates":[[[-70.90760532549254,41.10363170276618],[-70.90719507664491,41.10376350393464],[-70.90777340208246,41.10393958053492],[-70.90760532549254,41.10363170276618]]]},"properties":{"kind":"pavement","solo":1,"d":"theridge"}},{"type":"Feature","geometry":{"type":"Polygon","coordinates":[[[-70.90719507664491,41.10376350393464],[-70.90624769269012,41.10406787118135],[-70.9061672682227,41.10421787365796],[-70.90639178875755,41.10460933346893],[-70.90788850638883,41.10415042522803],[-70.90777340208246,41.10393958053492],[-70.90719507664491,41.10376350393464]]]},"properties":{"kind":"pavement","solo":0,"d":"theridge"}},{"type":"Feature","geometry":{"type":"Polygon","coordinates":[[[-70.90788850638883,41.10415042522803],[-70.90639178875755,41.10460933346893],[-70.9064950816059,41.10482666914964],[-70.90650139260984,41.10482622409042],[-70.90695285766796,41.104751679084394],[-70.90736089130453,41.10464074392482],[-70.90770323107303,41.104472295879205],[-70.90795042263137,41.104276152564985],[-70.90788850638883,41.10415042522803]]]},"properties":{"kind":"pavement","solo":0,"d":"theridge"}},{"type":"Feature","geometry":{"type":"Polygon","coordinates":[[[-70.90326196950095,41.102964440437596],[-70.90342963323458,41.10325456904298],[-70.90437500847682,41.102964440437596],[-70.90326196950095,41.102964440437596]]]},"properties":{"kind":"pavement","solo":0,"d":"theridge"}},{"type":"Feature","geometry":{"type":"Polygon","coordinates":[[[-70.9055085223323,41.10325001666555],[-70.90561498517215,41.10321716066587],[-70.90547968607758,41.102964440437596],[-70.904570544221,41.102964440437596],[-70.9055085223323,41.10325001666555]]]},"properties":{"kind":"pavement","solo":0,"d":"theridge"}},{"type":"Feature","geometry":{"type":"Polygon","coordinates":[[[-70.90437500847682,41.102964440437596],[-70.90342963323458,41.10325456904298],[-70.90371196377285,41.10380446108516],[-70.90442386523452,41.103584757813785],[-70.90473036271811,41.10301309867707],[-70.904570544221,41.102964440437596],[-70.90437500847682,41.102964440437596]]]},"properties":{"kind":"pavement","solo":0,"d":"theridge"}},{"type":"Feature","geometry":{"type":"Polygon","coordinates":[[[-70.90561498517215,41.10321716066587],[-70.9055085223323,41.10325001666555],[-70.90565882249537,41.103295776959],[-70.90561498517215,41.10321716066587]]]},"properties":{"kind":"pavement","solo":1,"d":"theridge"}},{"type":"Feature","geometry":{"type":"Polygon","coordinates":[[[-70.90442386523452,41.103584757813785],[-70.90371196377285,41.10380446108516],[-70.90396752785774,41.104252094596],[-70.90408435512856,41.10421798994282],[-70.90442386523452,41.103584757813785]]]},"properties":{"kind":"pavement","solo":0,"d":"theridge"}},{"type":"Feature","geometry":{"type":"Polygon","coordinates":[[[-70.90420788199089,41.103987595687535],[-70.90408435512856,41.10421798994282],[-70.90453373600958,41.10408680499786],[-70.90420788199089,41.103987595687535]]]},"properties":{"kind":"pavement","solo":1,"d":"theridge"}},{"type":"Feature","geometry":{"type":"Polygon","coordinates":[[[-70.90408435512856,41.10421798994282],[-70.90396752785774,41.104252094596],[-70.90401917210369,41.10433956507382],[-70.90408435512856,41.10421798994282]]]},"properties":{"kind":"pavement","solo":1,"d":"theridge"}},{"type":"Feature","geometry":{"type":"Polygon","coordinates":[[[-70.90453373600958,41.10408680499786],[-70.90408435512856,41.10421798994282],[-70.90401917210369,41.10433956507382],[-70.9042145634964,41.10467050181551],[-70.90535121006347,41.10433569263601],[-70.90453373600958,41.10408680499786]]]},"properties":{"kind":"pavement","solo":0,"d":"theridge"}},{"type":"Feature","geometry":{"type":"Polygon","coordinates":[[[-70.90535121006347,41.10433569263601],[-70.9042145634964,41.10467050181551],[-70.90446833246062,41.10518220593415],[-70.90447922567256,41.10518038680114],[-70.90455397238316,41.10516448964177],[-70.90632060863717,41.10463083511826],[-70.90535121006347,41.10433569263601]]]},"properties":{"kind":"pavement","solo":0,"d":"theridge"}},{"type":"Feature","geometry":{"type":"Polygon","coordinates":[[[-70.90599844608506,41.104532749709534],[-70.90632060863717,41.10463083511826],[-70.90639178875755,41.10460933346893],[-70.9061672682227,41.10421787365796],[-70.90599844608506,41.104532749709534]]]},"properties":{"kind":"pavement","solo":0,"d":"theridge"}},{"type":"Feature","geometry":{"type":"Polygon","coordinates":[[[-70.90639178875755,41.10460933346893],[-70.90542172857135,41.10490236323398],[-70.90571628763213,41.10488159059192],[-70.90643264854353,41.104695305436415],[-70.90639178875755,41.10460933346893]]]},"properties":{"kind":"pavement","solo":1,"d":"theridge"}},{"type":"Feature","geometry":{"type":"Polygon","coordinates":[[[-70.90127322532696,41.102964440437596],[-70.90145808318299,41.10329571871661],[-70.90256099452134,41.102964440437596],[-70.90127322532696,41.102964440437596]]]},"properties":{"kind":"pavement","solo":0,"d":"theridge"}},{"type":"Feature","geometry":{"type":"Polygon","coordinates":[[[-70.90256099452134,41.102964440437596],[-70.90145808318299,41.10329571871661],[-70.90168548888862,41.10376619165963],[-70.90342963323458,41.10325456904298],[-70.90326196950095,41.102964440437596],[-70.90256099452134,41.102964440437596]]]},"properties":{"kind":"pavement","solo":0,"d":"theridge"}},{"type":"Feature","geometry":{"type":"Polygon","coordinates":[[[-70.90342963323458,41.10325456904298],[-70.90168548888862,41.10376619165963],[-70.90198346077241,41.1043099937837],[-70.90371196377285,41.10380446108516],[-70.90342963323458,41.10325456904298]]]},"properties":{"kind":"pavement","solo":0,"d":"theridge"}},{"type":"Feature","geometry":{"type":"Polygon","coordinates":[[[-70.90371196377285,41.10380446108516],[-70.90198346077241,41.1043099937837],[-70.90223175956862,41.104776508283535],[-70.90396752785774,41.104252094596],[-70.90371196377285,41.10380446108516]]]},"properties":{"kind":"pavement","solo":0,"d":"theridge"}},{"type":"Feature","geometry":{"type":"Polygon","coordinates":[[[-70.90396752785774,41.104252094596],[-70.90223175956862,41.104776508283535],[-70.90246112193708,41.10520096160966],[-70.9042145634964,41.10467050181551],[-70.90396752785774,41.104252094596]]]},"properties":{"kind":"pavement","solo":0,"d":"theridge"}},{"type":"Feature","geometry":{"type":"Polygon","coordinates":[[[-70.9042145634964,41.10467050181551],[-70.90246112193708,41.10520096160966],[-70.90261726907353,41.10549132784799],[-70.90369754155394,41.105310925653804],[-70.90439695368075,41.10503827653065],[-70.9042145634964,41.10467050181551]]]},"properties":{"kind":"pavement","solo":0,"d":"theridge"}},{"type":"Feature","geometry":{"type":"Polygon","coordinates":[[[-70.89965209275104,41.102964440437596],[-70.89976734219083,41.10318492262861],[-70.90054902711438,41.102964440437596],[-70.89965209275104,41.102964440437596]]]},"properties":{"kind":"pavement","solo":0,"d":"theridge"}},{"type":"Feature","geometry":{"type":"Polygon","coordinates":[[[-70.90054902711438,41.102964440437596],[-70.89976734219083,41.10318492262861],[-70.900046723727,41.10369229844578],[-70.90145808318299,41.10329571871661],[-70.90127322532696,41.102964440437596],[-70.90054902711438,41.102964440437596]]]},"properties":{"kind":"pavement","solo":0,"d":"theridge"}},{"type":"Feature","geometry":{"type":"Polygon","coordinates":[[[-70.90145808318299,41.10329571871661],[-70.900046723727,41.10369229844578],[-70.90031045877141,41.104163574515354],[-70.90168548888862,41.10376619165963],[-70.90145808318299,41.10329571871661]]]},"properties":{"kind":"pavement","solo":0,"d":"theridge"}},{"type":"Feature","geometry":{"type":"Polygon","coordinates":[[[-70.90168548888862,41.10376619165963],[-70.90031045877141,41.104163574515354],[-70.90059275092632,41.10471667741577],[-70.90198346077241,41.1043099937837],[-70.90168548888862,41.10376619165963]]]},"properties":{"kind":"pavement","solo":0,"d":"theridge"}},{"type":"Feature","geometry":{"type":"Polygon","coordinates":[[[-70.90198346077241,41.1043099937837],[-70.90059275092632,41.10471667741577],[-70.90081800031587,41.105167923159094],[-70.90223175956862,41.104776508283535],[-70.90198346077241,41.1043099937837]]]},"properties":{"kind":"pavement","solo":0,"d":"theridge"}},{"type":"Feature","geometry":{"type":"Polygon","coordinates":[[[-70.90223175956862,41.104776508283535],[-70.90081800031587,41.105167923159094],[-70.90103497715151,41.10558856827839],[-70.90246112193708,41.10520096160966],[-70.90223175956862,41.104776508283535]]]},"properties":{"kind":"pavement","solo":0,"d":"theridge"}},{"type":"Feature","geometry":{"type":"Polygon","coordinates":[[[-70.90246112193708,41.10520096160966],[-70.90103497715151,41.10558856827839],[-70.90121076273918,41.10592354657844],[-70.90147157442794,41.105904029536546],[-70.901999379895,41.105830416396465],[-70.90251735743219,41.10572380335713],[-70.9027118832697,41.10566726939172],[-70.90246112193708,41.10520096160966]]]},"properties":{"kind":"pavement","solo":0,"d":"theridge"}},{"type":"Feature","geometry":{"type":"Polygon","coordinates":[[[-70.89775017666588,41.102964440437596],[-70.89789275503247,41.10322469078176],[-70.89875835253876,41.102964440437596],[-70.89775017666588,41.102964440437596]]]},"properties":{"kind":"pavement","solo":0,"d":"theridge"}},{"type":"Feature","geometry":{"type":"Polygon","coordinates":[[[-70.89875835253876,41.102964440437596],[-70.89789275503247,41.10322469078176],[-70.89810509568653,41.103687840156205],[-70.89976734219083,41.10318492262861],[-70.89965209275104,41.102964440437596],[-70.89875835253876,41.102964440437596]]]},"properties":{"kind":"pavement","solo":0,"d":"theridge"}},{"type":"Feature","geometry":{"type":"Polygon","coordinates":[[[-70.89976734219083,41.10318492262861],[-70.89810509568653,41.103687840156205],[-70.89839268565687,41.10420676916792],[-70.900046723727,41.10369229844578],[-70.89976734219083,41.10318492262861]]]},"properties":{"kind":"pavement","solo":0,"d":"theridge"}},{"type":"Feature","geometry":{"type":"Polygon","coordinates":[[[-70.900046723727,41.10369229844578],[-70.89839268565687,41.10420676916792],[-70.89864062070804,41.104653969289274],[-70.90031045877141,41.104163574515354],[-70.900046723727,41.10369229844578]]]},"properties":{"kind":"pavement","solo":0,"d":"theridge"}},{"type":"Feature","geometry":{"type":"Polygon","coordinates":[[[-70.90031045877141,41.104163574515354],[-70.89864062070804,41.104653969289274],[-70.89893035173932,41.10523060306222],[-70.90059275092632,41.10471667741577],[-70.90031045877141,41.104163574515354]]]},"properties":{"kind":"pavement","solo":0,"d":"theridge"}},{"type":"Feature","geometry":{"type":"Polygon","coordinates":[[[-70.90059275092632,41.10471667741577],[-70.89893035173932,41.10523060306222],[-70.89917831409794,41.10565994104029],[-70.90081800031587,41.105167923159094],[-70.90059275092632,41.10471667741577]]]},"properties":{"kind":"pavement","solo":0,"d":"theridge"}},{"type":"Feature","geometry":{"type":"Polygon","coordinates":[[[-70.90081800031587,41.105167923159094],[-70.89917831409794,41.10565994104029],[-70.89932020437936,41.10593563526667],[-70.89984189833193,41.105965178157824],[-70.90103497715151,41.10558856827839],[-70.90081800031587,41.105167923159094]]]},"properties":{"kind":"pavement","solo":0,"d":"theridge"}},{"type":"Feature","geometry":{"type":"Polygon","coordinates":[[[-70.90103497715151,41.10558856827839],[-70.89984189833193,41.105965178157824],[-70.89984244757076,41.10596520926055],[-70.90038594320943,41.10596495983186],[-70.90093134709905,41.1059444557899],[-70.90121076273918,41.10592354657844],[-70.90103497715151,41.10558856827839]]]},"properties":{"kind":"pavement","solo":0,"d":"theridge"}},{"type":"Feature","geometry":{"type":"Polygon","coordinates":[[[-70.89536549559097,41.102964440437596],[-70.89557342287502,41.10330954668103],[-70.8967271648277,41.102964440437596],[-70.89536549559097,41.102964440437596]]]},"properties":{"kind":"pavement","solo":0,"d":"theridge"}},{"type":"Feature","geometry":{"type":"Polygon","coordinates":[[[-70.8967271648277,41.102964440437596],[-70.89557342287502,41.10330954668103],[-70.8958377377552,41.103821872118516],[-70.89789275503247,41.10322469078176],[-70.89775017666588,41.102964440437596],[-70.8967271648277,41.102964440437596]]]},"properties":{"kind":"pavement","solo":0,"d":"theridge"}},{"type":"Feature","geometry":{"type":"Polygon","coordinates":[[[-70.89789275503247,41.10322469078176],[-70.8958377377552,41.103821872118516],[-70.89607542191851,41.10430193782645],[-70.89810509568653,41.103687840156205],[-70.89789275503247,41.10322469078176]]]},"properties":{"kind":"pavement","solo":0,"d":"theridge"}},{"type":"Feature","geometry":{"type":"Polygon","coordinates":[[[-70.89810509568653,41.103687840156205],[-70.89607542191851,41.10430193782645],[-70.89634731719671,41.10481588831258],[-70.89839268565687,41.10420676916792],[-70.89810509568653,41.103687840156205]]]},"properties":{"kind":"pavement","solo":0,"d":"theridge"}},{"type":"Feature","geometry":{"type":"Polygon","coordinates":[[[-70.89839268565687,41.10420676916792],[-70.89634731719671,41.10481588831258],[-70.89659309250933,41.10526648865203],[-70.89864062070804,41.104653969289274],[-70.89839268565687,41.10420676916792]]]},"properties":{"kind":"pavement","solo":0,"d":"theridge"}},{"type":"Feature","geometry":{"type":"Polygon","coordinates":[[[-70.89864062070804,41.104653969289274],[-70.89659309250933,41.10526648865203],[-70.89676464877695,41.105585702287556],[-70.89710338010777,41.10561800418707],[-70.89764560250771,41.105610680445004],[-70.89893035173932,41.10523060306222],[-70.89864062070804,41.104653969289274]]]},"properties":{"kind":"pavement","solo":0,"d":"theridge"}},{"type":"Feature","geometry":{"type":"Polygon","coordinates":[[[-70.89893035173932,41.10523060306222],[-70.89753775985538,41.105642584377726],[-70.8976875285468,41.10567370940965],[-70.89878531224355,41.10577839561796],[-70.89917831409794,41.10565994104029],[-70.89893035173932,41.10523060306222]]]},"properties":{"kind":"pavement","solo":0,"d":"theridge"}},{"type":"Feature","geometry":{"type":"Polygon","coordinates":[[[-70.89917831409794,41.10565994104029],[-70.89857394006452,41.1058421052466],[-70.8987690817607,41.10587349561022],[-70.89930519643772,41.105934785385266],[-70.89932020437936,41.10593563526667],[-70.89917831409794,41.10565994104029]]]},"properties":{"kind":"pavement","solo":0,"d":"theridge"}},{"type":"Feature","geometry":{"type":"Polygon","coordinates":[[[-70.8936042230577,41.102964440437596],[-70.89376437103874,41.10325784083451],[-70.89381895819167,41.103241428164196],[-70.89390357631859,41.10319841804581],[-70.89387094198706,41.102964440437596],[-70.8936042230577,41.102964440437596]]]},"properties":{"kind":"pavement","solo":1,"d":"theridge"}},{"type":"Feature","geometry":{"type":"Polygon","coordinates":[[[-70.89436390397383,41.102964440437596],[-70.8941764565241,41.102964440437596],[-70.89387428009988,41.102988373627504],[-70.89390357631859,41.10319841804581],[-70.89436390397383,41.102964440437596]]]},"properties":{"kind":"pavement","solo":1,"d":"theridge"}},{"type":"Feature","geometry":{"type":"Polygon","coordinates":[[[-70.89390559686719,41.10351162459696],[-70.89404809595605,41.10376769641696],[-70.89557342287502,41.10330954668103],[-70.89536549559097,41.102964440437596],[-70.89498212723683,41.102964440437596],[-70.89390559686719,41.10351162459696]]]},"properties":{"kind":"pavement","solo":0,"d":"theridge"}},{"type":"Feature","geometry":{"type":"Polygon","coordinates":[[[-70.89557342287502,41.10330954668103],[-70.89404809595605,41.10376769641696],[-70.89432024688902,41.104288410370145],[-70.8958377377552,41.103821872118516],[-70.89557342287502,41.10330954668103]]]},"properties":{"kind":"pavement","solo":0,"d":"theridge"}},{"type":"Feature","geometry":{"type":"Polygon","coordinates":[[[-70.8958377377552,41.103821872118516],[-70.89432024688902,41.104288410370145],[-70.89457518807006,41.10474721632441],[-70.89607542191851,41.10430193782645],[-70.8958377377552,41.103821872118516]]]},"properties":{"kind":"pavement","solo":0,"d":"theridge"}},{"type":"Feature","geometry":{"type":"Polygon","coordinates":[[[-70.89607542191851,41.10430193782645],[-70.89457518807006,41.10474721632441],[-70.89484962500394,41.1052705881494],[-70.89634731719671,41.10481588831258],[-70.89607542191851,41.10430193782645]]]},"properties":{"kind":"pavement","solo":0,"d":"theridge"}},{"type":"Feature","geometry":{"type":"Polygon","coordinates":[[[-70.89634731719671,41.10481588831258],[-70.89484962500394,41.1052705881494],[-70.89487145874439,41.10531482828683],[-70.89500389046869,41.1053628554607],[-70.89550179575582,41.10549467220052],[-70.89573913786069,41.10553596116762],[-70.89659309250933,41.10526648865203],[-70.89634731719671,41.10481588831258]]]},"properties":{"kind":"pavement","solo":0,"d":"theridge"}},{"type":"Feature","geometry":{"type":"Polygon","coordinates":[[[-70.89659309250933,41.10526648865203],[-70.89573913786069,41.10553596116762],[-70.89601817345606,41.10558450329849],[-70.89654077980111,41.105625603171426],[-70.89678432495904,41.10562231363208],[-70.89659309250933,41.10526648865203]]]},"properties":{"kind":"pavement","solo":0,"d":"theridge"}},{"type":"Feature","geometry":{"type":"Polygon","coordinates":[[[-70.89147055387866,41.102964440437596],[-70.89164549269988,41.103269972559],[-70.892654645253,41.102964440437596],[-70.89147055387866,41.102964440437596]]]},"properties":{"kind":"pavement","solo":0,"d":"theridge"}},{"type":"Feature","geometry":{"type":"Polygon","coordinates":[[[-70.892654645253,41.102964440437596],[-70.89164549269988,41.103269972559],[-70.89184597777619,41.1036619236741],[-70.89214135075244,41.10375818265273],[-70.89376437103874,41.10325784083451],[-70.8936042230577,41.102964440437596],[-70.892654645253,41.102964440437596]]]},"properties":{"kind":"pavement","solo":0,"d":"theridge"}},{"type":"Feature","geometry":{"type":"Polygon","coordinates":[[[-70.89376437103874,41.10325784083451],[-70.89225888061888,41.103721950753744],[-70.89255020173343,41.103886317946795],[-70.89376928718751,41.10326667518688],[-70.89376437103874,41.10325784083451]]]},"properties":{"kind":"pavement","solo":0,"d":"theridge"}},{"type":"Feature","geometry":{"type":"Polygon","coordinates":[[[-70.89255020173343,41.103886317946795],[-70.89257162213354,41.103898403617436],[-70.89307979485395,41.10406401181779],[-70.8931829637279,41.104032440516086],[-70.89289520658632,41.10371095718065],[-70.89255020173343,41.103886317946795]]]},"properties":{"kind":"pavement","solo":0,"d":"theridge"}},{"type":"Feature","geometry":{"type":"Polygon","coordinates":[[[-70.8931829637279,41.104032440516086],[-70.89404809595605,41.10376769641696],[-70.89390559686719,41.10351162459696],[-70.89308852296256,41.10392693094619],[-70.8931829637279,41.104032440516086]]]},"properties":{"kind":"pavement","solo":0,"d":"theridge"}},{"type":"Feature","geometry":{"type":"Polygon","coordinates":[[[-70.89404809595605,41.10376769641696],[-70.89297473973625,41.10409616033982],[-70.8930927204719,41.10419241413335],[-70.89363728564065,41.10449966494269],[-70.89432024688902,41.104288410370145],[-70.89404809595605,41.10376769641696]]]},"properties":{"kind":"pavement","solo":0,"d":"theridge"}},{"type":"Feature","geometry":{"type":"Polygon","coordinates":[[[-70.89432024688902,41.104288410370145],[-70.89351893856171,41.1045362722343],[-70.89378504949204,41.10473997826724],[-70.8940305022624,41.1049162308102],[-70.89457518807006,41.10474721632441],[-70.89432024688902,41.104288410370145]]]},"properties":{"kind":"pavement","solo":0,"d":"theridge"}},{"type":"Feature","geometry":{"type":"Polygon","coordinates":[[[-70.89457518807006,41.10474721632441],[-70.8940305022624,41.1049162308102],[-70.89412758023335,41.10498593969642],[-70.89452838350607,41.105190409955725],[-70.89479563246341,41.105287329422794],[-70.89484962500394,41.1052705881494],[-70.89457518807006,41.10474721632441]]]},"properties":{"kind":"pavement","solo":0,"d":"theridge"}},{"type":"Feature","geometry":{"type":"Polygon","coordinates":[[[-70.89122860006218,41.10339601047108],[-70.89164549269988,41.103269972559],[-70.89147055387866,41.102964440437596],[-70.89089023015575,41.102964440437596],[-70.89092821653364,41.1030460019197],[-70.89122860006218,41.10339601047108]]]},"properties":{"kind":"pavement","solo":0,"d":"theridge"}},{"type":"Feature","geometry":{"type":"Polygon","coordinates":[[[-70.89164549269988,41.103269972559],[-70.89116899010304,41.10341403217286],[-70.89123911177973,41.103464152362314],[-70.89172823886884,41.10362355378967],[-70.89184235742728,41.10365484584161],[-70.89164549269988,41.103269972559]]]},"properties":{"kind":"pavement","solo":0,"d":"theridge"}},{"type":"Feature","geometry":{"type":"Polygon","coordinates":[[[-70.90935820913981,41.098206066221294],[-70.90918070498931,41.09880296033451],[-70.90942842723597,41.09883626208949],[-70.90945837177196,41.098632072188785],[-70.90935820913981,41.098206066221294]]]},"properties":{"kind":"block"}},{"type":"Feature","geometry":{"type":"Polygon","coordinates":[[[-70.90954437320167,41.09899784854156],[-70.90913869775598,41.09894331284895],[-70.908971766527,41.09949716603762],[-70.9096677499409,41.099598632591224],[-70.90965457436938,41.099518424092906],[-70.90958727308694,41.09918030787529],[-70.90954437320167,41.09899784854156]]]},"properties":{"kind":"block"}},{"type":"Feature","geometry":{"type":"Polygon","coordinates":[[[-70.90969137006338,41.099748471720446],[-70.90893237154035,41.099637818272704],[-70.90890380220156,41.099748471720446],[-70.90969137006338,41.099748471720446]]]},"properties":{"kind":"block"}},{"type":"Feature","geometry":{"type":"Polygon","coordinates":[[[-70.90718409060213,41.09686325840424],[-70.9071709785197,41.09690489279919],[-70.90803249245452,41.097026384314674],[-70.90801702759316,41.09702217492171],[-70.90745139782277,41.09687858639129],[-70.90721256733386,41.0968599409061],[-70.90718409060213,41.09686325840424]]]},"properties":{"kind":"block"}},{"type":"Feature","geometry":{"type":"Polygon","coordinates":[[[-70.90889832833291,41.09729471088984],[-70.90712839474985,41.0970451131705],[-70.90694669635705,41.09766830683166],[-70.90858053687163,41.097889437613325],[-70.90926696003477,41.097877349468945],[-70.90935148700262,41.097625957653925],[-70.90916498940484,41.09744672980458],[-70.90889832833291,41.09729471088984]]]},"properties":{"kind":"block"}},{"type":"Feature","geometry":{"type":"Polygon","coordinates":[[[-70.90913026802343,41.0981098708024],[-70.90696482884121,41.09781679124246],[-70.90678815463124,41.09843553749715],[-70.90893486857304,41.09876694153194],[-70.90913026802343,41.0981098708024]]]},"properties":{"kind":"block"}},{"type":"Feature","geometry":{"type":"Polygon","coordinates":[[[-70.90889287533507,41.09890717427835],[-70.90675086204203,41.098576495917314],[-70.906606495898,41.099167995615026],[-70.90872556018232,41.099462301269455],[-70.90889287533507,41.09890717427835]]]},"properties":{"kind":"block"}},{"type":"Feature","geometry":{"type":"Polygon","coordinates":[[[-70.9087449473763,41.099611145029264],[-70.90651074073867,41.09930084786108],[-70.90638389079946,41.099748471720446],[-70.90870949133905,41.099748471720446],[-70.9087449473763,41.099611145029264]]]},"properties":{"kind":"block"}},{"type":"Feature","geometry":{"type":"Polygon","coordinates":[[[-70.90466877681826,41.09675296767495],[-70.90453091390583,41.09728531905084],[-70.90675944366518,41.097640761901545],[-70.90688465984738,41.09721129232934],[-70.90526880893596,41.09676310890016],[-70.90466877681826,41.09675296767495]]]},"properties":{"kind":"block"}},{"type":"Feature","geometry":{"type":"Polygon","coordinates":[[[-70.90666060633927,41.097771912313185],[-70.90454878487192,41.09743508403463],[-70.9043460318771,41.098073200869024],[-70.90648423832887,41.098389586199524],[-70.90666060633927,41.097771912313185]]]},"properties":{"kind":"block"}},{"type":"Feature","geometry":{"type":"Polygon","coordinates":[[[-70.90644693601485,41.09853054175199],[-70.90430488022832,41.09821358684457],[-70.90415018980586,41.09879333632363],[-70.90630221065109,41.09912351325156],[-70.90644693601485,41.09853054175199]]]},"properties":{"kind":"block"}},{"type":"Feature","geometry":{"type":"Polygon","coordinates":[[[-70.90632346880219,41.09927345407343],[-70.9040553418993,41.09892546340475],[-70.90390386978066,41.09953154340182],[-70.90540858501117,41.099748471720446],[-70.90599475117745,41.099748471720446],[-70.90622234296286,41.099630303582096],[-70.90632346880219,41.09927345407343]]]},"properties":{"kind":"block"}},{"type":"Feature","geometry":{"type":"Polygon","coordinates":[[[-70.90439352318133,41.099748471720446],[-70.9039510802806,41.09968468663168],[-70.90386702427323,41.09968468663168],[-70.90385217843111,41.099748471720446],[-70.90439352318133,41.099748471720446]]]},"properties":{"kind":"block"}},{"type":"Feature","geometry":{"type":"Polygon","coordinates":[[[-70.90400361516079,41.09686912863651],[-70.90365216467237,41.09713229175215],[-70.90434467742024,41.09725405717497],[-70.90448214075872,41.09672324873566],[-70.90400361516079,41.09686912863651]]]},"properties":{"kind":"block"}},{"type":"Feature","geometry":{"type":"Polygon","coordinates":[[[-70.90278718489928,41.09735029568374],[-70.9024144921197,41.09735357735291],[-70.90212450021492,41.09744198221673],[-70.90205438942962,41.09770376355736],[-70.90410056513947,41.09803559749531],[-70.9042952516143,41.09742286811433],[-70.90278718489928,41.09735029568374]]]},"properties":{"kind":"block"}},{"type":"Feature","geometry":{"type":"Polygon","coordinates":[[[-70.90400129238235,41.09816651932981],[-70.90207453351987,41.097854051550165],[-70.90191635250748,41.09843225896852],[-70.90384682041461,41.09874545008327],[-70.90400129238235,41.09816651932981]]]},"properties":{"kind":"block"}},{"type":"Feature","geometry":{"type":"Polygon","coordinates":[[[-70.90260190456098,41.098690503796504],[-70.901822192002,41.09856400646152],[-70.90168217337404,41.09915798929488],[-70.90260190456098,41.098690503796504]]]},"properties":{"kind":"block"}},{"type":"Feature","geometry":{"type":"Polygon","coordinates":[[[-70.9038686155352,41.098896009736606],[-70.90332910619458,41.098808481976526],[-70.90239548253969,41.099283028806944],[-70.9037170332839,41.09950253040367],[-70.9038686155352,41.098896009736606]]]},"properties":{"kind":"block"}},{"type":"Feature","geometry":{"type":"Polygon","coordinates":[[[-70.90307054561374,41.09876653417919],[-70.90286046514181,41.09873245159385],[-70.90275234515487,41.09878740735342],[-70.90283900422008,41.098884223179354],[-70.90307054561374,41.09876653417919]]]},"properties":{"kind":"block"}},{"type":"Feature","geometry":{"type":"Polygon","coordinates":[[[-70.90368284082922,41.09964403158342],[-70.90217723676871,41.099393959842516],[-70.90152914197087,41.099723376658936],[-70.90152221495582,41.099748471720446],[-70.90365853261213,41.099748471720446],[-70.90368284082922,41.09964403158342]]]},"properties":{"kind":"block"}},{"type":"Feature","geometry":{"type":"Polygon","coordinates":[[[-70.90104389742048,41.09752647409336],[-70.90186826445263,41.09767219372327],[-70.90196213021979,41.09732171545867],[-70.90107499567509,41.09751096997547],[-70.90104389742048,41.09752647409336]]]},"properties":{"kind":"block"}},{"type":"Feature","geometry":{"type":"Polygon","coordinates":[[[-70.90183013739349,41.097813086012366],[-70.9006880502252,41.09761120443171],[-70.90061192068552,41.09760975886146],[-70.89924234375292,41.097901933957274],[-70.89922788998342,41.0979632587836],[-70.90167193189029,41.09839138295332],[-70.90183013739349,41.097813086012366]]]},"properties":{"kind":"block"}},{"type":"Feature","geometry":{"type":"Polygon","coordinates":[[[-70.90157773146821,41.09852244447456],[-70.89924950677245,41.09811460806964],[-70.89907952875647,41.09872325573077],[-70.90143613303405,41.09912312911449],[-70.90157773146821,41.09852244447456]]]},"properties":{"kind":"block"}},{"type":"Feature","geometry":{"type":"Polygon","coordinates":[[[-70.90145470269147,41.09927360921397],[-70.89898377724703,41.098854337583255],[-70.89879854389098,41.09958125247852],[-70.89884854571787,41.09958898025179],[-70.90120077383426,41.09940267742437],[-70.90145470269147,41.09927360921397]]]},"properties":{"kind":"block"}},{"type":"Feature","geometry":{"type":"Polygon","coordinates":[[[-70.89894778499894,41.09806085848288],[-70.89695238418926,41.097699267573134],[-70.89680658507994,41.09832263628316],[-70.8987774126795,41.09867091804352],[-70.89894778499894,41.09806085848288]]]},"properties":{"kind":"block"}},{"type":"Feature","geometry":{"type":"Polygon","coordinates":[[[-70.89873968374025,41.098811880433054],[-70.89676989667554,41.098463782554475],[-70.89656020626998,41.099204379935635],[-70.89855383175698,41.099541223019294],[-70.89873968374025,41.098811880433054]]]},"properties":{"kind":"block"}},{"type":"Feature","geometry":{"type":"Polygon","coordinates":[[[-70.89824677683303,41.0996366419747],[-70.89645914993996,41.099334604426005],[-70.89632263087793,41.099748471720446],[-70.89683483330074,41.099748471720446],[-70.89824677683303,41.0996366419747]]]},"properties":{"kind":"block"}},{"type":"Feature","geometry":{"type":"Polygon","coordinates":[[[-70.89454443964668,41.09710129917427],[-70.89453906661302,41.097121401197995],[-70.89674661064912,41.097514447072406],[-70.89684853152944,41.09718117798023],[-70.89648132879142,41.0970357397718],[-70.89514898526114,41.09693717518624],[-70.89456700530597,41.097091284603074],[-70.89454443964668,41.09710129917427]]]},"properties":{"kind":"block"}},{"type":"Feature","geometry":{"type":"Polygon","coordinates":[[[-70.89660689033288,41.097830839559016],[-70.8960276990699,41.09753413509236],[-70.89455848557739,41.0972725465159],[-70.89438343095553,41.09789629146233],[-70.89650432749808,41.098269350207865],[-70.89660689033288,41.097830839559016]]]},"properties":{"kind":"block"}},{"type":"Feature","geometry":{"type":"Polygon","coordinates":[[[-70.89646804560182,41.09841056242442],[-70.89434335716125,41.09803683669645],[-70.8941300500128,41.09877399068614],[-70.89625811273591,41.09915201614192],[-70.89646804560182,41.09841056242442]]]},"properties":{"kind":"block"}},{"type":"Feature","geometry":{"type":"Polygon","coordinates":[[[-70.89627324298652,41.099302373799155],[-70.89402786367134,41.098903508422765],[-70.8938293207487,41.09948287033835],[-70.89541987003467,41.099748471720446],[-70.8961260922679,41.099748471720446],[-70.89627324298652,41.099302373799155]]]},"properties":{"kind":"block"}},{"type":"Feature","geometry":{"type":"Polygon","coordinates":[[[-70.8945382629407,41.099748471720446],[-70.89378381997605,41.0996224893973],[-70.89374496512244,41.099748471720446],[-70.8945382629407,41.099748471720446]]]},"properties":{"kind":"block"}},{"type":"Feature","geometry":{"type":"Polygon","coordinates":[[[-70.8938266399048,41.0972873347921],[-70.89262691429808,41.09760502445128],[-70.89413931381075,41.09785439251967],[-70.89429831087055,41.09728786299024],[-70.8938266399048,41.0972873347921]]]},"properties":{"kind":"block"}},{"type":"Feature","geometry":{"type":"Polygon","coordinates":[[[-70.89409926509117,41.09799491996357],[-70.89182097288813,41.097619269666716],[-70.89177551788637,41.097659332301085],[-70.89156927388235,41.09834575966579],[-70.89388606897937,41.09873169022912],[-70.89409926509117,41.09799491996357]]]},"properties":{"kind":"block"}},{"type":"Feature","geometry":{"type":"Polygon","coordinates":[[[-70.89378359816037,41.09886182099288],[-70.89158025109515,41.098494788545686],[-70.89137067569158,41.09904277289101],[-70.89358536491461,41.09944027924996],[-70.89378359816037,41.09886182099288]]]},"properties":{"kind":"block"}},{"type":"Feature","geometry":{"type":"Polygon","coordinates":[[[-70.893597934,41.09959028644459],[-70.89126459763439,41.099171484549835],[-70.89108747599768,41.099748471720446],[-70.89354914726879,41.099748471720446],[-70.893597934,41.09959028644459]]]},"properties":{"kind":"block"}},{"type":"Feature","geometry":{"type":"Polygon","coordinates":[[[-70.89115713604205,41.098204354955946],[-70.89114378934005,41.09827267520496],[-70.89138320965196,41.09831414828097],[-70.89150193255578,41.09791901121802],[-70.89145614094939,41.09794082126733],[-70.89115713604205,41.098204354955946]]]},"properties":{"kind":"block"}},{"type":"Feature","geometry":{"type":"Polygon","coordinates":[[[-70.8913355622288,41.09845337365009],[-70.89075390391473,41.09835261712163],[-70.89074486937677,41.0983610998271],[-70.89056976191117,41.09872133113101],[-70.89048701898687,41.098895556397515],[-70.89112638914284,41.09900030604108],[-70.8913355622288,41.09845337365009]]]},"properties":{"kind":"block"}},{"type":"Feature","geometry":{"type":"Polygon","coordinates":[[[-70.8910786239188,41.09913956864438],[-70.89041899007388,41.09903149914897],[-70.89032244578064,41.099230110193446],[-70.89028913416942,41.09949240689353],[-70.8903337418812,41.09971260027044],[-70.89054489347825,41.099748471720446],[-70.89089170484169,41.099748471720446],[-70.8910786239188,41.09913956864438]]]},"properties":{"kind":"block"}},{"type":"Feature","geometry":{"type":"Polygon","coordinates":[[[-70.8977810468842,41.10161764125284],[-70.89764485446155,41.101686865808325],[-70.89759500823835,41.10202256606293],[-70.89784047658216,41.102043732976746],[-70.8977810468842,41.10161764125284]]]},"properties":{"kind":"block"}},{"type":"Feature","geometry":{"type":"Polygon","coordinates":[[[-70.89824762789549,41.10162607308991],[-70.89805784815374,41.101611687336145],[-70.89794922823967,41.101620290327055],[-70.89801033132179,41.10205837967448],[-70.89824762789549,41.10207884193062],[-70.89824762789549,41.10162607308991]]]},"properties":{"kind":"block"}},{"type":"Feature","geometry":{"type":"Polygon","coordinates":[[[-70.89824762789549,41.10220542679333],[-70.89757606349885,41.102147517306975],[-70.89748517193566,41.10273486045015],[-70.89824762789549,41.10279770796963],[-70.89824762789549,41.10220542679333]]]},"properties":{"kind":"block"}},{"type":"Feature","geometry":{"type":"Polygon","coordinates":[[[-70.89599075535182,41.099950814494825],[-70.89598790260824,41.09997111688382],[-70.8975688439314,41.10009621467498],[-70.89753913608413,41.099883219013066],[-70.89684420451815,41.099883219013066],[-70.89599075535182,41.099950814494825]]]},"properties":{"kind":"block"}},{"type":"Feature","geometry":{"type":"Polygon","coordinates":[[[-70.89758667832044,41.10022408147951],[-70.89597051315623,41.1000961964725],[-70.89590264377941,41.100589639284955],[-70.8976276968169,41.10072657350173],[-70.89764449720488,41.10063862419121],[-70.89758667832044,41.10022408147951]]]},"properties":{"kind":"block"}},{"type":"Feature","geometry":{"type":"Polygon","coordinates":[[[-70.89760609159121,41.10085131846027],[-70.89588305165368,41.10071454404279],[-70.89577720213117,41.10131345762887],[-70.89724551219003,41.101423912937065],[-70.89753999555836,41.10127423147996],[-70.89760609159121,41.10085131846027]]]},"properties":{"kind":"block"}},{"type":"Feature","geometry":{"type":"Polygon","coordinates":[[[-70.89699094658397,41.10153115218344],[-70.89575539088686,41.10143820608906],[-70.89572195723625,41.10163165957122],[-70.89699094658397,41.10153115218344]]]},"properties":{"kind":"block"}},{"type":"Feature","geometry":{"type":"Polygon","coordinates":[[[-70.89598796514748,41.10190019429275],[-70.89626697893301,41.101921286641286],[-70.89674785967759,41.10167686220757],[-70.89596545871947,41.10173883047912],[-70.89598796514748,41.10190019429275]]]},"properties":{"kind":"block"}},{"type":"Feature","geometry":{"type":"Polygon","coordinates":[[[-70.89706497120054,41.101981611728796],[-70.89742906831496,41.102009136043485],[-70.89746321136099,41.10177919225827],[-70.89706497120054,41.101981611728796]]]},"properties":{"kind":"block"}},{"type":"Feature","geometry":{"type":"Polygon","coordinates":[[[-70.89741011650123,41.1021340987444],[-70.89684849664086,41.10209164248435],[-70.89606986753307,41.10248740792285],[-70.89609038315851,41.10263449832559],[-70.89685541115983,41.10268903154445],[-70.89733005802948,41.1026514382289],[-70.89741011650123,41.1021340987444]]]},"properties":{"kind":"block"}},{"type":"Feature","geometry":{"type":"Polygon","coordinates":[[[-70.89730034785752,41.10284707336687],[-70.8969179754484,41.102819816850456],[-70.89670519213924,41.1028273861809],[-70.89576870660285,41.102901558367705],[-70.89729239931175,41.102901558367705],[-70.89730034785752,41.10284707336687]]]},"properties":{"kind":"block"}},{"type":"Feature","geometry":{"type":"Polygon","coordinates":[[[-70.89491307623557,41.099883219013066],[-70.8958219556618,41.09995774727076],[-70.89583242782886,41.099883219013066],[-70.89491307623557,41.099883219013066]]]},"properties":{"kind":"block"}},{"type":"Feature","geometry":{"type":"Polygon","coordinates":[[[-70.89573345871489,41.1000769970446],[-70.89368857961844,41.09990931663305],[-70.89360811102388,41.10038650130306],[-70.89566573697876,41.10056936643858],[-70.89573345871489,41.1000769970446]]]},"properties":{"kind":"block"}},{"type":"Feature","geometry":{"type":"Polygon","coordinates":[[[-70.89564611375427,41.10069425821837],[-70.89358911516501,41.10051144883803],[-70.89350691711059,41.10111728957968],[-70.8955401425617,41.10129386023307],[-70.89564611375427,41.10069425821837]]]},"properties":{"kind":"block"}},{"type":"Feature","geometry":{"type":"Polygon","coordinates":[[[-70.89558941691128,41.10142473586093],[-70.89341548100562,41.10123594554106],[-70.89332749214572,41.10169578944857],[-70.89413082216826,41.10175768177115],[-70.89515744130091,41.10167637075979],[-70.89556188325001,41.10158405087895],[-70.89558941691128,41.10142473586093]]]},"properties":{"kind":"block"}},{"type":"Feature","geometry":{"type":"Polygon","coordinates":[[[-70.89364176215045,41.10192287353083],[-70.89329077483266,41.10195067267549],[-70.89323239702374,41.102405347085764],[-70.8937146097188,41.10244516704823],[-70.89364176215045,41.10192287353083]]]},"properties":{"kind":"block"}},{"type":"Feature","geometry":{"type":"Polygon","coordinates":[[[-70.89373246145135,41.10257315820015],[-70.89321481799561,41.10253041245084],[-70.89315815957609,41.102901558367705],[-70.8937782654923,41.102901558367705],[-70.89373246145135,41.10257315820015]]]},"properties":{"kind":"block"}},{"type":"Feature","geometry":{"type":"Polygon","coordinates":[[[-70.8934516214441,41.09988929030178],[-70.89338347656572,41.099883219013066],[-70.89131028880692,41.099883219013066],[-70.8912538423245,41.10019037633555],[-70.89337124334892,41.100365938303774],[-70.8934516214441,41.09988929030178]]]},"properties":{"kind":"block"}},{"type":"Feature","geometry":{"type":"Polygon","coordinates":[[[-70.89328114575636,41.10048499108647],[-70.89130468547313,41.10032111506418],[-70.89121698911951,41.10094636891303],[-70.89319871505889,41.10109254652362],[-70.89328114575636,41.10048499108647]]]},"properties":{"kind":"block"}},{"type":"Feature","geometry":{"type":"Polygon","coordinates":[[[-70.89317814695184,41.10121739457287],[-70.89119850702568,41.10107137083241],[-70.89112672836475,41.10153192585887],[-70.89309003142176,41.10167790047902],[-70.89317814695184,41.10121739457287]]]},"properties":{"kind":"block"}},{"type":"Feature","geometry":{"type":"Polygon","coordinates":[[[-70.89307022920677,41.10180280297408],[-70.89110812454571,41.10165691745652],[-70.89102559257759,41.10224024999262],[-70.89299522003229,41.102387010446044],[-70.89307022920677,41.10180280297408]]]},"properties":{"kind":"block"}},{"type":"Feature","geometry":{"type":"Polygon","coordinates":[[[-70.89304881405921,41.10251738128154],[-70.890935687652,41.102359928465305],[-70.89085826668543,41.10284870204816],[-70.8908594218804,41.10285004808777],[-70.89164069742682,41.102901558367705],[-70.89299016632651,41.102901558367705],[-70.89304881405921,41.10251738128154]]]},"properties":{"kind":"block"}},{"type":"Feature","geometry":{"type":"Polygon","coordinates":[[[-70.89040555689591,41.100126620704614],[-70.89108776032953,41.100177298744974],[-70.8911418035354,41.099883219013066],[-70.89035624754496,41.099883219013066],[-70.89040555689591,41.100126620704614]]]},"properties":{"kind":"block"}},{"type":"Feature","geometry":{"type":"Polygon","coordinates":[[[-70.89106759606182,41.10030217456959],[-70.89023074442336,41.10024000836078],[-70.8902305149954,41.100240270413984],[-70.89005220962467,41.10084850038962],[-70.89097983425565,41.1009278950794],[-70.89106759606182,41.10030217456959]]]},"properties":{"kind":"block"}},{"type":"Feature","geometry":{"type":"Polygon","coordinates":[[[-70.89094605389853,41.1011509107933],[-70.89073219973719,41.10103327296448],[-70.88988460117491,41.10096072764532],[-70.88988771793952,41.10107797338701],[-70.88991080273638,41.10140284947551],[-70.88991440574661,41.101431950982],[-70.89088953905416,41.10151352825243],[-70.89094605389853,41.1011509107933]]]},"properties":{"kind":"block"}},{"type":"Feature","geometry":{"type":"Polygon","coordinates":[[[-70.89087095958868,41.10163851069894],[-70.88993023601927,41.101559812063144],[-70.88994813028009,41.10170434397265],[-70.89004432816192,41.101978156046535],[-70.89015757590627,41.10216817372031],[-70.89078844494202,41.102221720807705],[-70.89087095958868,41.10163851069894]]]},"properties":{"kind":"block"}},{"type":"Feature","geometry":{"type":"Polygon","coordinates":[[[-70.89076970735198,41.102346689793606],[-70.89040053918525,41.102315355429475],[-70.89071637743483,41.1026833719074],[-70.89076970735198,41.102346689793606]]]},"properties":{"kind":"block"}},{"type":"Feature","geometry":{"type":"Polygon","coordinates":[[[-70.90902018530302,41.102359754348065],[-70.9094948349309,41.102137635010635],[-70.90878608593516,41.10206359048287],[-70.90902018530302,41.102359754348065]]]},"properties":{"kind":"block"}},{"type":"Feature","geometry":{"type":"Polygon","coordinates":[[[-70.90838597232158,41.10202178975547],[-70.90845113617593,41.102626049332095],[-70.90883077320804,41.102448392548894],[-70.9088653826712,41.10233945092731],[-70.90863484239894,41.102047789746244],[-70.90838597232158,41.10202178975547]]]},"properties":{"kind":"block"}},{"type":"Feature","geometry":{"type":"Polygon","coordinates":[[[-70.90963223816846,41.10206129910499],[-70.9091568170269,41.10134941919288],[-70.90892516739811,41.101407117919926],[-70.90899900789059,41.10199514417966],[-70.90963223816846,41.10206129910499]]]},"properties":{"kind":"block"}},{"type":"Feature","geometry":{"type":"Polygon","coordinates":[[[-70.90880905751065,41.10143603828875],[-70.90844095231881,41.101527725036114],[-70.90834415544073,41.101634024928266],[-70.90837608071702,41.10193006564174],[-70.90887767460964,41.101982468231554],[-70.90880905751065,41.10143603828875]]]},"properties":{"kind":"block"}},{"type":"Feature","geometry":{"type":"Polygon","coordinates":[[[-70.90952155640736,41.10272859607968],[-70.90961280457051,41.10261435150781],[-70.90976710042129,41.102340269592595],[-70.90978484749452,41.10228981126846],[-70.90969216685828,41.10215103434541],[-70.90968687470199,41.10215351088848],[-70.90952155640736,41.10272859607968]]]},"properties":{"kind":"block"}},{"type":"Feature","geometry":{"type":"Polygon","coordinates":[[[-70.90848278480036,41.10291952467339],[-70.90934469670007,41.10291952467339],[-70.90954594180536,41.102219462528986],[-70.90846199183012,41.10272671300633],[-70.90848278480036,41.10291952467339]]]},"properties":{"kind":"block"}},{"type":"Feature","geometry":{"type":"Polygon","coordinates":[[[-70.91016348225925,41.10109868146116],[-70.90927123775344,41.10132091955614],[-70.90933448208261,41.10141561952539],[-70.91007779533749,41.10146727878518],[-70.91010056223814,41.10140410894953],[-70.91016320747461,41.1011027551087],[-70.91016348225925,41.10109868146116]]]},"properties":{"kind":"block"}},{"type":"Feature","geometry":{"type":"Polygon","coordinates":[[[-70.90939766211147,41.1015102232135],[-70.90969282157842,41.101952185248855],[-70.90990032342087,41.101959698547255],[-70.90998945202507,41.101712399217234],[-70.91004546894554,41.101555244907004],[-70.90939766211147,41.1015102232135]]]},"properties":{"kind":"block"}},{"type":"Feature","geometry":{"type":"Polygon","coordinates":[[[-70.90825049796952,41.10076554616091],[-70.90830483355064,41.10126939596495],[-70.90845508250142,41.10142959402798],[-70.90879410623833,41.1013451508188],[-70.90889272492657,41.10076798028061],[-70.90825049796952,41.10076554616091]]]},"properties":{"kind":"block"}},{"type":"Feature","geometry":{"type":"Polygon","coordinates":[[[-70.90891964198077,41.10131388268089],[-70.90952342396601,41.101163494130105],[-70.90956559011249,41.100770530522986],[-70.90901284022762,41.10076843553247],[-70.90891964198077,41.10131388268089]]]},"properties":{"kind":"block"}},{"type":"Feature","geometry":{"type":"Polygon","coordinates":[[[-70.909004504175,41.09986525270738],[-70.90815340957614,41.09986525270738],[-70.90819470610502,41.1002481923493],[-70.90889291025962,41.10023982582215],[-70.909004504175,41.09986525270738]]]},"properties":{"kind":"block"}},{"type":"Feature","geometry":{"type":"Polygon","coordinates":[[[-70.90820438233224,41.10033791928505],[-70.90824080637915,41.10067567676394],[-70.90876247122962,41.10067765393833],[-70.90886604810753,41.10032999059452],[-70.90820438233224,41.10033791928505]]]},"properties":{"kind":"block"}},{"type":"Feature","geometry":{"type":"Polygon","coordinates":[[[-70.90901296332606,41.10024695241117],[-70.90888450966877,41.10067811647912],[-70.90957522550201,41.10068073437767],[-70.90960799965326,41.100375298624826],[-70.90901296332606,41.10024695241117]]]},"properties":{"kind":"block"}},{"type":"Feature","geometry":{"type":"Polygon","coordinates":[[[-70.90965414534034,41.09994524804742],[-70.90956334922994,41.09986525270738],[-70.90912668041565,41.09986525270738],[-70.90903912010421,41.100159155277915],[-70.90961779912747,41.10028397330694],[-70.90965414534034,41.09994524804742]]]},"properties":{"kind":"block"}},{"type":"Feature","geometry":{"type":"Polygon","coordinates":[[[-70.90992963643745,41.10051154368157],[-70.90971236884162,41.10051722274158],[-70.90964630627306,41.10113288690344],[-70.9100148329539,41.101041095172626],[-70.91017289873069,41.10095908346497],[-70.91017927837396,41.100864506061505],[-70.90992963643745,41.10051154368157]]]},"properties":{"kind":"block"}},{"type":"Feature","geometry":{"type":"Polygon","coordinates":[[[-70.90976295300273,41.100045808204946],[-70.90972204095263,41.1004270843736],[-70.90983936871615,41.100424017595934],[-70.9097818098751,41.100073618510734],[-70.90976295300273,41.100045808204946]]]},"properties":{"kind":"block"}},{"type":"Feature","geometry":{"type":"Polygon","coordinates":[[[-70.90813833279832,41.1008345070071],[-70.90808597284374,41.10034897704099],[-70.90711682958128,41.10037758785558],[-70.90733502121842,41.10101782612406],[-70.90813833279832,41.1008345070071]]]},"properties":{"kind":"block"}},{"type":"Feature","geometry":{"type":"Polygon","coordinates":[[[-70.90807630867326,41.1002593619067],[-70.90803380761005,41.09986525270738],[-70.90694222701494,41.09986525270738],[-70.9070864969072,41.10028858289189],[-70.90807630867326,41.1002593619067]]]},"properties":{"kind":"block"}},{"type":"Feature","geometry":{"type":"Polygon","coordinates":[[[-70.90655968280412,41.101194761645715],[-70.90722082511468,41.10104388616031],[-70.90712936459921,41.10077551417858],[-70.90651138633038,41.1007721689891],[-70.90655968280412,41.101194761645715]]]},"properties":{"kind":"block"}},{"type":"Feature","geometry":{"type":"Polygon","coordinates":[[[-70.90587242466526,41.10076871021402],[-70.90579217142593,41.10084926910904],[-70.90580719536368,41.101366482478014],[-70.90644307378007,41.101221372320644],[-70.90639166200887,41.10077152090719],[-70.90587242466526,41.10076871021402]]]},"properties":{"kind":"block"}},{"type":"Feature","geometry":{"type":"Polygon","coordinates":[[[-70.90681914971454,41.09986525270738],[-70.90636338684631,41.09986525270738],[-70.90640070653576,41.10068173602021],[-70.9070986928615,41.10068551430277],[-70.90681914971454,41.09986525270738]]]},"properties":{"kind":"block"}},{"type":"Feature","geometry":{"type":"Polygon","coordinates":[[[-70.90624410716744,41.09986525270738],[-70.90576358786244,41.09986525270738],[-70.90578720848335,41.100678415082676],[-70.90628139733718,41.10068109018541],[-70.90624410716744,41.09986525270738]]]},"properties":{"kind":"block"}},{"type":"Feature","geometry":{"type":"Polygon","coordinates":[[[-70.90743692676914,41.101088431171185],[-70.9070163953555,41.10118439822722],[-70.90707356601172,41.101583245677496],[-70.90765338181902,41.10145750931777],[-70.90743692676914,41.101088431171185]]]},"properties":{"kind":"block"}},{"type":"Feature","geometry":{"type":"Polygon","coordinates":[[[-70.90819290074991,41.10134051156516],[-70.90814821165777,41.100926112936335],[-70.907627469706,41.101044948463105],[-70.90757929988574,41.10110896284855],[-70.90776900821122,41.10143243507615],[-70.90819290074991,41.10134051156516]]]},"properties":{"kind":"block"}},{"type":"Feature","geometry":{"type":"Polygon","coordinates":[[[-70.90825352377236,41.101902664345175],[-70.90820275104973,41.101431852663055],[-70.90737348009803,41.101611684791436],[-70.90710242948558,41.10178460986872],[-70.9071424914789,41.10206409981942],[-70.90825352377236,41.101902664345175]]]},"properties":{"kind":"block"}},{"type":"Feature","geometry":{"type":"Polygon","coordinates":[[[-70.90690029082164,41.10121089377534],[-70.90617480759211,41.10137645213193],[-70.90625598913874,41.10163099555761],[-70.90695266585007,41.10157628483306],[-70.90690029082164,41.10121089377534]]]},"properties":{"kind":"block"}},{"type":"Feature","geometry":{"type":"Polygon","coordinates":[[[-70.90628409044373,41.10171910674467],[-70.90639947091053,41.102080880331016],[-70.90654134182554,41.102151448207],[-70.9070250354071,41.10208116644905],[-70.90696546789506,41.101665597486424],[-70.90628409044373,41.10171910674467]]]},"properties":{"kind":"block"}},{"type":"Feature","geometry":{"type":"Polygon","coordinates":[[[-70.90606052199419,41.10140253259113],[-70.9058099038505,41.101459724716754],[-70.9058170118917,41.101704425806325],[-70.90593420634472,41.10178951842883],[-70.90617181641726,41.10175149445352],[-70.90606052199419,41.10140253259113]]]},"properties":{"kind":"block"}},{"type":"Feature","geometry":{"type":"Polygon","coordinates":[[[-70.90588380877314,41.10188941814015],[-70.90582431114869,41.10195570968112],[-70.9058329866997,41.10225437378923],[-70.9063100901766,41.1021850495882],[-70.90619968303986,41.101838869797696],[-70.90588380877314,41.10188941814015]]]},"properties":{"kind":"block"}},{"type":"Feature","geometry":{"type":"Polygon","coordinates":[[[-70.90768524228397,41.102502356733794],[-70.90753070177476,41.10209917823582],[-70.90700565743892,41.102175468350744],[-70.90706124464155,41.102551301425976],[-70.90768524228397,41.102502356733794]]]},"properties":{"kind":"block"}},{"type":"Feature","geometry":{"type":"Polygon","coordinates":[[[-70.90711570632047,41.10291952467339],[-70.9078451450222,41.10291952467339],[-70.9077188507707,41.10259003742845],[-70.90707444966847,41.10264058251299],[-70.90711570632047,41.10291952467339]]]},"properties":{"kind":"block"}},{"type":"Feature","geometry":{"type":"Polygon","coordinates":[[[-70.90830517550899,41.10238162705884],[-70.90826323751476,41.10199273915634],[-70.90764823785014,41.102082099981494],[-70.90774847298394,41.10234360197148],[-70.90830517550899,41.10238162705884]]]},"properties":{"kind":"block"}},{"type":"Feature","geometry":{"type":"Polygon","coordinates":[[[-70.90792915860776,41.10281499008054],[-70.90806013651951,41.10291952467339],[-70.90836318283425,41.10291952467339],[-70.9083245532067,41.10256131500907],[-70.90820947236884,41.102465289934536],[-70.90778397658829,41.10243622681105],[-70.90792915860776,41.10281499008054]]]},"properties":{"kind":"block"}},{"type":"Feature","geometry":{"type":"Polygon","coordinates":[[[-70.90654428918067,41.10272272193279],[-70.9066467768512,41.10291952467339],[-70.90699575919886,41.10291952467339],[-70.90688823384161,41.10219253026175],[-70.90670334433237,41.102219395120486],[-70.90654428918067,41.10272272193279]]]},"properties":{"kind":"block"}},{"type":"Feature","geometry":{"type":"Polygon","coordinates":[[[-70.90585230790461,41.10291952467339],[-70.90635955563738,41.10291952467339],[-70.90657490444562,41.10223805772296],[-70.90583563300919,41.10234547551418],[-70.90585230790461,41.10291952467339]]]},"properties":{"kind":"block"}},{"type":"Feature","geometry":{"type":"Polygon","coordinates":[[[-70.90571861711445,41.10242195785524],[-70.90570708744394,41.10202503796522],[-70.9045669590906,41.10226545563759],[-70.90458015429039,41.10245444802177],[-70.90571861711445,41.10242195785524]]]},"properties":{"kind":"block"}},{"type":"Feature","geometry":{"type":"Polygon","coordinates":[[[-70.90460690789541,41.10283763491404],[-70.90483136837433,41.10291952467339],[-70.90573307036209,41.10291952467339],[-70.90572122623514,41.10251177932054],[-70.90458641822468,41.1025441651837],[-70.90460690789541,41.10283763491404]]]},"properties":{"kind":"block"}},{"type":"Feature","geometry":{"type":"Polygon","coordinates":[[[-70.90570439428846,41.10193232352193],[-70.90569712972619,41.10168223404554],[-70.90451842607963,41.101570326377995],[-70.90454895201006,41.102007543583305],[-70.90487529586724,41.1021071546381],[-70.90570439428846,41.10193232352193]]]},"properties":{"kind":"block"}},{"type":"Feature","geometry":{"type":"Polygon","coordinates":[[[-70.90446658410532,41.102537573036685],[-70.9044386978031,41.10213816273367],[-70.90367876050871,41.102152508094804],[-70.90365367145158,41.10243515936149],[-70.90446658410532,41.102537573036685]]]},"properties":{"kind":"block"}},{"type":"Feature","geometry":{"type":"Polygon","coordinates":[[[-70.90361067759157,41.10291952467339],[-70.90449325146642,41.10291952467339],[-70.90447299950179,41.10262945956317],[-70.9038678127064,41.10255321594264],[-70.90363627925457,41.102631098431104],[-70.90361067759157,41.10291952467339]]]},"properties":{"kind":"block"}},{"type":"Feature","geometry":{"type":"Polygon","coordinates":[[[-70.90443243217423,41.102048421300594],[-70.90439825564427,41.10155891723952],[-70.903737022004,41.10149613885192],[-70.90368675013976,41.10206249756473],[-70.90443243217423,41.102048421300594]]]},"properties":{"kind":"block"}},{"type":"Feature","geometry":{"type":"Polygon","coordinates":[[[-70.9028150113596,41.10291952467339],[-70.90306852566512,41.10291952467339],[-70.90309602202313,41.10244233467648],[-70.90281969281806,41.102425598350436],[-70.9028150113596,41.10291952467339]]]},"properties":{"kind":"block"}},{"type":"Feature","geometry":{"type":"Polygon","coordinates":[[[-70.90318784697818,41.10291952467339],[-70.9034912022256,41.10291952467339],[-70.9035195920926,41.10259968675277],[-70.90342472210078,41.102462242929285],[-70.90321492836097,41.1024495364315],[-70.90318784697818,41.10291952467339]]]},"properties":{"kind":"block"}},{"type":"Feature","geometry":{"type":"Polygon","coordinates":[[[-70.90342482049893,41.10237212767539],[-70.90354056283397,41.10236343209485],[-70.90354789003842,41.10228088440832],[-70.90282295218816,41.102081712207124],[-70.90282054650137,41.10233552884161],[-70.90342482049893,41.10237212767539]]]},"properties":{"kind":"block"}},{"type":"Feature","geometry":{"type":"Polygon","coordinates":[[[-70.90220343003311,41.10291952467339],[-70.90269579933236,41.10291952467339],[-70.9027030560623,41.10215388935527],[-70.90267352011885,41.10204065666814],[-70.90245057552612,41.101979404016944],[-70.90220343003311,41.10291952467339]]]},"properties":{"kind":"block"}},{"type":"Feature","geometry":{"type":"Polygon","coordinates":[[[-70.9035561751662,41.10218754483625],[-70.903618545079,41.10148489049754],[-70.90335726501401,41.101460084226055],[-70.90310943388329,41.10206480542534],[-70.9035561751662,41.10218754483625]]]},"properties":{"kind":"block"}},{"type":"Feature","geometry":{"type":"Polygon","coordinates":[[[-70.90323717332316,41.101448682563685],[-70.90260585233015,41.10138874412199],[-70.90254761841581,41.101610261031404],[-70.90312446395411,41.10172369944564],[-70.90323717332316,41.101448682563685]]]},"properties":{"kind":"block"}},{"type":"Feature","geometry":{"type":"Polygon","coordinates":[[[-70.902524411712,41.10169853737972],[-70.90247401848715,41.10189022896603],[-70.9029972959314,41.102033996215],[-70.9030892533538,41.10180961519152],[-70.902524411712,41.10169853737972]]]},"properties":{"kind":"block"}},{"type":"Feature","geometry":{"type":"Polygon","coordinates":[[[-70.9056688813314,41.10070975614552],[-70.90566118662575,41.1004448585736],[-70.90499418829772,41.10036728349159],[-70.90495009410525,41.100789836586415],[-70.9056688813314,41.10070975614552]]]},"properties":{"kind":"block"}},{"type":"Feature","geometry":{"type":"Polygon","coordinates":[[[-70.90565853736629,41.1003536552934],[-70.90564769811385,41.09998050370263],[-70.90550444849899,41.09986525270738],[-70.90504657613324,41.09986525270738],[-70.90500355963832,41.100277478264424],[-70.90565853736629,41.1003536552934]]]},"properties":{"kind":"block"}},{"type":"Feature","geometry":{"type":"Polygon","coordinates":[[[-70.90437934958851,41.10036579288092],[-70.90421704073661,41.100871506425314],[-70.90482911057634,41.100803315421295],[-70.90487132139225,41.10039881065798],[-70.90437934958851,41.10036579288092]]]},"properties":{"kind":"block"}},{"type":"Feature","geometry":{"type":"Polygon","coordinates":[[[-70.90492699914556,41.09986525270738],[-70.90465454338288,41.09986525270738],[-70.90450331580269,41.099979545348354],[-70.90440768481126,41.10027750745616],[-70.90488066712928,41.10030925078903],[-70.90492699914556,41.09986525270738]]]},"properties":{"kind":"block"}},{"type":"Feature","geometry":{"type":"Polygon","coordinates":[[[-70.90568083821995,41.10112138342425],[-70.90567151059973,41.10080027121251],[-70.90500300314173,41.10087474995954],[-70.90496699162203,41.10110839195727],[-70.90568083821995,41.10112138342425]]]},"properties":{"kind":"block"}},{"type":"Feature","geometry":{"type":"Polygon","coordinates":[[[-70.90569449241126,41.101591441966725],[-70.90568344977443,41.10121128867502],[-70.90495318048534,41.1011979983275],[-70.90490410462237,41.10151640151515],[-70.90569449241126,41.101591441966725]]]},"properties":{"kind":"block"}},{"type":"Feature","geometry":{"type":"Polygon","coordinates":[[[-70.90488089596396,41.10088835398069],[-70.90418681511015,41.10096568187242],[-70.90403649873514,41.10143402987621],[-70.90478582508246,41.10150517190076],[-70.90488089596396,41.10088835398069]]]},"properties":{"kind":"block"}},{"type":"Feature","geometry":{"type":"Polygon","coordinates":[[[-70.903603695841,41.09986525270738],[-70.90300635840794,41.09986525270738],[-70.90292174854562,41.100187101503145],[-70.9035727522923,41.10035502094498],[-70.903603695841,41.09986525270738]]]},"properties":{"kind":"block"}},{"type":"Feature","geometry":{"type":"Polygon","coordinates":[[[-70.90441735207294,41.09986525270738],[-70.90372303985814,41.09986525270738],[-70.90370979448282,41.100074897832165],[-70.90433046482799,41.1001359715012],[-70.90441735207294,41.09986525270738]]]},"properties":{"kind":"block"}},{"type":"Feature","geometry":{"type":"Polygon","coordinates":[[[-70.90370410611031,41.10016493224302],[-70.90369018259483,41.10038531083341],[-70.9042076042333,41.10051877420159],[-70.90430227877486,41.1002237921509],[-70.90370410611031,41.10016493224302]]]},"properties":{"kind":"block"}},{"type":"Feature","geometry":{"type":"Polygon","coordinates":[[[-70.90278471111345,41.1007083803625],[-70.90262907495287,41.101300407219505],[-70.90301358758634,41.10133691335239],[-70.90334948420335,41.10081981450245],[-70.90278471111345,41.1007083803625]]]},"properties":{"kind":"block"}},{"type":"Feature","geometry":{"type":"Polygon","coordinates":[[[-70.90368828898526,41.10140097038663],[-70.90388180301986,41.10141934286245],[-70.90393583125525,41.10136555042114],[-70.90406563438616,41.10096111652468],[-70.90374803624029,41.10089845193093],[-70.90368828898526,41.10140097038663]]]},"properties":{"kind":"block"}},{"type":"Feature","geometry":{"type":"Polygon","coordinates":[[[-70.90319997978068,41.101254294320405],[-70.9032299427676,41.101357454396585],[-70.90356993844331,41.101389734031216],[-70.90363109311785,41.100875378139875],[-70.9034671304315,41.10084302702176],[-70.90319997978068,41.101254294320405]]]},"properties":{"kind":"block"}},{"type":"Feature","geometry":{"type":"Polygon","coordinates":[[[-70.90289837293906,41.10027602034328],[-70.90280791895321,41.10062009969315],[-70.90330424639589,41.100718028972544],[-70.90343267385221,41.10041383753952],[-70.90289837293906,41.10027602034328]]]},"properties":{"kind":"block"}},{"type":"Feature","geometry":{"type":"Polygon","coordinates":[[[-70.90341972360764,41.10074081352798],[-70.90389081556053,41.10083376364821],[-70.90412251321817,41.10078389639524],[-70.90417946045226,41.10060646314219],[-70.90354548535385,41.100442936057746],[-70.90341972360764,41.10074081352798]]]},"properties":{"kind":"block"}},{"type":"Feature","geometry":{"type":"Polygon","coordinates":[[[-70.90089736906502,41.10041316500499],[-70.90094684100747,41.0999868445405],[-70.90084511891861,41.10003854834492],[-70.90089736906502,41.10041316500499]]]},"properties":{"kind":"block"}},{"type":"Feature","geometry":{"type":"Polygon","coordinates":[[[-70.89966696718477,41.1020809745374],[-70.89964843550918,41.101782117272656],[-70.89907504904674,41.10172029511978],[-70.8991294820006,41.10212166641231],[-70.89966696718477,41.1020809745374]]]},"properties":{"kind":"block"}},{"type":"Feature","geometry":{"type":"Polygon","coordinates":[[[-70.89964277059337,41.1016907601133],[-70.89962903076376,41.101469180155725],[-70.8991664881114,41.10150581478454],[-70.89905166456177,41.10154786536369],[-70.89906255963206,41.10162820214743],[-70.89964277059337,41.1016907601133]]]},"properties":{"kind":"block"}},{"type":"Feature","geometry":{"type":"Polygon","coordinates":[[[-70.89839067867953,41.10177826185396],[-70.89839067867953,41.10217759966072],[-70.89901086994304,41.10213064628218],[-70.8989680050289,41.1018145740361],[-70.89839067867953,41.10177826185396]]]},"properties":{"kind":"block"}},{"type":"Feature","geometry":{"type":"Polygon","coordinates":[[[-70.89839067867953,41.10156726098939],[-70.89839067867953,41.10168811795741],[-70.89890496889889,41.10172046534661],[-70.89895271355243,41.10170181955116],[-70.89892868617909,41.10152464934061],[-70.89839067867953,41.10156726098939]]]},"properties":{"kind":"block"}},{"type":"Feature","geometry":{"type":"Polygon","coordinates":[[[-70.89969622620853,41.10255282997018],[-70.89967253938119,41.10217083642661],[-70.89941343996948,41.10219045229912],[-70.89931270814863,41.10226526743681],[-70.89925829792597,41.10246134125231],[-70.89931351477325,41.10250274294404],[-70.89969622620853,41.10255282997018]]]},"properties":{"kind":"block"}},{"type":"Feature","geometry":{"type":"Polygon","coordinates":[[[-70.89913115263684,41.10291952467339],[-70.89971896437851,41.10291952467339],[-70.8997019261625,41.10264475218438],[-70.8992247320833,41.10258229982442],[-70.89913115263684,41.10291952467339]]]},"properties":{"kind":"block"}},{"type":"Feature","geometry":{"type":"Polygon","coordinates":[[[-70.89910262354014,41.10258345675711],[-70.89920735208614,41.10220605478011],[-70.89839067867953,41.10226788340922],[-70.89839067867953,41.10244115594202],[-70.89910262354014,41.10258345675711]]]},"properties":{"kind":"block"}},{"type":"Feature","geometry":{"type":"Polygon","coordinates":[[[-70.89839067867953,41.10291952467339],[-70.89900936514097,41.10291952467339],[-70.89907818871627,41.10267151059907],[-70.89839067867953,41.102534093723094],[-70.89839067867953,41.10291952467339]]]},"properties":{"kind":"block"}},{"type":"Feature","geometry":{"type":"Polygon","coordinates":[[[-70.8997477865844,41.1014597743736],[-70.8997539646089,41.10155940635223],[-70.90030566629787,41.101578206054704],[-70.90027860254644,41.10141773231405],[-70.8997477865844,41.1014597743736]]]},"properties":{"kind":"block"}},{"type":"Feature","geometry":{"type":"Polygon","coordinates":[[[-70.89975955242191,41.10164952008757],[-70.8997801212046,41.101981229441165],[-70.9003734707589,41.10198025066842],[-70.90032091944327,41.101668649144436],[-70.89975955242191,41.10164952008757]]]},"properties":{"kind":"block"}},{"type":"Feature","geometry":{"type":"Polygon","coordinates":[[[-70.90071558362607,41.10197968632865],[-70.90078545349891,41.10137758834805],[-70.90039718638795,41.10140834015314],[-70.90049360515862,41.101980052498085],[-70.90071558362607,41.10197968632865]]]},"properties":{"kind":"block"}},{"type":"Feature","geometry":{"type":"Polygon","coordinates":[[[-70.90065314841938,41.10251771667471],[-70.90070515719314,41.10206953527143],[-70.89978569096203,41.10207105199709],[-70.89981637181194,41.1025658369847],[-70.90065314841938,41.10251771667471]]]},"properties":{"kind":"block"}},{"type":"Feature","geometry":{"type":"Polygon","coordinates":[[[-70.89983830343711,41.10291952467339],[-70.9006065210021,41.10291952467339],[-70.90064262346071,41.102608414655094],[-70.89982193847189,41.10265560958826],[-70.89983830343711,41.10291952467339]]]},"properties":{"kind":"block"}},{"type":"Feature","geometry":{"type":"Polygon","coordinates":[[[-70.9015620393389,41.10063929391927],[-70.90162149268852,41.10070044777922],[-70.90189770726971,41.10069254082995],[-70.9018963112491,41.1003531518184],[-70.9015859665497,41.100371883567504],[-70.9015620393389,41.10063929391927]]]},"properties":{"kind":"block"}},{"type":"Feature","geometry":{"type":"Polygon","coordinates":[[[-70.90101784421077,41.100406174229256],[-70.90099207682019,41.10062822263446],[-70.90107806464816,41.10069067447804],[-70.90120283821172,41.10071243222876],[-70.90143661423272,41.10070574013043],[-70.90146583811025,41.100379134265815],[-70.90101784421077,41.100406174229256]]]},"properties":{"kind":"block"}},{"type":"Feature","geometry":{"type":"Polygon","coordinates":[[[-70.90189430435674,41.09986525270738],[-70.90153179484632,41.09986525270738],[-70.9015753315995,41.10028240624717],[-70.90189594065058,41.10026305496353],[-70.90189430435674,41.09986525270738]]]},"properties":{"kind":"block"}},{"type":"Feature","geometry":{"type":"Polygon","coordinates":[[[-70.90141221775711,41.09986525270738],[-70.90118606083651,41.09986525270738],[-70.90107400551405,41.09992220873868],[-70.90102837577302,41.10031541934303],[-70.90145650305008,41.100289578486866],[-70.90141221775711,41.09986525270738]]]},"properties":{"kind":"block"}},{"type":"Feature","geometry":{"type":"Polygon","coordinates":[[[-70.90267318530823,41.1006703419095],[-70.90275957609623,41.10034171862233],[-70.90201541907524,41.10032841927232],[-70.90201690279396,41.100689128725634],[-70.90267318530823,41.1006703419095]]]},"properties":{"kind":"block"}},{"type":"Feature","geometry":{"type":"Polygon","coordinates":[[[-70.90278308781352,41.10025228202845],[-70.90288483278817,41.09986525270738],[-70.90201351391612,41.09986525270738],[-70.90201504943701,41.10023855587805],[-70.90278308781352,41.10025228202845]]]},"properties":{"kind":"block"}},{"type":"Feature","geometry":{"type":"Polygon","coordinates":[[[-70.90158709360479,41.100791328812505],[-70.90097110307059,41.10080896222595],[-70.90096268785823,41.1008814796382],[-70.90100399067526,41.101177607485376],[-70.9016594619103,41.10115262614532],[-70.90158709360479,41.100791328812505]]]},"properties":{"kind":"block"}},{"type":"Feature","geometry":{"type":"Polygon","coordinates":[[[-70.90090622744027,41.10136802272531],[-70.90090470059559,41.10138118018593],[-70.90102251141812,41.10142383435721],[-70.9017517374659,41.101613310030224],[-70.90169016934527,41.1013059324066],[-70.90090622744027,41.10136802272531]]]},"properties":{"kind":"block"}},{"type":"Feature","geometry":{"type":"Polygon","coordinates":[[[-70.90255050654251,41.101137001610056],[-70.90264937354075,41.100760919869096],[-70.90170696557306,41.10078789734423],[-70.9017438004573,41.10097179477468],[-70.90255050654251,41.101137001610056]]]},"properties":{"kind":"block"}},{"type":"Feature","geometry":{"type":"Polygon","coordinates":[[[-70.9019757655771,41.101112389080775],[-70.90176324402425,41.10106886639781],[-70.90187891569005,41.10164635489976],[-70.90195015382285,41.1016648647887],[-70.9019757655771,41.101112389080775]]]},"properties":{"kind":"block"}},{"type":"Feature","geometry":{"type":"Polygon","coordinates":[[[-70.90238222501924,41.101777130362564],[-70.90252728466005,41.10122533569667],[-70.90209392549782,41.10113658727009],[-70.90206801584421,41.10169548901817],[-70.90238222501924,41.101777130362564]]]},"properties":{"kind":"block"}},{"type":"Feature","geometry":{"type":"Polygon","coordinates":[[[-70.90072618491011,41.10291952467339],[-70.90108011859958,41.10291952467339],[-70.9012163952199,41.10284152593372],[-70.90130205136259,41.10258992406099],[-70.90075720541651,41.10265220796728],[-70.90072618491011,41.10291952467339]]]},"properties":{"kind":"block"}},{"type":"Feature","geometry":{"type":"Polygon","coordinates":[[[-70.90133423634803,41.102495385568396],[-70.90141239261008,41.10226581345272],[-70.9008083846876,41.10221117473645],[-70.9007678908404,41.10256012719082],[-70.90133423634803,41.102495385568396]]]},"properties":{"kind":"block"}},{"type":"Feature","geometry":{"type":"Polygon","coordinates":[[[-70.90133933963311,41.10284189302199],[-70.90148167240233,41.10291952467339],[-70.90208190441334,41.10291952467339],[-70.90209497032133,41.10286982305897],[-70.90141570630209,41.10261757756339],[-70.90133933963311,41.10284189302199]]]},"properties":{"kind":"block"}},{"type":"Feature","geometry":{"type":"Polygon","coordinates":[[[-70.90200303822526,41.102735537101616],[-70.90214002169634,41.10269845141979],[-70.90223421302187,41.10234015554432],[-70.90164894064284,41.102287211650264],[-70.90151747298363,41.102318653436605],[-70.90144597405049,41.10252867066257],[-70.90200303822526,41.102735537101616]]]},"properties":{"kind":"block"}},{"type":"Feature","geometry":{"type":"Polygon","coordinates":[[[-70.90086260376307,41.10174394623678],[-70.90081877487137,41.1021216381677],[-70.90135962103446,41.102170563254525],[-70.90152978144589,41.101906533368876],[-70.90086260376307,41.10174394623678]]]},"properties":{"kind":"block"}},{"type":"Feature","geometry":{"type":"Polygon","coordinates":[[[-70.9016710318387,41.1016873617957],[-70.90089264000865,41.10148511131889],[-70.90087325841218,41.10165213065959],[-70.90158236853006,41.101824936470365],[-70.9016710318387,41.1016873617957]]]},"properties":{"kind":"block"}},{"type":"Feature","geometry":{"type":"Polygon","coordinates":[[[-70.90203480015172,41.10223164013588],[-70.90228733490125,41.10213808438578],[-70.90235884226338,41.10186607639801],[-70.90178454685595,41.10171685653791],[-70.90156013838214,41.10206506058363],[-70.90162300940545,41.102194389436164],[-70.90203480015172,41.10223164013588]]]},"properties":{"kind":"block"}},{"type":"Feature","geometry":{"type":"Polygon","coordinates":[[[-70.90733702425196,41.10301833935464],[-70.90740536627595,41.10316280174455],[-70.90784199713897,41.10301833935464],[-70.90733702425196,41.10301833935464]]]},"properties":{"kind":"block"}},{"type":"Feature","geometry":{"type":"Polygon","coordinates":[[[-70.90819783172743,41.10301833935464],[-70.90745914584244,41.10326273877158],[-70.90764168823839,41.10356222696309],[-70.90903361492364,41.10313244124527],[-70.90897563372714,41.10301833935464],[-70.90819783172743,41.10301833935464]]]},"properties":{"kind":"block"}},{"type":"Feature","geometry":{"type":"Polygon","coordinates":[[[-70.9086916086799,41.103371197693754],[-70.90852587423191,41.10340571265578],[-70.90769872227962,41.10366111267025],[-70.9078735505521,41.10398135797315],[-70.90860782698076,41.10347178742967],[-70.9086916086799,41.103371197693754]]]},"properties":{"kind":"block"}},{"type":"Feature","geometry":{"type":"Polygon","coordinates":[[[-70.905585668814,41.10301833935464],[-70.90565455709105,41.10314701324682],[-70.90607786842827,41.10301833935464],[-70.905585668814,41.10301833935464]]]},"properties":{"kind":"block"}},{"type":"Feature","geometry":{"type":"Polygon","coordinates":[[[-70.90646026651257,41.10301833935464],[-70.90570903494601,41.10324669111633],[-70.90571322704649,41.103254209079914],[-70.90641892814817,41.103469066395085],[-70.90727349166553,41.10320506624666],[-70.9071851552221,41.10301833935464],[-70.90646026651257,41.10301833935464]]]},"properties":{"kind":"block"}},{"type":"Feature","geometry":{"type":"Polygon","coordinates":[[[-70.90732743000531,41.103304907864405],[-70.90660886429546,41.103526894235465],[-70.90719433980325,41.10370514774166],[-70.90750964007397,41.10360385082313],[-70.90732743000531,41.103304907864405]]]},"properties":{"kind":"block"}},{"type":"Feature","geometry":{"type":"Polygon","coordinates":[[[-70.90637884048805,41.10396714424265],[-70.90686626542583,41.10381054861367],[-70.90690729728392,41.103734018665364],[-70.90656045011752,41.10362841779444],[-70.90637884048805,41.10396714424265]]]},"properties":{"kind":"block"}},{"type":"Feature","geometry":{"type":"Polygon","coordinates":[[[-70.90719581348658,41.10382186012762],[-70.90630293621777,41.104108715942075],[-70.90624478644504,41.104217173109454],[-70.9064296722805,41.10453952836416],[-70.90779504255302,41.10412089250603],[-70.9077187048266,41.10398105929731],[-70.90719581348658,41.10382186012762]]]},"properties":{"kind":"block"}},{"type":"Feature","geometry":{"type":"Polygon","coordinates":[[[-70.90784712008782,41.104221304318756],[-70.90648223823483,41.10463979042269],[-70.90654147466006,41.104764428178406],[-70.90681596796024,41.10471910439455],[-70.90705127493787,41.104667622030384],[-70.90732877066867,41.104592177188536],[-70.90765712490618,41.10443061071374],[-70.90786785160002,41.10426340179933],[-70.90784712008782,41.104221304318756]]]},"properties":{"kind":"block"}},{"type":"Feature","geometry":{"type":"Polygon","coordinates":[[[-70.90337113067567,41.10301833935464],[-70.90346732919848,41.103184803160836],[-70.90400974645131,41.10301833935464],[-70.90337113067567,41.10301833935464]]]},"properties":{"kind":"block"}},{"type":"Feature","geometry":{"type":"Polygon","coordinates":[[[-70.90550833966299,41.10319182919553],[-70.905519134263,41.103188497823055],[-70.90550284574138,41.103151761884725],[-70.90543141518104,41.10301833935464],[-70.90493851046378,41.10301833935464],[-70.90550833966299,41.10319182919553]]]},"properties":{"kind":"block"}},{"type":"Feature","geometry":{"type":"Polygon","coordinates":[[[-70.90438901453643,41.10301833935464],[-70.90352169901249,41.103284512015136],[-70.90375235225328,41.103733752761066],[-70.90436884664312,41.10354349351659],[-70.904637251646,41.103042881993034],[-70.9045566410932,41.10301833935464],[-70.90438901453643,41.10301833935464]]]},"properties":{"kind":"block"}},{"type":"Feature","geometry":{"type":"Polygon","coordinates":[[[-70.9042940081061,41.10368307747977],[-70.90380643512161,41.10383354968063],[-70.90400598237349,41.104183066855434],[-70.90402963937309,41.10417616081576],[-70.9042940081061,41.10368307747977]]]},"properties":{"kind":"block"}},{"type":"Feature","geometry":{"type":"Polygon","coordinates":[[[-70.90453318284182,41.104144768435376],[-70.90413907088401,41.104259819069874],[-70.90409685852482,41.1043385508119],[-70.90425214508936,41.10460156152586],[-70.90515755622354,41.10433486476389],[-70.90453318284182,41.104144768435376]]]},"properties":{"kind":"block"}},{"type":"Feature","geometry":{"type":"Polygon","coordinates":[[[-70.90535077342957,41.104393691553355],[-70.90430622939114,41.10470137112816],[-70.90451250305047,41.105117304894385],[-70.9045308868987,41.10511339501043],[-70.90612902800913,41.104630638454935],[-70.90535077342957,41.104393691553355]]]},"properties":{"kind":"block"}},{"type":"Feature","geometry":{"type":"Polygon","coordinates":[[[-70.9060915571572,41.104502966393575],[-70.90625906313487,41.104553965158566],[-70.90627019944164,41.10453319444475],[-70.90616949202399,41.10435760735782],[-70.9060915571572,41.104502966393575]]]},"properties":{"kind":"block"}},{"type":"Feature","geometry":{"type":"Polygon","coordinates":[[[-70.90138089334172,41.10301833935464],[-70.901496806872,41.1032260645531],[-70.90218837795031,41.10301833935464],[-70.90138089334172,41.10301833935464]]]},"properties":{"kind":"block"}},{"type":"Feature","geometry":{"type":"Polygon","coordinates":[[[-70.90257472413536,41.10301833935464],[-70.9015490449526,41.103326419635145],[-70.90172767342686,41.10369597880587],[-70.9033343479401,41.103224681220624],[-70.90321510410475,41.10301833935464],[-70.90257472413536,41.10301833935464]]]},"properties":{"kind":"block"}},{"type":"Feature","geometry":{"type":"Polygon","coordinates":[[[-70.90334435281993,41.103337423525346],[-70.90182390467169,41.103783427700336],[-70.90206731436928,41.1042276532054],[-70.90357502239452,41.10378669608446],[-70.90334435281993,41.103337423525346]]]},"properties":{"kind":"block"}},{"type":"Feature","geometry":{"type":"Polygon","coordinates":[[[-70.90362904450414,41.1038865284019],[-70.90212122740368,41.10432751742391],[-70.9023157814637,41.10469305399269],[-70.90382856995683,41.10423600739429],[-70.90362904450414,41.1038865284019]]]},"properties":{"kind":"block"}},{"type":"Feature","geometry":{"type":"Polygon","coordinates":[[[-70.90388589863397,41.10433482600834],[-70.90236938378479,41.10479299842067],[-70.90254477522147,41.10511757424002],[-70.90407476647636,41.104654713734746],[-70.90388589863397,41.10433482600834]]]},"properties":{"kind":"block"}},{"type":"Feature","geometry":{"type":"Polygon","coordinates":[[[-70.90417321394723,41.10474109125039],[-70.90255436143089,41.10523083450303],[-70.90266084316544,41.1054288445429],[-70.90367296107564,41.1052598239531],[-70.90430774774508,41.10501236752194],[-70.90417321394723,41.10474109125039]]]},"properties":{"kind":"block"}},{"type":"Feature","geometry":{"type":"Polygon","coordinates":[[[-70.89975714075742,41.10301833935464],[-70.89980812131682,41.1031158695939],[-70.90010158368862,41.1030330955442],[-70.90009387040088,41.10301833935464],[-70.89975714075742,41.10301833935464]]]},"properties":{"kind":"block"}},{"type":"Feature","geometry":{"type":"Polygon","coordinates":[[[-70.9005619745286,41.10301833935464],[-70.89986179992373,41.10321583073041],[-70.90008635514945,41.10362363824953],[-70.90136326021867,41.103264839033365],[-70.90122570999276,41.10301833935464],[-70.9005619745286,41.10301833935464]]]},"properties":{"kind":"block"}},{"type":"Feature","geometry":{"type":"Polygon","coordinates":[[[-70.90137086334856,41.10337775084264],[-70.90018633683981,41.10371059248695],[-70.90039401560841,41.104081699914175],[-70.90154968606068,41.10374771186631],[-70.90137086334856,41.10337775084264]]]},"properties":{"kind":"block"}},{"type":"Feature","geometry":{"type":"Polygon","coordinates":[[[-70.90160145543757,41.103848204001984],[-70.90044743857351,41.10418171416388],[-70.90067821028555,41.104633871622184],[-70.90184499671864,41.104292669648395],[-70.90160145543757,41.103848204001984]]]},"properties":{"kind":"block"}},{"type":"Feature","geometry":{"type":"Polygon","coordinates":[[[-70.9018989466068,41.10439252317544],[-70.90072907484534,41.104734627388154],[-70.90090471654673,41.10508649324784],[-70.90209317848914,41.10475745442288],[-70.9018989466068,41.10439252317544]]]},"properties":{"kind":"block"}},{"type":"Feature","geometry":{"type":"Polygon","coordinates":[[[-70.90214678757815,41.10485745528256],[-70.90095583342553,41.10518718410346],[-70.90112122823066,41.10550782901163],[-70.90232189437681,41.1051815043566],[-70.90214678757815,41.10485745528256]]]},"properties":{"kind":"block"}},{"type":"Feature","geometry":{"type":"Polygon","coordinates":[[[-70.90242067118278,41.105269252973855],[-70.90112860598293,41.105620418642985],[-70.90125742178182,41.10586589097039],[-70.9014615142213,41.10585061833936],[-70.90198342062834,41.10577782794243],[-70.90249500842553,41.10567253007519],[-70.90261827270243,41.10563670646196],[-70.90242067118278,41.105269252973855]]]},"properties":{"kind":"block"}},{"type":"Feature","geometry":{"type":"Polygon","coordinates":[[[-70.89785708622429,41.10301833935464],[-70.8979318966385,41.10315489188015],[-70.89827647463648,41.10305129113972],[-70.89825842197372,41.10301833935464],[-70.89785708622429,41.10301833935464]]]},"properties":{"kind":"block"}},{"type":"Feature","geometry":{"type":"Polygon","coordinates":[[[-70.89877209457842,41.10301833935464],[-70.89798264358157,41.10325569550705],[-70.89814816659319,41.10361672801694],[-70.89967475134782,41.103154855347334],[-70.89960339233416,41.10301833935464],[-70.89877209457842,41.10301833935464]]]},"properties":{"kind":"block"}},{"type":"Feature","geometry":{"type":"Polygon","coordinates":[[[-70.89968412374049,41.1032681815243],[-70.8982432980634,41.10370410753489],[-70.89847531413578,41.10412275868254],[-70.89990911944749,41.103676788987265],[-70.89968412374049,41.1032681815243]]]},"properties":{"kind":"block"}},{"type":"Feature","geometry":{"type":"Polygon","coordinates":[[[-70.89996432259808,41.1037762382164],[-70.89853045109645,41.10422222849933],[-70.89872414438209,41.104571592820506],[-70.90017154158363,41.104146524043486],[-70.89996432259808,41.1037762382164]]]},"properties":{"kind":"block"}},{"type":"Feature","geometry":{"type":"Polygon","coordinates":[[[-70.9002250611712,41.104246501315096],[-70.89877702620933,41.10467175738832],[-70.89901534535537,41.10514606926209],[-70.90045675339417,41.10470046235616],[-70.9002250611712,41.104246501315096]]]},"properties":{"kind":"block"}},{"type":"Feature","geometry":{"type":"Polygon","coordinates":[[[-70.90050760723081,41.104801257612515],[-70.89906921470512,41.10524593228174],[-70.89926056338922,41.10557724570204],[-70.90068204174146,41.1051507050875],[-70.90050760723081,41.104801257612515]]]},"properties":{"kind":"block"}},{"type":"Feature","geometry":{"type":"Polygon","coordinates":[[[-70.90077746141732,41.105238102530066],[-70.8992706316009,41.10569025441467],[-70.8993705704246,41.105884436541935],[-70.89983011762114,41.105910460138226],[-70.90094306168974,41.10555914577021],[-70.90077746141732,41.105238102530066]]]},"properties":{"kind":"block"}},{"type":"Feature","geometry":{"type":"Polygon","coordinates":[[[-70.90099530043696,41.10565952946185],[-70.90019819006714,41.10591114707114],[-70.90038413840031,41.1059110617331],[-70.9009260279544,41.105890689809904],[-70.90110940469755,41.1058769673744],[-70.90099530043696,41.10565952946185]]]},"properties":{"kind":"block"}},{"type":"Feature","geometry":{"type":"Polygon","coordinates":[[[-70.89547652206274,41.10301833935464],[-70.8955848339664,41.1031981094813],[-70.89575210538744,41.1031981094813],[-70.89635310389414,41.10301833935464],[-70.89547652206274,41.10301833935464]]]},"properties":{"kind":"block"}},{"type":"Feature","geometry":{"type":"Polygon","coordinates":[[[-70.89674084142753,41.10301833935464],[-70.89566582214216,41.10333989814544],[-70.89587855573413,41.10375224280987],[-70.89779869986562,41.10319425517059],[-70.89770232424014,41.10301833935464],[-70.89674084142753,41.10301833935464]]]},"properties":{"kind":"block"}},{"type":"Feature","geometry":{"type":"Polygon","coordinates":[[[-70.8978048310513,41.10330800894145],[-70.8959739735413,41.10384005017893],[-70.8961610710163,41.10421794275931],[-70.89797095195928,41.10367034556019],[-70.8978048310513,41.10330800894145]]]},"properties":{"kind":"block"}},{"type":"Feature","geometry":{"type":"Polygon","coordinates":[[[-70.89802202612968,41.103771054757985],[-70.89621253454224,41.10431853415377],[-70.89643169613325,41.10473280470301],[-70.89825423087905,41.104190046355505],[-70.89802202612968,41.103771054757985]]]},"properties":{"kind":"block"}},{"type":"Feature","geometry":{"type":"Polygon","coordinates":[[[-70.8983609412459,41.10438253982451],[-70.89782168342578,41.104434771197184],[-70.89648538686086,41.10483272581343],[-70.89667670497987,41.10518348524667],[-70.89850222815203,41.10463737882879],[-70.8983609412459,41.10438253982451]]]},"properties":{"kind":"block"}},{"type":"Feature","geometry":{"type":"Polygon","coordinates":[[[-70.89859946381846,41.10472427208059],[-70.89668642219857,41.10529655969776],[-70.89681521043875,41.10553619514177],[-70.8971072490301,41.1055640443555],[-70.89763144855708,41.10555696404652],[-70.89883843945108,41.10519989051906],[-70.89859946381846,41.10472427208059]]]},"properties":{"kind":"block"}},{"type":"Feature","geometry":{"type":"Polygon","coordinates":[[[-70.89889229102887,41.10529976653101],[-70.89778159872009,41.10562835129714],[-70.89877593223326,41.105723172349414],[-70.89908331818482,41.105630523236776],[-70.89889229102887,41.10529976653101]]]},"properties":{"kind":"block"}},{"type":"Feature","geometry":{"type":"Polygon","coordinates":[[[-70.89913776465964,41.1057302135298],[-70.89882286203392,41.10582512824107],[-70.89920935427281,41.10586931285939],[-70.89913776465964,41.1057302135298]]]},"properties":{"kind":"block"}},{"type":"Feature","geometry":{"type":"Polygon","coordinates":[[[-70.8939942577181,41.10353157346405],[-70.89408688388701,41.103698023311836],[-70.89547730595795,41.10328039382094],[-70.89536512514837,41.10309420229753],[-70.89522810484827,41.10301833935464],[-70.89500399474367,41.10301833935464],[-70.8939942577181,41.10353157346405]]]},"properties":{"kind":"block"}},{"type":"Feature","geometry":{"type":"Polygon","coordinates":[[[-70.89548860059668,41.10339304673948],[-70.89418504432479,41.10378458507418],[-70.89440441883599,41.10420432043098],[-70.89570142531001,41.10380556802579],[-70.89548860059668,41.10339304673948]]]},"properties":{"kind":"block"}},{"type":"Feature","geometry":{"type":"Polygon","coordinates":[[[-70.89579749867467,41.1039975846639],[-70.89543997491862,41.104002372618446],[-70.89445825457841,41.104304193276036],[-70.8946584971584,41.104664560665995],[-70.89593948167774,41.104284356697605],[-70.89579749867467,41.1039975846639]]]},"properties":{"kind":"block"}},{"type":"Feature","geometry":{"type":"Polygon","coordinates":[[[-70.89599099249692,41.10438492600657],[-70.89471238880179,41.1047644233319],[-70.89493391427624,41.105186889033604],[-70.89592715063532,41.10488534215195],[-70.89616162177104,41.1047074582659],[-70.89599099249692,41.10438492600657]]]},"properties":{"kind":"block"}},{"type":"Feature","geometry":{"type":"Polygon","coordinates":[[[-70.89630816415851,41.10488588405303],[-70.89497210438856,41.10529151223373],[-70.89503133685955,41.1053129932512],[-70.89552175548329,41.105442827952295],[-70.89573276970494,41.10547953681716],[-70.89649992471877,41.10523745465068],[-70.89630816415851,41.10488588405303]]]},"properties":{"kind":"block"}},{"type":"Feature","geometry":{"type":"Polygon","coordinates":[[[-70.89655396421335,41.10533726978749],[-70.89597150807188,41.1055210686835],[-70.89602997451676,41.105531239736464],[-70.89654386246819,41.10557165395973],[-70.89667894963479,41.10556982935129],[-70.89655396421335,41.10533726978749]]]},"properties":{"kind":"block"}},{"type":"Feature","geometry":{"type":"Polygon","coordinates":[[[-70.89157931400067,41.10301833935464],[-70.89168353800844,41.10320036746006],[-70.892284764899,41.10301833935464],[-70.89157931400067,41.10301833935464]]]},"properties":{"kind":"block"}},{"type":"Feature","geometry":{"type":"Polygon","coordinates":[[[-70.89266847643286,41.10301833935464],[-70.89173759564505,41.1033001738315],[-70.89190192072199,41.103621431644456],[-70.8921421210945,41.103699710445774],[-70.89367096266629,41.103228401874794],[-70.89355630335142,41.10301833935464],[-70.89266847643286,41.10301833935464]]]},"properties":{"kind":"block"}},{"type":"Feature","geometry":{"type":"Polygon","coordinates":[[[-70.89320481271929,41.10348857520909],[-70.89240279863361,41.103735818690424],[-70.89255236365193,41.10382020523507],[-70.89320481271929,41.10348857520909]]]},"properties":{"kind":"block"}},{"type":"Feature","geometry":{"type":"Polygon","coordinates":[[[-70.89269241670985,41.10387904605917],[-70.8930693334072,41.104001879287765],[-70.89287590584057,41.10378578129992],[-70.89269241670985,41.10387904605917]]]},"properties":{"kind":"block"}},{"type":"Feature","geometry":{"type":"Polygon","coordinates":[[[-70.89320981365309,41.10396605036781],[-70.89395416023861,41.103738268579306],[-70.8938936826492,41.103629589944866],[-70.89370079228154,41.10368073752179],[-70.89318781669157,41.10394147528162],[-70.89320981365309,41.10396605036781]]]},"properties":{"kind":"block"}},{"type":"Feature","geometry":{"type":"Polygon","coordinates":[[[-70.8940080348168,41.10383812940499],[-70.89309740271631,41.10411679718228],[-70.89314082453357,41.10415222258126],[-70.89364766814137,41.10443819039126],[-70.89415788288052,41.10428037002168],[-70.89420134621501,41.10420799748243],[-70.8940080348168,41.10383812940499]]]},"properties":{"kind":"block"}},{"type":"Feature","geometry":{"type":"Polygon","coordinates":[[[-70.89428170357854,41.10435859566446],[-70.89364462846756,41.10455565666986],[-70.89383521914344,41.10470155248276],[-70.89404621803544,41.10485306469107],[-70.89448142312102,41.10471802176777],[-70.89428170357854,41.10435859566446]]]},"properties":{"kind":"block"}},{"type":"Feature","geometry":{"type":"Polygon","coordinates":[[[-70.89453533121191,41.10481787335486],[-70.89415958122959,41.104934467525574],[-70.8941705165996,41.10494231989885],[-70.89423551754139,41.10497591546211],[-70.8945641322802,41.10514355865623],[-70.8947394470855,41.105207137641415],[-70.89453533121191,41.10481787335486]]]},"properties":{"kind":"block"}},{"type":"Feature","geometry":{"type":"Polygon","coordinates":[[[-70.89125665875073,41.10332945267819],[-70.89155074304843,41.10324054304653],[-70.8914235156664,41.10301833935464],[-70.89099113559315,41.10301833935464],[-70.89099289161335,41.10302210974863],[-70.89125665875073,41.10332945267819]]]},"properties":{"kind":"block"}},{"type":"Feature","geometry":{"type":"Polygon","coordinates":[[[-70.89160483141895,41.10334034045619],[-70.89131150445039,41.10342902112678],[-70.89171794302945,41.10356147522935],[-70.89160483141895,41.10334034045619]]]},"properties":{"kind":"block"}},{"type":"Feature","geometry":{"type":"LineString","coordinates":[[-70.9094531905185,41.09761607558923],[-70.90930381158161,41.0980603437681],[-70.9096309640042,41.09810943837278],[-70.90963110289414,41.09810849129101],[-70.90958214190262,41.09783898641757],[-70.9094531905185,41.09761607558923]]},"properties":{"kind":"centerline","cls":"grid"}},{"type":"Feature","geometry":{"type":"LineString","coordinates":[[-70.90942507807384,41.09807854180084],[-70.90930381158161,41.0980603437681],[-70.90906585526535,41.09886052068777],[-70.90951202152439,41.098920499634524],[-70.90955466707518,41.09862970231559],[-70.90942507807384,41.09807854180084]]},"properties":{"kind":"centerline","cls":"grid"}},{"type":"Feature","geometry":{"type":"LineString","coordinates":[[-70.90962666296126,41.098935911092696],[-70.90906585526535,41.09886052068777],[-70.90885695365695,41.099553625403054],[-70.90977852173137,41.099687979662875],[-70.90974906849505,41.099508678153796],[-70.90968139797559,41.099168706919194],[-70.90962666296126,41.098935911092696]]},"properties":{"kind":"centerline","cls":"grid"}},{"type":"Feature","geometry":{"type":"LineString","coordinates":[[-70.90977852173137,41.099687979662875],[-70.90885695365695,41.099553625403054],[-70.90878809206698,41.099820336943175],[-70.90980026360222,41.099820336943175],[-70.90977852173137,41.099687979662875]]},"properties":{"kind":"centerline","cls":"grid"}},{"type":"Feature","geometry":{"type":"LineString","coordinates":[[-70.90710611536319,41.096799623458686],[-70.90705508392665,41.09696166202086],[-70.90893616486306,41.09722693384581],[-70.90870027379277,41.09713173861918],[-70.90804845328279,41.096954319074264],[-70.90747178387356,41.096807928064905],[-70.90721015644061,41.096787502823354],[-70.90710611536319,41.096799623458686]]},"properties":{"kind":"centerline","cls":"grid"}},{"type":"Feature","geometry":{"type":"LineString","coordinates":[[-70.90893616486306,41.09722693384581],[-70.90705508392665,41.09696166202086],[-70.90683228114315,41.09772583654239],[-70.90930381158161,41.0980603437681],[-70.9094531905185,41.09761607558923],[-70.90944166835885,41.09759615789568],[-70.90923239809302,41.097395045065696],[-70.90894076637574,41.09722879081327],[-70.90893616486306,41.09722693384581]]},"properties":{"kind":"centerline","cls":"grid"}},{"type":"Feature","geometry":{"type":"LineString","coordinates":[[-70.90930381158161,41.0980603437681],[-70.90683228114315,41.09772583654239],[-70.90661626670338,41.098482359668175],[-70.90906585526535,41.09886052068777],[-70.90930381158161,41.0980603437681]]},"properties":{"kind":"centerline","cls":"grid"}},{"type":"Feature","geometry":{"type":"LineString","coordinates":[[-70.90906585526535,41.09886052068777],[-70.90661626670338,41.098482359668175],[-70.906436840369,41.09921750864139],[-70.90885695365695,41.099553625403054],[-70.90906585526535,41.09886052068777]]},"properties":{"kind":"centerline","cls":"grid"}},{"type":"Feature","geometry":{"type":"LineString","coordinates":[[-70.90885695365695,41.099553625403054],[-70.906436840369,41.09921750864139],[-70.90626600780092,41.099820336943175],[-70.90878809206698,41.099820336943175],[-70.90885695365695,41.099553625403054]]},"properties":{"kind":"centerline","cls":"grid"}},{"type":"Feature","geometry":{"type":"LineString","coordinates":[[-70.90459056854398,41.0966797625706],[-70.90441933331228,41.097340979642],[-70.90683228114315,41.09772583654239],[-70.90699565307428,41.09716549943469],[-70.90528683602281,41.09669153028286],[-70.90459056854398,41.0966797625706]]},"properties":{"kind":"centerline","cls":"grid"}},{"type":"Feature","geometry":{"type":"LineString","coordinates":[[-70.90683228114315,41.09772583654239],[-70.90441933331228,41.097340979642],[-70.90417161007113,41.098120629632284],[-70.90661626670338,41.098482359668175],[-70.90683228114315,41.09772583654239]]},"properties":{"kind":"centerline","cls":"grid"}},{"type":"Feature","geometry":{"type":"LineString","coordinates":[[-70.90661626670338,41.098482359668175],[-70.90417161007113,41.098120629632284],[-70.90397953409739,41.09884049285293],[-70.906436840369,41.09921750864139],[-70.90661626670338,41.098482359668175]]},"properties":{"kind":"centerline","cls":"grid"}},{"type":"Feature","geometry":{"type":"LineString","coordinates":[[-70.906436840369,41.09921750864139],[-70.90397953409739,41.09884049285293],[-70.90379255053334,41.09958866353267],[-70.9053995445463,41.099820336943175],[-70.90626600780092,41.099820336943175],[-70.906436840369,41.09921750864139]]},"properties":{"kind":"centerline","cls":"grid"}},{"type":"Feature","geometry":{"type":"LineString","coordinates":[[-70.9053995445463,41.099820336943175],[-70.90379255053334,41.09958866353267],[-70.90373862904572,41.099820336943175],[-70.9053995445463,41.099820336943175]]},"properties":{"kind":"centerline","cls":"grid"}},{"type":"Feature","geometry":{"type":"LineString","coordinates":[[-70.90432377544292,41.09652808387155],[-70.90461684314029,41.096578304410095],[-70.90465182103921,41.09643476347694],[-70.90459852085014,41.09639963628786],[-70.90448286316598,41.09640896034706],[-70.90432377544292,41.09652808387155]]},"properties":{"kind":"centerline","cls":"grid"}},{"type":"Feature","geometry":{"type":"LineString","coordinates":[[-70.90395003053315,41.096807940858945],[-70.90346278244837,41.09717278805167],[-70.90441933331228,41.097340979642],[-70.90460943249515,41.09660692027978],[-70.90395003053315,41.096807940858945]]},"properties":{"kind":"centerline","cls":"grid"}},{"type":"Feature","geometry":{"type":"LineString","coordinates":[[-70.9024589855677,41.09726249019272],[-70.90204116890207,41.09738986280146],[-70.90194228090351,41.09775909319477],[-70.90417161007113,41.098120629632284],[-70.90441437365261,41.09735658899131],[-70.9024589855677,41.09726249019272]]},"properties":{"kind":"centerline","cls":"grid"}},{"type":"Feature","geometry":{"type":"LineString","coordinates":[[-70.90417161007113,41.098120629632284],[-70.90194228090351,41.09775909319477],[-70.90174559021897,41.09847806705399],[-70.90397953409739,41.09884049285293],[-70.90417161007113,41.098120629632284]]},"properties":{"kind":"centerline","cls":"grid"}},{"type":"Feature","geometry":{"type":"LineString","coordinates":[[-70.9028408188158,41.09865575240368],[-70.90174559021897,41.09847806705399],[-70.90157078019678,41.0992196408988],[-70.90169185900298,41.099239751357224],[-70.9028408188158,41.09865575240368]]},"properties":{"kind":"centerline","cls":"grid"}},{"type":"Feature","geometry":{"type":"LineString","coordinates":[[-70.90397953409739,41.09884049285293],[-70.90330945986857,41.098731782786366],[-70.90215781897285,41.09931714449392],[-70.90379255053334,41.09958866353267],[-70.90397953409739,41.09884049285293]]},"properties":{"kind":"centerline","cls":"grid"}},{"type":"Feature","geometry":{"type":"LineString","coordinates":[[-70.90330945986857,41.098731782786366],[-70.9028408188158,41.09865575240368],[-70.90261995351618,41.09876801490618],[-70.90281326989243,41.09898398867171],[-70.90330945986857,41.098731782786366]]},"properties":{"kind":"centerline","cls":"grid"}},{"type":"Feature","geometry":{"type":"LineString","coordinates":[[-70.90169185900298,41.099239751357224],[-70.90157078019678,41.0992196408988],[-70.9015445631211,41.09931461963366],[-70.90169185900298,41.099239751357224]]},"properties":{"kind":"centerline","cls":"grid"}},{"type":"Feature","geometry":{"type":"LineString","coordinates":[[-70.90379255053334,41.09958866353267],[-70.90215781897285,41.09931714449392],[-70.90144366926383,41.09968013602599],[-70.9014049694637,41.099820336943175],[-70.90373862904572,41.099820336943175],[-70.90379255053334,41.09958866353267]]},"properties":{"kind":"centerline","cls":"grid"}},{"type":"Feature","geometry":{"type":"LineString","coordinates":[[-70.90080699357235,41.09755841359055],[-70.90194228090351,41.09775909319477],[-70.902080164459,41.097244260250804],[-70.90199443334969,41.09724013462763],[-70.90103474601071,41.09744486700414],[-70.90080699357235,41.09755841359055]]},"properties":{"kind":"centerline","cls":"grid"}},{"type":"Feature","geometry":{"type":"LineString","coordinates":[[-70.90194228090351,41.09775909319477],[-70.90070026925632,41.097539548416144],[-70.90059986194971,41.09753764185246],[-70.89915889176359,41.09784504744041],[-70.89911817054006,41.09801782049874],[-70.90174559021897,41.09847806705399],[-70.90194228090351,41.09775909319477]]},"properties":{"kind":"centerline","cls":"grid"}},{"type":"Feature","geometry":{"type":"LineString","coordinates":[[-70.90174559021897,41.09847806705399],[-70.89911817054006,41.09801782049874],[-70.89890868587162,41.09876793134548],[-70.90157078019678,41.0992196408988],[-70.90174559021897,41.09847806705399]]},"properties":{"kind":"centerline","cls":"grid"}},{"type":"Feature","geometry":{"type":"LineString","coordinates":[[-70.90157078019678,41.0992196408988],[-70.89890868587162,41.09876793134548],[-70.89868712824493,41.09963739428904],[-70.89884383987807,41.09966161404349],[-70.90123438987409,41.09947227601959],[-70.9015445631211,41.09931461963366],[-70.90157078019678,41.0992196408988]]},"properties":{"kind":"centerline","cls":"grid"}},{"type":"Feature","geometry":{"type":"LineString","coordinates":[[-70.90123438987409,41.09947227601959],[-70.90071197559564,41.09951365264309],[-70.90074117067223,41.099722971905145],[-70.90123438987409,41.09947227601959]]},"properties":{"kind":"centerline","cls":"grid"}},{"type":"Feature","geometry":{"type":"LineString","coordinates":[[-70.90116783791414,41.099820336943175],[-70.9014049694637,41.099820336943175],[-70.90144366926383,41.09968013602599],[-70.90116783791414,41.099820336943175]]},"properties":{"kind":"centerline","cls":"grid"}},{"type":"Feature","geometry":{"type":"LineString","coordinates":[[-70.89911817054006,41.09801782049874],[-70.89681800692338,41.09760100285955],[-70.8966388914797,41.098366816612426],[-70.89890868587162,41.09876793134548],[-70.89911817054006,41.09801782049874]]},"properties":{"kind":"centerline","cls":"grid"}},{"type":"Feature","geometry":{"type":"LineString","coordinates":[[-70.89890868587162,41.09876793134548],[-70.8966388914797,41.098366816612426],[-70.89638908003674,41.099249115923875],[-70.89868712824493,41.09963739428904],[-70.89890868587162,41.09876793134548]]},"properties":{"kind":"centerline","cls":"grid"}},{"type":"Feature","geometry":{"type":"LineString","coordinates":[[-70.89868712824493,41.09963739428904],[-70.89638908003674,41.099249115923875],[-70.89620065597228,41.099820336943175],[-70.89683983128336,41.099820336943175],[-70.89867533669336,41.099674959951365],[-70.89868712824493,41.09963739428904]]},"properties":{"kind":"centerline","cls":"grid"}},{"type":"Feature","geometry":{"type":"LineString","coordinates":[[-70.89683983128336,41.099820336943175],[-70.89761427146176,41.099820336943175],[-70.89760580977376,41.09975966937548],[-70.89683983128336,41.099820336943175]]},"properties":{"kind":"centerline","cls":"grid"}},{"type":"Feature","geometry":{"type":"LineString","coordinates":[[-70.89445935692092,41.09705565657227],[-70.89442736252339,41.097175356574255],[-70.89681800692338,41.09760100285955],[-70.89695797111587,41.097143336685384],[-70.89650919782723,41.0969655907801],[-70.89513728909749,41.09686409922609],[-70.89452661909722,41.09702580582231],[-70.89445935692092,41.09705565657227]]},"properties":{"kind":"centerline","cls":"grid"}},{"type":"Feature","geometry":{"type":"LineString","coordinates":[[-70.89681800692338,41.09760100285955],[-70.89442736252339,41.097175356574255],[-70.89421274619257,41.097940065613905],[-70.8966388914797,41.098366816612426],[-70.89681800692338,41.09760100285955]]},"properties":{"kind":"centerline","cls":"grid"}},{"type":"Feature","geometry":{"type":"LineString","coordinates":[[-70.8966388914797,41.098366816612426],[-70.89421274619257,41.097940065613905],[-70.8939588705323,41.09881741762589],[-70.89638908003674,41.099249115923875],[-70.8966388914797,41.098366816612426]]},"properties":{"kind":"centerline","cls":"grid"}},{"type":"Feature","geometry":{"type":"LineString","coordinates":[[-70.89638908003674,41.099249115923875],[-70.8939588705323,41.09881741762589],[-70.89371229659298,41.09953693735443],[-70.89540943013186,41.099820336943175],[-70.89620065597228,41.099820336943175],[-70.89638908003674,41.099249115923875]]},"properties":{"kind":"centerline","cls":"grid"}},{"type":"Feature","geometry":{"type":"LineString","coordinates":[[-70.89540943013186,41.099820336943175],[-70.89371229659298,41.09953693735443],[-70.89362489187415,41.099820336943175],[-70.89540943013186,41.099820336943175]]},"properties":{"kind":"centerline","cls":"grid"}},{"type":"Feature","geometry":{"type":"LineString","coordinates":[[-70.89414524648198,41.097126794027844],[-70.89442736252339,41.097175356574255],[-70.89446282007967,41.09704269992545],[-70.89414524648198,41.097126794027844]]},"properties":{"kind":"centerline","cls":"grid"}},{"type":"Feature","geometry":{"type":"LineString","coordinates":[[-70.89381044031087,41.09721545134899],[-70.89227842937443,41.09762113080564],[-70.89421274619257,41.097940065613905],[-70.89441591959279,41.09721612939165],[-70.89381044031087,41.09721545134899]]},"properties":{"kind":"centerline","cls":"grid"}},{"type":"Feature","geometry":{"type":"LineString","coordinates":[[-70.89421274619257,41.097940065613905],[-70.89178558723962,41.09753986980936],[-70.89168771138617,41.097626134563065],[-70.89145509365821,41.098400339732066],[-70.8939588705323,41.09881741762589],[-70.89421274619257,41.097940065613905]]},"properties":{"kind":"centerline","cls":"grid"}},{"type":"Feature","geometry":{"type":"LineString","coordinates":[[-70.8939588705323,41.09881741762589],[-70.89145509365821,41.098400339732066],[-70.8911933175477,41.099084815143264],[-70.89371229659298,41.09953693735443],[-70.8939588705323,41.09881741762589]]},"properties":{"kind":"centerline","cls":"grid"}},{"type":"Feature","geometry":{"type":"LineString","coordinates":[[-70.89371229659298,41.09953693735443],[-70.8911933175477,41.099084815143264],[-70.89096752946838,41.099820336943175],[-70.89362489187415,41.099820336943175],[-70.89371229659298,41.09953693735443]]},"properties":{"kind":"centerline","cls":"grid"}},{"type":"Feature","geometry":{"type":"LineString","coordinates":[[-70.89091537488966,41.09830684809248],[-70.89145509365821,41.098400339732066],[-70.8916458536644,41.097765446664674],[-70.8913930146415,41.097885871170206],[-70.89091537488966,41.09830684809248]]},"properties":{"kind":"centerline","cls":"grid"}},{"type":"Feature","geometry":{"type":"LineString","coordinates":[[-70.89145509365821,41.098400339732066],[-70.8907169705636,41.09827247992367],[-70.89066070186637,41.09832531171081],[-70.89048009131739,41.0986968639649],[-70.8903606346024,41.098948394572325],[-70.8911933175477,41.099084815143264],[-70.89145509365821,41.098400339732066]]},"properties":{"kind":"centerline","cls":"grid"}},{"type":"Feature","geometry":{"type":"LineString","coordinates":[[-70.8911933175477,41.099084815143264],[-70.890358030365,41.098947967913475],[-70.89022868034405,41.09921406694323],[-70.89019307340423,41.099494437134766],[-70.89024928738158,41.09977192156541],[-70.8905342768185,41.099820336943175],[-70.89096752946838,41.099820336943175],[-70.8911933175477,41.099084815143264]]},"properties":{"kind":"centerline","cls":"grid"}},{"type":"Feature","geometry":{"type":"LineString","coordinates":[[-70.8905342768185,41.099820336943175],[-70.89024928738158,41.09977192156541],[-70.89025909557493,41.099820336943175],[-70.8905342768185,41.099820336943175]]},"properties":{"kind":"centerline","cls":"grid"}},{"type":"Feature","geometry":{"type":"LineString","coordinates":[[-70.89775082429873,41.100799376644055],[-70.89769884594745,41.100795451286956],[-70.89761839194226,41.1013102332611],[-70.8978085926577,41.101213557104515],[-70.89775082429873,41.100799376644055]]},"properties":{"kind":"centerline","cls":"grid"}},{"type":"Feature","geometry":{"type":"LineString","coordinates":[[-70.89805766087296,41.10154847372738],[-70.89833107418617,41.10156919910388],[-70.89833107418617,41.101526818653646],[-70.89805766087296,41.10154847372738]]},"properties":{"kind":"centerline","cls":"grid"}},{"type":"Feature","geometry":{"type":"LineString","coordinates":[[-70.89785314330031,41.101532970811135],[-70.89780550562446,41.101529359762516],[-70.89756621476256,41.10165098770057],[-70.89750282359351,41.10207790934531],[-70.89793433921189,41.10211511925093],[-70.89785314330031,41.101532970811135]]},"properties":{"kind":"centerline","cls":"grid"}},{"type":"Feature","geometry":{"type":"LineString","coordinates":[[-70.89833107418617,41.10156919910388],[-70.89805766087296,41.10154847372738],[-70.89785751656396,41.10156432569786],[-70.89793433921189,41.10211511925093],[-70.89833107418617,41.102149329996315],[-70.89833107418617,41.10156919910388]]},"properties":{"kind":"centerline","cls":"grid"}},{"type":"Feature","geometry":{"type":"LineString","coordinates":[[-70.89833107418617,41.102149329996315],[-70.89750282359351,41.10207790934531],[-70.89739255253549,41.10279048318108],[-70.89833107418617,41.10286784339706],[-70.89833107418617,41.102149329996315]]},"properties":{"kind":"centerline","cls":"grid"}},{"type":"Feature","geometry":{"type":"LineString","coordinates":[[-70.89833107418617,41.10286784339706],[-70.89739255253549,41.10279048318108],[-70.89736717477656,41.102964440437596],[-70.89833107418617,41.102964440437596],[-70.89833107418617,41.10286784339706]]},"properties":{"kind":"centerline","cls":"grid"}},{"type":"Feature","geometry":{"type":"LineString","coordinates":[[-70.89592517633203,41.099820336943175],[-70.89591488259083,41.099893595380756],[-70.89683983128336,41.099820336943175],[-70.89592517633203,41.099820336943175]]},"properties":{"kind":"centerline","cls":"grid"}},{"type":"Feature","geometry":{"type":"LineString","coordinates":[[-70.89591488259083,41.099893595380756],[-70.89589612595255,41.1000270825152],[-70.89766260343056,41.10016686153634],[-70.89761427146176,41.099820336943175],[-70.89683983128336,41.099820336943175],[-70.89591488259083,41.099893595380756]]},"properties":{"kind":"centerline","cls":"grid"}},{"type":"Feature","geometry":{"type":"LineString","coordinates":[[-70.89766260343056,41.10016686153634],[-70.89589612595255,41.1000270825152],[-70.89581105364276,41.10064559887368],[-70.89769884594745,41.100795451286956],[-70.89772857214685,41.10063983590802],[-70.89766260343056,41.10016686153634]]},"properties":{"kind":"centerline","cls":"grid"}},{"type":"Feature","geometry":{"type":"LineString","coordinates":[[-70.89769884594745,41.100795451286956],[-70.89581105364276,41.10064559887368],[-70.89568310136279,41.101369573408675],[-70.89726719963333,41.10148873901789],[-70.89761839194226,41.1013102332611],[-70.89769884594745,41.100795451286956]]},"properties":{"kind":"centerline","cls":"grid"}},{"type":"Feature","geometry":{"type":"LineString","coordinates":[[-70.89726719963333,41.10148873901789],[-70.89568310136279,41.101369573408675],[-70.89562555926034,41.10170252299349],[-70.89707198851843,41.101587961885],[-70.89726719963333,41.10148873901789]]},"properties":{"kind":"centerline","cls":"grid"}},{"type":"Feature","geometry":{"type":"LineString","coordinates":[[-70.89591207360168,41.10195765488124],[-70.89628864737115,41.101986122382144],[-70.89707198851843,41.101587961885],[-70.89587374704377,41.101682865849924],[-70.89591207360168,41.10195765488124]]},"properties":{"kind":"centerline","cls":"grid"}},{"type":"Feature","geometry":{"type":"LineString","coordinates":[[-70.89682682820273,41.10202680674349],[-70.89750282359351,41.10207790934531],[-70.89756621476256,41.10165098770057],[-70.89682682820273,41.10202680674349]]},"properties":{"kind":"centerline","cls":"grid"}},{"type":"Feature","geometry":{"type":"LineString","coordinates":[[-70.89685584750043,41.102752225427004],[-70.89739255253549,41.10279048318108],[-70.8974052062328,41.10270871472989],[-70.89685584750043,41.102752225427004]]},"properties":{"kind":"centerline","cls":"grid"}},{"type":"Feature","geometry":{"type":"LineString","coordinates":[[-70.89628864737115,41.101986122382144],[-70.89591207360168,41.10195765488124],[-70.89594071066458,41.10216297336533],[-70.89628864737115,41.101986122382144]]},"properties":{"kind":"centerline","cls":"grid"}},{"type":"Feature","geometry":{"type":"LineString","coordinates":[[-70.89750282359351,41.10207790934531],[-70.89682682820273,41.10202680674349],[-70.89598163735562,41.10245640451075],[-70.89601453281084,41.10269225429129],[-70.89685584750043,41.102752225427004],[-70.8974052062328,41.10270871472989],[-70.89750282359351,41.10207790934531]]},"properties":{"kind":"centerline","cls":"grid"}},{"type":"Feature","geometry":{"type":"LineString","coordinates":[[-70.89739255253549,41.10279048318108],[-70.89685584750043,41.102752225427004],[-70.89544181750072,41.10286422042662],[-70.89542598668122,41.102964440437596],[-70.89736717477656,41.102964440437596],[-70.89739255253549,41.10279048318108]]},"properties":{"kind":"centerline","cls":"grid"}},{"type":"Feature","geometry":{"type":"LineString","coordinates":[[-70.89685584750043,41.102752225427004],[-70.89601453281084,41.10269225429129],[-70.89603199834255,41.10281747650806],[-70.89685584750043,41.102752225427004]]},"properties":{"kind":"centerline","cls":"grid"}},{"type":"Feature","geometry":{"type":"LineString","coordinates":[[-70.89354723274546,41.099820336943175],[-70.89354501343848,41.099834290914636],[-70.89589612595255,41.1000270825152],[-70.89592517633203,41.099820336943175],[-70.89354723274546,41.099820336943175]]},"properties":{"kind":"centerline","cls":"grid"}},{"type":"Feature","geometry":{"type":"LineString","coordinates":[[-70.89589612595255,41.1000270825152],[-70.89354501343848,41.099834290914636],[-70.89344367996155,41.10043520586809],[-70.89581105364276,41.10064559887368],[-70.89589612595255,41.1000270825152]]},"properties":{"kind":"centerline","cls":"grid"}},{"type":"Feature","geometry":{"type":"LineString","coordinates":[[-70.89581105364276,41.10064559887368],[-70.89344367996155,41.10043520586809],[-70.89334446361244,41.101166479946805],[-70.89568310136279,41.101369573408675],[-70.89581105364276,41.10064559887368]]},"properties":{"kind":"centerline","cls":"grid"}},{"type":"Feature","geometry":{"type":"LineString","coordinates":[[-70.89568310136279,41.101369573408675],[-70.89334446361244,41.101166479946805],[-70.8932324885127,41.10175167979435],[-70.89413094101498,41.10182090080008],[-70.89562555926034,41.10170252299349],[-70.89568310136279,41.101369573408675]]},"properties":{"kind":"centerline","cls":"grid"}},{"type":"Feature","geometry":{"type":"LineString","coordinates":[[-70.89413094101498,41.10182090080008],[-70.8932324885127,41.10175167979435],[-70.89321427917038,41.10189350289689],[-70.89413094101498,41.10182090080008]]},"properties":{"kind":"centerline","cls":"grid"}},{"type":"Feature","geometry":{"type":"LineString","coordinates":[[-70.8937160288011,41.10185376296937],[-70.89321427917038,41.10189350289689],[-70.89314140376109,41.102461091580814],[-70.89380841917797,41.10251617210676],[-70.8937160288011,41.10185376296937]]},"properties":{"kind":"centerline","cls":"grid"}},{"type":"Feature","geometry":{"type":"LineString","coordinates":[[-70.89380841917797,41.10251617210676],[-70.89314140376109,41.102461091580814],[-70.89306456349584,41.102964440437596],[-70.89387094198706,41.102964440437596],[-70.89380841917797,41.10251617210676]]},"properties":{"kind":"centerline","cls":"grid"}},{"type":"Feature","geometry":{"type":"LineString","coordinates":[[-70.89498212723683,41.102964440437596],[-70.89542598668122,41.102964440437596],[-70.89544181750072,41.10286422042662],[-70.89513084302081,41.10288885044633],[-70.89498212723683,41.102964440437596]]},"properties":{"kind":"centerline","cls":"grid"}},{"type":"Feature","geometry":{"type":"LineString","coordinates":[[-70.89354501343848,41.099834290914636],[-70.89338839237617,41.099820336943175],[-70.89123760204625,41.099820336943175],[-70.8911594129079,41.10024580838727],[-70.89344367996155,41.10043520586809],[-70.89354501343848,41.099834290914636]]},"properties":{"kind":"centerline","cls":"grid"}},{"type":"Feature","geometry":{"type":"LineString","coordinates":[[-70.89344367996155,41.10043520586809],[-70.8911594129079,41.10024580838727],[-70.89105397890019,41.10099752743139],[-70.89334446361244,41.101166479946805],[-70.89344367996155,41.10043520586809]]},"properties":{"kind":"centerline","cls":"grid"}},{"type":"Feature","geometry":{"type":"LineString","coordinates":[[-70.89334446361244,41.101166479946805],[-70.89105397890019,41.10099752743139],[-70.89096274387411,41.10158292076845],[-70.8932324885127,41.10175167979435],[-70.89334446361244,41.101166479946805]]},"properties":{"kind":"centerline","cls":"grid"}},{"type":"Feature","geometry":{"type":"LineString","coordinates":[[-70.8932324885127,41.10175167979435],[-70.89096274387411,41.10158292076845],[-70.89086252155066,41.102291288004146],[-70.89314140376109,41.102461091580814],[-70.8932324885127,41.10175167979435]]},"properties":{"kind":"centerline","cls":"grid"}},{"type":"Feature","geometry":{"type":"LineString","coordinates":[[-70.89314140376109,41.102461091580814],[-70.89086252155066,41.102291288004146],[-70.89077183827645,41.102863789108206],[-70.89081150697837,41.102910011299414],[-70.89163705393179,41.102964440437596],[-70.89306456349584,41.102964440437596],[-70.89314140376109,41.102461091580814]]},"properties":{"kind":"centerline","cls":"grid"}},{"type":"Feature","geometry":{"type":"LineString","coordinates":[[-70.89163705393179,41.102964440437596],[-70.89081150697837,41.102910011299414],[-70.89085821902731,41.102964440437596],[-70.89163705393179,41.102964440437596]]},"properties":{"kind":"centerline","cls":"grid"}},{"type":"Feature","geometry":{"type":"LineString","coordinates":[[-70.89033285033787,41.10018440651032],[-70.8911594129079,41.10024580838727],[-70.89123760204625,41.099820336943175],[-70.89026816220584,41.099820336943175],[-70.89026280066469,41.09983862607283],[-70.89033285033787,41.10018440651032]]},"properties":{"kind":"centerline","cls":"grid"}},{"type":"Feature","geometry":{"type":"LineString","coordinates":[[-70.8911594129079,41.10024580838727],[-70.8901888204776,41.10017370713429],[-70.89015236246698,41.10021534956705],[-70.88995074459808,41.10090310244282],[-70.89105397890019,41.10099752743139],[-70.8911594129079,41.10024580838727]]},"properties":{"kind":"centerline","cls":"grid"}},{"type":"Feature","geometry":{"type":"LineString","coordinates":[[-70.89105397890019,41.10099752743139],[-70.88979926162266,41.10089013712966],[-70.88980431635432,41.10108028487556],[-70.88982756402378,41.10140745309623],[-70.8898376350697,41.1014887969143],[-70.89096274387411,41.10158292076845],[-70.89105397890019,41.10099752743139]]},"properties":{"kind":"centerline","cls":"grid"}},{"type":"Feature","geometry":{"type":"LineString","coordinates":[[-70.89096274387411,41.10158292076845],[-70.8898376350697,41.1014887969143],[-70.88986568883033,41.10171538708376],[-70.88996540873738,41.101999224046075],[-70.89010094952114,41.10222664706964],[-70.89086252155066,41.102291288004146],[-70.89096274387411,41.10158292076845]]},"properties":{"kind":"centerline","cls":"grid"}},{"type":"Feature","geometry":{"type":"LineString","coordinates":[[-70.89086252155066,41.102291288004146],[-70.89023478050244,41.102238006415],[-70.89066578154025,41.1027402112117],[-70.89077832467409,41.10282283922144],[-70.89086252155066,41.102291288004146]]},"properties":{"kind":"centerline","cls":"grid"}},{"type":"Feature","geometry":{"type":"LineString","coordinates":[[-70.90900004872915,41.102422049425996],[-70.90966641229251,41.10211021470732],[-70.90867139517131,41.102006263134484],[-70.90900004872915,41.102422049425996]]},"properties":{"kind":"centerline","cls":"lane"}},{"type":"Feature","geometry":{"type":"LineString","coordinates":[[-70.90832054411959,41.10196960897258],[-70.90839963593571,41.10270302150316],[-70.90900004872915,41.102422049425996],[-70.90867139517131,41.102006263134484],[-70.90832054411959,41.10196960897258]]},"properties":{"kind":"centerline","cls":"lane"}},{"type":"Feature","geometry":{"type":"LineString","coordinates":[[-70.90971610320172,41.10208696110892],[-70.90918694050177,41.101294610362615],[-70.90886135227214,41.101375707088266],[-70.90894411111817,41.10203475435439],[-70.90966641229251,41.10211021470732],[-70.90971610320172,41.10208696110892]]},"properties":{"kind":"centerline","cls":"lane"}},{"type":"Feature","geometry":{"type":"LineString","coordinates":[[-70.90886135227214,41.101375707088266],[-70.90840317222636,41.10148982946153],[-70.90828303224626,41.101621764160036],[-70.90832054411959,41.10196960897258],[-70.90894411111817,41.10203475435439],[-70.90886135227214,41.101375707088266]]},"properties":{"kind":"centerline","cls":"lane"}},{"type":"Feature","geometry":{"type":"LineString","coordinates":[[-70.90945600559871,41.10289776739796],[-70.90966603680813,41.102634804015835],[-70.90982362860906,41.102354867372014],[-70.90984825707012,41.102284843945846],[-70.90973774341745,41.1021193644531],[-70.90970265381809,41.102093254947576],[-70.90963396963642,41.102125396729704],[-70.90939619233977,41.10295254173752],[-70.90945600559871,41.10289776739796]]},"properties":{"kind":"centerline","cls":"lane"}},{"type":"Feature","geometry":{"type":"LineString","coordinates":[[-70.9084278275706,41.102964440437596],[-70.90938319902877,41.102964440437596],[-70.90939619233977,41.10295254173752],[-70.90963396963642,41.102125396729704],[-70.90839963593571,41.10270302150316],[-70.9084278275706,41.102964440437596]]},"properties":{"kind":"centerline","cls":"lane"}},{"type":"Feature","geometry":{"type":"LineString","coordinates":[[-70.91022742906861,41.10103544799688],[-70.90918694050177,41.101294610362615],[-70.90929609734896,41.10145805821967],[-70.91012219028416,41.1015154705546],[-70.91015894163024,41.1014134989895],[-70.91022257671742,41.10110738348873],[-70.91022742906861,41.10103544799688]]},"properties":{"kind":"centerline","cls":"lane"}},{"type":"Feature","geometry":{"type":"LineString","coordinates":[[-70.90929609734896,41.10145805821967],[-70.90965521639194,41.10199579121132],[-70.90994529353937,41.102006294424896],[-70.91004699459342,41.10172411113756],[-70.91012138354054,41.10151541448702],[-70.90929609734896,41.10145805821967]]},"properties":{"kind":"centerline","cls":"lane"}},{"type":"Feature","geometry":{"type":"LineString","coordinates":[[-70.90994621604978,41.102006327827475],[-70.90970644649926,41.10199764616875],[-70.9096890708906,41.10204648381925],[-70.90984751830271,41.102283737739924],[-70.90993254859528,41.102045187015136],[-70.90994621604978,41.102006327827475]]},"properties":{"kind":"centerline","cls":"lane"}},{"type":"Feature","geometry":{"type":"LineString","coordinates":[[-70.90818582673883,41.10072038471662],[-70.90827231910937,41.101522422038165],[-70.90884843188526,41.10137892526686],[-70.90896045227387,41.10072332064332],[-70.90818582673883,41.10072038471662]]},"properties":{"kind":"centerline","cls":"lane"}},{"type":"Feature","geometry":{"type":"LineString","coordinates":[[-70.90884843188526,41.10137892526686],[-70.90957964968243,41.10119679531346],[-70.90963018252836,41.10072585900392],[-70.90896045227387,41.10072332064332],[-70.90884843188526,41.10137892526686]]},"properties":{"kind":"centerline","cls":"lane"}},{"type":"Feature","geometry":{"type":"LineString","coordinates":[[-70.90907897373087,41.099820336943175],[-70.9080887648398,41.099820336943175],[-70.90813982041358,41.10029377148298],[-70.90894078616907,41.100284173571396],[-70.90907897373087,41.099820336943175]]},"properties":{"kind":"centerline","cls":"lane"}},{"type":"Feature","geometry":{"type":"LineString","coordinates":[[-70.90813982041358,41.10029377148298],[-70.90818582673883,41.10072038471662],[-70.9088101239374,41.10072275088031],[-70.90894078616907,41.100284173571396],[-70.90813982041358,41.10029377148298]]},"properties":{"kind":"centerline","cls":"lane"}},{"type":"Feature","geometry":{"type":"LineString","coordinates":[[-70.90896864211656,41.100190673052296],[-70.9088101239374,41.10072275088031],[-70.90963018252836,41.10072585900392],[-70.90967134570026,41.10034224252826],[-70.90896864211656,41.100190673052296]]},"properties":{"kind":"centerline","cls":"lane"}},{"type":"Feature","geometry":{"type":"LineString","coordinates":[[-70.90971555380919,41.09993024903598],[-70.90959080166104,41.099820336943175],[-70.90907897373087,41.099820336943175],[-70.90896864211656,41.100190673052296],[-70.90967134570026,41.10034224252826],[-70.90971555380919,41.09993024903598]]},"properties":{"kind":"centerline","cls":"lane"}},{"type":"Feature","geometry":{"type":"LineString","coordinates":[[-70.91011197571001,41.100461834820784],[-70.90996474225032,41.10046568329],[-70.91023964420381,41.10085436016498],[-70.9102426510358,41.100809784261465],[-70.91017588252521,41.10058420045803],[-70.91015221435917,41.10052117918691],[-70.91011197571001,41.100461834820784]]},"properties":{"kind":"centerline","cls":"lane"}},{"type":"Feature","geometry":{"type":"LineString","coordinates":[[-70.90996474225032,41.10046568329],[-70.9096572376735,41.10047372101389],[-70.90957964968243,41.10119679531346],[-70.91004162241508,41.10108172826697],[-70.91023093281301,41.10098350543007],[-70.91023964420381,41.10085436016498],[-70.90996474225032,41.10046568329]]},"properties":{"kind":"centerline","cls":"lane"}},{"type":"Feature","geometry":{"type":"LineString","coordinates":[[-70.90972046951752,41.09988443753455],[-70.9096572376735,41.10047372101389],[-70.9099065223838,41.10046720507292],[-70.90983967121838,41.1000602374067],[-70.90972046951752,41.09988443753455]]},"properties":{"kind":"centerline","cls":"lane"}},{"type":"Feature","geometry":{"type":"LineString","coordinates":[[-70.90820163687262,41.100866990911754],[-70.90814075196027,41.10030240964627],[-70.90704073756386,41.10033488400704],[-70.90729276275522,41.10107439984844],[-70.90820163687262,41.100866990911754]]},"properties":{"kind":"centerline","cls":"lane"}},{"type":"Feature","geometry":{"type":"LineString","coordinates":[[-70.90814075196027,41.10030240964627],[-70.9080887648398,41.099820336943175],[-70.90686538118207,41.099820336943175],[-70.90704073756386,41.10033488400704],[-70.90814075196027,41.10030240964627]]},"properties":{"kind":"centerline","cls":"lane"}},{"type":"Feature","geometry":{"type":"LineString","coordinates":[[-70.90650660543142,41.10125380429124],[-70.90729276275522,41.10107439984844],[-70.90717568111549,41.10073084797233],[-70.90644638761121,41.100726900220316],[-70.90650660543142,41.10125380429124]]},"properties":{"kind":"centerline","cls":"lane"}},{"type":"Feature","geometry":{"type":"LineString","coordinates":[[-70.90584280010835,41.10072363292976],[-70.90573213016148,41.10083472437861],[-70.90574932343684,41.101426619261176],[-70.90650660543142,41.10125380429124],[-70.90644638761121,41.100726900220316],[-70.90584280010835,41.10072363292976]]},"properties":{"kind":"centerline","cls":"lane"}},{"type":"Feature","geometry":{"type":"LineString","coordinates":[[-70.90686538118207,41.099820336943175],[-70.90630169400426,41.099820336943175],[-70.90634310550014,41.10072634114203],[-70.90717568111549,41.10073084797233],[-70.90686538118207,41.099820336943175]]},"properties":{"kind":"centerline","cls":"lane"}},{"type":"Feature","geometry":{"type":"LineString","coordinates":[[-70.90630169400426,41.099820336943175],[-70.90570266438468,41.099820336943175],[-70.90572888528153,41.10072301629532],[-70.90634310550014,41.10072634114203],[-70.90630169400426,41.099820336943175]]},"properties":{"kind":"centerline","cls":"lane"}},{"type":"Feature","geometry":{"type":"LineString","coordinates":[[-70.90747012605006,41.1010339247907],[-70.90695182920878,41.101152202332855],[-70.90702191968319,41.1016411840737],[-70.90773551322592,41.10148643725021],[-70.90747012605006,41.1010339247907]]},"properties":{"kind":"centerline","cls":"lane"}},{"type":"Feature","geometry":{"type":"LineString","coordinates":[[-70.90825626034098,41.10137351027277],[-70.90820163687262,41.100866990911754],[-70.90758737931687,41.10100716709683],[-70.90751266474173,41.10110645763985],[-70.90773551322592,41.10148643725021],[-70.90825626034098,41.10137351027277]]},"properties":{"kind":"centerline","cls":"lane"}},{"type":"Feature","geometry":{"type":"LineString","coordinates":[[-70.90831725903092,41.10193914658954],[-70.90825626034098,41.10137351027277],[-70.90734471804753,41.10157118341013],[-70.90703977245906,41.10176573283017],[-70.90709018646999,41.10211744297388],[-70.90831725903092,41.10193914658954]]},"properties":{"kind":"centerline","cls":"lane"}},{"type":"Feature","geometry":{"type":"LineString","coordinates":[[-70.90695182920878,41.101152202332855],[-70.90610371279685,41.101345746102915],[-70.9062102359131,41.101679747609985],[-70.90701835073568,41.1016162855382],[-70.90695182920878,41.101152202332855]]},"properties":{"kind":"centerline","cls":"lane"}},{"type":"Feature","geometry":{"type":"LineString","coordinates":[[-70.9062102359131,41.101679747609985],[-70.90634701137995,41.10210860487285],[-70.90652877744837,41.10219901695889],[-70.90709018646999,41.10211744297388],[-70.90701835073568,41.1016162855382],[-70.9062102359131,41.101679747609985]]},"properties":{"kind":"centerline","cls":"lane"}},{"type":"Feature","geometry":{"type":"LineString","coordinates":[[-70.90610371279685,41.101345746102915],[-70.90574932343684,41.101426619261176],[-70.90575795943997,41.10172392189518],[-70.90591563573464,41.10183840759886],[-70.90624407469679,41.101785848568625],[-70.90610371279685,41.101345746102915]]},"properties":{"kind":"centerline","cls":"lane"}},{"type":"Feature","geometry":{"type":"LineString","coordinates":[[-70.90584790691899,41.101849246023285],[-70.90576430557502,41.10194239364001],[-70.90577494165959,41.10230855098305],[-70.9063826196458,41.102220254014114],[-70.90624407469679,41.101785848568625],[-70.90584790691899,41.101849246023285]]},"properties":{"kind":"centerline","cls":"lane"}},{"type":"Feature","geometry":{"type":"LineString","coordinates":[[-70.9077622768087,41.102541472780295],[-70.9075728612426,41.10204730925114],[-70.90694032239018,41.102139218559465],[-70.90700856137964,41.10260059218581],[-70.9077622768087,41.102541472780295]]},"properties":{"kind":"centerline","cls":"lane"}},{"type":"Feature","geometry":{"type":"LineString","coordinates":[[-70.90706237597935,41.102964440437596],[-70.90792440261023,41.102964440437596],[-70.9077622768087,41.102541472780295],[-70.90700856137964,41.10260059218581],[-70.90706237597935,41.102964440437596]]},"properties":{"kind":"centerline","cls":"lane"}},{"type":"Feature","geometry":{"type":"LineString","coordinates":[[-70.90837031995487,41.10243117659241],[-70.90831725903092,41.10193914658954],[-70.9075728612426,41.10204730925114],[-70.90770251566387,41.10238556279444],[-70.90837031995487,41.10243117659241]]},"properties":{"kind":"centerline","cls":"lane"}},{"type":"Feature","geometry":{"type":"LineString","coordinates":[[-70.90787590337403,41.10283791148217],[-70.90803443939456,41.102964440437596],[-70.9084278275706,41.102964440437596],[-70.90837031995487,41.10243117659241],[-70.90770251566387,41.10238556279444],[-70.90787590337403,41.10283791148217]]},"properties":{"kind":"centerline","cls":"lane"}},{"type":"Feature","geometry":{"type":"LineString","coordinates":[[-70.90648197621809,41.10272601863182],[-70.90660613757584,41.102964440437596],[-70.90706237597935,41.102964440437596],[-70.90694032239018,41.102139218559465],[-70.90665427524351,41.1021807818489],[-70.90648197621809,41.10272601863182]]},"properties":{"kind":"centerline","cls":"lane"}},{"type":"Feature","geometry":{"type":"LineString","coordinates":[[-70.90579399383985,41.102964440437596],[-70.90640663309,41.102964440437596],[-70.90665427524351,41.1021807818489],[-70.90577494165959,41.10230855098305],[-70.90579399383985,41.102964440437596]]},"properties":{"kind":"centerline","cls":"lane"}},{"type":"Feature","geometry":{"type":"LineString","coordinates":[[-70.90577949106387,41.102465168559284],[-70.90576499667841,41.10196618553248],[-70.90450492897718,41.10223189468959],[-70.90452371801685,41.10250100659857],[-70.90577949106387,41.102465168559284]]},"properties":{"kind":"centerline","cls":"lane"}},{"type":"Feature","geometry":{"type":"LineString","coordinates":[[-70.90454923610206,41.10286649737108],[-70.90481769882305,41.102964440437596],[-70.90579399383985,41.102964440437596],[-70.90577949106387,41.102465168559284],[-70.90452371801685,41.10250100659857],[-70.90454923610206,41.10286649737108]]},"properties":{"kind":"centerline","cls":"lane"}},{"type":"Feature","geometry":{"type":"LineString","coordinates":[[-70.90576499667841,41.10196618553248],[-70.90575559471378,41.10164251394367],[-70.9044551590197,41.10151904887615],[-70.90450492897718,41.10223189468959],[-70.90576499667841,41.10196618553248]]},"properties":{"kind":"centerline","cls":"lane"}},{"type":"Feature","geometry":{"type":"LineString","coordinates":[[-70.90453000840154,41.102591102604656],[-70.9044951733588,41.10209216678798],[-70.90362291737752,41.10210863239264],[-70.90359059690903,41.1024727521484],[-70.90453000840154,41.102591102604656]]},"properties":{"kind":"centerline","cls":"lane"}},{"type":"Feature","geometry":{"type":"LineString","coordinates":[[-70.90354695303746,41.102964440437596],[-70.90455607435818,41.102964440437596],[-70.90453000840154,41.102591102604656],[-70.90359059690903,41.1024727521484],[-70.90354695303746,41.102964440437596]]},"properties":{"kind":"centerline","cls":"lane"}},{"type":"Feature","geometry":{"type":"LineString","coordinates":[[-70.9044951733588,41.10209216678798],[-70.9044551590197,41.10151904887615],[-70.90368176834951,41.10144562215328],[-70.90362291737752,41.10210863239264],[-70.9044951733588,41.10209216678798]]},"properties":{"kind":"centerline","cls":"lane"}},{"type":"Feature","geometry":{"type":"LineString","coordinates":[[-70.90275497963212,41.102964440437596],[-70.90312559821221,41.102964440437596],[-70.90315806261758,41.10240103165884],[-70.9027605478435,41.10237695553245],[-70.90275497963212,41.102964440437596]]},"properties":{"kind":"centerline","cls":"lane"}},{"type":"Feature","geometry":{"type":"LineString","coordinates":[[-70.90312559821221,41.102964440437596],[-70.90354695303746,41.102964440437596],[-70.9035801783956,41.10259012626897],[-70.90346237887388,41.10241946306599],[-70.90315806261758,41.10240103165884],[-70.90312559821221,41.102964440437596]]},"properties":{"kind":"centerline","cls":"lane"}},{"type":"Feature","geometry":{"type":"LineString","coordinates":[[-70.90359461610386,41.102427472228094],[-70.90361034813468,41.10225023645497],[-70.90276395293667,41.10201769459692],[-70.9027605478435,41.10237695553245],[-70.90359461610386,41.102427472228094]]},"properties":{"kind":"centerline","cls":"lane"}},{"type":"Feature","geometry":{"type":"LineString","coordinates":[[-70.90213085945301,41.102964440437596],[-70.90275497963212,41.102964440437596],[-70.90276395293667,41.10201769459692],[-70.9024056272588,41.10191924682794],[-70.90213085945301,41.102964440437596]]},"properties":{"kind":"centerline","cls":"lane"}},{"type":"Feature","geometry":{"type":"LineString","coordinates":[[-70.90361034813468,41.10225023645497],[-70.90368176834951,41.10144562215328],[-70.90331507752693,41.10141080804645],[-70.90303575477833,41.10209237047579],[-70.90361034813468,41.10225023645497]]},"properties":{"kind":"centerline","cls":"lane"}},{"type":"Feature","geometry":{"type":"LineString","coordinates":[[-70.90331507752693,41.10141080804645],[-70.90255818047054,41.10133894724887],[-70.90247823912668,41.10164303739332],[-70.90316458821371,41.101778010010555],[-70.90331507752693,41.10141080804645]]},"properties":{"kind":"centerline","cls":"lane"}},{"type":"Feature","geometry":{"type":"LineString","coordinates":[[-70.90247823912668,41.10164303739332],[-70.9024056272588,41.10191924682794],[-70.90303575477833,41.10209237047579],[-70.90316458821371,41.101778010010555],[-70.90247823912668,41.10164303739332]]},"properties":{"kind":"centerline","cls":"lane"}},{"type":"Feature","geometry":{"type":"LineString","coordinates":[[-70.90572962241882,41.100748392948425],[-70.90571968286632,41.10040621438561],[-70.90493980240308,41.10031551057369],[-70.90488480861887,41.10084251407233],[-70.90572962241882,41.100748392948425]]},"properties":{"kind":"centerline","cls":"lane"}},{"type":"Feature","geometry":{"type":"LineString","coordinates":[[-70.90571968286632,41.10040621438561],[-70.90570678929491,41.09996234090712],[-70.90553028745124,41.099820336943175],[-70.90499147468199,41.099820336943175],[-70.90493980240308,41.10031551057369],[-70.90571968286632,41.10040621438561]]},"properties":{"kind":"centerline","cls":"lane"}},{"type":"Feature","geometry":{"type":"LineString","coordinates":[[-70.9043334872569,41.100317621370024],[-70.90413833088357,41.10092567952657],[-70.90488480861887,41.10084251407233],[-70.9049353669451,41.100358015411324],[-70.9043334872569,41.100317621370024]]},"properties":{"kind":"centerline","cls":"lane"}},{"type":"Feature","geometry":{"type":"LineString","coordinates":[[-70.90499147468199,41.099820336943175],[-70.90462980342821,41.099820336943175],[-70.90444930963207,41.09995674799077],[-70.9043334872569,41.100317621370024],[-70.9049353669451,41.100358015411324],[-70.90499147468199,41.099820336943175]]},"properties":{"kind":"centerline","cls":"lane"}},{"type":"Feature","geometry":{"type":"LineString","coordinates":[[-70.90574179430253,41.10116742163998],[-70.90572962241882,41.100748392948425],[-70.90494906999619,41.100835354680456],[-70.90490024871478,41.10115210614817],[-70.90574179430253,41.10116742163998]]},"properties":{"kind":"centerline","cls":"lane"}},{"type":"Feature","geometry":{"type":"LineString","coordinates":[[-70.90575559471378,41.10164251394367],[-70.90574179430253,41.10116742163998],[-70.90490024871478,41.10115210614817],[-70.90483808783742,41.10155540463949],[-70.90575559471378,41.10164251394367]]},"properties":{"kind":"centerline","cls":"lane"}},{"type":"Feature","geometry":{"type":"LineString","coordinates":[[-70.90494906999619,41.100835354680456],[-70.90413833088357,41.10092567952657],[-70.90396288905525,41.10147231212117],[-70.90483808783742,41.10155540463949],[-70.90494906999619,41.100835354680456]]},"properties":{"kind":"centerline","cls":"lane"}},{"type":"Feature","geometry":{"type":"LineString","coordinates":[[-70.90366620562676,41.099820336943175],[-70.90295740336828,41.099820336943175],[-70.9028531565427,41.10021688309457],[-70.90362851612322,41.100416878791435],[-70.90366620562676,41.099820336943175]]},"properties":{"kind":"centerline","cls":"lane"}},{"type":"Feature","geometry":{"type":"LineString","coordinates":[[-70.90449309078203,41.099820336943175],[-70.90366620562676,41.099820336943175],[-70.90364764696969,41.100114079618216],[-70.9043758174155,41.10018573124642],[-70.90449309078203,41.099820336943175]]},"properties":{"kind":"centerline","cls":"lane"}},{"type":"Feature","geometry":{"type":"LineString","coordinates":[[-70.90364764696969,41.100114079618216],[-70.90362851612322,41.100416878791435],[-70.90425016680781,41.10057722692538],[-70.9043758174155,41.10018573124642],[-70.90364764696969,41.100114079618216]]},"properties":{"kind":"centerline","cls":"lane"}},{"type":"Feature","geometry":{"type":"LineString","coordinates":[[-70.90273854855103,41.10065284224987],[-70.90255818047054,41.10133894724887],[-70.90304839617737,41.101385488969946],[-70.90343504084088,41.10079026561634],[-70.90273854855103,41.10065284224987]]},"properties":{"kind":"centerline","cls":"lane"}},{"type":"Feature","geometry":{"type":"LineString","coordinates":[[-70.90362379128824,41.101440117735166],[-70.90390853640737,41.10146715180961],[-70.90399084782858,41.101385199618115],[-70.90413731951952,41.10092883068249],[-70.90369495845653,41.10084154939115],[-70.90362379128824,41.101440117735166]]},"properties":{"kind":"centerline","cls":"lane"}},{"type":"Feature","geometry":{"type":"LineString","coordinates":[[-70.90313731223131,41.10124860640875],[-70.90318071886935,41.101398051859576],[-70.90362379128824,41.101440117735166],[-70.90369495845653,41.10084154939115],[-70.90343504084088,41.10079026561634],[-70.90313731223131,41.10124860640875]]},"properties":{"kind":"centerline","cls":"lane"}},{"type":"Feature","geometry":{"type":"LineString","coordinates":[[-70.9028531565427,41.10021688309457],[-70.90273854855103,41.10065284224987],[-70.90334388998768,41.10077228084137],[-70.90350715449834,41.100385574860525],[-70.9028531565427,41.10021688309457]]},"properties":{"kind":"centerline","cls":"lane"}},{"type":"Feature","geometry":{"type":"LineString","coordinates":[[-70.90334388998768,41.10077228084137],[-70.90389149899497,41.10088032837382],[-70.90417228189297,41.1008198967236],[-70.90425016680781,41.10057722692538],[-70.90350715449834,41.100385574860525],[-70.90334388998768,41.10077228084137]]},"properties":{"kind":"centerline","cls":"lane"}},{"type":"Feature","geometry":{"type":"LineString","coordinates":[[-70.90089405298475,41.10081908866722],[-70.90090987509058,41.10082099236723],[-70.90094410642762,41.100526006587735],[-70.90085162295489,41.10051487906844],[-70.90089405298475,41.10081908866722]]},"properties":{"kind":"centerline","cls":"lane"}},{"type":"Feature","geometry":{"type":"LineString","coordinates":[[-70.90094410642762,41.100526006587735],[-70.90101710439335,41.09989695251965],[-70.90078209736329,41.10001640305055],[-70.90085162295489,41.10051487906844],[-70.90094410642762,41.100526006587735]]},"properties":{"kind":"centerline","cls":"lane"}},{"type":"Feature","geometry":{"type":"LineString","coordinates":[[-70.8997291440008,41.10212140913544],[-70.89970567419887,41.101742915524774],[-70.89900800030927,41.101667692782904],[-70.89907623578004,41.10217083944613],[-70.8997291440008,41.10212140913544]]},"properties":{"kind":"centerline","cls":"lane"}},{"type":"Feature","geometry":{"type":"LineString","coordinates":[[-70.89970567419887,41.101742915524774],[-70.89968562186246,41.10141953481489],[-70.89914984865295,41.10146196950185],[-70.89898813239323,41.10152119308796],[-70.89900800030927,41.101667692782904],[-70.89970567419887,41.101742915524774]]},"properties":{"kind":"centerline","cls":"lane"}},{"type":"Feature","geometry":{"type":"LineString","coordinates":[[-70.89833107418617,41.10172944095291],[-70.89833107418617,41.10222725406602],[-70.89907623578004,41.10217083944613],[-70.89902227030846,41.101772915219264],[-70.89833107418617,41.10172944095291]]},"properties":{"kind":"centerline","cls":"lane"}},{"type":"Feature","geometry":{"type":"LineString","coordinates":[[-70.89833107418617,41.101526818653646],[-70.89833107418617,41.10172944095291],[-70.89891713669871,41.10176630261481],[-70.89901613052372,41.10172764239896],[-70.89898190457369,41.10147527112706],[-70.89833107418617,41.101526818653646]]},"properties":{"kind":"centerline","cls":"lane"}},{"type":"Feature","geometry":{"type":"LineString","coordinates":[[-70.89975923391295,41.10260666416752],[-70.8997291440008,41.10212140913544],[-70.8993865691054,41.102147344761576],[-70.89925804955958,41.10224279828794],[-70.89917817964114,41.102530619195214],[-70.89975923391295,41.10260666416752]]},"properties":{"kind":"centerline","cls":"lane"}},{"type":"Feature","geometry":{"type":"LineString","coordinates":[[-70.89905779482416,41.102964440437596],[-70.89978141906471,41.102964440437596],[-70.89975923391295,41.10260666416752],[-70.89917817964114,41.102530619195214],[-70.89905779482416,41.102964440437596]]},"properties":{"kind":"centerline","cls":"lane"}},{"type":"Feature","geometry":{"type":"LineString","coordinates":[[-70.89914809987123,41.102639015282726],[-70.89928234822607,41.102155235105556],[-70.89833107418617,41.10222725406602],[-70.89833107418617,41.102475711314455],[-70.89914809987123,41.102639015282726]]},"properties":{"kind":"centerline","cls":"lane"}},{"type":"Feature","geometry":{"type":"LineString","coordinates":[[-70.89833107418617,41.102964440437596],[-70.89905779482416,41.102964440437596],[-70.89914809987123,41.102639015282726],[-70.89833107418617,41.102475711314455],[-70.89833107418617,41.102964440437596]]},"properties":{"kind":"centerline","cls":"lane"}},{"type":"Feature","geometry":{"type":"LineString","coordinates":[[-70.89968562186246,41.10141953481489],[-70.89969696263799,41.10160242562472],[-70.90037372407076,41.101625486843915],[-70.90033037813798,41.101368468374396],[-70.89968562186246,41.10141953481489]]},"properties":{"kind":"centerline","cls":"lane"}},{"type":"Feature","geometry":{"type":"LineString","coordinates":[[-70.89969696263799,41.10160242562472],[-70.89972324265683,41.10202623913824],[-70.9004411108732,41.10202505496301],[-70.90037372407076,41.101625486843915],[-70.89969696263799,41.10160242562472]]},"properties":{"kind":"centerline","cls":"lane"}},{"type":"Feature","geometry":{"type":"LineString","coordinates":[[-70.900770213819,41.102024512084036],[-70.90085113000202,41.101327223418615],[-70.90033037813798,41.101368468374396],[-70.9004411108732,41.10202505496301],[-70.900770213819,41.102024512084036]]},"properties":{"kind":"centerline","cls":"lane"}},{"type":"Feature","geometry":{"type":"LineString","coordinates":[[-70.90070811985396,41.10255960180778],[-70.900770213819,41.102024512084036],[-70.89972324265683,41.10202623913824],[-70.89975969763243,41.1026141424951],[-70.90070811985396,41.10255960180778]]},"properties":{"kind":"centerline","cls":"lane"}},{"type":"Feature","geometry":{"type":"LineString","coordinates":[[-70.89978141906471,41.102964440437596],[-70.90066114075006,41.102964440437596],[-70.90070811985396,41.10255960180778],[-70.89975969763243,41.1026141424951],[-70.89978141906471,41.102964440437596]]},"properties":{"kind":"centerline","cls":"lane"}},{"type":"Feature","geometry":{"type":"LineString","coordinates":[[-70.90149247529817,41.10074908920601],[-70.9019574898969,41.10073577764647],[-70.90195571593499,41.1003045066656],[-70.90152995604434,41.100330204631334],[-70.90149247529817,41.10074908920601]]},"properties":{"kind":"centerline","cls":"lane"}},{"type":"Feature","geometry":{"type":"LineString","coordinates":[[-70.90096285600865,41.10036443358902],[-70.90093021930004,41.10064567778694],[-70.90108852442994,41.10076065274843],[-70.90149247529817,41.10074908920601],[-70.90152995604434,41.100330204631334],[-70.90096285600865,41.10036443358902]]},"properties":{"kind":"centerline","cls":"lane"}},{"type":"Feature","geometry":{"type":"LineString","coordinates":[[-70.90195372438286,41.099820336943175],[-70.90146731861157,41.099820336943175],[-70.90152059058936,41.10033076991037],[-70.90195571593499,41.1003045066656],[-70.90195372438286,41.099820336943175]]},"properties":{"kind":"centerline","cls":"lane"}},{"type":"Feature","geometry":{"type":"LineString","coordinates":[[-70.90146731861157,41.099820336943175],[-70.90116783791414,41.099820336943175],[-70.90101710439335,41.09989695251965],[-70.90096285600865,41.10036443358902],[-70.90152059058936,41.10033076991037],[-70.90146731861157,41.099820336943175]]},"properties":{"kind":"centerline","cls":"lane"}},{"type":"Feature","geometry":{"type":"LineString","coordinates":[[-70.902722502968,41.10071387829734],[-70.90283181062163,41.1002980811819],[-70.90195562509443,41.10028242225822],[-70.9019574898969,41.10073577764647],[-70.902722502968,41.10071387829734]]},"properties":{"kind":"centerline","cls":"lane"}},{"type":"Feature","geometry":{"type":"LineString","coordinates":[[-70.90283181062163,41.1002980811819],[-70.90295740336828,41.099820336943175],[-70.90195372438286,41.099820336943175],[-70.90195562509443,41.10028242225822],[-70.90283181062163,41.1002980811819]]},"properties":{"kind":"centerline","cls":"lane"}},{"type":"Feature","geometry":{"type":"LineString","coordinates":[[-70.90163807774489,41.100744921174204],[-70.9009163050491,41.100765582719546],[-70.90090281009998,41.10088187435264],[-70.90095061428971,41.101224614940506],[-70.90172822481235,41.101194978624136],[-70.90163807774489,41.100744921174204]]},"properties":{"kind":"centerline","cls":"lane"}},{"type":"Feature","geometry":{"type":"LineString","coordinates":[[-70.90085113000202,41.101327223418615],[-70.9008417316573,41.10140821289445],[-70.90099981431287,41.101465447743685],[-70.90182536552281,41.10167995169838],[-70.90174060265909,41.10125677477898],[-70.90085113000202,41.101327223418615]]},"properties":{"kind":"centerline","cls":"lane"}},{"type":"Feature","geometry":{"type":"LineString","coordinates":[[-70.90096368238582,41.10131830896547],[-70.90174060265909,41.10125677477898],[-70.90172822481235,41.101194978624136],[-70.9011520421443,41.10121693811586],[-70.9009539993758,41.101248884913566],[-70.90096368238582,41.10131830896547]]},"properties":{"kind":"centerline","cls":"lane"}},{"type":"Feature","geometry":{"type":"LineString","coordinates":[[-70.90259655423658,41.10119297667222],[-70.902722502968,41.10071387829734],[-70.90163807774489,41.100744921174204],[-70.90169066415008,41.10100745776127],[-70.90259655423658,41.10119297667222]]},"properties":{"kind":"centerline","cls":"lane"}},{"type":"Feature","geometry":{"type":"LineString","coordinates":[[-70.90203698297934,41.10107838103662],[-70.90169066415008,41.10100745776127],[-70.90182536552281,41.10167995169838],[-70.90200690853457,41.10172712223547],[-70.90203698297934,41.10107838103662]]},"properties":{"kind":"centerline","cls":"lane"}},{"type":"Feature","geometry":{"type":"LineString","coordinates":[[-70.90242741134881,41.10183638198281],[-70.90259655423658,41.10119297667222],[-70.90203698297934,41.10107838103662],[-70.90200690853457,41.10172712223547],[-70.90242741134881,41.10183638198281]]},"properties":{"kind":"centerline","cls":"lane"}},{"type":"Feature","geometry":{"type":"LineString","coordinates":[[-70.90066114075006,41.102964440437596],[-70.90123608450777,41.102964440437596],[-70.90138217030824,41.1025353356493],[-70.9007019118009,41.102613099203246],[-70.90066114075006,41.102964440437596]]},"properties":{"kind":"centerline","cls":"lane"}},{"type":"Feature","geometry":{"type":"LineString","coordinates":[[-70.90138217030824,41.1025353356493],[-70.90148702978172,41.10222732691723],[-70.90075436937914,41.10216105026362],[-70.9007019118009,41.102613099203246],[-70.90138217030824,41.1025353356493]]},"properties":{"kind":"centerline","cls":"lane"}},{"type":"Feature","geometry":{"type":"LineString","coordinates":[[-70.9012715214516,41.10286034981254],[-70.90146236509136,41.102964440437596],[-70.90213085945301,41.102964440437596],[-70.90216232171372,41.102844760645596],[-70.90137621181775,41.102552837807536],[-70.9012715214516,41.10286034981254]]},"properties":{"kind":"centerline","cls":"lane"}},{"type":"Feature","geometry":{"type":"LineString","coordinates":[[-70.9019993830846,41.102784253193285],[-70.90219193239321,41.10273212411276],[-70.90230518070484,41.10230133706592],[-70.90148702978172,41.10222732691723],[-70.90137621181775,41.102552837807536],[-70.9019993830846,41.102784253193285]]},"properties":{"kind":"centerline","cls":"lane"}},{"type":"Feature","geometry":{"type":"LineString","coordinates":[[-70.90080974460211,41.10168385875655],[-70.90075436937914,41.10216105026362],[-70.90139468383656,41.102218973278625],[-70.90161334265566,41.101879690700954],[-70.90080974460211,41.10168385875655]]},"properties":{"kind":"centerline","cls":"lane"}},{"type":"Feature","geometry":{"type":"LineString","coordinates":[[-70.90175401690526,41.10166141310205],[-70.9008399112688,41.101423899945196],[-70.90080974460211,41.10168385875655],[-70.90161334265566,41.101879690700954],[-70.90175401690526,41.10166141310205]]},"properties":{"kind":"centerline","cls":"lane"}},{"type":"Feature","geometry":{"type":"LineString","coordinates":[[-70.90204523980911,41.1022778227438],[-70.90234007675357,41.10216859543331],[-70.90242741134881,41.10183638198281],[-70.90175401690526,41.10166141310205],[-70.90139468383656,41.102218973278625],[-70.90204523980911,41.1022778227438]]},"properties":{"kind":"centerline","cls":"lane"}},{"type":"Feature","geometry":{"type":"LineString","coordinates":[[-70.90902483487154,41.102964440437596],[-70.90912540221386,41.103162348114296],[-70.90918652767294,41.10314345568845],[-70.90919143203548,41.103140052176386],[-70.90938319902877,41.102964440437596],[-70.90902483487154,41.102964440437596]]},"properties":{"kind":"centerline","cls":"grid"}},{"type":"Feature","geometry":{"type":"LineString","coordinates":[[-70.90723559132817,41.102964440437596],[-70.9073637875589,41.10323542354263],[-70.9081828214063,41.102964440437596],[-70.90723559132817,41.102964440437596]]},"properties":{"kind":"centerline","cls":"grid"}},{"type":"Feature","geometry":{"type":"LineString","coordinates":[[-70.9081828214063,41.102964440437596],[-70.9073637875589,41.10323542354263],[-70.90760532549254,41.10363170276618],[-70.90912540221386,41.103162348114296],[-70.90902483487154,41.102964440437596],[-70.9081828214063,41.102964440437596]]},"properties":{"kind":"centerline","cls":"grid"}},{"type":"Feature","geometry":{"type":"LineString","coordinates":[[-70.90888928286084,41.10323525477432],[-70.90760532549254,41.10363170276618],[-70.90784646997659,41.104073424160774],[-70.90866332029294,41.1035065492845],[-70.90888928286084,41.10323525477432]]},"properties":{"kind":"centerline","cls":"grid"}},{"type":"Feature","geometry":{"type":"LineString","coordinates":[[-70.90818409554035,41.104059694191214],[-70.90788850638883,41.10415042522803],[-70.90795042263137,41.104276152564985],[-70.90800483939753,41.104232973562695],[-70.90818409554035,41.104059694191214]]},"properties":{"kind":"centerline","cls":"grid"}},{"type":"Feature","geometry":{"type":"LineString","coordinates":[[-70.90547968607758,41.102964440437596],[-70.90561498517215,41.10321716066587],[-70.90644638411378,41.102964440437596],[-70.90547968607758,41.102964440437596]]},"properties":{"kind":"centerline","cls":"grid"}},{"type":"Feature","geometry":{"type":"LineString","coordinates":[[-70.90644638411378,41.102964440437596],[-70.90561498517215,41.10321716066587],[-70.90565882249537,41.103295776959],[-70.90641912465455,41.103527258077925],[-70.9073637875589,41.10323542354263],[-70.90723559132817,41.102964440437596],[-70.90644638411378,41.102964440437596]]},"properties":{"kind":"centerline","cls":"grid"}},{"type":"Feature","geometry":{"type":"LineString","coordinates":[[-70.9073637875589,41.10323542354263],[-70.90641912465455,41.103527258077925],[-70.90719507664491,41.10376350393464],[-70.90760532549254,41.10363170276618],[-70.9073637875589,41.10323542354263]]},"properties":{"kind":"centerline","cls":"grid"}},{"type":"Feature","geometry":{"type":"LineString","coordinates":[[-70.90624769269012,41.10406787118135],[-70.90719507664491,41.10376350393464],[-70.9065209268123,41.103558252699074],[-70.90624769269012,41.10406787118135]]},"properties":{"kind":"centerline","cls":"grid"}},{"type":"Feature","geometry":{"type":"LineString","coordinates":[[-70.90760532549254,41.10363170276618],[-70.90719507664491,41.10376350393464],[-70.90777340208246,41.10393958053492],[-70.90760532549254,41.10363170276618]]},"properties":{"kind":"centerline","cls":"grid"}},{"type":"Feature","geometry":{"type":"LineString","coordinates":[[-70.90719507664491,41.10376350393464],[-70.90624769269012,41.10406787118135],[-70.9061672682227,41.10421787365796],[-70.90639178875755,41.10460933346893],[-70.90788850638883,41.10415042522803],[-70.90777340208246,41.10393958053492],[-70.90719507664491,41.10376350393464]]},"properties":{"kind":"centerline","cls":"grid"}},{"type":"Feature","geometry":{"type":"LineString","coordinates":[[-70.90788850638883,41.10415042522803],[-70.90639178875755,41.10460933346893],[-70.9064950816059,41.10482666914964],[-70.90650139260984,41.10482622409042],[-70.90695285766796,41.104751679084394],[-70.90736089130453,41.10464074392482],[-70.90770323107303,41.104472295879205],[-70.90795042263137,41.104276152564985],[-70.90788850638883,41.10415042522803]]},"properties":{"kind":"centerline","cls":"grid"}},{"type":"Feature","geometry":{"type":"LineString","coordinates":[[-70.90326196950095,41.102964440437596],[-70.90342963323458,41.10325456904298],[-70.90437500847682,41.102964440437596],[-70.90326196950095,41.102964440437596]]},"properties":{"kind":"centerline","cls":"grid"}},{"type":"Feature","geometry":{"type":"LineString","coordinates":[[-70.9055085223323,41.10325001666555],[-70.90561498517215,41.10321716066587],[-70.90547968607758,41.102964440437596],[-70.904570544221,41.102964440437596],[-70.9055085223323,41.10325001666555]]},"properties":{"kind":"centerline","cls":"grid"}},{"type":"Feature","geometry":{"type":"LineString","coordinates":[[-70.90437500847682,41.102964440437596],[-70.90342963323458,41.10325456904298],[-70.90371196377285,41.10380446108516],[-70.90442386523452,41.103584757813785],[-70.90473036271811,41.10301309867707],[-70.904570544221,41.102964440437596],[-70.90437500847682,41.102964440437596]]},"properties":{"kind":"centerline","cls":"grid"}},{"type":"Feature","geometry":{"type":"LineString","coordinates":[[-70.90561498517215,41.10321716066587],[-70.9055085223323,41.10325001666555],[-70.90565882249537,41.103295776959],[-70.90561498517215,41.10321716066587]]},"properties":{"kind":"centerline","cls":"grid"}},{"type":"Feature","geometry":{"type":"LineString","coordinates":[[-70.90442386523452,41.103584757813785],[-70.90371196377285,41.10380446108516],[-70.90396752785774,41.104252094596],[-70.90408435512856,41.10421798994282],[-70.90442386523452,41.103584757813785]]},"properties":{"kind":"centerline","cls":"grid"}},{"type":"Feature","geometry":{"type":"LineString","coordinates":[[-70.90420788199089,41.103987595687535],[-70.90408435512856,41.10421798994282],[-70.90453373600958,41.10408680499786],[-70.90420788199089,41.103987595687535]]},"properties":{"kind":"centerline","cls":"grid"}},{"type":"Feature","geometry":{"type":"LineString","coordinates":[[-70.90408435512856,41.10421798994282],[-70.90396752785774,41.104252094596],[-70.90401917210369,41.10433956507382],[-70.90408435512856,41.10421798994282]]},"properties":{"kind":"centerline","cls":"grid"}},{"type":"Feature","geometry":{"type":"LineString","coordinates":[[-70.90453373600958,41.10408680499786],[-70.90408435512856,41.10421798994282],[-70.90401917210369,41.10433956507382],[-70.9042145634964,41.10467050181551],[-70.90535121006347,41.10433569263601],[-70.90453373600958,41.10408680499786]]},"properties":{"kind":"centerline","cls":"grid"}},{"type":"Feature","geometry":{"type":"LineString","coordinates":[[-70.90535121006347,41.10433569263601],[-70.9042145634964,41.10467050181551],[-70.90446833246062,41.10518220593415],[-70.90447922567256,41.10518038680114],[-70.90455397238316,41.10516448964177],[-70.90632060863717,41.10463083511826],[-70.90535121006347,41.10433569263601]]},"properties":{"kind":"centerline","cls":"grid"}},{"type":"Feature","geometry":{"type":"LineString","coordinates":[[-70.90599844608506,41.104532749709534],[-70.90632060863717,41.10463083511826],[-70.90639178875755,41.10460933346893],[-70.9061672682227,41.10421787365796],[-70.90599844608506,41.104532749709534]]},"properties":{"kind":"centerline","cls":"grid"}},{"type":"Feature","geometry":{"type":"LineString","coordinates":[[-70.90639178875755,41.10460933346893],[-70.90542172857135,41.10490236323398],[-70.90571628763213,41.10488159059192],[-70.90643264854353,41.104695305436415],[-70.90639178875755,41.10460933346893]]},"properties":{"kind":"centerline","cls":"grid"}},{"type":"Feature","geometry":{"type":"LineString","coordinates":[[-70.90127322532696,41.102964440437596],[-70.90145808318299,41.10329571871661],[-70.90256099452134,41.102964440437596],[-70.90127322532696,41.102964440437596]]},"properties":{"kind":"centerline","cls":"grid"}},{"type":"Feature","geometry":{"type":"LineString","coordinates":[[-70.90256099452134,41.102964440437596],[-70.90145808318299,41.10329571871661],[-70.90168548888862,41.10376619165963],[-70.90342963323458,41.10325456904298],[-70.90326196950095,41.102964440437596],[-70.90256099452134,41.102964440437596]]},"properties":{"kind":"centerline","cls":"grid"}},{"type":"Feature","geometry":{"type":"LineString","coordinates":[[-70.90342963323458,41.10325456904298],[-70.90168548888862,41.10376619165963],[-70.90198346077241,41.1043099937837],[-70.90371196377285,41.10380446108516],[-70.90342963323458,41.10325456904298]]},"properties":{"kind":"centerline","cls":"grid"}},{"type":"Feature","geometry":{"type":"LineString","coordinates":[[-70.90371196377285,41.10380446108516],[-70.90198346077241,41.1043099937837],[-70.90223175956862,41.104776508283535],[-70.90396752785774,41.104252094596],[-70.90371196377285,41.10380446108516]]},"properties":{"kind":"centerline","cls":"grid"}},{"type":"Feature","geometry":{"type":"LineString","coordinates":[[-70.90396752785774,41.104252094596],[-70.90223175956862,41.104776508283535],[-70.90246112193708,41.10520096160966],[-70.9042145634964,41.10467050181551],[-70.90396752785774,41.104252094596]]},"properties":{"kind":"centerline","cls":"grid"}},{"type":"Feature","geometry":{"type":"LineString","coordinates":[[-70.9042145634964,41.10467050181551],[-70.90246112193708,41.10520096160966],[-70.90261726907353,41.10549132784799],[-70.90369754155394,41.105310925653804],[-70.90439695368075,41.10503827653065],[-70.9042145634964,41.10467050181551]]},"properties":{"kind":"centerline","cls":"grid"}},{"type":"Feature","geometry":{"type":"LineString","coordinates":[[-70.89965209275104,41.102964440437596],[-70.89976734219083,41.10318492262861],[-70.90054902711438,41.102964440437596],[-70.89965209275104,41.102964440437596]]},"properties":{"kind":"centerline","cls":"grid"}},{"type":"Feature","geometry":{"type":"LineString","coordinates":[[-70.90054902711438,41.102964440437596],[-70.89976734219083,41.10318492262861],[-70.900046723727,41.10369229844578],[-70.90145808318299,41.10329571871661],[-70.90127322532696,41.102964440437596],[-70.90054902711438,41.102964440437596]]},"properties":{"kind":"centerline","cls":"grid"}},{"type":"Feature","geometry":{"type":"LineString","coordinates":[[-70.90145808318299,41.10329571871661],[-70.900046723727,41.10369229844578],[-70.90031045877141,41.104163574515354],[-70.90168548888862,41.10376619165963],[-70.90145808318299,41.10329571871661]]},"properties":{"kind":"centerline","cls":"grid"}},{"type":"Feature","geometry":{"type":"LineString","coordinates":[[-70.90168548888862,41.10376619165963],[-70.90031045877141,41.104163574515354],[-70.90059275092632,41.10471667741577],[-70.90198346077241,41.1043099937837],[-70.90168548888862,41.10376619165963]]},"properties":{"kind":"centerline","cls":"grid"}},{"type":"Feature","geometry":{"type":"LineString","coordinates":[[-70.90198346077241,41.1043099937837],[-70.90059275092632,41.10471667741577],[-70.90081800031587,41.105167923159094],[-70.90223175956862,41.104776508283535],[-70.90198346077241,41.1043099937837]]},"properties":{"kind":"centerline","cls":"grid"}},{"type":"Feature","geometry":{"type":"LineString","coordinates":[[-70.90223175956862,41.104776508283535],[-70.90081800031587,41.105167923159094],[-70.90103497715151,41.10558856827839],[-70.90246112193708,41.10520096160966],[-70.90223175956862,41.104776508283535]]},"properties":{"kind":"centerline","cls":"grid"}},{"type":"Feature","geometry":{"type":"LineString","coordinates":[[-70.90246112193708,41.10520096160966],[-70.90103497715151,41.10558856827839],[-70.90121076273918,41.10592354657844],[-70.90147157442794,41.105904029536546],[-70.901999379895,41.105830416396465],[-70.90251735743219,41.10572380335713],[-70.9027118832697,41.10566726939172],[-70.90246112193708,41.10520096160966]]},"properties":{"kind":"centerline","cls":"grid"}},{"type":"Feature","geometry":{"type":"LineString","coordinates":[[-70.89775017666588,41.102964440437596],[-70.89789275503247,41.10322469078176],[-70.89875835253876,41.102964440437596],[-70.89775017666588,41.102964440437596]]},"properties":{"kind":"centerline","cls":"grid"}},{"type":"Feature","geometry":{"type":"LineString","coordinates":[[-70.89875835253876,41.102964440437596],[-70.89789275503247,41.10322469078176],[-70.89810509568653,41.103687840156205],[-70.89976734219083,41.10318492262861],[-70.89965209275104,41.102964440437596],[-70.89875835253876,41.102964440437596]]},"properties":{"kind":"centerline","cls":"grid"}},{"type":"Feature","geometry":{"type":"LineString","coordinates":[[-70.89976734219083,41.10318492262861],[-70.89810509568653,41.103687840156205],[-70.89839268565687,41.10420676916792],[-70.900046723727,41.10369229844578],[-70.89976734219083,41.10318492262861]]},"properties":{"kind":"centerline","cls":"grid"}},{"type":"Feature","geometry":{"type":"LineString","coordinates":[[-70.900046723727,41.10369229844578],[-70.89839268565687,41.10420676916792],[-70.89864062070804,41.104653969289274],[-70.90031045877141,41.104163574515354],[-70.900046723727,41.10369229844578]]},"properties":{"kind":"centerline","cls":"grid"}},{"type":"Feature","geometry":{"type":"LineString","coordinates":[[-70.90031045877141,41.104163574515354],[-70.89864062070804,41.104653969289274],[-70.89893035173932,41.10523060306222],[-70.90059275092632,41.10471667741577],[-70.90031045877141,41.104163574515354]]},"properties":{"kind":"centerline","cls":"grid"}},{"type":"Feature","geometry":{"type":"LineString","coordinates":[[-70.90059275092632,41.10471667741577],[-70.89893035173932,41.10523060306222],[-70.89917831409794,41.10565994104029],[-70.90081800031587,41.105167923159094],[-70.90059275092632,41.10471667741577]]},"properties":{"kind":"centerline","cls":"grid"}},{"type":"Feature","geometry":{"type":"LineString","coordinates":[[-70.90081800031587,41.105167923159094],[-70.89917831409794,41.10565994104029],[-70.89932020437936,41.10593563526667],[-70.89984189833193,41.105965178157824],[-70.90103497715151,41.10558856827839],[-70.90081800031587,41.105167923159094]]},"properties":{"kind":"centerline","cls":"grid"}},{"type":"Feature","geometry":{"type":"LineString","coordinates":[[-70.90103497715151,41.10558856827839],[-70.89984189833193,41.105965178157824],[-70.89984244757076,41.10596520926055],[-70.90038594320943,41.10596495983186],[-70.90093134709905,41.1059444557899],[-70.90121076273918,41.10592354657844],[-70.90103497715151,41.10558856827839]]},"properties":{"kind":"centerline","cls":"grid"}},{"type":"Feature","geometry":{"type":"LineString","coordinates":[[-70.89536549559097,41.102964440437596],[-70.89557342287502,41.10330954668103],[-70.8967271648277,41.102964440437596],[-70.89536549559097,41.102964440437596]]},"properties":{"kind":"centerline","cls":"grid"}},{"type":"Feature","geometry":{"type":"LineString","coordinates":[[-70.8967271648277,41.102964440437596],[-70.89557342287502,41.10330954668103],[-70.8958377377552,41.103821872118516],[-70.89789275503247,41.10322469078176],[-70.89775017666588,41.102964440437596],[-70.8967271648277,41.102964440437596]]},"properties":{"kind":"centerline","cls":"grid"}},{"type":"Feature","geometry":{"type":"LineString","coordinates":[[-70.89789275503247,41.10322469078176],[-70.8958377377552,41.103821872118516],[-70.89607542191851,41.10430193782645],[-70.89810509568653,41.103687840156205],[-70.89789275503247,41.10322469078176]]},"properties":{"kind":"centerline","cls":"grid"}},{"type":"Feature","geometry":{"type":"LineString","coordinates":[[-70.89810509568653,41.103687840156205],[-70.89607542191851,41.10430193782645],[-70.89634731719671,41.10481588831258],[-70.89839268565687,41.10420676916792],[-70.89810509568653,41.103687840156205]]},"properties":{"kind":"centerline","cls":"grid"}},{"type":"Feature","geometry":{"type":"LineString","coordinates":[[-70.89839268565687,41.10420676916792],[-70.89634731719671,41.10481588831258],[-70.89659309250933,41.10526648865203],[-70.89864062070804,41.104653969289274],[-70.89839268565687,41.10420676916792]]},"properties":{"kind":"centerline","cls":"grid"}},{"type":"Feature","geometry":{"type":"LineString","coordinates":[[-70.89864062070804,41.104653969289274],[-70.89659309250933,41.10526648865203],[-70.89676464877695,41.105585702287556],[-70.89710338010777,41.10561800418707],[-70.89764560250771,41.105610680445004],[-70.89893035173932,41.10523060306222],[-70.89864062070804,41.104653969289274]]},"properties":{"kind":"centerline","cls":"grid"}},{"type":"Feature","geometry":{"type":"LineString","coordinates":[[-70.89893035173932,41.10523060306222],[-70.89753775985538,41.105642584377726],[-70.8976875285468,41.10567370940965],[-70.89878531224355,41.10577839561796],[-70.89917831409794,41.10565994104029],[-70.89893035173932,41.10523060306222]]},"properties":{"kind":"centerline","cls":"grid"}},{"type":"Feature","geometry":{"type":"LineString","coordinates":[[-70.89917831409794,41.10565994104029],[-70.89857394006452,41.1058421052466],[-70.8987690817607,41.10587349561022],[-70.89930519643772,41.105934785385266],[-70.89932020437936,41.10593563526667],[-70.89917831409794,41.10565994104029]]},"properties":{"kind":"centerline","cls":"grid"}},{"type":"Feature","geometry":{"type":"LineString","coordinates":[[-70.8936042230577,41.102964440437596],[-70.89376437103874,41.10325784083451],[-70.89381895819167,41.103241428164196],[-70.89390357631859,41.10319841804581],[-70.89387094198706,41.102964440437596],[-70.8936042230577,41.102964440437596]]},"properties":{"kind":"centerline","cls":"grid"}},{"type":"Feature","geometry":{"type":"LineString","coordinates":[[-70.89436390397383,41.102964440437596],[-70.8941764565241,41.102964440437596],[-70.89387428009988,41.102988373627504],[-70.89390357631859,41.10319841804581],[-70.89436390397383,41.102964440437596]]},"properties":{"kind":"centerline","cls":"grid"}},{"type":"Feature","geometry":{"type":"LineString","coordinates":[[-70.89390559686719,41.10351162459696],[-70.89404809595605,41.10376769641696],[-70.89557342287502,41.10330954668103],[-70.89536549559097,41.102964440437596],[-70.89498212723683,41.102964440437596],[-70.89390559686719,41.10351162459696]]},"properties":{"kind":"centerline","cls":"grid"}},{"type":"Feature","geometry":{"type":"LineString","coordinates":[[-70.89557342287502,41.10330954668103],[-70.89404809595605,41.10376769641696],[-70.89432024688902,41.104288410370145],[-70.8958377377552,41.103821872118516],[-70.89557342287502,41.10330954668103]]},"properties":{"kind":"centerline","cls":"grid"}},{"type":"Feature","geometry":{"type":"LineString","coordinates":[[-70.8958377377552,41.103821872118516],[-70.89432024688902,41.104288410370145],[-70.89457518807006,41.10474721632441],[-70.89607542191851,41.10430193782645],[-70.8958377377552,41.103821872118516]]},"properties":{"kind":"centerline","cls":"grid"}},{"type":"Feature","geometry":{"type":"LineString","coordinates":[[-70.89607542191851,41.10430193782645],[-70.89457518807006,41.10474721632441],[-70.89484962500394,41.1052705881494],[-70.89634731719671,41.10481588831258],[-70.89607542191851,41.10430193782645]]},"properties":{"kind":"centerline","cls":"grid"}},{"type":"Feature","geometry":{"type":"LineString","coordinates":[[-70.89634731719671,41.10481588831258],[-70.89484962500394,41.1052705881494],[-70.89487145874439,41.10531482828683],[-70.89500389046869,41.1053628554607],[-70.89550179575582,41.10549467220052],[-70.89573913786069,41.10553596116762],[-70.89659309250933,41.10526648865203],[-70.89634731719671,41.10481588831258]]},"properties":{"kind":"centerline","cls":"grid"}},{"type":"Feature","geometry":{"type":"LineString","coordinates":[[-70.89659309250933,41.10526648865203],[-70.89573913786069,41.10553596116762],[-70.89601817345606,41.10558450329849],[-70.89654077980111,41.105625603171426],[-70.89678432495904,41.10562231363208],[-70.89659309250933,41.10526648865203]]},"properties":{"kind":"centerline","cls":"grid"}},{"type":"Feature","geometry":{"type":"LineString","coordinates":[[-70.89147055387866,41.102964440437596],[-70.89164549269988,41.103269972559],[-70.892654645253,41.102964440437596],[-70.89147055387866,41.102964440437596]]},"properties":{"kind":"centerline","cls":"grid"}},{"type":"Feature","geometry":{"type":"LineString","coordinates":[[-70.892654645253,41.102964440437596],[-70.89164549269988,41.103269972559],[-70.89184597777619,41.1036619236741],[-70.89214135075244,41.10375818265273],[-70.89376437103874,41.10325784083451],[-70.8936042230577,41.102964440437596],[-70.892654645253,41.102964440437596]]},"properties":{"kind":"centerline","cls":"grid"}},{"type":"Feature","geometry":{"type":"LineString","coordinates":[[-70.89376437103874,41.10325784083451],[-70.89225888061888,41.103721950753744],[-70.89255020173343,41.103886317946795],[-70.89376928718751,41.10326667518688],[-70.89376437103874,41.10325784083451]]},"properties":{"kind":"centerline","cls":"grid"}},{"type":"Feature","geometry":{"type":"LineString","coordinates":[[-70.89255020173343,41.103886317946795],[-70.89257162213354,41.103898403617436],[-70.89307979485395,41.10406401181779],[-70.8931829637279,41.104032440516086],[-70.89289520658632,41.10371095718065],[-70.89255020173343,41.103886317946795]]},"properties":{"kind":"centerline","cls":"grid"}},{"type":"Feature","geometry":{"type":"LineString","coordinates":[[-70.8931829637279,41.104032440516086],[-70.89404809595605,41.10376769641696],[-70.89390559686719,41.10351162459696],[-70.89308852296256,41.10392693094619],[-70.8931829637279,41.104032440516086]]},"properties":{"kind":"centerline","cls":"grid"}},{"type":"Feature","geometry":{"type":"LineString","coordinates":[[-70.89404809595605,41.10376769641696],[-70.89297473973625,41.10409616033982],[-70.8930927204719,41.10419241413335],[-70.89363728564065,41.10449966494269],[-70.89432024688902,41.104288410370145],[-70.89404809595605,41.10376769641696]]},"properties":{"kind":"centerline","cls":"grid"}},{"type":"Feature","geometry":{"type":"LineString","coordinates":[[-70.89432024688902,41.104288410370145],[-70.89351893856171,41.1045362722343],[-70.89378504949204,41.10473997826724],[-70.8940305022624,41.1049162308102],[-70.89457518807006,41.10474721632441],[-70.89432024688902,41.104288410370145]]},"properties":{"kind":"centerline","cls":"grid"}},{"type":"Feature","geometry":{"type":"LineString","coordinates":[[-70.89457518807006,41.10474721632441],[-70.8940305022624,41.1049162308102],[-70.89412758023335,41.10498593969642],[-70.89452838350607,41.105190409955725],[-70.89479563246341,41.105287329422794],[-70.89484962500394,41.1052705881494],[-70.89457518807006,41.10474721632441]]},"properties":{"kind":"centerline","cls":"grid"}},{"type":"Feature","geometry":{"type":"LineString","coordinates":[[-70.89122860006218,41.10339601047108],[-70.89164549269988,41.103269972559],[-70.89147055387866,41.102964440437596],[-70.89089023015575,41.102964440437596],[-70.89092821653364,41.1030460019197],[-70.89122860006218,41.10339601047108]]},"properties":{"kind":"centerline","cls":"grid"}},{"type":"Feature","geometry":{"type":"LineString","coordinates":[[-70.89164549269988,41.103269972559],[-70.89116899010304,41.10341403217286],[-70.89123911177973,41.103464152362314],[-70.89172823886884,41.10362355378967],[-70.89184235742728,41.10365484584161],[-70.89164549269988,41.103269972559]]},"properties":{"kind":"centerline","cls":"grid"}},{"type":"Feature","geometry":{"type":"LineString","coordinates":[[-70.90935820913981,41.098206066221294],[-70.90918070498931,41.09880296033451],[-70.90942842723597,41.09883626208949],[-70.90945837177196,41.098632072188785],[-70.90935820913981,41.098206066221294]]},"properties":{"kind":"street","cls":"grid"}},{"type":"Feature","geometry":{"type":"LineString","coordinates":[[-70.90954437320167,41.09899784854156],[-70.90913869775598,41.09894331284895],[-70.908971766527,41.09949716603762],[-70.9096677499409,41.099598632591224],[-70.90965457436938,41.099518424092906],[-70.90958727308694,41.09918030787529],[-70.90954437320167,41.09899784854156]]},"properties":{"kind":"street","cls":"grid"}},{"type":"Feature","geometry":{"type":"LineString","coordinates":[[-70.90969137006338,41.099748471720446],[-70.90893237154035,41.099637818272704],[-70.90890380220156,41.099748471720446],[-70.90969137006338,41.099748471720446]]},"properties":{"kind":"street","cls":"grid"}},{"type":"Feature","geometry":{"type":"LineString","coordinates":[[-70.90718409060213,41.09686325840424],[-70.9071709785197,41.09690489279919],[-70.90803249245452,41.097026384314674],[-70.90801702759316,41.09702217492171],[-70.90745139782277,41.09687858639129],[-70.90721256733386,41.0968599409061],[-70.90718409060213,41.09686325840424]]},"properties":{"kind":"street","cls":"grid"}},{"type":"Feature","geometry":{"type":"LineString","coordinates":[[-70.90889832833291,41.09729471088984],[-70.90712839474985,41.0970451131705],[-70.90694669635705,41.09766830683166],[-70.90858053687163,41.097889437613325],[-70.90926696003477,41.097877349468945],[-70.90935148700262,41.097625957653925],[-70.90916498940484,41.09744672980458],[-70.90889832833291,41.09729471088984]]},"properties":{"kind":"street","cls":"grid"}},{"type":"Feature","geometry":{"type":"LineString","coordinates":[[-70.90913026802343,41.0981098708024],[-70.90696482884121,41.09781679124246],[-70.90678815463124,41.09843553749715],[-70.90893486857304,41.09876694153194],[-70.90913026802343,41.0981098708024]]},"properties":{"kind":"street","cls":"grid"}},{"type":"Feature","geometry":{"type":"LineString","coordinates":[[-70.90889287533507,41.09890717427835],[-70.90675086204203,41.098576495917314],[-70.906606495898,41.099167995615026],[-70.90872556018232,41.099462301269455],[-70.90889287533507,41.09890717427835]]},"properties":{"kind":"street","cls":"grid"}},{"type":"Feature","geometry":{"type":"LineString","coordinates":[[-70.9087449473763,41.099611145029264],[-70.90651074073867,41.09930084786108],[-70.90638389079946,41.099748471720446],[-70.90870949133905,41.099748471720446],[-70.9087449473763,41.099611145029264]]},"properties":{"kind":"street","cls":"grid"}},{"type":"Feature","geometry":{"type":"LineString","coordinates":[[-70.90466877681826,41.09675296767495],[-70.90453091390583,41.09728531905084],[-70.90675944366518,41.097640761901545],[-70.90688465984738,41.09721129232934],[-70.90526880893596,41.09676310890016],[-70.90466877681826,41.09675296767495]]},"properties":{"kind":"street","cls":"grid"}},{"type":"Feature","geometry":{"type":"LineString","coordinates":[[-70.90666060633927,41.097771912313185],[-70.90454878487192,41.09743508403463],[-70.9043460318771,41.098073200869024],[-70.90648423832887,41.098389586199524],[-70.90666060633927,41.097771912313185]]},"properties":{"kind":"street","cls":"grid"}},{"type":"Feature","geometry":{"type":"LineString","coordinates":[[-70.90644693601485,41.09853054175199],[-70.90430488022832,41.09821358684457],[-70.90415018980586,41.09879333632363],[-70.90630221065109,41.09912351325156],[-70.90644693601485,41.09853054175199]]},"properties":{"kind":"street","cls":"grid"}},{"type":"Feature","geometry":{"type":"LineString","coordinates":[[-70.90632346880219,41.09927345407343],[-70.9040553418993,41.09892546340475],[-70.90390386978066,41.09953154340182],[-70.90540858501117,41.099748471720446],[-70.90599475117745,41.099748471720446],[-70.90622234296286,41.099630303582096],[-70.90632346880219,41.09927345407343]]},"properties":{"kind":"street","cls":"grid"}},{"type":"Feature","geometry":{"type":"LineString","coordinates":[[-70.90439352318133,41.099748471720446],[-70.9039510802806,41.09968468663168],[-70.90386702427323,41.09968468663168],[-70.90385217843111,41.099748471720446],[-70.90439352318133,41.099748471720446]]},"properties":{"kind":"street","cls":"grid"}},{"type":"Feature","geometry":{"type":"LineString","coordinates":[[-70.90400361516079,41.09686912863651],[-70.90365216467237,41.09713229175215],[-70.90434467742024,41.09725405717497],[-70.90448214075872,41.09672324873566],[-70.90400361516079,41.09686912863651]]},"properties":{"kind":"street","cls":"grid"}},{"type":"Feature","geometry":{"type":"LineString","coordinates":[[-70.90278718489928,41.09735029568374],[-70.9024144921197,41.09735357735291],[-70.90212450021492,41.09744198221673],[-70.90205438942962,41.09770376355736],[-70.90410056513947,41.09803559749531],[-70.9042952516143,41.09742286811433],[-70.90278718489928,41.09735029568374]]},"properties":{"kind":"street","cls":"grid"}},{"type":"Feature","geometry":{"type":"LineString","coordinates":[[-70.90400129238235,41.09816651932981],[-70.90207453351987,41.097854051550165],[-70.90191635250748,41.09843225896852],[-70.90384682041461,41.09874545008327],[-70.90400129238235,41.09816651932981]]},"properties":{"kind":"street","cls":"grid"}},{"type":"Feature","geometry":{"type":"LineString","coordinates":[[-70.90260190456098,41.098690503796504],[-70.901822192002,41.09856400646152],[-70.90168217337404,41.09915798929488],[-70.90260190456098,41.098690503796504]]},"properties":{"kind":"street","cls":"grid"}},{"type":"Feature","geometry":{"type":"LineString","coordinates":[[-70.9038686155352,41.098896009736606],[-70.90332910619458,41.098808481976526],[-70.90239548253969,41.099283028806944],[-70.9037170332839,41.09950253040367],[-70.9038686155352,41.098896009736606]]},"properties":{"kind":"street","cls":"grid"}},{"type":"Feature","geometry":{"type":"LineString","coordinates":[[-70.90307054561374,41.09876653417919],[-70.90286046514181,41.09873245159385],[-70.90275234515487,41.09878740735342],[-70.90283900422008,41.098884223179354],[-70.90307054561374,41.09876653417919]]},"properties":{"kind":"street","cls":"grid"}},{"type":"Feature","geometry":{"type":"LineString","coordinates":[[-70.90368284082922,41.09964403158342],[-70.90217723676871,41.099393959842516],[-70.90152914197087,41.099723376658936],[-70.90152221495582,41.099748471720446],[-70.90365853261213,41.099748471720446],[-70.90368284082922,41.09964403158342]]},"properties":{"kind":"street","cls":"grid"}},{"type":"Feature","geometry":{"type":"LineString","coordinates":[[-70.90104389742048,41.09752647409336],[-70.90186826445263,41.09767219372327],[-70.90196213021979,41.09732171545867],[-70.90107499567509,41.09751096997547],[-70.90104389742048,41.09752647409336]]},"properties":{"kind":"street","cls":"grid"}},{"type":"Feature","geometry":{"type":"LineString","coordinates":[[-70.90183013739349,41.097813086012366],[-70.9006880502252,41.09761120443171],[-70.90061192068552,41.09760975886146],[-70.89924234375292,41.097901933957274],[-70.89922788998342,41.0979632587836],[-70.90167193189029,41.09839138295332],[-70.90183013739349,41.097813086012366]]},"properties":{"kind":"street","cls":"grid"}},{"type":"Feature","geometry":{"type":"LineString","coordinates":[[-70.90157773146821,41.09852244447456],[-70.89924950677245,41.09811460806964],[-70.89907952875647,41.09872325573077],[-70.90143613303405,41.09912312911449],[-70.90157773146821,41.09852244447456]]},"properties":{"kind":"street","cls":"grid"}},{"type":"Feature","geometry":{"type":"LineString","coordinates":[[-70.90145470269147,41.09927360921397],[-70.89898377724703,41.098854337583255],[-70.89879854389098,41.09958125247852],[-70.89884854571787,41.09958898025179],[-70.90120077383426,41.09940267742437],[-70.90145470269147,41.09927360921397]]},"properties":{"kind":"street","cls":"grid"}},{"type":"Feature","geometry":{"type":"LineString","coordinates":[[-70.89894778499894,41.09806085848288],[-70.89695238418926,41.097699267573134],[-70.89680658507994,41.09832263628316],[-70.8987774126795,41.09867091804352],[-70.89894778499894,41.09806085848288]]},"properties":{"kind":"street","cls":"grid"}},{"type":"Feature","geometry":{"type":"LineString","coordinates":[[-70.89873968374025,41.098811880433054],[-70.89676989667554,41.098463782554475],[-70.89656020626998,41.099204379935635],[-70.89855383175698,41.099541223019294],[-70.89873968374025,41.098811880433054]]},"properties":{"kind":"street","cls":"grid"}},{"type":"Feature","geometry":{"type":"LineString","coordinates":[[-70.89824677683303,41.0996366419747],[-70.89645914993996,41.099334604426005],[-70.89632263087793,41.099748471720446],[-70.89683483330074,41.099748471720446],[-70.89824677683303,41.0996366419747]]},"properties":{"kind":"street","cls":"grid"}},{"type":"Feature","geometry":{"type":"LineString","coordinates":[[-70.89454443964668,41.09710129917427],[-70.89453906661302,41.097121401197995],[-70.89674661064912,41.097514447072406],[-70.89684853152944,41.09718117798023],[-70.89648132879142,41.0970357397718],[-70.89514898526114,41.09693717518624],[-70.89456700530597,41.097091284603074],[-70.89454443964668,41.09710129917427]]},"properties":{"kind":"street","cls":"grid"}},{"type":"Feature","geometry":{"type":"LineString","coordinates":[[-70.89660689033288,41.097830839559016],[-70.8960276990699,41.09753413509236],[-70.89455848557739,41.0972725465159],[-70.89438343095553,41.09789629146233],[-70.89650432749808,41.098269350207865],[-70.89660689033288,41.097830839559016]]},"properties":{"kind":"street","cls":"grid"}},{"type":"Feature","geometry":{"type":"LineString","coordinates":[[-70.89646804560182,41.09841056242442],[-70.89434335716125,41.09803683669645],[-70.8941300500128,41.09877399068614],[-70.89625811273591,41.09915201614192],[-70.89646804560182,41.09841056242442]]},"properties":{"kind":"street","cls":"grid"}},{"type":"Feature","geometry":{"type":"LineString","coordinates":[[-70.89627324298652,41.099302373799155],[-70.89402786367134,41.098903508422765],[-70.8938293207487,41.09948287033835],[-70.89541987003467,41.099748471720446],[-70.8961260922679,41.099748471720446],[-70.89627324298652,41.099302373799155]]},"properties":{"kind":"street","cls":"grid"}},{"type":"Feature","geometry":{"type":"LineString","coordinates":[[-70.8945382629407,41.099748471720446],[-70.89378381997605,41.0996224893973],[-70.89374496512244,41.099748471720446],[-70.8945382629407,41.099748471720446]]},"properties":{"kind":"street","cls":"grid"}},{"type":"Feature","geometry":{"type":"LineString","coordinates":[[-70.8938266399048,41.0972873347921],[-70.89262691429808,41.09760502445128],[-70.89413931381075,41.09785439251967],[-70.89429831087055,41.09728786299024],[-70.8938266399048,41.0972873347921]]},"properties":{"kind":"street","cls":"grid"}},{"type":"Feature","geometry":{"type":"LineString","coordinates":[[-70.89409926509117,41.09799491996357],[-70.89182097288813,41.097619269666716],[-70.89177551788637,41.097659332301085],[-70.89156927388235,41.09834575966579],[-70.89388606897937,41.09873169022912],[-70.89409926509117,41.09799491996357]]},"properties":{"kind":"street","cls":"grid"}},{"type":"Feature","geometry":{"type":"LineString","coordinates":[[-70.89378359816037,41.09886182099288],[-70.89158025109515,41.098494788545686],[-70.89137067569158,41.09904277289101],[-70.89358536491461,41.09944027924996],[-70.89378359816037,41.09886182099288]]},"properties":{"kind":"street","cls":"grid"}},{"type":"Feature","geometry":{"type":"LineString","coordinates":[[-70.893597934,41.09959028644459],[-70.89126459763439,41.099171484549835],[-70.89108747599768,41.099748471720446],[-70.89354914726879,41.099748471720446],[-70.893597934,41.09959028644459]]},"properties":{"kind":"street","cls":"grid"}},{"type":"Feature","geometry":{"type":"LineString","coordinates":[[-70.89115713604205,41.098204354955946],[-70.89114378934005,41.09827267520496],[-70.89138320965196,41.09831414828097],[-70.89150193255578,41.09791901121802],[-70.89145614094939,41.09794082126733],[-70.89115713604205,41.098204354955946]]},"properties":{"kind":"street","cls":"grid"}},{"type":"Feature","geometry":{"type":"LineString","coordinates":[[-70.8913355622288,41.09845337365009],[-70.89075390391473,41.09835261712163],[-70.89074486937677,41.0983610998271],[-70.89056976191117,41.09872133113101],[-70.89048701898687,41.098895556397515],[-70.89112638914284,41.09900030604108],[-70.8913355622288,41.09845337365009]]},"properties":{"kind":"street","cls":"grid"}},{"type":"Feature","geometry":{"type":"LineString","coordinates":[[-70.8910786239188,41.09913956864438],[-70.89041899007388,41.09903149914897],[-70.89032244578064,41.099230110193446],[-70.89028913416942,41.09949240689353],[-70.8903337418812,41.09971260027044],[-70.89054489347825,41.099748471720446],[-70.89089170484169,41.099748471720446],[-70.8910786239188,41.09913956864438]]},"properties":{"kind":"street","cls":"grid"}},{"type":"Feature","geometry":{"type":"LineString","coordinates":[[-70.8977810468842,41.10161764125284],[-70.89764485446155,41.101686865808325],[-70.89759500823835,41.10202256606293],[-70.89784047658216,41.102043732976746],[-70.8977810468842,41.10161764125284]]},"properties":{"kind":"street","cls":"grid"}},{"type":"Feature","geometry":{"type":"LineString","coordinates":[[-70.89824762789549,41.10162607308991],[-70.89805784815374,41.101611687336145],[-70.89794922823967,41.101620290327055],[-70.89801033132179,41.10205837967448],[-70.89824762789549,41.10207884193062],[-70.89824762789549,41.10162607308991]]},"properties":{"kind":"street","cls":"grid"}},{"type":"Feature","geometry":{"type":"LineString","coordinates":[[-70.89824762789549,41.10220542679333],[-70.89757606349885,41.102147517306975],[-70.89748517193566,41.10273486045015],[-70.89824762789549,41.10279770796963],[-70.89824762789549,41.10220542679333]]},"properties":{"kind":"street","cls":"grid"}},{"type":"Feature","geometry":{"type":"LineString","coordinates":[[-70.89599075535182,41.099950814494825],[-70.89598790260824,41.09997111688382],[-70.8975688439314,41.10009621467498],[-70.89753913608413,41.099883219013066],[-70.89684420451815,41.099883219013066],[-70.89599075535182,41.099950814494825]]},"properties":{"kind":"street","cls":"grid"}},{"type":"Feature","geometry":{"type":"LineString","coordinates":[[-70.89758667832044,41.10022408147951],[-70.89597051315623,41.1000961964725],[-70.89590264377941,41.100589639284955],[-70.8976276968169,41.10072657350173],[-70.89764449720488,41.10063862419121],[-70.89758667832044,41.10022408147951]]},"properties":{"kind":"street","cls":"grid"}},{"type":"Feature","geometry":{"type":"LineString","coordinates":[[-70.89760609159121,41.10085131846027],[-70.89588305165368,41.10071454404279],[-70.89577720213117,41.10131345762887],[-70.89724551219003,41.101423912937065],[-70.89753999555836,41.10127423147996],[-70.89760609159121,41.10085131846027]]},"properties":{"kind":"street","cls":"grid"}},{"type":"Feature","geometry":{"type":"LineString","coordinates":[[-70.89699094658397,41.10153115218344],[-70.89575539088686,41.10143820608906],[-70.89572195723625,41.10163165957122],[-70.89699094658397,41.10153115218344]]},"properties":{"kind":"street","cls":"grid"}},{"type":"Feature","geometry":{"type":"LineString","coordinates":[[-70.89598796514748,41.10190019429275],[-70.89626697893301,41.101921286641286],[-70.89674785967759,41.10167686220757],[-70.89596545871947,41.10173883047912],[-70.89598796514748,41.10190019429275]]},"properties":{"kind":"street","cls":"grid"}},{"type":"Feature","geometry":{"type":"LineString","coordinates":[[-70.89706497120054,41.101981611728796],[-70.89742906831496,41.102009136043485],[-70.89746321136099,41.10177919225827],[-70.89706497120054,41.101981611728796]]},"properties":{"kind":"street","cls":"grid"}},{"type":"Feature","geometry":{"type":"LineString","coordinates":[[-70.89741011650123,41.1021340987444],[-70.89684849664086,41.10209164248435],[-70.89606986753307,41.10248740792285],[-70.89609038315851,41.10263449832559],[-70.89685541115983,41.10268903154445],[-70.89733005802948,41.1026514382289],[-70.89741011650123,41.1021340987444]]},"properties":{"kind":"street","cls":"grid"}},{"type":"Feature","geometry":{"type":"LineString","coordinates":[[-70.89730034785752,41.10284707336687],[-70.8969179754484,41.102819816850456],[-70.89670519213924,41.1028273861809],[-70.89576870660285,41.102901558367705],[-70.89729239931175,41.102901558367705],[-70.89730034785752,41.10284707336687]]},"properties":{"kind":"street","cls":"grid"}},{"type":"Feature","geometry":{"type":"LineString","coordinates":[[-70.89491307623557,41.099883219013066],[-70.8958219556618,41.09995774727076],[-70.89583242782886,41.099883219013066],[-70.89491307623557,41.099883219013066]]},"properties":{"kind":"street","cls":"grid"}},{"type":"Feature","geometry":{"type":"LineString","coordinates":[[-70.89573345871489,41.1000769970446],[-70.89368857961844,41.09990931663305],[-70.89360811102388,41.10038650130306],[-70.89566573697876,41.10056936643858],[-70.89573345871489,41.1000769970446]]},"properties":{"kind":"street","cls":"grid"}},{"type":"Feature","geometry":{"type":"LineString","coordinates":[[-70.89564611375427,41.10069425821837],[-70.89358911516501,41.10051144883803],[-70.89350691711059,41.10111728957968],[-70.8955401425617,41.10129386023307],[-70.89564611375427,41.10069425821837]]},"properties":{"kind":"street","cls":"grid"}},{"type":"Feature","geometry":{"type":"LineString","coordinates":[[-70.89558941691128,41.10142473586093],[-70.89341548100562,41.10123594554106],[-70.89332749214572,41.10169578944857],[-70.89413082216826,41.10175768177115],[-70.89515744130091,41.10167637075979],[-70.89556188325001,41.10158405087895],[-70.89558941691128,41.10142473586093]]},"properties":{"kind":"street","cls":"grid"}},{"type":"Feature","geometry":{"type":"LineString","coordinates":[[-70.89364176215045,41.10192287353083],[-70.89329077483266,41.10195067267549],[-70.89323239702374,41.102405347085764],[-70.8937146097188,41.10244516704823],[-70.89364176215045,41.10192287353083]]},"properties":{"kind":"street","cls":"grid"}},{"type":"Feature","geometry":{"type":"LineString","coordinates":[[-70.89373246145135,41.10257315820015],[-70.89321481799561,41.10253041245084],[-70.89315815957609,41.102901558367705],[-70.8937782654923,41.102901558367705],[-70.89373246145135,41.10257315820015]]},"properties":{"kind":"street","cls":"grid"}},{"type":"Feature","geometry":{"type":"LineString","coordinates":[[-70.8934516214441,41.09988929030178],[-70.89338347656572,41.099883219013066],[-70.89131028880692,41.099883219013066],[-70.8912538423245,41.10019037633555],[-70.89337124334892,41.100365938303774],[-70.8934516214441,41.09988929030178]]},"properties":{"kind":"street","cls":"grid"}},{"type":"Feature","geometry":{"type":"LineString","coordinates":[[-70.89328114575636,41.10048499108647],[-70.89130468547313,41.10032111506418],[-70.89121698911951,41.10094636891303],[-70.89319871505889,41.10109254652362],[-70.89328114575636,41.10048499108647]]},"properties":{"kind":"street","cls":"grid"}},{"type":"Feature","geometry":{"type":"LineString","coordinates":[[-70.89317814695184,41.10121739457287],[-70.89119850702568,41.10107137083241],[-70.89112672836475,41.10153192585887],[-70.89309003142176,41.10167790047902],[-70.89317814695184,41.10121739457287]]},"properties":{"kind":"street","cls":"grid"}},{"type":"Feature","geometry":{"type":"LineString","coordinates":[[-70.89307022920677,41.10180280297408],[-70.89110812454571,41.10165691745652],[-70.89102559257759,41.10224024999262],[-70.89299522003229,41.102387010446044],[-70.89307022920677,41.10180280297408]]},"properties":{"kind":"street","cls":"grid"}},{"type":"Feature","geometry":{"type":"LineString","coordinates":[[-70.89304881405921,41.10251738128154],[-70.890935687652,41.102359928465305],[-70.89085826668543,41.10284870204816],[-70.8908594218804,41.10285004808777],[-70.89164069742682,41.102901558367705],[-70.89299016632651,41.102901558367705],[-70.89304881405921,41.10251738128154]]},"properties":{"kind":"street","cls":"grid"}},{"type":"Feature","geometry":{"type":"LineString","coordinates":[[-70.89040555689591,41.100126620704614],[-70.89108776032953,41.100177298744974],[-70.8911418035354,41.099883219013066],[-70.89035624754496,41.099883219013066],[-70.89040555689591,41.100126620704614]]},"properties":{"kind":"street","cls":"grid"}},{"type":"Feature","geometry":{"type":"LineString","coordinates":[[-70.89106759606182,41.10030217456959],[-70.89023074442336,41.10024000836078],[-70.8902305149954,41.100240270413984],[-70.89005220962467,41.10084850038962],[-70.89097983425565,41.1009278950794],[-70.89106759606182,41.10030217456959]]},"properties":{"kind":"street","cls":"grid"}},{"type":"Feature","geometry":{"type":"LineString","coordinates":[[-70.89094605389853,41.1011509107933],[-70.89073219973719,41.10103327296448],[-70.88988460117491,41.10096072764532],[-70.88988771793952,41.10107797338701],[-70.88991080273638,41.10140284947551],[-70.88991440574661,41.101431950982],[-70.89088953905416,41.10151352825243],[-70.89094605389853,41.1011509107933]]},"properties":{"kind":"street","cls":"grid"}},{"type":"Feature","geometry":{"type":"LineString","coordinates":[[-70.89087095958868,41.10163851069894],[-70.88993023601927,41.101559812063144],[-70.88994813028009,41.10170434397265],[-70.89004432816192,41.101978156046535],[-70.89015757590627,41.10216817372031],[-70.89078844494202,41.102221720807705],[-70.89087095958868,41.10163851069894]]},"properties":{"kind":"street","cls":"grid"}},{"type":"Feature","geometry":{"type":"LineString","coordinates":[[-70.89076970735198,41.102346689793606],[-70.89040053918525,41.102315355429475],[-70.89071637743483,41.1026833719074],[-70.89076970735198,41.102346689793606]]},"properties":{"kind":"street","cls":"grid"}},{"type":"Feature","geometry":{"type":"LineString","coordinates":[[-70.90902018530302,41.102359754348065],[-70.9094948349309,41.102137635010635],[-70.90878608593516,41.10206359048287],[-70.90902018530302,41.102359754348065]]},"properties":{"kind":"street","cls":"lane"}},{"type":"Feature","geometry":{"type":"LineString","coordinates":[[-70.90838597232158,41.10202178975547],[-70.90845113617593,41.102626049332095],[-70.90883077320804,41.102448392548894],[-70.9088653826712,41.10233945092731],[-70.90863484239894,41.102047789746244],[-70.90838597232158,41.10202178975547]]},"properties":{"kind":"street","cls":"lane"}},{"type":"Feature","geometry":{"type":"LineString","coordinates":[[-70.90963223816846,41.10206129910499],[-70.9091568170269,41.10134941919288],[-70.90892516739811,41.101407117919926],[-70.90899900789059,41.10199514417966],[-70.90963223816846,41.10206129910499]]},"properties":{"kind":"street","cls":"lane"}},{"type":"Feature","geometry":{"type":"LineString","coordinates":[[-70.90880905751065,41.10143603828875],[-70.90844095231881,41.101527725036114],[-70.90834415544073,41.101634024928266],[-70.90837608071702,41.10193006564174],[-70.90887767460964,41.101982468231554],[-70.90880905751065,41.10143603828875]]},"properties":{"kind":"street","cls":"lane"}},{"type":"Feature","geometry":{"type":"LineString","coordinates":[[-70.90952155640736,41.10272859607968],[-70.90961280457051,41.10261435150781],[-70.90976710042129,41.102340269592595],[-70.90978484749452,41.10228981126846],[-70.90969216685828,41.10215103434541],[-70.90968687470199,41.10215351088848],[-70.90952155640736,41.10272859607968]]},"properties":{"kind":"street","cls":"lane"}},{"type":"Feature","geometry":{"type":"LineString","coordinates":[[-70.90848278480036,41.10291952467339],[-70.90934469670007,41.10291952467339],[-70.90954594180536,41.102219462528986],[-70.90846199183012,41.10272671300633],[-70.90848278480036,41.10291952467339]]},"properties":{"kind":"street","cls":"lane"}},{"type":"Feature","geometry":{"type":"LineString","coordinates":[[-70.91016348225925,41.10109868146116],[-70.90927123775344,41.10132091955614],[-70.90933448208261,41.10141561952539],[-70.91007779533749,41.10146727878518],[-70.91010056223814,41.10140410894953],[-70.91016320747461,41.1011027551087],[-70.91016348225925,41.10109868146116]]},"properties":{"kind":"street","cls":"lane"}},{"type":"Feature","geometry":{"type":"LineString","coordinates":[[-70.90939766211147,41.1015102232135],[-70.90969282157842,41.101952185248855],[-70.90990032342087,41.101959698547255],[-70.90998945202507,41.101712399217234],[-70.91004546894554,41.101555244907004],[-70.90939766211147,41.1015102232135]]},"properties":{"kind":"street","cls":"lane"}},{"type":"Feature","geometry":{"type":"LineString","coordinates":[[-70.90825049796952,41.10076554616091],[-70.90830483355064,41.10126939596495],[-70.90845508250142,41.10142959402798],[-70.90879410623833,41.1013451508188],[-70.90889272492657,41.10076798028061],[-70.90825049796952,41.10076554616091]]},"properties":{"kind":"street","cls":"lane"}},{"type":"Feature","geometry":{"type":"LineString","coordinates":[[-70.90891964198077,41.10131388268089],[-70.90952342396601,41.101163494130105],[-70.90956559011249,41.100770530522986],[-70.90901284022762,41.10076843553247],[-70.90891964198077,41.10131388268089]]},"properties":{"kind":"street","cls":"lane"}},{"type":"Feature","geometry":{"type":"LineString","coordinates":[[-70.909004504175,41.09986525270738],[-70.90815340957614,41.09986525270738],[-70.90819470610502,41.1002481923493],[-70.90889291025962,41.10023982582215],[-70.909004504175,41.09986525270738]]},"properties":{"kind":"street","cls":"lane"}},{"type":"Feature","geometry":{"type":"LineString","coordinates":[[-70.90820438233224,41.10033791928505],[-70.90824080637915,41.10067567676394],[-70.90876247122962,41.10067765393833],[-70.90886604810753,41.10032999059452],[-70.90820438233224,41.10033791928505]]},"properties":{"kind":"street","cls":"lane"}},{"type":"Feature","geometry":{"type":"LineString","coordinates":[[-70.90901296332606,41.10024695241117],[-70.90888450966877,41.10067811647912],[-70.90957522550201,41.10068073437767],[-70.90960799965326,41.100375298624826],[-70.90901296332606,41.10024695241117]]},"properties":{"kind":"street","cls":"lane"}},{"type":"Feature","geometry":{"type":"LineString","coordinates":[[-70.90965414534034,41.09994524804742],[-70.90956334922994,41.09986525270738],[-70.90912668041565,41.09986525270738],[-70.90903912010421,41.100159155277915],[-70.90961779912747,41.10028397330694],[-70.90965414534034,41.09994524804742]]},"properties":{"kind":"street","cls":"lane"}},{"type":"Feature","geometry":{"type":"LineString","coordinates":[[-70.90992963643745,41.10051154368157],[-70.90971236884162,41.10051722274158],[-70.90964630627306,41.10113288690344],[-70.9100148329539,41.101041095172626],[-70.91017289873069,41.10095908346497],[-70.91017927837396,41.100864506061505],[-70.90992963643745,41.10051154368157]]},"properties":{"kind":"street","cls":"lane"}},{"type":"Feature","geometry":{"type":"LineString","coordinates":[[-70.90976295300273,41.100045808204946],[-70.90972204095263,41.1004270843736],[-70.90983936871615,41.100424017595934],[-70.9097818098751,41.100073618510734],[-70.90976295300273,41.100045808204946]]},"properties":{"kind":"street","cls":"lane"}},{"type":"Feature","geometry":{"type":"LineString","coordinates":[[-70.90813833279832,41.1008345070071],[-70.90808597284374,41.10034897704099],[-70.90711682958128,41.10037758785558],[-70.90733502121842,41.10101782612406],[-70.90813833279832,41.1008345070071]]},"properties":{"kind":"street","cls":"lane"}},{"type":"Feature","geometry":{"type":"LineString","coordinates":[[-70.90807630867326,41.1002593619067],[-70.90803380761005,41.09986525270738],[-70.90694222701494,41.09986525270738],[-70.9070864969072,41.10028858289189],[-70.90807630867326,41.1002593619067]]},"properties":{"kind":"street","cls":"lane"}},{"type":"Feature","geometry":{"type":"LineString","coordinates":[[-70.90655968280412,41.101194761645715],[-70.90722082511468,41.10104388616031],[-70.90712936459921,41.10077551417858],[-70.90651138633038,41.1007721689891],[-70.90655968280412,41.101194761645715]]},"properties":{"kind":"street","cls":"lane"}},{"type":"Feature","geometry":{"type":"LineString","coordinates":[[-70.90587242466526,41.10076871021402],[-70.90579217142593,41.10084926910904],[-70.90580719536368,41.101366482478014],[-70.90644307378007,41.101221372320644],[-70.90639166200887,41.10077152090719],[-70.90587242466526,41.10076871021402]]},"properties":{"kind":"street","cls":"lane"}},{"type":"Feature","geometry":{"type":"LineString","coordinates":[[-70.90681914971454,41.09986525270738],[-70.90636338684631,41.09986525270738],[-70.90640070653576,41.10068173602021],[-70.9070986928615,41.10068551430277],[-70.90681914971454,41.09986525270738]]},"properties":{"kind":"street","cls":"lane"}},{"type":"Feature","geometry":{"type":"LineString","coordinates":[[-70.90624410716744,41.09986525270738],[-70.90576358786244,41.09986525270738],[-70.90578720848335,41.100678415082676],[-70.90628139733718,41.10068109018541],[-70.90624410716744,41.09986525270738]]},"properties":{"kind":"street","cls":"lane"}},{"type":"Feature","geometry":{"type":"LineString","coordinates":[[-70.90743692676914,41.101088431171185],[-70.9070163953555,41.10118439822722],[-70.90707356601172,41.101583245677496],[-70.90765338181902,41.10145750931777],[-70.90743692676914,41.101088431171185]]},"properties":{"kind":"street","cls":"lane"}},{"type":"Feature","geometry":{"type":"LineString","coordinates":[[-70.90819290074991,41.10134051156516],[-70.90814821165777,41.100926112936335],[-70.907627469706,41.101044948463105],[-70.90757929988574,41.10110896284855],[-70.90776900821122,41.10143243507615],[-70.90819290074991,41.10134051156516]]},"properties":{"kind":"street","cls":"lane"}},{"type":"Feature","geometry":{"type":"LineString","coordinates":[[-70.90825352377236,41.101902664345175],[-70.90820275104973,41.101431852663055],[-70.90737348009803,41.101611684791436],[-70.90710242948558,41.10178460986872],[-70.9071424914789,41.10206409981942],[-70.90825352377236,41.101902664345175]]},"properties":{"kind":"street","cls":"lane"}},{"type":"Feature","geometry":{"type":"LineString","coordinates":[[-70.90690029082164,41.10121089377534],[-70.90617480759211,41.10137645213193],[-70.90625598913874,41.10163099555761],[-70.90695266585007,41.10157628483306],[-70.90690029082164,41.10121089377534]]},"properties":{"kind":"street","cls":"lane"}},{"type":"Feature","geometry":{"type":"LineString","coordinates":[[-70.90628409044373,41.10171910674467],[-70.90639947091053,41.102080880331016],[-70.90654134182554,41.102151448207],[-70.9070250354071,41.10208116644905],[-70.90696546789506,41.101665597486424],[-70.90628409044373,41.10171910674467]]},"properties":{"kind":"street","cls":"lane"}},{"type":"Feature","geometry":{"type":"LineString","coordinates":[[-70.90606052199419,41.10140253259113],[-70.9058099038505,41.101459724716754],[-70.9058170118917,41.101704425806325],[-70.90593420634472,41.10178951842883],[-70.90617181641726,41.10175149445352],[-70.90606052199419,41.10140253259113]]},"properties":{"kind":"street","cls":"lane"}},{"type":"Feature","geometry":{"type":"LineString","coordinates":[[-70.90588380877314,41.10188941814015],[-70.90582431114869,41.10195570968112],[-70.9058329866997,41.10225437378923],[-70.9063100901766,41.1021850495882],[-70.90619968303986,41.101838869797696],[-70.90588380877314,41.10188941814015]]},"properties":{"kind":"street","cls":"lane"}},{"type":"Feature","geometry":{"type":"LineString","coordinates":[[-70.90768524228397,41.102502356733794],[-70.90753070177476,41.10209917823582],[-70.90700565743892,41.102175468350744],[-70.90706124464155,41.102551301425976],[-70.90768524228397,41.102502356733794]]},"properties":{"kind":"street","cls":"lane"}},{"type":"Feature","geometry":{"type":"LineString","coordinates":[[-70.90711570632047,41.10291952467339],[-70.9078451450222,41.10291952467339],[-70.9077188507707,41.10259003742845],[-70.90707444966847,41.10264058251299],[-70.90711570632047,41.10291952467339]]},"properties":{"kind":"street","cls":"lane"}},{"type":"Feature","geometry":{"type":"LineString","coordinates":[[-70.90830517550899,41.10238162705884],[-70.90826323751476,41.10199273915634],[-70.90764823785014,41.102082099981494],[-70.90774847298394,41.10234360197148],[-70.90830517550899,41.10238162705884]]},"properties":{"kind":"street","cls":"lane"}},{"type":"Feature","geometry":{"type":"LineString","coordinates":[[-70.90792915860776,41.10281499008054],[-70.90806013651951,41.10291952467339],[-70.90836318283425,41.10291952467339],[-70.9083245532067,41.10256131500907],[-70.90820947236884,41.102465289934536],[-70.90778397658829,41.10243622681105],[-70.90792915860776,41.10281499008054]]},"properties":{"kind":"street","cls":"lane"}},{"type":"Feature","geometry":{"type":"LineString","coordinates":[[-70.90654428918067,41.10272272193279],[-70.9066467768512,41.10291952467339],[-70.90699575919886,41.10291952467339],[-70.90688823384161,41.10219253026175],[-70.90670334433237,41.102219395120486],[-70.90654428918067,41.10272272193279]]},"properties":{"kind":"street","cls":"lane"}},{"type":"Feature","geometry":{"type":"LineString","coordinates":[[-70.90585230790461,41.10291952467339],[-70.90635955563738,41.10291952467339],[-70.90657490444562,41.10223805772296],[-70.90583563300919,41.10234547551418],[-70.90585230790461,41.10291952467339]]},"properties":{"kind":"street","cls":"lane"}},{"type":"Feature","geometry":{"type":"LineString","coordinates":[[-70.90571861711445,41.10242195785524],[-70.90570708744394,41.10202503796522],[-70.9045669590906,41.10226545563759],[-70.90458015429039,41.10245444802177],[-70.90571861711445,41.10242195785524]]},"properties":{"kind":"street","cls":"lane"}},{"type":"Feature","geometry":{"type":"LineString","coordinates":[[-70.90460690789541,41.10283763491404],[-70.90483136837433,41.10291952467339],[-70.90573307036209,41.10291952467339],[-70.90572122623514,41.10251177932054],[-70.90458641822468,41.1025441651837],[-70.90460690789541,41.10283763491404]]},"properties":{"kind":"street","cls":"lane"}},{"type":"Feature","geometry":{"type":"LineString","coordinates":[[-70.90570439428846,41.10193232352193],[-70.90569712972619,41.10168223404554],[-70.90451842607963,41.101570326377995],[-70.90454895201006,41.102007543583305],[-70.90487529586724,41.1021071546381],[-70.90570439428846,41.10193232352193]]},"properties":{"kind":"street","cls":"lane"}},{"type":"Feature","geometry":{"type":"LineString","coordinates":[[-70.90446658410532,41.102537573036685],[-70.9044386978031,41.10213816273367],[-70.90367876050871,41.102152508094804],[-70.90365367145158,41.10243515936149],[-70.90446658410532,41.102537573036685]]},"properties":{"kind":"street","cls":"lane"}},{"type":"Feature","geometry":{"type":"LineString","coordinates":[[-70.90361067759157,41.10291952467339],[-70.90449325146642,41.10291952467339],[-70.90447299950179,41.10262945956317],[-70.9038678127064,41.10255321594264],[-70.90363627925457,41.102631098431104],[-70.90361067759157,41.10291952467339]]},"properties":{"kind":"street","cls":"lane"}},{"type":"Feature","geometry":{"type":"LineString","coordinates":[[-70.90443243217423,41.102048421300594],[-70.90439825564427,41.10155891723952],[-70.903737022004,41.10149613885192],[-70.90368675013976,41.10206249756473],[-70.90443243217423,41.102048421300594]]},"properties":{"kind":"street","cls":"lane"}},{"type":"Feature","geometry":{"type":"LineString","coordinates":[[-70.9028150113596,41.10291952467339],[-70.90306852566512,41.10291952467339],[-70.90309602202313,41.10244233467648],[-70.90281969281806,41.102425598350436],[-70.9028150113596,41.10291952467339]]},"properties":{"kind":"street","cls":"lane"}},{"type":"Feature","geometry":{"type":"LineString","coordinates":[[-70.90318784697818,41.10291952467339],[-70.9034912022256,41.10291952467339],[-70.9035195920926,41.10259968675277],[-70.90342472210078,41.102462242929285],[-70.90321492836097,41.1024495364315],[-70.90318784697818,41.10291952467339]]},"properties":{"kind":"street","cls":"lane"}},{"type":"Feature","geometry":{"type":"LineString","coordinates":[[-70.90342482049893,41.10237212767539],[-70.90354056283397,41.10236343209485],[-70.90354789003842,41.10228088440832],[-70.90282295218816,41.102081712207124],[-70.90282054650137,41.10233552884161],[-70.90342482049893,41.10237212767539]]},"properties":{"kind":"street","cls":"lane"}},{"type":"Feature","geometry":{"type":"LineString","coordinates":[[-70.90220343003311,41.10291952467339],[-70.90269579933236,41.10291952467339],[-70.9027030560623,41.10215388935527],[-70.90267352011885,41.10204065666814],[-70.90245057552612,41.101979404016944],[-70.90220343003311,41.10291952467339]]},"properties":{"kind":"street","cls":"lane"}},{"type":"Feature","geometry":{"type":"LineString","coordinates":[[-70.9035561751662,41.10218754483625],[-70.903618545079,41.10148489049754],[-70.90335726501401,41.101460084226055],[-70.90310943388329,41.10206480542534],[-70.9035561751662,41.10218754483625]]},"properties":{"kind":"street","cls":"lane"}},{"type":"Feature","geometry":{"type":"LineString","coordinates":[[-70.90323717332316,41.101448682563685],[-70.90260585233015,41.10138874412199],[-70.90254761841581,41.101610261031404],[-70.90312446395411,41.10172369944564],[-70.90323717332316,41.101448682563685]]},"properties":{"kind":"street","cls":"lane"}},{"type":"Feature","geometry":{"type":"LineString","coordinates":[[-70.902524411712,41.10169853737972],[-70.90247401848715,41.10189022896603],[-70.9029972959314,41.102033996215],[-70.9030892533538,41.10180961519152],[-70.902524411712,41.10169853737972]]},"properties":{"kind":"street","cls":"lane"}},{"type":"Feature","geometry":{"type":"LineString","coordinates":[[-70.9056688813314,41.10070975614552],[-70.90566118662575,41.1004448585736],[-70.90499418829772,41.10036728349159],[-70.90495009410525,41.100789836586415],[-70.9056688813314,41.10070975614552]]},"properties":{"kind":"street","cls":"lane"}},{"type":"Feature","geometry":{"type":"LineString","coordinates":[[-70.90565853736629,41.1003536552934],[-70.90564769811385,41.09998050370263],[-70.90550444849899,41.09986525270738],[-70.90504657613324,41.09986525270738],[-70.90500355963832,41.100277478264424],[-70.90565853736629,41.1003536552934]]},"properties":{"kind":"street","cls":"lane"}},{"type":"Feature","geometry":{"type":"LineString","coordinates":[[-70.90437934958851,41.10036579288092],[-70.90421704073661,41.100871506425314],[-70.90482911057634,41.100803315421295],[-70.90487132139225,41.10039881065798],[-70.90437934958851,41.10036579288092]]},"properties":{"kind":"street","cls":"lane"}},{"type":"Feature","geometry":{"type":"LineString","coordinates":[[-70.90492699914556,41.09986525270738],[-70.90465454338288,41.09986525270738],[-70.90450331580269,41.099979545348354],[-70.90440768481126,41.10027750745616],[-70.90488066712928,41.10030925078903],[-70.90492699914556,41.09986525270738]]},"properties":{"kind":"street","cls":"lane"}},{"type":"Feature","geometry":{"type":"LineString","coordinates":[[-70.90568083821995,41.10112138342425],[-70.90567151059973,41.10080027121251],[-70.90500300314173,41.10087474995954],[-70.90496699162203,41.10110839195727],[-70.90568083821995,41.10112138342425]]},"properties":{"kind":"street","cls":"lane"}},{"type":"Feature","geometry":{"type":"LineString","coordinates":[[-70.90569449241126,41.101591441966725],[-70.90568344977443,41.10121128867502],[-70.90495318048534,41.1011979983275],[-70.90490410462237,41.10151640151515],[-70.90569449241126,41.101591441966725]]},"properties":{"kind":"street","cls":"lane"}},{"type":"Feature","geometry":{"type":"LineString","coordinates":[[-70.90488089596396,41.10088835398069],[-70.90418681511015,41.10096568187242],[-70.90403649873514,41.10143402987621],[-70.90478582508246,41.10150517190076],[-70.90488089596396,41.10088835398069]]},"properties":{"kind":"street","cls":"lane"}},{"type":"Feature","geometry":{"type":"LineString","coordinates":[[-70.903603695841,41.09986525270738],[-70.90300635840794,41.09986525270738],[-70.90292174854562,41.100187101503145],[-70.9035727522923,41.10035502094498],[-70.903603695841,41.09986525270738]]},"properties":{"kind":"street","cls":"lane"}},{"type":"Feature","geometry":{"type":"LineString","coordinates":[[-70.90441735207294,41.09986525270738],[-70.90372303985814,41.09986525270738],[-70.90370979448282,41.100074897832165],[-70.90433046482799,41.1001359715012],[-70.90441735207294,41.09986525270738]]},"properties":{"kind":"street","cls":"lane"}},{"type":"Feature","geometry":{"type":"LineString","coordinates":[[-70.90370410611031,41.10016493224302],[-70.90369018259483,41.10038531083341],[-70.9042076042333,41.10051877420159],[-70.90430227877486,41.1002237921509],[-70.90370410611031,41.10016493224302]]},"properties":{"kind":"street","cls":"lane"}},{"type":"Feature","geometry":{"type":"LineString","coordinates":[[-70.90278471111345,41.1007083803625],[-70.90262907495287,41.101300407219505],[-70.90301358758634,41.10133691335239],[-70.90334948420335,41.10081981450245],[-70.90278471111345,41.1007083803625]]},"properties":{"kind":"street","cls":"lane"}},{"type":"Feature","geometry":{"type":"LineString","coordinates":[[-70.90368828898526,41.10140097038663],[-70.90388180301986,41.10141934286245],[-70.90393583125525,41.10136555042114],[-70.90406563438616,41.10096111652468],[-70.90374803624029,41.10089845193093],[-70.90368828898526,41.10140097038663]]},"properties":{"kind":"street","cls":"lane"}},{"type":"Feature","geometry":{"type":"LineString","coordinates":[[-70.90319997978068,41.101254294320405],[-70.9032299427676,41.101357454396585],[-70.90356993844331,41.101389734031216],[-70.90363109311785,41.100875378139875],[-70.9034671304315,41.10084302702176],[-70.90319997978068,41.101254294320405]]},"properties":{"kind":"street","cls":"lane"}},{"type":"Feature","geometry":{"type":"LineString","coordinates":[[-70.90289837293906,41.10027602034328],[-70.90280791895321,41.10062009969315],[-70.90330424639589,41.100718028972544],[-70.90343267385221,41.10041383753952],[-70.90289837293906,41.10027602034328]]},"properties":{"kind":"street","cls":"lane"}},{"type":"Feature","geometry":{"type":"LineString","coordinates":[[-70.90341972360764,41.10074081352798],[-70.90389081556053,41.10083376364821],[-70.90412251321817,41.10078389639524],[-70.90417946045226,41.10060646314219],[-70.90354548535385,41.100442936057746],[-70.90341972360764,41.10074081352798]]},"properties":{"kind":"street","cls":"lane"}},{"type":"Feature","geometry":{"type":"LineString","coordinates":[[-70.90089736906502,41.10041316500499],[-70.90094684100747,41.0999868445405],[-70.90084511891861,41.10003854834492],[-70.90089736906502,41.10041316500499]]},"properties":{"kind":"street","cls":"lane"}},{"type":"Feature","geometry":{"type":"LineString","coordinates":[[-70.89966696718477,41.1020809745374],[-70.89964843550918,41.101782117272656],[-70.89907504904674,41.10172029511978],[-70.8991294820006,41.10212166641231],[-70.89966696718477,41.1020809745374]]},"properties":{"kind":"street","cls":"lane"}},{"type":"Feature","geometry":{"type":"LineString","coordinates":[[-70.89964277059337,41.1016907601133],[-70.89962903076376,41.101469180155725],[-70.8991664881114,41.10150581478454],[-70.89905166456177,41.10154786536369],[-70.89906255963206,41.10162820214743],[-70.89964277059337,41.1016907601133]]},"properties":{"kind":"street","cls":"lane"}},{"type":"Feature","geometry":{"type":"LineString","coordinates":[[-70.89839067867953,41.10177826185396],[-70.89839067867953,41.10217759966072],[-70.89901086994304,41.10213064628218],[-70.8989680050289,41.1018145740361],[-70.89839067867953,41.10177826185396]]},"properties":{"kind":"street","cls":"lane"}},{"type":"Feature","geometry":{"type":"LineString","coordinates":[[-70.89839067867953,41.10156726098939],[-70.89839067867953,41.10168811795741],[-70.89890496889889,41.10172046534661],[-70.89895271355243,41.10170181955116],[-70.89892868617909,41.10152464934061],[-70.89839067867953,41.10156726098939]]},"properties":{"kind":"street","cls":"lane"}},{"type":"Feature","geometry":{"type":"LineString","coordinates":[[-70.89969622620853,41.10255282997018],[-70.89967253938119,41.10217083642661],[-70.89941343996948,41.10219045229912],[-70.89931270814863,41.10226526743681],[-70.89925829792597,41.10246134125231],[-70.89931351477325,41.10250274294404],[-70.89969622620853,41.10255282997018]]},"properties":{"kind":"street","cls":"lane"}},{"type":"Feature","geometry":{"type":"LineString","coordinates":[[-70.89913115263684,41.10291952467339],[-70.89971896437851,41.10291952467339],[-70.8997019261625,41.10264475218438],[-70.8992247320833,41.10258229982442],[-70.89913115263684,41.10291952467339]]},"properties":{"kind":"street","cls":"lane"}},{"type":"Feature","geometry":{"type":"LineString","coordinates":[[-70.89910262354014,41.10258345675711],[-70.89920735208614,41.10220605478011],[-70.89839067867953,41.10226788340922],[-70.89839067867953,41.10244115594202],[-70.89910262354014,41.10258345675711]]},"properties":{"kind":"street","cls":"lane"}},{"type":"Feature","geometry":{"type":"LineString","coordinates":[[-70.89839067867953,41.10291952467339],[-70.89900936514097,41.10291952467339],[-70.89907818871627,41.10267151059907],[-70.89839067867953,41.102534093723094],[-70.89839067867953,41.10291952467339]]},"properties":{"kind":"street","cls":"lane"}},{"type":"Feature","geometry":{"type":"LineString","coordinates":[[-70.8997477865844,41.1014597743736],[-70.8997539646089,41.10155940635223],[-70.90030566629787,41.101578206054704],[-70.90027860254644,41.10141773231405],[-70.8997477865844,41.1014597743736]]},"properties":{"kind":"street","cls":"lane"}},{"type":"Feature","geometry":{"type":"LineString","coordinates":[[-70.89975955242191,41.10164952008757],[-70.8997801212046,41.101981229441165],[-70.9003734707589,41.10198025066842],[-70.90032091944327,41.101668649144436],[-70.89975955242191,41.10164952008757]]},"properties":{"kind":"street","cls":"lane"}},{"type":"Feature","geometry":{"type":"LineString","coordinates":[[-70.90071558362607,41.10197968632865],[-70.90078545349891,41.10137758834805],[-70.90039718638795,41.10140834015314],[-70.90049360515862,41.101980052498085],[-70.90071558362607,41.10197968632865]]},"properties":{"kind":"street","cls":"lane"}},{"type":"Feature","geometry":{"type":"LineString","coordinates":[[-70.90065314841938,41.10251771667471],[-70.90070515719314,41.10206953527143],[-70.89978569096203,41.10207105199709],[-70.89981637181194,41.1025658369847],[-70.90065314841938,41.10251771667471]]},"properties":{"kind":"street","cls":"lane"}},{"type":"Feature","geometry":{"type":"LineString","coordinates":[[-70.89983830343711,41.10291952467339],[-70.9006065210021,41.10291952467339],[-70.90064262346071,41.102608414655094],[-70.89982193847189,41.10265560958826],[-70.89983830343711,41.10291952467339]]},"properties":{"kind":"street","cls":"lane"}},{"type":"Feature","geometry":{"type":"LineString","coordinates":[[-70.9015620393389,41.10063929391927],[-70.90162149268852,41.10070044777922],[-70.90189770726971,41.10069254082995],[-70.9018963112491,41.1003531518184],[-70.9015859665497,41.100371883567504],[-70.9015620393389,41.10063929391927]]},"properties":{"kind":"street","cls":"lane"}},{"type":"Feature","geometry":{"type":"LineString","coordinates":[[-70.90101784421077,41.100406174229256],[-70.90099207682019,41.10062822263446],[-70.90107806464816,41.10069067447804],[-70.90120283821172,41.10071243222876],[-70.90143661423272,41.10070574013043],[-70.90146583811025,41.100379134265815],[-70.90101784421077,41.100406174229256]]},"properties":{"kind":"street","cls":"lane"}},{"type":"Feature","geometry":{"type":"LineString","coordinates":[[-70.90189430435674,41.09986525270738],[-70.90153179484632,41.09986525270738],[-70.9015753315995,41.10028240624717],[-70.90189594065058,41.10026305496353],[-70.90189430435674,41.09986525270738]]},"properties":{"kind":"street","cls":"lane"}},{"type":"Feature","geometry":{"type":"LineString","coordinates":[[-70.90141221775711,41.09986525270738],[-70.90118606083651,41.09986525270738],[-70.90107400551405,41.09992220873868],[-70.90102837577302,41.10031541934303],[-70.90145650305008,41.100289578486866],[-70.90141221775711,41.09986525270738]]},"properties":{"kind":"street","cls":"lane"}},{"type":"Feature","geometry":{"type":"LineString","coordinates":[[-70.90267318530823,41.1006703419095],[-70.90275957609623,41.10034171862233],[-70.90201541907524,41.10032841927232],[-70.90201690279396,41.100689128725634],[-70.90267318530823,41.1006703419095]]},"properties":{"kind":"street","cls":"lane"}},{"type":"Feature","geometry":{"type":"LineString","coordinates":[[-70.90278308781352,41.10025228202845],[-70.90288483278817,41.09986525270738],[-70.90201351391612,41.09986525270738],[-70.90201504943701,41.10023855587805],[-70.90278308781352,41.10025228202845]]},"properties":{"kind":"street","cls":"lane"}},{"type":"Feature","geometry":{"type":"LineString","coordinates":[[-70.90158709360479,41.100791328812505],[-70.90097110307059,41.10080896222595],[-70.90096268785823,41.1008814796382],[-70.90100399067526,41.101177607485376],[-70.9016594619103,41.10115262614532],[-70.90158709360479,41.100791328812505]]},"properties":{"kind":"street","cls":"lane"}},{"type":"Feature","geometry":{"type":"LineString","coordinates":[[-70.90090622744027,41.10136802272531],[-70.90090470059559,41.10138118018593],[-70.90102251141812,41.10142383435721],[-70.9017517374659,41.101613310030224],[-70.90169016934527,41.1013059324066],[-70.90090622744027,41.10136802272531]]},"properties":{"kind":"street","cls":"lane"}},{"type":"Feature","geometry":{"type":"LineString","coordinates":[[-70.90255050654251,41.101137001610056],[-70.90264937354075,41.100760919869096],[-70.90170696557306,41.10078789734423],[-70.9017438004573,41.10097179477468],[-70.90255050654251,41.101137001610056]]},"properties":{"kind":"street","cls":"lane"}},{"type":"Feature","geometry":{"type":"LineString","coordinates":[[-70.9019757655771,41.101112389080775],[-70.90176324402425,41.10106886639781],[-70.90187891569005,41.10164635489976],[-70.90195015382285,41.1016648647887],[-70.9019757655771,41.101112389080775]]},"properties":{"kind":"street","cls":"lane"}},{"type":"Feature","geometry":{"type":"LineString","coordinates":[[-70.90238222501924,41.101777130362564],[-70.90252728466005,41.10122533569667],[-70.90209392549782,41.10113658727009],[-70.90206801584421,41.10169548901817],[-70.90238222501924,41.101777130362564]]},"properties":{"kind":"street","cls":"lane"}},{"type":"Feature","geometry":{"type":"LineString","coordinates":[[-70.90072618491011,41.10291952467339],[-70.90108011859958,41.10291952467339],[-70.9012163952199,41.10284152593372],[-70.90130205136259,41.10258992406099],[-70.90075720541651,41.10265220796728],[-70.90072618491011,41.10291952467339]]},"properties":{"kind":"street","cls":"lane"}},{"type":"Feature","geometry":{"type":"LineString","coordinates":[[-70.90133423634803,41.102495385568396],[-70.90141239261008,41.10226581345272],[-70.9008083846876,41.10221117473645],[-70.9007678908404,41.10256012719082],[-70.90133423634803,41.102495385568396]]},"properties":{"kind":"street","cls":"lane"}},{"type":"Feature","geometry":{"type":"LineString","coordinates":[[-70.90133933963311,41.10284189302199],[-70.90148167240233,41.10291952467339],[-70.90208190441334,41.10291952467339],[-70.90209497032133,41.10286982305897],[-70.90141570630209,41.10261757756339],[-70.90133933963311,41.10284189302199]]},"properties":{"kind":"street","cls":"lane"}},{"type":"Feature","geometry":{"type":"LineString","coordinates":[[-70.90200303822526,41.102735537101616],[-70.90214002169634,41.10269845141979],[-70.90223421302187,41.10234015554432],[-70.90164894064284,41.102287211650264],[-70.90151747298363,41.102318653436605],[-70.90144597405049,41.10252867066257],[-70.90200303822526,41.102735537101616]]},"properties":{"kind":"street","cls":"lane"}},{"type":"Feature","geometry":{"type":"LineString","coordinates":[[-70.90086260376307,41.10174394623678],[-70.90081877487137,41.1021216381677],[-70.90135962103446,41.102170563254525],[-70.90152978144589,41.101906533368876],[-70.90086260376307,41.10174394623678]]},"properties":{"kind":"street","cls":"lane"}},{"type":"Feature","geometry":{"type":"LineString","coordinates":[[-70.9016710318387,41.1016873617957],[-70.90089264000865,41.10148511131889],[-70.90087325841218,41.10165213065959],[-70.90158236853006,41.101824936470365],[-70.9016710318387,41.1016873617957]]},"properties":{"kind":"street","cls":"lane"}},{"type":"Feature","geometry":{"type":"LineString","coordinates":[[-70.90203480015172,41.10223164013588],[-70.90228733490125,41.10213808438578],[-70.90235884226338,41.10186607639801],[-70.90178454685595,41.10171685653791],[-70.90156013838214,41.10206506058363],[-70.90162300940545,41.102194389436164],[-70.90203480015172,41.10223164013588]]},"properties":{"kind":"street","cls":"lane"}},{"type":"Feature","geometry":{"type":"LineString","coordinates":[[-70.90733702425196,41.10301833935464],[-70.90740536627595,41.10316280174455],[-70.90784199713897,41.10301833935464],[-70.90733702425196,41.10301833935464]]},"properties":{"kind":"street","cls":"grid"}},{"type":"Feature","geometry":{"type":"LineString","coordinates":[[-70.90819783172743,41.10301833935464],[-70.90745914584244,41.10326273877158],[-70.90764168823839,41.10356222696309],[-70.90903361492364,41.10313244124527],[-70.90897563372714,41.10301833935464],[-70.90819783172743,41.10301833935464]]},"properties":{"kind":"street","cls":"grid"}},{"type":"Feature","geometry":{"type":"LineString","coordinates":[[-70.9086916086799,41.103371197693754],[-70.90852587423191,41.10340571265578],[-70.90769872227962,41.10366111267025],[-70.9078735505521,41.10398135797315],[-70.90860782698076,41.10347178742967],[-70.9086916086799,41.103371197693754]]},"properties":{"kind":"street","cls":"grid"}},{"type":"Feature","geometry":{"type":"LineString","coordinates":[[-70.905585668814,41.10301833935464],[-70.90565455709105,41.10314701324682],[-70.90607786842827,41.10301833935464],[-70.905585668814,41.10301833935464]]},"properties":{"kind":"street","cls":"grid"}},{"type":"Feature","geometry":{"type":"LineString","coordinates":[[-70.90646026651257,41.10301833935464],[-70.90570903494601,41.10324669111633],[-70.90571322704649,41.103254209079914],[-70.90641892814817,41.103469066395085],[-70.90727349166553,41.10320506624666],[-70.9071851552221,41.10301833935464],[-70.90646026651257,41.10301833935464]]},"properties":{"kind":"street","cls":"grid"}},{"type":"Feature","geometry":{"type":"LineString","coordinates":[[-70.90732743000531,41.103304907864405],[-70.90660886429546,41.103526894235465],[-70.90719433980325,41.10370514774166],[-70.90750964007397,41.10360385082313],[-70.90732743000531,41.103304907864405]]},"properties":{"kind":"street","cls":"grid"}},{"type":"Feature","geometry":{"type":"LineString","coordinates":[[-70.90637884048805,41.10396714424265],[-70.90686626542583,41.10381054861367],[-70.90690729728392,41.103734018665364],[-70.90656045011752,41.10362841779444],[-70.90637884048805,41.10396714424265]]},"properties":{"kind":"street","cls":"grid"}},{"type":"Feature","geometry":{"type":"LineString","coordinates":[[-70.90719581348658,41.10382186012762],[-70.90630293621777,41.104108715942075],[-70.90624478644504,41.104217173109454],[-70.9064296722805,41.10453952836416],[-70.90779504255302,41.10412089250603],[-70.9077187048266,41.10398105929731],[-70.90719581348658,41.10382186012762]]},"properties":{"kind":"street","cls":"grid"}},{"type":"Feature","geometry":{"type":"LineString","coordinates":[[-70.90784712008782,41.104221304318756],[-70.90648223823483,41.10463979042269],[-70.90654147466006,41.104764428178406],[-70.90681596796024,41.10471910439455],[-70.90705127493787,41.104667622030384],[-70.90732877066867,41.104592177188536],[-70.90765712490618,41.10443061071374],[-70.90786785160002,41.10426340179933],[-70.90784712008782,41.104221304318756]]},"properties":{"kind":"street","cls":"grid"}},{"type":"Feature","geometry":{"type":"LineString","coordinates":[[-70.90337113067567,41.10301833935464],[-70.90346732919848,41.103184803160836],[-70.90400974645131,41.10301833935464],[-70.90337113067567,41.10301833935464]]},"properties":{"kind":"street","cls":"grid"}},{"type":"Feature","geometry":{"type":"LineString","coordinates":[[-70.90550833966299,41.10319182919553],[-70.905519134263,41.103188497823055],[-70.90550284574138,41.103151761884725],[-70.90543141518104,41.10301833935464],[-70.90493851046378,41.10301833935464],[-70.90550833966299,41.10319182919553]]},"properties":{"kind":"street","cls":"grid"}},{"type":"Feature","geometry":{"type":"LineString","coordinates":[[-70.90438901453643,41.10301833935464],[-70.90352169901249,41.103284512015136],[-70.90375235225328,41.103733752761066],[-70.90436884664312,41.10354349351659],[-70.904637251646,41.103042881993034],[-70.9045566410932,41.10301833935464],[-70.90438901453643,41.10301833935464]]},"properties":{"kind":"street","cls":"grid"}},{"type":"Feature","geometry":{"type":"LineString","coordinates":[[-70.9042940081061,41.10368307747977],[-70.90380643512161,41.10383354968063],[-70.90400598237349,41.104183066855434],[-70.90402963937309,41.10417616081576],[-70.9042940081061,41.10368307747977]]},"properties":{"kind":"street","cls":"grid"}},{"type":"Feature","geometry":{"type":"LineString","coordinates":[[-70.90453318284182,41.104144768435376],[-70.90413907088401,41.104259819069874],[-70.90409685852482,41.1043385508119],[-70.90425214508936,41.10460156152586],[-70.90515755622354,41.10433486476389],[-70.90453318284182,41.104144768435376]]},"properties":{"kind":"street","cls":"grid"}},{"type":"Feature","geometry":{"type":"LineString","coordinates":[[-70.90535077342957,41.104393691553355],[-70.90430622939114,41.10470137112816],[-70.90451250305047,41.105117304894385],[-70.9045308868987,41.10511339501043],[-70.90612902800913,41.104630638454935],[-70.90535077342957,41.104393691553355]]},"properties":{"kind":"street","cls":"grid"}},{"type":"Feature","geometry":{"type":"LineString","coordinates":[[-70.9060915571572,41.104502966393575],[-70.90625906313487,41.104553965158566],[-70.90627019944164,41.10453319444475],[-70.90616949202399,41.10435760735782],[-70.9060915571572,41.104502966393575]]},"properties":{"kind":"street","cls":"grid"}},{"type":"Feature","geometry":{"type":"LineString","coordinates":[[-70.90138089334172,41.10301833935464],[-70.901496806872,41.1032260645531],[-70.90218837795031,41.10301833935464],[-70.90138089334172,41.10301833935464]]},"properties":{"kind":"street","cls":"grid"}},{"type":"Feature","geometry":{"type":"LineString","coordinates":[[-70.90257472413536,41.10301833935464],[-70.9015490449526,41.103326419635145],[-70.90172767342686,41.10369597880587],[-70.9033343479401,41.103224681220624],[-70.90321510410475,41.10301833935464],[-70.90257472413536,41.10301833935464]]},"properties":{"kind":"street","cls":"grid"}},{"type":"Feature","geometry":{"type":"LineString","coordinates":[[-70.90334435281993,41.103337423525346],[-70.90182390467169,41.103783427700336],[-70.90206731436928,41.1042276532054],[-70.90357502239452,41.10378669608446],[-70.90334435281993,41.103337423525346]]},"properties":{"kind":"street","cls":"grid"}},{"type":"Feature","geometry":{"type":"LineString","coordinates":[[-70.90362904450414,41.1038865284019],[-70.90212122740368,41.10432751742391],[-70.9023157814637,41.10469305399269],[-70.90382856995683,41.10423600739429],[-70.90362904450414,41.1038865284019]]},"properties":{"kind":"street","cls":"grid"}},{"type":"Feature","geometry":{"type":"LineString","coordinates":[[-70.90388589863397,41.10433482600834],[-70.90236938378479,41.10479299842067],[-70.90254477522147,41.10511757424002],[-70.90407476647636,41.104654713734746],[-70.90388589863397,41.10433482600834]]},"properties":{"kind":"street","cls":"grid"}},{"type":"Feature","geometry":{"type":"LineString","coordinates":[[-70.90417321394723,41.10474109125039],[-70.90255436143089,41.10523083450303],[-70.90266084316544,41.1054288445429],[-70.90367296107564,41.1052598239531],[-70.90430774774508,41.10501236752194],[-70.90417321394723,41.10474109125039]]},"properties":{"kind":"street","cls":"grid"}},{"type":"Feature","geometry":{"type":"LineString","coordinates":[[-70.89975714075742,41.10301833935464],[-70.89980812131682,41.1031158695939],[-70.90010158368862,41.1030330955442],[-70.90009387040088,41.10301833935464],[-70.89975714075742,41.10301833935464]]},"properties":{"kind":"street","cls":"grid"}},{"type":"Feature","geometry":{"type":"LineString","coordinates":[[-70.9005619745286,41.10301833935464],[-70.89986179992373,41.10321583073041],[-70.90008635514945,41.10362363824953],[-70.90136326021867,41.103264839033365],[-70.90122570999276,41.10301833935464],[-70.9005619745286,41.10301833935464]]},"properties":{"kind":"street","cls":"grid"}},{"type":"Feature","geometry":{"type":"LineString","coordinates":[[-70.90137086334856,41.10337775084264],[-70.90018633683981,41.10371059248695],[-70.90039401560841,41.104081699914175],[-70.90154968606068,41.10374771186631],[-70.90137086334856,41.10337775084264]]},"properties":{"kind":"street","cls":"grid"}},{"type":"Feature","geometry":{"type":"LineString","coordinates":[[-70.90160145543757,41.103848204001984],[-70.90044743857351,41.10418171416388],[-70.90067821028555,41.104633871622184],[-70.90184499671864,41.104292669648395],[-70.90160145543757,41.103848204001984]]},"properties":{"kind":"street","cls":"grid"}},{"type":"Feature","geometry":{"type":"LineString","coordinates":[[-70.9018989466068,41.10439252317544],[-70.90072907484534,41.104734627388154],[-70.90090471654673,41.10508649324784],[-70.90209317848914,41.10475745442288],[-70.9018989466068,41.10439252317544]]},"properties":{"kind":"street","cls":"grid"}},{"type":"Feature","geometry":{"type":"LineString","coordinates":[[-70.90214678757815,41.10485745528256],[-70.90095583342553,41.10518718410346],[-70.90112122823066,41.10550782901163],[-70.90232189437681,41.1051815043566],[-70.90214678757815,41.10485745528256]]},"properties":{"kind":"street","cls":"grid"}},{"type":"Feature","geometry":{"type":"LineString","coordinates":[[-70.90242067118278,41.105269252973855],[-70.90112860598293,41.105620418642985],[-70.90125742178182,41.10586589097039],[-70.9014615142213,41.10585061833936],[-70.90198342062834,41.10577782794243],[-70.90249500842553,41.10567253007519],[-70.90261827270243,41.10563670646196],[-70.90242067118278,41.105269252973855]]},"properties":{"kind":"street","cls":"grid"}},{"type":"Feature","geometry":{"type":"LineString","coordinates":[[-70.89785708622429,41.10301833935464],[-70.8979318966385,41.10315489188015],[-70.89827647463648,41.10305129113972],[-70.89825842197372,41.10301833935464],[-70.89785708622429,41.10301833935464]]},"properties":{"kind":"street","cls":"grid"}},{"type":"Feature","geometry":{"type":"LineString","coordinates":[[-70.89877209457842,41.10301833935464],[-70.89798264358157,41.10325569550705],[-70.89814816659319,41.10361672801694],[-70.89967475134782,41.103154855347334],[-70.89960339233416,41.10301833935464],[-70.89877209457842,41.10301833935464]]},"properties":{"kind":"street","cls":"grid"}},{"type":"Feature","geometry":{"type":"LineString","coordinates":[[-70.89968412374049,41.1032681815243],[-70.8982432980634,41.10370410753489],[-70.89847531413578,41.10412275868254],[-70.89990911944749,41.103676788987265],[-70.89968412374049,41.1032681815243]]},"properties":{"kind":"street","cls":"grid"}},{"type":"Feature","geometry":{"type":"LineString","coordinates":[[-70.89996432259808,41.1037762382164],[-70.89853045109645,41.10422222849933],[-70.89872414438209,41.104571592820506],[-70.90017154158363,41.104146524043486],[-70.89996432259808,41.1037762382164]]},"properties":{"kind":"street","cls":"grid"}},{"type":"Feature","geometry":{"type":"LineString","coordinates":[[-70.9002250611712,41.104246501315096],[-70.89877702620933,41.10467175738832],[-70.89901534535537,41.10514606926209],[-70.90045675339417,41.10470046235616],[-70.9002250611712,41.104246501315096]]},"properties":{"kind":"street","cls":"grid"}},{"type":"Feature","geometry":{"type":"LineString","coordinates":[[-70.90050760723081,41.104801257612515],[-70.89906921470512,41.10524593228174],[-70.89926056338922,41.10557724570204],[-70.90068204174146,41.1051507050875],[-70.90050760723081,41.104801257612515]]},"properties":{"kind":"street","cls":"grid"}},{"type":"Feature","geometry":{"type":"LineString","coordinates":[[-70.90077746141732,41.105238102530066],[-70.8992706316009,41.10569025441467],[-70.8993705704246,41.105884436541935],[-70.89983011762114,41.105910460138226],[-70.90094306168974,41.10555914577021],[-70.90077746141732,41.105238102530066]]},"properties":{"kind":"street","cls":"grid"}},{"type":"Feature","geometry":{"type":"LineString","coordinates":[[-70.90099530043696,41.10565952946185],[-70.90019819006714,41.10591114707114],[-70.90038413840031,41.1059110617331],[-70.9009260279544,41.105890689809904],[-70.90110940469755,41.1058769673744],[-70.90099530043696,41.10565952946185]]},"properties":{"kind":"street","cls":"grid"}},{"type":"Feature","geometry":{"type":"LineString","coordinates":[[-70.89547652206274,41.10301833935464],[-70.8955848339664,41.1031981094813],[-70.89575210538744,41.1031981094813],[-70.89635310389414,41.10301833935464],[-70.89547652206274,41.10301833935464]]},"properties":{"kind":"street","cls":"grid"}},{"type":"Feature","geometry":{"type":"LineString","coordinates":[[-70.89674084142753,41.10301833935464],[-70.89566582214216,41.10333989814544],[-70.89587855573413,41.10375224280987],[-70.89779869986562,41.10319425517059],[-70.89770232424014,41.10301833935464],[-70.89674084142753,41.10301833935464]]},"properties":{"kind":"street","cls":"grid"}},{"type":"Feature","geometry":{"type":"LineString","coordinates":[[-70.8978048310513,41.10330800894145],[-70.8959739735413,41.10384005017893],[-70.8961610710163,41.10421794275931],[-70.89797095195928,41.10367034556019],[-70.8978048310513,41.10330800894145]]},"properties":{"kind":"street","cls":"grid"}},{"type":"Feature","geometry":{"type":"LineString","coordinates":[[-70.89802202612968,41.103771054757985],[-70.89621253454224,41.10431853415377],[-70.89643169613325,41.10473280470301],[-70.89825423087905,41.104190046355505],[-70.89802202612968,41.103771054757985]]},"properties":{"kind":"street","cls":"grid"}},{"type":"Feature","geometry":{"type":"LineString","coordinates":[[-70.8983609412459,41.10438253982451],[-70.89782168342578,41.104434771197184],[-70.89648538686086,41.10483272581343],[-70.89667670497987,41.10518348524667],[-70.89850222815203,41.10463737882879],[-70.8983609412459,41.10438253982451]]},"properties":{"kind":"street","cls":"grid"}},{"type":"Feature","geometry":{"type":"LineString","coordinates":[[-70.89859946381846,41.10472427208059],[-70.89668642219857,41.10529655969776],[-70.89681521043875,41.10553619514177],[-70.8971072490301,41.1055640443555],[-70.89763144855708,41.10555696404652],[-70.89883843945108,41.10519989051906],[-70.89859946381846,41.10472427208059]]},"properties":{"kind":"street","cls":"grid"}},{"type":"Feature","geometry":{"type":"LineString","coordinates":[[-70.89889229102887,41.10529976653101],[-70.89778159872009,41.10562835129714],[-70.89877593223326,41.105723172349414],[-70.89908331818482,41.105630523236776],[-70.89889229102887,41.10529976653101]]},"properties":{"kind":"street","cls":"grid"}},{"type":"Feature","geometry":{"type":"LineString","coordinates":[[-70.89913776465964,41.1057302135298],[-70.89882286203392,41.10582512824107],[-70.89920935427281,41.10586931285939],[-70.89913776465964,41.1057302135298]]},"properties":{"kind":"street","cls":"grid"}},{"type":"Feature","geometry":{"type":"LineString","coordinates":[[-70.8939942577181,41.10353157346405],[-70.89408688388701,41.103698023311836],[-70.89547730595795,41.10328039382094],[-70.89536512514837,41.10309420229753],[-70.89522810484827,41.10301833935464],[-70.89500399474367,41.10301833935464],[-70.8939942577181,41.10353157346405]]},"properties":{"kind":"street","cls":"grid"}},{"type":"Feature","geometry":{"type":"LineString","coordinates":[[-70.89548860059668,41.10339304673948],[-70.89418504432479,41.10378458507418],[-70.89440441883599,41.10420432043098],[-70.89570142531001,41.10380556802579],[-70.89548860059668,41.10339304673948]]},"properties":{"kind":"street","cls":"grid"}},{"type":"Feature","geometry":{"type":"LineString","coordinates":[[-70.89579749867467,41.1039975846639],[-70.89543997491862,41.104002372618446],[-70.89445825457841,41.104304193276036],[-70.8946584971584,41.104664560665995],[-70.89593948167774,41.104284356697605],[-70.89579749867467,41.1039975846639]]},"properties":{"kind":"street","cls":"grid"}},{"type":"Feature","geometry":{"type":"LineString","coordinates":[[-70.89599099249692,41.10438492600657],[-70.89471238880179,41.1047644233319],[-70.89493391427624,41.105186889033604],[-70.89592715063532,41.10488534215195],[-70.89616162177104,41.1047074582659],[-70.89599099249692,41.10438492600657]]},"properties":{"kind":"street","cls":"grid"}},{"type":"Feature","geometry":{"type":"LineString","coordinates":[[-70.89630816415851,41.10488588405303],[-70.89497210438856,41.10529151223373],[-70.89503133685955,41.1053129932512],[-70.89552175548329,41.105442827952295],[-70.89573276970494,41.10547953681716],[-70.89649992471877,41.10523745465068],[-70.89630816415851,41.10488588405303]]},"properties":{"kind":"street","cls":"grid"}},{"type":"Feature","geometry":{"type":"LineString","coordinates":[[-70.89655396421335,41.10533726978749],[-70.89597150807188,41.1055210686835],[-70.89602997451676,41.105531239736464],[-70.89654386246819,41.10557165395973],[-70.89667894963479,41.10556982935129],[-70.89655396421335,41.10533726978749]]},"properties":{"kind":"street","cls":"grid"}},{"type":"Feature","geometry":{"type":"LineString","coordinates":[[-70.89157931400067,41.10301833935464],[-70.89168353800844,41.10320036746006],[-70.892284764899,41.10301833935464],[-70.89157931400067,41.10301833935464]]},"properties":{"kind":"street","cls":"grid"}},{"type":"Feature","geometry":{"type":"LineString","coordinates":[[-70.89266847643286,41.10301833935464],[-70.89173759564505,41.1033001738315],[-70.89190192072199,41.103621431644456],[-70.8921421210945,41.103699710445774],[-70.89367096266629,41.103228401874794],[-70.89355630335142,41.10301833935464],[-70.89266847643286,41.10301833935464]]},"properties":{"kind":"street","cls":"grid"}},{"type":"Feature","geometry":{"type":"LineString","coordinates":[[-70.89320481271929,41.10348857520909],[-70.89240279863361,41.103735818690424],[-70.89255236365193,41.10382020523507],[-70.89320481271929,41.10348857520909]]},"properties":{"kind":"street","cls":"grid"}},{"type":"Feature","geometry":{"type":"LineString","coordinates":[[-70.89269241670985,41.10387904605917],[-70.8930693334072,41.104001879287765],[-70.89287590584057,41.10378578129992],[-70.89269241670985,41.10387904605917]]},"properties":{"kind":"street","cls":"grid"}},{"type":"Feature","geometry":{"type":"LineString","coordinates":[[-70.89320981365309,41.10396605036781],[-70.89395416023861,41.103738268579306],[-70.8938936826492,41.103629589944866],[-70.89370079228154,41.10368073752179],[-70.89318781669157,41.10394147528162],[-70.89320981365309,41.10396605036781]]},"properties":{"kind":"street","cls":"grid"}},{"type":"Feature","geometry":{"type":"LineString","coordinates":[[-70.8940080348168,41.10383812940499],[-70.89309740271631,41.10411679718228],[-70.89314082453357,41.10415222258126],[-70.89364766814137,41.10443819039126],[-70.89415788288052,41.10428037002168],[-70.89420134621501,41.10420799748243],[-70.8940080348168,41.10383812940499]]},"properties":{"kind":"street","cls":"grid"}},{"type":"Feature","geometry":{"type":"LineString","coordinates":[[-70.89428170357854,41.10435859566446],[-70.89364462846756,41.10455565666986],[-70.89383521914344,41.10470155248276],[-70.89404621803544,41.10485306469107],[-70.89448142312102,41.10471802176777],[-70.89428170357854,41.10435859566446]]},"properties":{"kind":"street","cls":"grid"}},{"type":"Feature","geometry":{"type":"LineString","coordinates":[[-70.89453533121191,41.10481787335486],[-70.89415958122959,41.104934467525574],[-70.8941705165996,41.10494231989885],[-70.89423551754139,41.10497591546211],[-70.8945641322802,41.10514355865623],[-70.8947394470855,41.105207137641415],[-70.89453533121191,41.10481787335486]]},"properties":{"kind":"street","cls":"grid"}},{"type":"Feature","geometry":{"type":"LineString","coordinates":[[-70.89125665875073,41.10332945267819],[-70.89155074304843,41.10324054304653],[-70.8914235156664,41.10301833935464],[-70.89099113559315,41.10301833935464],[-70.89099289161335,41.10302210974863],[-70.89125665875073,41.10332945267819]]},"properties":{"kind":"street","cls":"grid"}},{"type":"Feature","geometry":{"type":"LineString","coordinates":[[-70.89160483141895,41.10334034045619],[-70.89131150445039,41.10342902112678],[-70.89171794302945,41.10356147522935],[-70.89160483141895,41.10334034045619]]},"properties":{"kind":"street","cls":"grid"}},{"type":"Feature","geometry":{"type":"LineString","coordinates":[[-70.90963110289414,41.09810849129101],[-70.90958158656059,41.0984461400438],[-70.9095984757562,41.098816026887334],[-70.90968139797559,41.099168706919194],[-70.90974906849505,41.099508678153796],[-70.90980821976687,41.09986877142799],[-70.90995372527163,41.100228445476205],[-70.91016111446484,41.100534305152635],[-70.9102426510358,41.100809784261465],[-70.91022257671742,41.10110738348873],[-70.91015894163024,41.1014134989895],[-70.91004699459342,41.10172411113756],[-70.90993254859528,41.102045187015136],[-70.90982362860906,41.102354867372014],[-70.90966603680813,41.102634804015835],[-70.90945600559871,41.10289776739796],[-70.90919143203548,41.103140052176386],[-70.9088470923782,41.10337901578662],[-70.90853001559785,41.10366659717341],[-70.90827907153125,41.103967884896704],[-70.90800483939753,41.104232973562695],[-70.90770323107303,41.104472295879205],[-70.90736089130453,41.10464074392482],[-70.90695285766796,41.104751679084394],[-70.90650139260984,41.10482622409042],[-70.90598709732593,41.1048624927824],[-70.90545783540942,41.104948799469085],[-70.90496259503334,41.105077583618254],[-70.90447922567256,41.10518038680114],[-70.90396587564366,41.10526611468302],[-70.90345438188824,41.105405715645425],[-70.90299304401496,41.10558555720351],[-70.90251735743219,41.10572380335713],[-70.901999379895,41.105830416396465],[-70.90147157442794,41.105904029536546],[-70.90093134709905,41.1059444557899],[-70.90038594320943,41.10596495983186],[-70.89984244757076,41.10596520926055],[-70.89930519643772,41.105934785385266],[-70.8987690817607,41.10587349561022],[-70.8982370926002,41.10578792018726],[-70.8976875285468,41.10567370940965],[-70.89710338010777,41.10561800418707],[-70.89654077980111,41.105625603171426],[-70.89601817345606,41.10558450329849],[-70.89550179575582,41.10549467220052],[-70.89500389046869,41.1053628554607],[-70.89452838350607,41.105190409955725],[-70.89412758023335,41.10498593969642],[-70.89378504949204,41.10473997826724],[-70.89344209556049,41.10447744946096],[-70.8930927204719,41.10419241413335],[-70.89266592944976,41.10395161304194],[-70.89219534625036,41.103775779223504],[-70.89172823886884,41.10362355378967],[-70.891296493184,41.10350516631106],[-70.8910650077688,41.103339709730236],[-70.89092821653364,41.1030460019197],[-70.89066578154025,41.1027402112117],[-70.89034738104735,41.102506444849176],[-70.89012640528058,41.102269359127355],[-70.88996540873738,41.101999224046075],[-70.88986568883033,41.10171538708376],[-70.88982756402378,41.10140745309623],[-70.88980431635432,41.10108028487556],[-70.88979599803771,41.10076736833356],[-70.88989797565877,41.100505910828474],[-70.89015236246698,41.10021534956705],[-70.89026280066469,41.09983862607283],[-70.89019307340423,41.099494437134766],[-70.89022868034405,41.09921406694323],[-70.89037276933334,41.098917646888786],[-70.89052221349706,41.098608170604805],[-70.89065320623052,41.098332349510805],[-70.89085664194945,41.09814133971092],[-70.89119981447791,41.09797789032887],[-70.89154132563158,41.09775515444508],[-70.89180494723433,41.097522806508074],[-70.89208660388172,41.097370094634684],[-70.89242484707701,41.097266807092886],[-70.89278440898963,41.097214302353436],[-70.89319522033531,41.097214762398266],[-70.89363463303464,41.09719131892891],[-70.89408649954379,41.097142350330614],[-70.89452661909722,41.09702580582231],[-70.89489942053986,41.09686035767207],[-70.89525718613291,41.09675920307514],[-70.89562253478167,41.096706018850895],[-70.89594099034888,41.096740540503745],[-70.89629897601196,41.096882328099795],[-70.89673794929547,41.09698251343792],[-70.89712790542264,41.09701136175158],[-70.89735168012771,41.09711938128954],[-70.89755632729506,41.09737912141437],[-70.89788306443627,41.09763238072349],[-70.89831316623433,41.097837058525386],[-70.8988002855367,41.0978465656505],[-70.89916301175685,41.097675346099315],[-70.89946771691555,41.09758691466316],[-70.8998133588532,41.09754664620202],[-70.90017949475431,41.09752965979565],[-70.90059986194971,41.09753764185246],[-70.90103474601071,41.09744486700414],[-70.90136125594552,41.09728208460413],[-70.90166793320209,41.097224422518174],[-70.90208915169961,41.09724469274221],[-70.90255725855528,41.09720146327447],[-70.9030022543541,41.09709687314518],[-70.90342096342772,41.09696922848331],[-70.90383153470674,41.09681352093788],[-70.90421050020758,41.09661290339759],[-70.90448286316598,41.09640896034706],[-70.90459852085014,41.09639963628786],[-70.90486308502611,41.09657399581636],[-70.90528683602281,41.09669153028286],[-70.90570228972226,41.09669855192288],[-70.90605013007,41.096735367988],[-70.90642344587624,41.096811962649525],[-70.90684251186826,41.09683033288533],[-70.90721015644061,41.096787502823354],[-70.90752625044811,41.096812180267854],[-70.90787808896755,41.09690794747531],[-70.90825835441802,41.09700760374406],[-70.90862044087304,41.09709952157562],[-70.90894076637574,41.09722879081327],[-70.90923239809302,41.097395045065696],[-70.90944166835885,41.09759615789568],[-70.90958214190262,41.09783898641757],[-70.90963110289414,41.09810849129101]]},"properties":{"kind":"street","cls":"shore"}},{"type":"Feature","geometry":{"type":"Point","coordinates":[-70.90083539923843,41.100950170964055]},"properties":{"kind":"tree"}},{"type":"Feature","geometry":{"type":"Point","coordinates":[-70.9008373041382,41.10106228373028]},"properties":{"kind":"tree"}},{"type":"Feature","geometry":{"type":"Point","coordinates":[-70.90063459381304,41.099692352933246]},"properties":{"kind":"tree"}},{"type":"Feature","geometry":{"type":"Point","coordinates":[-70.90068214592881,41.1000590082348]},"properties":{"kind":"tree"}},{"type":"Feature","geometry":{"type":"Point","coordinates":[-70.90070972760714,41.100151963876016]},"properties":{"kind":"tree"}},{"type":"Feature","geometry":{"type":"Point","coordinates":[-70.90061530730652,41.100383734449]},"properties":{"kind":"tree"}},{"type":"Feature","geometry":{"type":"Point","coordinates":[-70.90068760311821,41.100497722662105]},"properties":{"kind":"tree"}},{"type":"Feature","geometry":{"type":"Point","coordinates":[-70.90073619366183,41.10060434867926]},"properties":{"kind":"tree"}},{"type":"Feature","geometry":{"type":"Point","coordinates":[-70.90072074398617,41.100788458783086]},"properties":{"kind":"tree"}},{"type":"Feature","geometry":{"type":"Point","coordinates":[-70.90064122731556,41.10091615811864]},"properties":{"kind":"tree"}},{"type":"Feature","geometry":{"type":"Point","coordinates":[-70.90066957982354,41.101209609709045]},"properties":{"kind":"tree"}},{"type":"Feature","geometry":{"type":"Point","coordinates":[-70.90049963530815,41.099892850976794]},"properties":{"kind":"tree"}},{"type":"Feature","geometry":{"type":"Point","coordinates":[-70.9005289296386,41.100184265421596]},"properties":{"kind":"tree"}},{"type":"Feature","geometry":{"type":"Point","coordinates":[-70.90046561627675,41.10032450458237]},"properties":{"kind":"tree"}},{"type":"Feature","geometry":{"type":"Point","coordinates":[-70.9004213095769,41.10048049009839]},"properties":{"kind":"tree"}},{"type":"Feature","geometry":{"type":"Point","coordinates":[-70.9005366792639,41.100832987019615]},"properties":{"kind":"tree"}},{"type":"Feature","geometry":{"type":"Point","coordinates":[-70.90041010725967,41.10109405693585]},"properties":{"kind":"tree"}},{"type":"Feature","geometry":{"type":"Point","coordinates":[-70.90024051910487,41.09977145325474]},"properties":{"kind":"tree"}},{"type":"Feature","geometry":{"type":"Point","coordinates":[-70.90026672264985,41.10005464549877]},"properties":{"kind":"tree"}},{"type":"Feature","geometry":{"type":"Point","coordinates":[-70.90021875358909,41.10036335952648]},"properties":{"kind":"tree"}},{"type":"Feature","geometry":{"type":"Point","coordinates":[-70.90033204575846,41.10061692629276]},"properties":{"kind":"tree"}},{"type":"Feature","geometry":{"type":"Point","coordinates":[-70.90026990551223,41.10080067974763]},"properties":{"kind":"tree"}},{"type":"Feature","geometry":{"type":"Point","coordinates":[-70.90033611230977,41.10105198031908]},"properties":{"kind":"tree"}},{"type":"Feature","geometry":{"type":"Point","coordinates":[-70.9002864271667,41.10127325055863]},"properties":{"kind":"tree"}},{"type":"Feature","geometry":{"type":"Point","coordinates":[-70.90010294521439,41.09972190413866]},"properties":{"kind":"tree"}},{"type":"Feature","geometry":{"type":"Point","coordinates":[-70.90005795348307,41.10016092401084]},"properties":{"kind":"tree"}},{"type":"Feature","geometry":{"type":"Point","coordinates":[-70.90012202890439,41.10053589248456]},"properties":{"kind":"tree"}},{"type":"Feature","geometry":{"type":"Point","coordinates":[-70.90010152924039,41.1006827838444]},"properties":{"kind":"tree"}},{"type":"Feature","geometry":{"type":"Point","coordinates":[-70.90002487106581,41.10081771283672]},"properties":{"kind":"tree"}},{"type":"Feature","geometry":{"type":"Point","coordinates":[-70.8998562563672,41.099843880027215]},"properties":{"kind":"tree"}},{"type":"Feature","geometry":{"type":"Point","coordinates":[-70.8999259592181,41.100174857065994]},"properties":{"kind":"tree"}},{"type":"Feature","geometry":{"type":"Point","coordinates":[-70.8999377655316,41.1003132782608]},"properties":{"kind":"tree"}},{"type":"Feature","geometry":{"type":"Point","coordinates":[-70.89994043946201,41.1005073973605]},"properties":{"kind":"tree"}},{"type":"Feature","geometry":{"type":"Point","coordinates":[-70.89984648743417,41.101258531325186]},"properties":{"kind":"tree"}},{"type":"Feature","geometry":{"type":"Point","coordinates":[-70.89970566300585,41.09970482882597]},"properties":{"kind":"tree"}},{"type":"Feature","geometry":{"type":"Point","coordinates":[-70.89966403823016,41.10007098047507]},"properties":{"kind":"tree"}},{"type":"Feature","geometry":{"type":"Point","coordinates":[-70.89966748200126,41.100212874793776]},"properties":{"kind":"tree"}},{"type":"Feature","geometry":{"type":"Point","coordinates":[-70.89968417241391,41.10034717771837]},"properties":{"kind":"tree"}},{"type":"Feature","geometry":{"type":"Point","coordinates":[-70.89964339198237,41.10065475273683]},"properties":{"kind":"tree"}},{"type":"Feature","geometry":{"type":"Point","coordinates":[-70.89968376439843,41.1008291642146]},"properties":{"kind":"tree"}},{"type":"Feature","geometry":{"type":"Point","coordinates":[-70.89967233386713,41.10098821719172]},"properties":{"kind":"tree"}},{"type":"Feature","geometry":{"type":"Point","coordinates":[-70.89964311284953,41.101108363902505]},"properties":{"kind":"tree"}},{"type":"Feature","geometry":{"type":"Point","coordinates":[-70.89969887035848,41.10122386139871]},"properties":{"kind":"tree"}},{"type":"Feature","geometry":{"type":"Point","coordinates":[-70.89943013108245,41.09987281172701]},"properties":{"kind":"tree"}},{"type":"Feature","geometry":{"type":"Point","coordinates":[-70.89952837816,41.100505137252625]},"properties":{"kind":"tree"}},{"type":"Feature","geometry":{"type":"Point","coordinates":[-70.89946986131561,41.10062356423181]},"properties":{"kind":"tree"}},{"type":"Feature","geometry":{"type":"Point","coordinates":[-70.8993979522196,41.10083351049006]},"properties":{"kind":"tree"}},{"type":"Feature","geometry":{"type":"Point","coordinates":[-70.89951776699218,41.101144313569066]},"properties":{"kind":"tree"}},{"type":"Feature","geometry":{"type":"Point","coordinates":[-70.89927833991594,41.09998812802908]},"properties":{"kind":"tree"}},{"type":"Feature","geometry":{"type":"Point","coordinates":[-70.89932472171317,41.10017809295555]},"properties":{"kind":"tree"}},{"type":"Feature","geometry":{"type":"Point","coordinates":[-70.8992597718777,41.10029575676659]},"properties":{"kind":"tree"}},{"type":"Feature","geometry":{"type":"Point","coordinates":[-70.8992659120421,41.100668457705396]},"properties":{"kind":"tree"}},{"type":"Feature","geometry":{"type":"Point","coordinates":[-70.89926851344961,41.10106221011067]},"properties":{"kind":"tree"}},{"type":"Feature","geometry":{"type":"Point","coordinates":[-70.89929272312222,41.10122170161174]},"properties":{"kind":"tree"}},{"type":"Feature","geometry":{"type":"Point","coordinates":[-70.89929772203982,41.10136531607989]},"properties":{"kind":"tree"}},{"type":"Feature","geometry":{"type":"Point","coordinates":[-70.89902552322488,41.09984647749396]},"properties":{"kind":"tree"}},{"type":"Feature","geometry":{"type":"Point","coordinates":[-70.89899563253722,41.09998486762087]},"properties":{"kind":"tree"}},{"type":"Feature","geometry":{"type":"Point","coordinates":[-70.89907664407613,41.10020340025444]},"properties":{"kind":"tree"}},{"type":"Feature","geometry":{"type":"Point","coordinates":[-70.89901291460919,41.10037969435063]},"properties":{"kind":"tree"}},{"type":"Feature","geometry":{"type":"Point","coordinates":[-70.89912808019612,41.10045669673089]},"properties":{"kind":"tree"}},{"type":"Feature","geometry":{"type":"Point","coordinates":[-70.89907521366541,41.10064256727647]},"properties":{"kind":"tree"}},{"type":"Feature","geometry":{"type":"Point","coordinates":[-70.89902745945444,41.10093994191423]},"properties":{"kind":"tree"}},{"type":"Feature","geometry":{"type":"Point","coordinates":[-70.89911392608802,41.10107683129048]},"properties":{"kind":"tree"}},{"type":"Feature","geometry":{"type":"Point","coordinates":[-70.8990764806553,41.101241136599214]},"properties":{"kind":"tree"}},{"type":"Feature","geometry":{"type":"Point","coordinates":[-70.89908942546485,41.10136429696054]},"properties":{"kind":"tree"}},{"type":"Feature","geometry":{"type":"Point","coordinates":[-70.8988832482933,41.099727022312656]},"properties":{"kind":"tree"}},{"type":"Feature","geometry":{"type":"Point","coordinates":[-70.89886934683082,41.09991409191535]},"properties":{"kind":"tree"}},{"type":"Feature","geometry":{"type":"Point","coordinates":[-70.89891300318952,41.10001724454966]},"properties":{"kind":"tree"}},{"type":"Feature","geometry":{"type":"Point","coordinates":[-70.89892192049714,41.10052066527939]},"properties":{"kind":"tree"}},{"type":"Feature","geometry":{"type":"Point","coordinates":[-70.89888586366703,41.100612304349326]},"properties":{"kind":"tree"}},{"type":"Feature","geometry":{"type":"Point","coordinates":[-70.89880525398176,41.10080113275425]},"properties":{"kind":"tree"}},{"type":"Feature","geometry":{"type":"Point","coordinates":[-70.89880472641171,41.1010609799513]},"properties":{"kind":"tree"}},{"type":"Feature","geometry":{"type":"Point","coordinates":[-70.89891569795435,41.10121716285266]},"properties":{"kind":"tree"}},{"type":"Feature","geometry":{"type":"Point","coordinates":[-70.89887507107339,41.1013632684024]},"properties":{"kind":"tree"}},{"type":"Feature","geometry":{"type":"Point","coordinates":[-70.89858830221083,41.099851571958446]},"properties":{"kind":"tree"}},{"type":"Feature","geometry":{"type":"Point","coordinates":[-70.89867004597335,41.10006474013796]},"properties":{"kind":"tree"}},{"type":"Feature","geometry":{"type":"Point","coordinates":[-70.89864582583932,41.1002166397324]},"properties":{"kind":"tree"}},{"type":"Feature","geometry":{"type":"Point","coordinates":[-70.89867184904246,41.1008101151805]},"properties":{"kind":"tree"}},{"type":"Feature","geometry":{"type":"Point","coordinates":[-70.89871570154828,41.10096616364052]},"properties":{"kind":"tree"}},{"type":"Feature","geometry":{"type":"Point","coordinates":[-70.89844205184053,41.0997726507916]},"properties":{"kind":"tree"}},{"type":"Feature","geometry":{"type":"Point","coordinates":[-70.8985174247695,41.09985306042127]},"properties":{"kind":"tree"}},{"type":"Feature","geometry":{"type":"Point","coordinates":[-70.8983861286676,41.099985482020045]},"properties":{"kind":"tree"}},{"type":"Feature","geometry":{"type":"Point","coordinates":[-70.89843910299793,41.10018874263894]},"properties":{"kind":"tree"}},{"type":"Feature","geometry":{"type":"Point","coordinates":[-70.89843563701321,41.10032445814313]},"properties":{"kind":"tree"}},{"type":"Feature","geometry":{"type":"Point","coordinates":[-70.89850699322692,41.100686528828604]},"properties":{"kind":"tree"}},{"type":"Feature","geometry":{"type":"Point","coordinates":[-70.89840542343775,41.10081894745562]},"properties":{"kind":"tree"}},{"type":"Feature","geometry":{"type":"Point","coordinates":[-70.89842586521777,41.101098173851064]},"properties":{"kind":"tree"}},{"type":"Feature","geometry":{"type":"Point","coordinates":[-70.89847981703156,41.10129251145044]},"properties":{"kind":"tree"}},{"type":"Feature","geometry":{"type":"Point","coordinates":[-70.89838933166968,41.10143358030786]},"properties":{"kind":"tree"}},{"type":"Feature","geometry":{"type":"Point","coordinates":[-70.89830336437784,41.10069167681639]},"properties":{"kind":"tree"}},{"type":"Feature","geometry":{"type":"Point","coordinates":[-70.89831605622342,41.10078936814146]},"properties":{"kind":"tree"}},{"type":"Feature","geometry":{"type":"Point","coordinates":[-70.89830754995398,41.101383446045524]},"properties":{"kind":"tree"}},{"type":"Feature","geometry":{"type":"Point","coordinates":[-70.89808432009013,41.100200663602166]},"properties":{"kind":"tree"}},{"type":"Feature","geometry":{"type":"Point","coordinates":[-70.8980370600312,41.100478796802065]},"properties":{"kind":"tree"}},{"type":"Feature","geometry":{"type":"Point","coordinates":[-70.89805589125743,41.10064219474362]},"properties":{"kind":"tree"}},{"type":"Feature","geometry":{"type":"Point","coordinates":[-70.89801006845698,41.10081645153378]},"properties":{"kind":"tree"}},{"type":"Feature","geometry":{"type":"Point","coordinates":[-70.89805493766892,41.101058584244235]},"properties":{"kind":"tree"}},{"type":"Feature","geometry":{"type":"Point","coordinates":[-70.89806898065582,41.101232357067]},"properties":{"kind":"tree"}},{"type":"Feature","geometry":{"type":"Point","coordinates":[-70.89802091301853,41.10137231639571]},"properties":{"kind":"tree"}},{"type":"Feature","geometry":{"type":"Point","coordinates":[-70.89788859578393,41.099894672034026]},"properties":{"kind":"tree"}},{"type":"Feature","geometry":{"type":"Point","coordinates":[-70.8978183384507,41.0999984480278]},"properties":{"kind":"tree"}},{"type":"Feature","geometry":{"type":"Point","coordinates":[-70.89784518308619,41.10017995196755]},"properties":{"kind":"tree"}},{"type":"Feature","geometry":{"type":"Point","coordinates":[-70.89785833231839,41.100338549125475]},"properties":{"kind":"tree"}},{"type":"Feature","geometry":{"type":"Point","coordinates":[-70.8978632391937,41.10067517198498]},"properties":{"kind":"tree"}},{"type":"Feature","geometry":{"type":"Point","coordinates":[-70.89593175290835,41.10270531646743]},"properties":{"kind":"tree"}},{"type":"Feature","geometry":{"type":"Point","coordinates":[-70.89569279770456,41.10202297146939]},"properties":{"kind":"tree"}},{"type":"Feature","geometry":{"type":"Point","coordinates":[-70.89578313365267,41.10224166662094]},"properties":{"kind":"tree"}},{"type":"Feature","geometry":{"type":"Point","coordinates":[-70.8957572661886,41.10268753520936]},"properties":{"kind":"tree"}},{"type":"Feature","geometry":{"type":"Point","coordinates":[-70.89549701467642,41.10216475243401]},"properties":{"kind":"tree"}},{"type":"Feature","geometry":{"type":"Point","coordinates":[-70.89552738045101,41.102554039344085]},"properties":{"kind":"tree"}},{"type":"Feature","geometry":{"type":"Point","coordinates":[-70.89535626582692,41.101790908625816]},"properties":{"kind":"tree"}},{"type":"Feature","geometry":{"type":"Point","coordinates":[-70.89534776677823,41.10192709172199]},"properties":{"kind":"tree"}},{"type":"Feature","geometry":{"type":"Point","coordinates":[-70.89531057841982,41.10207290905788]},"properties":{"kind":"tree"}},{"type":"Feature","geometry":{"type":"Point","coordinates":[-70.89535346777944,41.102677397508614]},"properties":{"kind":"tree"}},{"type":"Feature","geometry":{"type":"Point","coordinates":[-70.89516469266252,41.10192945701468]},"properties":{"kind":"tree"}},{"type":"Feature","geometry":{"type":"Point","coordinates":[-70.89512858814936,41.10202812145277]},"properties":{"kind":"tree"}},{"type":"Feature","geometry":{"type":"Point","coordinates":[-70.89516042263104,41.10237335653242]},"properties":{"kind":"tree"}},{"type":"Feature","geometry":{"type":"Point","coordinates":[-70.89520513923773,41.102635728667146]},"properties":{"kind":"tree"}},{"type":"Feature","geometry":{"type":"Point","coordinates":[-70.89517004509953,41.10280686922892]},"properties":{"kind":"tree"}},{"type":"Feature","geometry":{"type":"Point","coordinates":[-70.89493036822304,41.10208149289993]},"properties":{"kind":"tree"}},{"type":"Feature","geometry":{"type":"Point","coordinates":[-70.89494458932452,41.10215150628458]},"properties":{"kind":"tree"}},{"type":"Feature","geometry":{"type":"Point","coordinates":[-70.89489623055275,41.102355513607066]},"properties":{"kind":"tree"}},{"type":"Feature","geometry":{"type":"Point","coordinates":[-70.89487443269795,41.10246425251229]},"properties":{"kind":"tree"}},{"type":"Feature","geometry":{"type":"Point","coordinates":[-70.89491404837223,41.1026396992014]},"properties":{"kind":"tree"}},{"type":"Feature","geometry":{"type":"Point","coordinates":[-70.89500987848933,41.10278229436198]},"properties":{"kind":"tree"}},{"type":"Feature","geometry":{"type":"Point","coordinates":[-70.89474136869313,41.10194014929189]},"properties":{"kind":"tree"}},{"type":"Feature","geometry":{"type":"Point","coordinates":[-70.89469645198122,41.1021524745394]},"properties":{"kind":"tree"}},{"type":"Feature","geometry":{"type":"Point","coordinates":[-70.89470921839381,41.1023360837917]},"properties":{"kind":"tree"}},{"type":"Feature","geometry":{"type":"Point","coordinates":[-70.89468554339776,41.10262702427134]},"properties":{"kind":"tree"}},{"type":"Feature","geometry":{"type":"Point","coordinates":[-70.89477690342864,41.10279434757997]},"properties":{"kind":"tree"}},{"type":"Feature","geometry":{"type":"Point","coordinates":[-70.894587352541,41.10223550514586]},"properties":{"kind":"tree"}},{"type":"Feature","geometry":{"type":"Point","coordinates":[-70.89448399027539,41.10255523681097]},"properties":{"kind":"tree"}},{"type":"Feature","geometry":{"type":"Point","coordinates":[-70.89458901719608,41.10268608014354]},"properties":{"kind":"tree"}},{"type":"Feature","geometry":{"type":"Point","coordinates":[-70.89439422528726,41.10193414989301]},"properties":{"kind":"tree"}},{"type":"Feature","geometry":{"type":"Point","coordinates":[-70.89426194764137,41.102006913361244]},"properties":{"kind":"tree"}},{"type":"Feature","geometry":{"type":"Point","coordinates":[-70.89432527389307,41.10221687639648]},"properties":{"kind":"tree"}},{"type":"Feature","geometry":{"type":"Point","coordinates":[-70.89437861236229,41.102325800405296]},"properties":{"kind":"tree"}},{"type":"Feature","geometry":{"type":"Point","coordinates":[-70.89431319158473,41.10264569361145]},"properties":{"kind":"tree"}},{"type":"Feature","geometry":{"type":"Point","coordinates":[-70.89432887675109,41.10278061615483]},"properties":{"kind":"tree"}},{"type":"Feature","geometry":{"type":"Point","coordinates":[-70.8941817726989,41.10191499722976]},"properties":{"kind":"tree"}},{"type":"Feature","geometry":{"type":"Point","coordinates":[-70.89414606723966,41.10217446767097]},"properties":{"kind":"tree"}},{"type":"Feature","geometry":{"type":"Point","coordinates":[-70.89419206499046,41.102368435437626]},"properties":{"kind":"tree"}},{"type":"Feature","geometry":{"type":"Point","coordinates":[-70.89419364386174,41.10249359954841]},"properties":{"kind":"tree"}},{"type":"Feature","geometry":{"type":"Point","coordinates":[-70.89398118181046,41.10188816043449]},"properties":{"kind":"tree"}},{"type":"Feature","geometry":{"type":"Point","coordinates":[-70.89394100048796,41.10220620780942]},"properties":{"kind":"tree"}},{"type":"Feature","geometry":{"type":"Point","coordinates":[-70.89394186294882,41.102379270811795]},"properties":{"kind":"tree"}},{"type":"Feature","geometry":{"type":"Point","coordinates":[-70.89399726738127,41.10253011773917]},"properties":{"kind":"tree"}},{"type":"Feature","geometry":{"type":"Point","coordinates":[-70.89399592697096,41.102631004617756]},"properties":{"kind":"tree"}},{"type":"Feature","geometry":{"type":"Point","coordinates":[-70.90627071639283,41.103568071283796]},"properties":{"kind":"tree"}},{"type":"Feature","geometry":{"type":"Point","coordinates":[-70.90628226157148,41.10370613717486]},"properties":{"kind":"tree"}},{"type":"Feature","geometry":{"type":"Point","coordinates":[-70.90619101955156,41.1038975797943]},"properties":{"kind":"tree"}},{"type":"Feature","geometry":{"type":"Point","coordinates":[-70.90607677754085,41.1035367063261]},"properties":{"kind":"tree"}},{"type":"Feature","geometry":{"type":"Point","coordinates":[-70.90596392118462,41.103686784243955]},"properties":{"kind":"tree"}},{"type":"Feature","geometry":{"type":"Point","coordinates":[-70.90601828134305,41.10399906407822]},"properties":{"kind":"tree"}},{"type":"Feature","geometry":{"type":"Point","coordinates":[-70.90604889492299,41.10416943159054]},"properties":{"kind":"tree"}},{"type":"Feature","geometry":{"type":"Point","coordinates":[-70.90600315407019,41.10427230697145]},"properties":{"kind":"tree"}},{"type":"Feature","geometry":{"type":"Point","coordinates":[-70.90579654795158,41.103578752164644]},"properties":{"kind":"tree"}},{"type":"Feature","geometry":{"type":"Point","coordinates":[-70.90582946037541,41.103746672652775]},"properties":{"kind":"tree"}},{"type":"Feature","geometry":{"type":"Point","coordinates":[-70.90578656915996,41.104200197146696]},"properties":{"kind":"tree"}},{"type":"Feature","geometry":{"type":"Point","coordinates":[-70.9058875432338,41.104268176331296]},"properties":{"kind":"tree"}},{"type":"Feature","geometry":{"type":"Point","coordinates":[-70.90556581431132,41.103845622476896]},"properties":{"kind":"tree"}},{"type":"Feature","geometry":{"type":"Point","coordinates":[-70.90565364016996,41.10425711977522]},"properties":{"kind":"tree"}},{"type":"Feature","geometry":{"type":"Point","coordinates":[-70.90546983901207,41.1035053903706]},"properties":{"kind":"tree"}},{"type":"Feature","geometry":{"type":"Point","coordinates":[-70.90541055834875,41.10372757931749]},"properties":{"kind":"tree"}},{"type":"Feature","geometry":{"type":"Point","coordinates":[-70.9054400639444,41.10385587941691]},"properties":{"kind":"tree"}},{"type":"Feature","geometry":{"type":"Point","coordinates":[-70.90517602673266,41.103885674156956]},"properties":{"kind":"tree"}},{"type":"Feature","geometry":{"type":"Point","coordinates":[-70.90499257760455,41.10339875202778]},"properties":{"kind":"tree"}},{"type":"Feature","geometry":{"type":"Point","coordinates":[-70.90498725384761,41.103490469216275]},"properties":{"kind":"tree"}},{"type":"Feature","geometry":{"type":"Point","coordinates":[-70.90495250396373,41.103819547427555]},"properties":{"kind":"tree"}},{"type":"Feature","geometry":{"type":"Point","coordinates":[-70.90502310727437,41.103957611668406]},"properties":{"kind":"tree"}},{"type":"Feature","geometry":{"type":"Point","coordinates":[-70.90481044242263,41.103286914093616]},"properties":{"kind":"tree"}},{"type":"Feature","geometry":{"type":"Point","coordinates":[-70.90475894142324,41.10396819663014]},"properties":{"kind":"tree"}},{"type":"Feature","geometry":{"type":"Point","coordinates":[-70.90458604359164,41.10343713068258]},"properties":{"kind":"tree"}},{"type":"Feature","geometry":{"type":"Point","coordinates":[-70.90455345049918,41.10358494846318]},"properties":{"kind":"tree"}},{"type":"Feature","geometry":{"type":"Point","coordinates":[-70.90465615362815,41.10388038302711]},"properties":{"kind":"tree"}},{"type":"Feature","geometry":{"type":"Point","coordinates":[-70.90466327277788,41.10404237230549]},"properties":{"kind":"tree"}},{"type":"Feature","geometry":{"type":"Point","coordinates":[-70.90977243625929,41.0991615077305]},"properties":{"kind":"tree"}},{"type":"Feature","geometry":{"type":"Point","coordinates":[-70.9100587051936,41.10017252073136]},"properties":{"kind":"tree"}},{"type":"Feature","geometry":{"type":"Point","coordinates":[-70.90956356407688,41.10294658188607]},"properties":{"kind":"tree"}},{"type":"Feature","geometry":{"type":"Point","coordinates":[-70.9078073756009,41.10453804107469]},"properties":{"kind":"tree"}},{"type":"Feature","geometry":{"type":"Point","coordinates":[-70.90648970263737,41.1049113794433]},"properties":{"kind":"tree"}},{"type":"Feature","geometry":{"type":"Point","coordinates":[-70.90347500916145,41.1054816630482]},"properties":{"kind":"tree"}},{"type":"Feature","geometry":{"type":"Point","coordinates":[-70.90205875165705,41.105927845970875]},"properties":{"kind":"tree"}},{"type":"Feature","geometry":{"type":"Point","coordinates":[-70.900400802389,41.10602926356266]},"properties":{"kind":"tree"}},{"type":"Feature","geometry":{"type":"Point","coordinates":[-70.89710575006733,41.105695530344576]},"properties":{"kind":"tree"}},{"type":"Feature","geometry":{"type":"Point","coordinates":[-70.89407262514821,41.10503856317274]},"properties":{"kind":"tree"}},{"type":"Feature","geometry":{"type":"Point","coordinates":[-70.89164840276275,41.10370398996509]},"properties":{"kind":"tree"}},{"type":"Feature","geometry":{"type":"Point","coordinates":[-70.89079733506293,41.103106921639615]},"properties":{"kind":"tree"}},{"type":"Feature","geometry":{"type":"Point","coordinates":[-70.89005310055158,41.10231663636822]},"properties":{"kind":"tree"}},{"type":"Feature","geometry":{"type":"Point","coordinates":[-70.8897696491694,41.100459935788635]},"properties":{"kind":"tree"}},{"type":"Feature","geometry":{"type":"Point","coordinates":[-70.89008367781119,41.099503332795614]},"properties":{"kind":"tree"}},{"type":"Feature","geometry":{"type":"Point","coordinates":[-70.89039246244037,41.09860165333603]},"properties":{"kind":"tree"}},{"type":"Feature","geometry":{"type":"Point","coordinates":[-70.89319185882724,41.09711917873347]},"properties":{"kind":"tree"}},{"type":"Feature","geometry":{"type":"Point","coordinates":[-70.89564679895415,41.09662028808611]},"properties":{"kind":"tree"}},{"type":"Feature","geometry":{"type":"Point","coordinates":[-70.89677755347067,41.09690761086549]},"properties":{"kind":"tree"}},{"type":"Feature","geometry":{"type":"Point","coordinates":[-70.8997943738272,41.09744006162069]},"properties":{"kind":"tree"}},{"type":"Feature","geometry":{"type":"Point","coordinates":[-70.90098249074805,41.09734712839227]},"properties":{"kind":"tree"}},{"type":"Feature","geometry":{"type":"Point","coordinates":[-70.90335743856711,41.09690651637222]},"properties":{"kind":"tree"}},{"type":"Feature","geometry":{"type":"Point","coordinates":[-70.90533903415327,41.09662831453536]},"properties":{"kind":"tree"}},{"type":"Feature","geometry":{"type":"Point","coordinates":[-70.90641004865579,41.09672092648407]},"properties":{"kind":"tree"}},{"type":"Feature","geometry":{"type":"Point","coordinates":[-70.90751967488794,41.09670740155214]},"properties":{"kind":"tree"}},{"type":"Feature","geometry":{"type":"Point","coordinates":[-70.90865993501599,41.097010647447]},"properties":{"kind":"tree"}},{"type":"Feature","geometry":{"type":"Point","coordinates":[-70.8992847460798,41.100538989170474]},"properties":{"kind":"station","name":"Falls Square"}},{"type":"Feature","geometry":{"type":"Point","coordinates":[-70.89487401357182,41.10233561973871]},"properties":{"kind":"station","name":"Calder Green"}},{"type":"Feature","geometry":{"type":"Point","coordinates":[-70.90214576176064,41.10179663056824]},"properties":{"kind":"station","name":"Terrace"}},{"type":"Feature","geometry":{"type":"Point","coordinates":[-70.9053644044016,41.1037729241933]},"properties":{"kind":"station","name":"Ridgeview"}},{"type":"Feature","geometry":{"type":"Point","coordinates":[-70.89499322255853,41.1044915764206]},"properties":{"kind":"station","name":"Uptown"}},{"type":"Feature","geometry":{"type":"Point","coordinates":[-70.90393389656117,41.09766438026129]},"properties":{"kind":"station","name":"Millrace"}},{"type":"Feature","geometry":{"type":"Point","coordinates":[-70.90047683594682,41.097933874846525]},"properties":{"kind":"station","name":"Foundry"}},{"type":"Feature","geometry":{"type":"Point","coordinates":[-70.89558926749203,41.097754211789706]},"properties":{"kind":"station","name":"Depot"}},{"type":"Feature","geometry":{"type":"Point","coordinates":[-70.89701977533245,41.100808483755706]},"properties":{"kind":"label","labelKind":"district","name":"DOWNTOWN"}},{"type":"Feature","geometry":{"type":"Point","coordinates":[-70.90309943365426,41.100808483755706]},"properties":{"kind":"label","labelKind":"district","name":"THE TERRACE"}},{"type":"Feature","geometry":{"type":"Point","coordinates":[-70.90500677744149,41.1044915764206]},"properties":{"kind":"label","labelKind":"district","name":"THE RIDGE"}},{"type":"Feature","geometry":{"type":"Point","coordinates":[-70.90238417973404,41.097484717204466]},"properties":{"kind":"label","labelKind":"district","name":"THE MILLRACE"}},{"type":"Feature","geometry":{"type":"Point","coordinates":[-70.8992847460798,41.100538989170474]},"properties":{"kind":"label","labelKind":"park","name":"Falls Square"}},{"type":"Feature","geometry":{"type":"Point","coordinates":[-70.9053644044016,41.1037729241933]},"properties":{"kind":"label","labelKind":"park","name":"Ridgeview Park"}},{"type":"Feature","geometry":{"type":"Point","coordinates":[-70.89856949215958,41.09532876052258]},"properties":{"kind":"label","labelKind":"water","name":"Calder River"}},{"type":"Feature","geometry":{"type":"Point","coordinates":[-70.90905988298935,41.09613724427829]},"properties":{"kind":"label","labelKind":"water","name":"The Falls"}}]}