{"type":"FeatureCollection","features":[{"type":"Feature","geometry":{"type":"Polygon","coordinates":[[[-70.91100021530754,41.100330444752096],[-70.91075226123179,41.1006613220031],[-70.91062741898347,41.10092351329133],[-70.91056449384253,41.10122686984969],[-70.91051391490586,41.10155101372203],[-70.91048230964903,41.101864388246575],[-70.91049695755633,41.10216574826366],[-70.91056384901995,41.10254750072492],[-70.91039357540292,41.10298116642999],[-70.91005231197457,41.10329722063185],[-70.90979114547025,41.10357117348282],[-70.90953048415358,41.10389011114659],[-70.90917453686757,41.10419939041659],[-70.90874244504184,41.10446991494705],[-70.9082454068561,41.1046681633512],[-70.90773912686214,41.10477906821935],[-70.90726197815887,41.10488619686707],[-70.90674369055856,41.10500613265809],[-70.90618350651941,41.10507507192581],[-70.9056820590478,41.10508319323309],[-70.90527909358688,41.105156775429656],[-70.90486706230715,41.105309879167244],[-70.90443494417875,41.1054879018498],[-70.90395721805645,41.10570410558746],[-70.90335169043985,41.10583594758704],[-70.90274217211032,41.10585817247226],[-70.90219364908329,41.105901280917806],[-70.9016076631704,41.10597342299799],[-70.9009748380457,41.10598258997159],[-70.90040127174092,41.1059287420995],[-70.89989756269475,41.105948351114044],[-70.89934292993031,41.10604537243036],[-70.89874654052633,41.10610206781614],[-70.89817095911197,41.1061093912026],[-70.89760554917932,41.106085854610534],[-70.89702256089966,41.10602899668334],[-70.89644682401803,41.10589516596127],[-70.89595646349665,41.10570760662543],[-70.89550016941249,41.105586127699915],[-70.8949628145072,41.105500058170826],[-70.8944185077107,41.10533593792868],[-70.89400275745022,41.10513593829409],[-70.89363152361804,41.10503854392554],[-70.89310923100568,41.10499496254844],[-70.89255988840104,41.10478578059202],[-70.89218772523618,41.10447939336459],[-70.8918589072694,41.1042299079462],[-70.89146746549523,41.103959155154264],[-70.89116634155481,41.10359589957276],[-70.89104826972014,41.10326309115843],[-70.89088572562055,41.10305220944757],[-70.89059089221895,41.102837050431816],[-70.89027791885859,41.10257062913794],[-70.88998066324663,41.10227695272496],[-70.88974813468273,41.10193870452876],[-70.88959830911489,41.101577682947905],[-70.88951431536442,41.10121379658436],[-70.88949405860767,41.10082498675831],[-70.88959869197569,41.10043450954708],[-70.8897971204817,41.100114191619966],[-70.88992694711996,41.09983416251787],[-70.89001385669893,41.099557005541094],[-70.89002983398764,41.099290478721635],[-70.8899704250807,41.0989242671134],[-70.89018246626237,41.09851410721739],[-70.8905672668484,41.09829460454046],[-70.89084955093817,41.098127607339954],[-70.89110138234209,41.09796406187119],[-70.89128668459837,41.09778766107782],[-70.8914551148347,41.09754489473357],[-70.89168476327086,41.09728139440937],[-70.8919912923728,41.09700296681306],[-70.8924577297212,41.096836193221336],[-70.89291831127996,41.09686112195132],[-70.89328941169718,41.09694618353022],[-70.89316374968051,41.09758196227936],[-70.89327706848803,41.0976746522746],[-70.89341319348371,41.09790052869782],[-70.89372085961283,41.098144710640966],[-70.89399133544674,41.098245949140804],[-70.89402115291149,41.0982763688877],[-70.89402004352841,41.09842980016375],[-70.8940515693282,41.098665618680414],[-70.89409262456869,41.09888287207117],[-70.89411067320043,41.09908981373622],[-70.89411294008143,41.09936100786684],[-70.89424067869021,41.09966757661678],[-70.89453137319492,41.099962911620146],[-70.89502422063022,41.099481114424755],[-70.89516139475573,41.09944445448314],[-70.89528482203919,41.099375350848575],[-70.89544808548663,41.09918146860384],[-70.89575645745936,41.098971915233854],[-70.89612136367607,41.09883426530942],[-70.89650130684156,41.098763175524425],[-70.89681310179807,41.09875688840235],[-70.89708664106129,41.09871076089959],[-70.89738760506852,41.09862485174704],[-70.89762186800017,41.09850066900055],[-70.89781584126746,41.09833241937822],[-70.89793028410655,41.098148546893924],[-70.89799160128209,41.097860981416346],[-70.89817139402217,41.09752707339091],[-70.89848692961556,41.09719807240191],[-70.89900034627651,41.09701202844891],[-70.89946004489838,41.09702250454831],[-70.89976825937562,41.0969826958111],[-70.90011008489931,41.09687565437856],[-70.90049265439997,41.0967614745629],[-70.90085734976084,41.09665620595189],[-70.90119484921169,41.09653701586739],[-70.9015776642631,41.09637795437484],[-70.9020778190753,41.09627031022111],[-70.90259378744827,41.09623620364334],[-70.90306923047038,41.096200323237994],[-70.90357721332586,41.096156812489276],[-70.90411689045318,41.09617094044835],[-70.90463097917485,41.09624252236439],[-70.9051187229652,41.09632650999277],[-70.90563512464351,41.096433669213475],[-70.9061074968558,41.096623640120164],[-70.90641903900288,41.09684235603207],[-70.90669109688395,41.09696596063342],[-70.90704051963051,41.09705484897763],[-70.90742519074738,41.097151141981264],[-70.90783071410834,41.09724940085841],[-70.90824010339335,41.09738635282366],[-70.90865267579032,41.09756900198871],[-70.90902347091796,41.09783951630729],[-70.90928516791529,41.09813515203794],[-70.90955015121376,41.09835377444876],[-70.9099037245298,41.09856729818083],[-70.91025811231238,41.09883729942372],[-70.91057340250809,41.099140330249405],[-70.91083092210813,41.09947373325755],[-70.9110408019543,41.0998764361976],[-70.91100021530754,41.100330444752096]]]},"properties":{"kind":"shallows"}},{"type":"Feature","geometry":{"type":"Polygon","coordinates":[[[-70.91061427835349,41.10023714485967],[-70.91038521745413,41.10053177152217],[-70.91023480555043,41.10084766370875],[-70.91016304264238,41.1011848214194],[-70.9101104652826,41.101521779275984],[-70.91007707347109,41.101858537278495],[-70.91009337526476,41.1021939236729],[-70.9101593706636,41.102527938459204],[-70.91003891852179,41.10283331594337],[-70.90973201883932,41.1031100561254],[-70.90945353173655,41.103402177567084],[-70.90920345721347,41.103709680268416],[-70.90889104577128,41.103981104752386],[-70.90851629740999,41.10421645101898],[-70.90809443171588,41.1043847161604],[-70.90762544868898,41.10448590017667],[-70.90714425433946,41.10459393689808],[-70.90665084866731,41.10470882632461],[-70.90614600867997,41.10477095465497],[-70.9056297343774,41.104780321889145],[-70.90514141362137,41.104869509717844],[-70.90468104641184,41.10503851814105],[-70.90423221450558,41.10522342651383],[-70.90379491790257,41.105424234836164],[-70.90328822936854,41.10553428745632],[-70.9027121489035,41.1055535843743],[-70.90213962494175,41.10559857905422],[-70.9015706574833,41.10566927149608],[-70.90099612212438,41.10567758419127],[-70.90041601886497,41.10562351713978],[-70.8998411563297,41.10564589610617],[-70.89927153451859,41.10574472109044],[-70.89871742653811,41.105797429600614],[-70.89817883238827,41.10580402163669],[-70.89764235855293,41.10578168958151],[-70.8971080050321,41.10573043343508],[-70.89659933266563,41.10561218534002],[-70.89611634145352,41.105426945296344],[-70.89560973665522,41.1052920721768],[-70.89507951827072,41.105207565981395],[-70.89460290464024,41.1050639501666],[-70.89417989576377,41.10486122473244],[-70.89371908133258,41.10474032861076],[-70.89322046134664,41.10470126180157],[-70.89280833953812,41.10454446530978],[-70.89248271590702,41.10426993913537],[-70.89213886967798,41.10400905126129],[-70.891776800851,41.103761801687554],[-70.89153822003438,41.10347443075844],[-70.89142312722811,41.103146938473955],[-70.89120534559376,41.10286439260633],[-70.8908848751313,41.102626793155565],[-70.89059062393028,41.10237631469075],[-70.89032259199067,41.10211295721191],[-70.89012314217156,41.101822827085904],[-70.88999227447299,41.101505924312754],[-70.88991729134266,41.10118106202309],[-70.88989819278056,41.1008482402169],[-70.88998313445632,41.100531249668954],[-70.89017211636991,41.10023009037926],[-70.89031617777616,41.09991933899215],[-70.89041531867504,41.09959899550761],[-70.89043468486264,41.099275936415616],[-70.89037427633897,41.09895016171617],[-70.89049918626765,41.09870469334239],[-70.89080941464864,41.098539531294286],[-70.89110780473264,41.09836300590553],[-70.89139435651967,41.09817511717613],[-70.89162648955694,41.09795414442436],[-70.89180420384447,41.0977000876502],[-70.89201245195395,41.09746114222005],[-70.89225123388537,41.0972373081339],[-70.89252681094433,41.09713715141238],[-70.89283918313083,41.09716067205551],[-70.89313379163876,41.09722820058331],[-70.89341063646813,41.097339736995785],[-70.89361623628794,41.09750743275556],[-70.89375059109818,41.09773128786264],[-70.89396262078373,41.097899567096924],[-70.89425232534458,41.098012270458405],[-70.89440613520465,41.098180855568174],[-70.89442405036391,41.09840532242624],[-70.8944539371004,41.0986288804616],[-70.89449579541407,41.09885152967426],[-70.89451580814256,41.09908082373792],[-70.89451397528582,41.09931676265258],[-70.89460329753605,41.09953113331822],[-70.89478377489323,41.09972393573486],[-70.89502911103563,41.09978651938788],[-70.89533930596325,41.099718884277266],[-70.89558214023833,41.09958292786198],[-70.89575761386088,41.09937865014202],[-70.8959841048866,41.09922461560777],[-70.8962616133155,41.09912082425922],[-70.89655521948058,41.09906588867663],[-70.89686492338183,41.09905980885999],[-70.89720581902102,41.09900268600821],[-70.89757790639817,41.09889452012129],[-70.897894366453,41.098726764691584],[-70.89815519918555,41.098499419719076],[-70.89831772475394,41.09823823800379],[-70.89838194315814,41.09794321954571],[-70.89852741792677,41.097673046274416],[-70.89875414905981,41.0974277181899],[-70.89907306573868,41.09731249953272],[-70.89948416796334,41.09732739030288],[-70.89988024755415,41.09727623297734],[-70.90026130451109,41.09715902755612],[-70.90063990417157,41.097046032463304],[-70.90101604653559,41.096937247698904],[-70.901379924235,41.096808741967614],[-70.90173153726982,41.096660515269434],[-70.90214857571846,41.09657104730058],[-70.9026310395809,41.09654033806104],[-70.90311275331251,41.09650398442212],[-70.90359371691329,41.096461986383815],[-70.90407233251275,41.09647451637273],[-70.9045486001109,41.09654157438888],[-70.90502055827291,41.096622843792005],[-70.90548820699877,41.09671832458211],[-70.90587268387439,41.09687258935254],[-70.90617398889977,41.09708563810328],[-70.90651998114764,41.09724283345341],[-70.90691066061801,41.09734417540291],[-70.90729952257868,41.097441517401705],[-70.90768656702967,41.09753485944979],[-70.908055828702,41.09765838762595],[-70.9084073075957,41.097812101930195],[-70.90871058467437,41.098033665074034],[-70.908965659938,41.09832307705745],[-70.90927291461352,41.09857657513935],[-70.90963234870092,41.0987941593197],[-70.90995408446537,41.09903928212699],[-70.91023812190686,41.0993119435612],[-70.9104673076715,41.09960866359083],[-70.91064164175928,41.09992944221589],[-70.91061427835349,41.10023714485967]]]},"properties":{"kind":"land"}},{"type":"Feature","geometry":{"type":"LineString","coordinates":[[-70.91061427835349,41.10023714485967],[-70.91038521745413,41.10053177152217],[-70.91023480555043,41.10084766370875],[-70.91016304264238,41.1011848214194],[-70.9101104652826,41.101521779275984],[-70.91007707347109,41.101858537278495],[-70.91009337526476,41.1021939236729],[-70.9101593706636,41.102527938459204],[-70.91003891852179,41.10283331594337],[-70.90973201883932,41.1031100561254],[-70.90945353173655,41.103402177567084],[-70.90920345721347,41.103709680268416],[-70.90889104577128,41.103981104752386],[-70.90851629740999,41.10421645101898],[-70.90809443171588,41.1043847161604],[-70.90762544868898,41.10448590017667],[-70.90714425433946,41.10459393689808],[-70.90665084866731,41.10470882632461],[-70.90614600867997,41.10477095465497],[-70.9056297343774,41.104780321889145],[-70.90514141362137,41.104869509717844],[-70.90468104641184,41.10503851814105],[-70.90423221450558,41.10522342651383],[-70.90379491790257,41.105424234836164],[-70.90328822936854,41.10553428745632],[-70.9027121489035,41.1055535843743],[-70.90213962494175,41.10559857905422],[-70.9015706574833,41.10566927149608],[-70.90099612212438,41.10567758419127],[-70.90041601886497,41.10562351713978],[-70.8998411563297,41.10564589610617],[-70.89927153451859,41.10574472109044],[-70.89871742653811,41.105797429600614],[-70.89817883238827,41.10580402163669],[-70.89764235855293,41.10578168958151],[-70.8971080050321,41.10573043343508],[-70.89659933266563,41.10561218534002],[-70.89611634145352,41.105426945296344],[-70.89560973665522,41.1052920721768],[-70.89507951827072,41.105207565981395],[-70.89460290464024,41.1050639501666],[-70.89417989576377,41.10486122473244],[-70.89371908133258,41.10474032861076],[-70.89322046134664,41.10470126180157],[-70.89280833953812,41.10454446530978],[-70.89248271590702,41.10426993913537],[-70.89213886967798,41.10400905126129],[-70.891776800851,41.103761801687554],[-70.89153822003438,41.10347443075844],[-70.89142312722811,41.103146938473955],[-70.89120534559376,41.10286439260633],[-70.8908848751313,41.102626793155565],[-70.89059062393028,41.10237631469075],[-70.89032259199067,41.10211295721191],[-70.89012314217156,41.101822827085904],[-70.88999227447299,41.101505924312754],[-70.88991729134266,41.10118106202309],[-70.88989819278056,41.1008482402169],[-70.88998313445632,41.100531249668954],[-70.89017211636991,41.10023009037926],[-70.89031617777616,41.09991933899215],[-70.89041531867504,41.09959899550761],[-70.89043468486264,41.099275936415616],[-70.89037427633897,41.09895016171617],[-70.89049918626765,41.09870469334239],[-70.89080941464864,41.098539531294286],[-70.89110780473264,41.09836300590553],[-70.89139435651967,41.09817511717613],[-70.89162648955694,41.09795414442436],[-70.89180420384447,41.0977000876502],[-70.89201245195395,41.09746114222005],[-70.89225123388537,41.0972373081339],[-70.89252681094433,41.09713715141238],[-70.89283918313083,41.09716067205551],[-70.89313379163876,41.09722820058331],[-70.89341063646813,41.097339736995785],[-70.89361623628794,41.09750743275556],[-70.89375059109818,41.09773128786264],[-70.89396262078373,41.097899567096924],[-70.89425232534458,41.098012270458405],[-70.89440613520465,41.098180855568174],[-70.89442405036391,41.09840532242624],[-70.8944539371004,41.0986288804616],[-70.89449579541407,41.09885152967426],[-70.89451580814256,41.09908082373792],[-70.89451397528582,41.09931676265258],[-70.89460329753605,41.09953113331822],[-70.89478377489323,41.09972393573486],[-70.89502911103563,41.09978651938788],[-70.89533930596325,41.099718884277266],[-70.89558214023833,41.09958292786198],[-70.89575761386088,41.09937865014202],[-70.8959841048866,41.09922461560777],[-70.8962616133155,41.09912082425922],[-70.89655521948058,41.09906588867663],[-70.89686492338183,41.09905980885999],[-70.89720581902102,41.09900268600821],[-70.89757790639817,41.09889452012129],[-70.897894366453,41.098726764691584],[-70.89815519918555,41.098499419719076],[-70.89831772475394,41.09823823800379],[-70.89838194315814,41.09794321954571],[-70.89852741792677,41.097673046274416],[-70.89875414905981,41.0974277181899],[-70.89907306573868,41.09731249953272],[-70.89948416796334,41.09732739030288],[-70.89988024755415,41.09727623297734],[-70.90026130451109,41.09715902755612],[-70.90063990417157,41.097046032463304],[-70.90101604653559,41.096937247698904],[-70.901379924235,41.096808741967614],[-70.90173153726982,41.096660515269434],[-70.90214857571846,41.09657104730058],[-70.9026310395809,41.09654033806104],[-70.90311275331251,41.09650398442212],[-70.90359371691329,41.096461986383815],[-70.90407233251275,41.09647451637273],[-70.9045486001109,41.09654157438888],[-70.90502055827291,41.096622843792005],[-70.90548820699877,41.09671832458211],[-70.90587268387439,41.09687258935254],[-70.90617398889977,41.09708563810328],[-70.90651998114764,41.09724283345341],[-70.90691066061801,41.09734417540291],[-70.90729952257868,41.097441517401705],[-70.90768656702967,41.09753485944979],[-70.908055828702,41.09765838762595],[-70.9084073075957,41.097812101930195],[-70.90871058467437,41.098033665074034],[-70.908965659938,41.09832307705745],[-70.90927291461352,41.09857657513935],[-70.90963234870092,41.0987941593197],[-70.90995408446537,41.09903928212699],[-70.91023812190686,41.0993119435612],[-70.9104673076715,41.09960866359083],[-70.91064164175928,41.09992944221589],[-70.91061427835349,41.10023714485967]]},"properties":{"kind":"coastline"}},{"type":"Feature","geometry":{"type":"Polygon","coordinates":[[[-70.91061427835349,41.10023714485967],[-70.91038521745413,41.10053177152217],[-70.91023480555043,41.10084766370875],[-70.91016304264238,41.1011848214194],[-70.9101104652826,41.101521779275984],[-70.91007707347109,41.101858537278495],[-70.91009337526476,41.1021939236729],[-70.9101593706636,41.102527938459204],[-70.91003891852179,41.10283331594337],[-70.90973201883932,41.1031100561254],[-70.90945353173655,41.103402177567084],[-70.90920345721347,41.103709680268416],[-70.90889104577128,41.103981104752386],[-70.90851629740999,41.10421645101898],[-70.90809443171588,41.1043847161604],[-70.90762544868898,41.10448590017667],[-70.90714425433946,41.10459393689808],[-70.90665084866731,41.10470882632461],[-70.90614600867997,41.10477095465497],[-70.9056297343774,41.104780321889145],[-70.90514141362137,41.104869509717844],[-70.90468104641184,41.10503851814105],[-70.90423221450558,41.10522342651383],[-70.90379491790257,41.105424234836164],[-70.90328822936854,41.10553428745632],[-70.9027121489035,41.1055535843743],[-70.90213962494175,41.10559857905422],[-70.9015706574833,41.10566927149608],[-70.90099612212438,41.10567758419127],[-70.90041601886497,41.10562351713978],[-70.8998411563297,41.10564589610617],[-70.89927153451859,41.10574472109044],[-70.89871742653811,41.105797429600614],[-70.89817883238827,41.10580402163669],[-70.89764235855293,41.10578168958151],[-70.8971080050321,41.10573043343508],[-70.89659933266563,41.10561218534002],[-70.89611634145352,41.105426945296344],[-70.89560973665522,41.1052920721768],[-70.89507951827072,41.105207565981395],[-70.89460290464024,41.1050639501666],[-70.89417989576377,41.10486122473244],[-70.89371908133258,41.10474032861076],[-70.89322046134664,41.10470126180157],[-70.89280833953812,41.10454446530978],[-70.89248271590702,41.10426993913537],[-70.89213886967798,41.10400905126129],[-70.891776800851,41.103761801687554],[-70.89153822003438,41.10347443075844],[-70.89142312722811,41.103146938473955],[-70.89120534559376,41.10286439260633],[-70.8908848751313,41.102626793155565],[-70.89059062393028,41.10237631469075],[-70.89032259199067,41.10211295721191],[-70.89012314217156,41.101822827085904],[-70.88999227447299,41.101505924312754],[-70.88991729134266,41.10118106202309],[-70.88989819278056,41.1008482402169],[-70.88998313445632,41.100531249668954],[-70.89017211636991,41.10023009037926],[-70.89031617777616,41.09991933899215],[-70.89041531867504,41.09959899550761],[-70.89043468486264,41.099275936415616],[-70.89037427633897,41.09895016171617],[-70.89049918626765,41.09870469334239],[-70.89080941464864,41.098539531294286],[-70.89110780473264,41.09836300590553],[-70.89139435651967,41.09817511717613],[-70.89162648955694,41.09795414442436],[-70.89180420384447,41.0977000876502],[-70.89201245195395,41.09746114222005],[-70.89225123388537,41.0972373081339],[-70.89252681094433,41.09713715141238],[-70.89283918313083,41.09716067205551],[-70.89313379163876,41.09722820058331],[-70.89341063646813,41.097339736995785],[-70.89361623628794,41.09750743275556],[-70.89375059109818,41.09773128786264],[-70.89396262078373,41.097899567096924],[-70.89425232534458,41.098012270458405],[-70.89440613520465,41.098180855568174],[-70.89442405036391,41.09840532242624],[-70.8944539371004,41.0986288804616],[-70.89449579541407,41.09885152967426],[-70.89451580814256,41.09908082373792],[-70.89451397528582,41.09931676265258],[-70.89460329753605,41.09953113331822],[-70.89478377489323,41.09972393573486],[-70.89502911103563,41.09978651938788],[-70.89533930596325,41.099718884277266],[-70.89558214023833,41.09958292786198],[-70.89575761386088,41.09937865014202],[-70.8959841048866,41.09922461560777],[-70.8962616133155,41.09912082425922],[-70.89655521948058,41.09906588867663],[-70.89686492338183,41.09905980885999],[-70.89720581902102,41.09900268600821],[-70.89757790639817,41.09889452012129],[-70.897894366453,41.098726764691584],[-70.89815519918555,41.098499419719076],[-70.89831772475394,41.09823823800379],[-70.89838194315814,41.09794321954571],[-70.89852741792677,41.097673046274416],[-70.89875414905981,41.0974277181899],[-70.89907306573868,41.09731249953272],[-70.89948416796334,41.09732739030288],[-70.89988024755415,41.09727623297734],[-70.90026130451109,41.09715902755612],[-70.90063990417157,41.097046032463304],[-70.90101604653559,41.096937247698904],[-70.901379924235,41.096808741967614],[-70.90173153726982,41.096660515269434],[-70.90214857571846,41.09657104730058],[-70.9026310395809,41.09654033806104],[-70.90311275331251,41.09650398442212],[-70.90359371691329,41.096461986383815],[-70.90407233251275,41.09647451637273],[-70.9045486001109,41.09654157438888],[-70.90502055827291,41.096622843792005],[-70.90548820699877,41.09671832458211],[-70.90587268387439,41.09687258935254],[-70.90617398889977,41.09708563810328],[-70.90651998114764,41.09724283345341],[-70.90691066061801,41.09734417540291],[-70.90729952257868,41.097441517401705],[-70.90768656702967,41.09753485944979],[-70.908055828702,41.09765838762595],[-70.9084073075957,41.097812101930195],[-70.90871058467437,41.098033665074034],[-70.908965659938,41.09832307705745],[-70.90927291461352,41.09857657513935],[-70.90963234870092,41.0987941593197],[-70.90995408446537,41.09903928212699],[-70.91023812190686,41.0993119435612],[-70.9104673076715,41.09960866359083],[-70.91064164175928,41.09992944221589],[-70.91061427835349,41.10023714485967]],[[-70.9103481416159,41.099968417229334],[-70.91019994411515,41.09970787707118],[-70.909991592053,41.099438129819866],[-70.90973053457785,41.09918779882057],[-70.90943280765028,41.09896096898064],[-70.90906906417216,41.098740399176535],[-70.90873072760176,41.09846125721886],[-70.90848052125996,41.098176421520165],[-70.90822688980553,41.097990851887175],[-70.90792033260541,41.09785841321587],[-70.90758057653063,41.09774475547285],[-70.90720711951347,41.09765502874026],[-70.90681517604999,41.0975569154215],[-70.90639416075331,41.09744641640928],[-70.90599380500042,41.09726452197918],[-70.90570002727041,41.0970556402587],[-70.90538017931881,41.09692763000023],[-70.9049483783521,41.09684073629144],[-70.90448802726976,41.096761465583356],[-70.90403956932127,41.09669773396419],[-70.90360585190406,41.09668637895333],[-70.90314475540231,41.09672726470457],[-70.90265843085488,41.096763966309354],[-70.90220060266195,41.096792177506074],[-70.90184467918654,41.09686828063311],[-70.90151600881097,41.09700854057072],[-70.90113273534054,41.0971438960423],[-70.90074817606245,41.097255266213594],[-70.90037249540211,41.09736739018667],[-70.89996259180307,41.09749206912899],[-70.89950190551112,41.09755157100476],[-70.89912653593144,41.09753343415317],[-70.8989506339453,41.09759657538696],[-70.89878920020958,41.097780379277],[-70.8986689592435,41.09800368875848],[-70.8986026075829,41.09830418734928],[-70.8984047270665,41.09862221408736],[-70.89809473296245,41.098893011523224],[-70.89771783384644,41.099092805690596],[-70.89729344987377,41.09921733682338],[-70.89690302748754,41.09928254449061],[-70.89659486112691,41.099288471876775],[-70.89636473805038,41.099331529369366],[-70.89615149270074,41.099410424706235],[-70.8959852082537,41.099523636567156],[-70.89580075656124,41.0997355580189],[-70.89547012302761,41.09992067089059],[-70.89503270692197,41.10001108186076],[-70.89496936437729,41.099548218172146],[-70.89486992904034,41.0994308073634],[-70.89480885411258,41.09928422940679],[-70.89481370148235,41.09907421344505],[-70.8947922445651,41.09882848379418],[-70.89474979575641,41.09860186706541],[-70.89472111421355,41.098387324089835],[-70.89468921042021,41.098110625186166],[-70.89444422968124,41.097840447897816],[-70.89414038635057,41.09771931449101],[-70.8939986775794,41.097606846072075],[-70.89386562437612,41.09738447722687],[-70.8935921708708,41.09716163016964],[-70.89301936512523,41.097435566063524],[-70.89278100066824,41.097380929485055],[-70.89257760596134,41.09735844419991],[-70.8924423673505,41.097409617928626],[-70.89225339951504,41.0975933097279],[-70.8920608869399,41.0978142000889],[-70.89187634614413,41.09807655864976],[-70.89160977870905,41.098330304900365],[-70.89129769722858,41.0985360930861],[-70.89098746450176,41.09871962449562],[-70.89073206862446,41.098844830199006],[-70.8906712257936,41.09896920186526],[-70.89073236932956,41.09926524354355],[-70.89071051130453,41.09962987048299],[-70.89060237678807,41.09998196875265],[-70.89044784864066,41.10031531005522],[-70.89026581275088,41.10060238211151],[-70.89019535026063,41.10086533834821],[-70.89021359720898,41.10115699249274],[-70.89028195488335,41.10145316061044],[-70.89039888297218,41.10173762308381],[-70.8905740101848,41.10199237227584],[-70.89082055413006,41.10223343642077],[-70.89110103903745,41.102472192217135],[-70.89144036027994,41.10272629198777],[-70.89169875774869,41.10306153208831],[-70.8918116600929,41.1033851154538],[-70.89200425331849,41.10361668884439],[-70.89234472439017,41.103846656640044],[-70.89269962081204,41.104115928672705],[-70.89299102419774,41.10436702760225],[-70.89330224836205,41.104485305370055],[-70.89378346200503,41.10452105264402],[-70.89431014452374,41.10465922946652],[-70.89473849061785,41.10486395916508],[-70.89516532986154,41.104992498195045],[-70.89569030080429,41.1050758548804],[-70.89623389877475,41.10522057667202],[-70.8967114713771,41.105404111353806],[-70.89717083160008,41.10551090163488],[-70.89766942426883,41.105558038824874],[-70.89818462156202,41.10557948519117],[-70.89869601919384,41.10557343091273],[-70.89921903789234,41.105523653928735],[-70.8997996810613,41.105423502718025],[-70.90042686233853,41.10539908702234],[-70.90101177218223,41.10545331523515],[-70.90154344741927,41.10544563068585],[-70.90209990130829,41.105376004154515],[-70.90269007301613,41.10532962253756],[-70.90324156681612,41.10531247853668],[-70.90367557955412,41.105218447519036],[-70.90408314856943,41.105028959355025],[-70.90454427001823,41.10483898797474],[-70.90504017835259,41.10465828492974],[-70.90559126035504,41.10455762237154],[-70.90611843673919,41.104547339014644],[-70.9065825825708,41.10449021872647],[-70.90705769270753,41.104379039862046],[-70.90754186179696,41.10427033543941],[-70.90798342058338,41.10417629910835],[-70.90835001238656,41.104030080483625],[-70.90868259643578,41.103820600587525],[-70.9089629962281,41.103577010505056],[-70.90920528634413,41.10327791586434],[-70.90949650918105,41.10297243516477],[-70.90977814140331,41.10272460235027],[-70.90986196010746,41.10251355444031],[-70.90979662357978,41.10221464088558],[-70.9097791056932,41.10185423509608],[-70.90981381114786,41.101500283359776],[-70.90986785793639,41.10115390345596],[-70.9099461192026,41.10079189195685],[-70.91011533232351,41.1004365138156],[-70.9103305011814,41.10016854199758],[-70.9103481416159,41.099968417229334]]]},"properties":{"kind":"esplanade"}},{"type":"Feature","geometry":{"type":"Polygon","coordinates":[[[-70.9103305011814,41.10016854199758],[-70.91011533232351,41.1004365138156],[-70.9099461192026,41.10079189195685],[-70.90986785793639,41.10115390345596],[-70.90981381114786,41.101500283359776],[-70.9097791056932,41.10185423509608],[-70.90979662357978,41.10221464088558],[-70.90986196010746,41.10251355444031],[-70.90977814140331,41.10272460235027],[-70.90949650918105,41.10297243516477],[-70.90920528634413,41.10327791586434],[-70.9089629962281,41.103577010505056],[-70.90868259643578,41.103820600587525],[-70.90835001238656,41.104030080483625],[-70.90798342058338,41.10417629910835],[-70.90754186179696,41.10427033543941],[-70.90705769270753,41.104379039862046],[-70.9065825825708,41.10449021872647],[-70.90611843673919,41.104547339014644],[-70.90559126035504,41.10455762237154],[-70.90504017835259,41.10465828492974],[-70.90454427001823,41.10483898797474],[-70.90408314856943,41.105028959355025],[-70.90367557955412,41.105218447519036],[-70.90324156681612,41.10531247853668],[-70.90269007301613,41.10532962253756],[-70.90209990130829,41.105376004154515],[-70.90154344741927,41.10544563068585],[-70.90101177218223,41.10545331523515],[-70.90042686233853,41.10539908702234],[-70.8997996810613,41.105423502718025],[-70.89921903789234,41.105523653928735],[-70.89869601919384,41.10557343091273],[-70.89818462156202,41.10557948519117],[-70.89766942426883,41.105558038824874],[-70.89717083160008,41.10551090163488],[-70.8967114713771,41.105404111353806],[-70.89623389877475,41.10522057667202],[-70.89569030080429,41.1050758548804],[-70.89516532986154,41.104992498195045],[-70.89473849061785,41.10486395916508],[-70.89431014452374,41.10465922946652],[-70.89378346200503,41.10452105264402],[-70.89330224836205,41.104485305370055],[-70.89299102419774,41.10436702760225],[-70.89269962081204,41.104115928672705],[-70.89234472439017,41.103846656640044],[-70.89200425331849,41.10361668884439],[-70.8918116600929,41.1033851154538],[-70.89169875774869,41.10306153208831],[-70.89144036027994,41.10272629198777],[-70.89110103903745,41.102472192217135],[-70.89082055413006,41.10223343642077],[-70.8905740101848,41.10199237227584],[-70.89039888297218,41.10173762308381],[-70.89028195488335,41.10145316061044],[-70.89021359720898,41.10115699249274],[-70.89019535026063,41.10086533834821],[-70.89026581275088,41.10060238211151],[-70.89044784864066,41.10031531005522],[-70.89060237678807,41.09998196875265],[-70.89071051130453,41.09962987048299],[-70.89073236932956,41.09926524354355],[-70.8906712257936,41.09896920186526],[-70.89073206862446,41.098844830199006],[-70.89098746450176,41.09871962449562],[-70.89129769722858,41.0985360930861],[-70.89160977870905,41.098330304900365],[-70.89187634614413,41.09807655864976],[-70.8920608869399,41.0978142000889],[-70.89225339951504,41.0975933097279],[-70.8924423673505,41.097409617928626],[-70.89257760596134,41.09735844419991],[-70.89278100066824,41.097380929485055],[-70.89301936512523,41.097435566063524],[-70.8935921708708,41.09716163016964],[-70.89386562437612,41.09738447722687],[-70.8939986775794,41.097606846072075],[-70.89414038635057,41.09771931449101],[-70.89444422968124,41.097840447897816],[-70.89468921042021,41.098110625186166],[-70.89472111421355,41.098387324089835],[-70.89474979575641,41.09860186706541],[-70.8947922445651,41.09882848379418],[-70.89481370148235,41.09907421344505],[-70.89480885411258,41.09928422940679],[-70.89486992904034,41.0994308073634],[-70.89496936437729,41.099548218172146],[-70.89503270692197,41.10001108186076],[-70.89547012302761,41.09992067089059],[-70.89580075656124,41.0997355580189],[-70.8959852082537,41.099523636567156],[-70.89615149270074,41.099410424706235],[-70.89636473805038,41.099331529369366],[-70.89659486112691,41.099288471876775],[-70.89690302748754,41.09928254449061],[-70.89729344987377,41.09921733682338],[-70.89771783384644,41.099092805690596],[-70.89809473296245,41.098893011523224],[-70.8984047270665,41.09862221408736],[-70.8986026075829,41.09830418734928],[-70.8986689592435,41.09800368875848],[-70.89878920020958,41.097780379277],[-70.8989506339453,41.09759657538696],[-70.89912653593144,41.09753343415317],[-70.89950190551112,41.09755157100476],[-70.89996259180307,41.09749206912899],[-70.90037249540211,41.09736739018667],[-70.90074817606245,41.097255266213594],[-70.90113273534054,41.0971438960423],[-70.90151600881097,41.09700854057072],[-70.90184467918654,41.09686828063311],[-70.90220060266195,41.096792177506074],[-70.90265843085488,41.096763966309354],[-70.90314475540231,41.09672726470457],[-70.90360585190406,41.09668637895333],[-70.90403956932127,41.09669773396419],[-70.90448802726976,41.096761465583356],[-70.9049483783521,41.09684073629144],[-70.90538017931881,41.09692763000023],[-70.90570002727041,41.0970556402587],[-70.90599380500042,41.09726452197918],[-70.90639416075331,41.09744641640928],[-70.90681517604999,41.0975569154215],[-70.90720711951347,41.09765502874026],[-70.90758057653063,41.09774475547285],[-70.90792033260541,41.09785841321587],[-70.90822688980553,41.097990851887175],[-70.90848052125996,41.098176421520165],[-70.90873072760176,41.09846125721886],[-70.90906906417216,41.098740399176535],[-70.90943280765028,41.09896096898064],[-70.90973053457785,41.09918779882057],[-70.909991592053,41.099438129819866],[-70.91019994411515,41.09970787707118],[-70.9103481416159,41.099968417229334],[-70.9103305011814,41.10016854199758]]]},"properties":{"kind":"paveland"}},{"type":"Feature","geometry":{"type":"Polygon","coordinates":[[[-70.89642373039895,41.09901185318747],[-70.89678135735906,41.097933874846525],[-70.89634028410826,41.09784404331811],[-70.8960422616415,41.09892202165906],[-70.89642373039895,41.09901185318747]]]},"properties":{"kind":"pier"}},{"type":"Feature","geometry":{"type":"Polygon","coordinates":[[[-70.89487401357182,41.09946101082953],[-70.89380113269151,41.09874235860224],[-70.89349118932608,41.09901185318747],[-70.8945640702064,41.09973050541477],[-70.89487401357182,41.09946101082953]]]},"properties":{"kind":"pier"}},{"type":"Feature","geometry":{"type":"Polygon","coordinates":[[[-70.90452994149467,41.09703555956241],[-70.90470875497473,41.096047412749876],[-70.90425576082527,41.09599351383283],[-70.90408886824389,41.09696369433968],[-70.90452994149467,41.09703555956241]]]},"properties":{"kind":"pier"}},{"type":"Feature","geometry":{"type":"Polygon","coordinates":[[[-70.91037118184308,41.10170679903983],[-70.91174208519014,41.101904428402335],[-70.91165863889945,41.10222782190462],[-70.91028773555239,41.10203019254211],[-70.91037118184308,41.10170679903983]]]},"properties":{"kind":"pier"}},{"type":"Feature","geometry":{"type":"Polygon","coordinates":[[[-70.89441521149396,41.09567465511118],[-70.89214397525541,41.09666280192371],[-70.89223338199544,41.096779496502215],[-70.89450461823398,41.095791349689684],[-70.89441521149396,41.09567465511118]]]},"properties":{"kind":"pier"}},{"type":"Feature","geometry":{"type":"Polygon","coordinates":[[[-70.90124594946519,41.1005252166163],[-70.8981369794127,41.101152969597194],[-70.89875405053482,41.10288838146336],[-70.90186302058731,41.10226062848246],[-70.90124594946519,41.1005252166163]]]},"properties":{"kind":"park"}},{"type":"Feature","geometry":{"type":"Polygon","coordinates":[[[-70.89394203539104,41.100672716702654],[-70.8929057120402,41.10088196769629],[-70.89318339404517,41.10166290303606],[-70.894219717396,41.10145365204243],[-70.89394203539104,41.100672716702654]]]},"properties":{"kind":"park"}},{"type":"Feature","geometry":{"type":"Polygon","coordinates":[[[-70.90536284971476,41.103885609866005],[-70.90372930729008,41.10333754325137],[-70.90322019732778,41.104199227691076],[-70.90485373975247,41.10474729430571],[-70.90536284971476,41.103885609866005]]]},"properties":{"kind":"park"}},{"type":"Feature","geometry":{"type":"Polygon","coordinates":[[[-70.90129652555491,41.100459204194074],[-70.89804937905565,41.10111485730746],[-70.8987034744451,41.10295439388559],[-70.90195062094436,41.102298740772206],[-70.90129652555491,41.100459204194074]]]},"properties":{"kind":"apron"}},{"type":"Feature","geometry":{"type":"Polygon","coordinates":[[[-70.89399261148077,41.10060670428042],[-70.89281811168316,41.100843855406545],[-70.89313281795543,41.10172891545829],[-70.89430731775305,41.10149176433217],[-70.89399261148077,41.10060670428042]]]},"properties":{"kind":"apron"}},{"type":"Feature","geometry":{"type":"Polygon","coordinates":[[[-70.90545728340959,41.10385829341975],[-70.90369305759094,41.10326638147595],[-70.90312576363296,41.10422654413733],[-70.9048899894516,41.104818456081134],[-70.90545728340959,41.10385829341975]]]},"properties":{"kind":"apron"}},{"type":"Feature","geometry":{"type":"Polygon","coordinates":[[[-70.89517294807506,41.100463318858395],[-70.90512069157005,41.10514749907059],[-70.90530388787175,41.104926572846324],[-70.89535614437678,41.10024239263413],[-70.89517294807506,41.100463318858395]]]},"properties":{"kind":"apron"}},{"type":"Feature","geometry":{"type":"LineString","coordinates":[[-70.89528476521676,41.10036237643775],[-70.90519207073005,41.10502751526697]]},"properties":{"kind":"street","cls":"shore"}},{"type":"Feature","geometry":{"type":"Polygon","coordinates":[[[-70.89346843942286,41.0992900412592],[-70.89343772400166,41.09901204323501],[-70.89325931765276,41.09889998663324],[-70.89286158442643,41.098908877084924],[-70.8927877666998,41.09938498651015],[-70.89346843942286,41.0992900412592]]]},"properties":{"kind":"pavement","solo":0,"d":"thehook","org":1}},{"type":"Feature","geometry":{"type":"Polygon","coordinates":[[[-70.89342493407646,41.09889628464227],[-70.89339224443673,41.098600418432355],[-70.89328063954302,41.09853259087073],[-70.89291188047203,41.098584477750904],[-70.89286158442643,41.098908877084924],[-70.89342493407646,41.09889628464227]]]},"properties":{"kind":"pavement","solo":0,"d":"thehook","org":1}},{"type":"Feature","geometry":{"type":"Polygon","coordinates":[[[-70.89291188047203,41.098584477750904],[-70.89265268910172,41.09862094771905],[-70.89230587228707,41.09945220469651],[-70.8927877666998,41.09938498651015],[-70.89291188047203,41.098584477750904]]]},"properties":{"kind":"pavement","solo":0,"d":"thehook","org":1}},{"type":"Feature","geometry":{"type":"Polygon","coordinates":[[[-70.89353353109443,41.099879170607906],[-70.89346843942286,41.0992900412592],[-70.89230587228707,41.09945220469651],[-70.89221524534938,41.09966942102262],[-70.89353353109443,41.099879170607906]]]},"properties":{"kind":"pavement","solo":0,"d":"thehook","org":1}},{"type":"Feature","geometry":{"type":"Polygon","coordinates":[[[-70.89362217888302,41.10068150080903],[-70.89357048189787,41.10021360360414],[-70.8932871372298,41.100187916755615],[-70.89307541587168,41.10075591345668],[-70.89320623066182,41.100765487702226],[-70.89362217888302,41.10068150080903]]]},"properties":{"kind":"pavement","solo":0,"d":"thehook","org":1}},{"type":"Feature","geometry":{"type":"Polygon","coordinates":[[[-70.8932871372298,41.100187916755615],[-70.89269741780615,41.10013445524666],[-70.89263569520499,41.10072373060006],[-70.89307541587168,41.10075591345668],[-70.8932871372298,41.100187916755615]]]},"properties":{"kind":"pavement","solo":0,"d":"thehook","org":1}},{"type":"Feature","geometry":{"type":"Polygon","coordinates":[[[-70.89357048189787,41.10021360360414],[-70.89353353109443,41.099879170607906],[-70.89286382044943,41.09977261439991],[-70.89273107284635,41.0998131452997],[-70.89269741780615,41.10013445524666],[-70.89357048189787,41.10021360360414]]]},"properties":{"kind":"pavement","solo":0,"d":"thehook","org":1}},{"type":"Feature","geometry":{"type":"Polygon","coordinates":[[[-70.89205978155866,41.10004203952124],[-70.89180085916558,41.10066262951796],[-70.89263569520499,41.10072373060006],[-70.89268416035118,41.10026102624847],[-70.89205978155866,41.10004203952124]]]},"properties":{"kind":"pavement","solo":0,"d":"thehook","org":1}},{"type":"Feature","geometry":{"type":"Polygon","coordinates":[[[-70.89273742462895,41.099752503835084],[-70.89221524534938,41.09966942102262],[-70.89209243056948,41.09996378576623],[-70.89219090759038,41.100088029008525],[-70.89268416035118,41.10026102624847],[-70.89273742462895,41.099752503835084]]]},"properties":{"kind":"pavement","solo":0,"d":"thehook","org":1}},{"type":"Feature","geometry":{"type":"Polygon","coordinates":[[[-70.89133903670549,41.098805787441854],[-70.89070771181005,41.09889461909855],[-70.8906712257936,41.09896920186526],[-70.89072581741321,41.099233520806585],[-70.8912623033902,41.09935596542741],[-70.89133903670549,41.098805787441854]]]},"properties":{"kind":"pavement","solo":0,"d":"thehook","org":1}},{"type":"Feature","geometry":{"type":"Polygon","coordinates":[[[-70.89204768543875,41.098706075801395],[-70.89133903670549,41.098805787441854],[-70.89130954396998,41.09901725039962],[-70.8922098698965,41.09911003161019],[-70.89204768543875,41.098706075801395]]]},"properties":{"kind":"pavement","solo":0,"d":"thehook","org":1}},{"type":"Feature","geometry":{"type":"Polygon","coordinates":[[[-70.89265268910172,41.09862094771905],[-70.89204768543875,41.098706075801395],[-70.8922098698965,41.09911003161019],[-70.89243879102466,41.099133622599595],[-70.89265268910172,41.09862094771905]]]},"properties":{"kind":"pavement","solo":0,"d":"thehook","org":1}},{"type":"Feature","geometry":{"type":"Polygon","coordinates":[[[-70.89151877730387,41.099038812504446],[-70.89130079096597,41.09908000945151],[-70.8912623033902,41.09935596542741],[-70.89225180131194,41.09958180301315],[-70.89243879102466,41.099133622599595],[-70.89151877730387,41.099038812504446]]]},"properties":{"kind":"pavement","solo":0,"d":"thehook","org":1}},{"type":"Feature","geometry":{"type":"Polygon","coordinates":[[[-70.89053967238918,41.100186141398595],[-70.89095109172817,41.100201226763794],[-70.89113934818052,41.09968949753716],[-70.89069237974296,41.09978781834881],[-70.89060237678807,41.09998196875265],[-70.89053967238918,41.100186141398595]]]},"properties":{"kind":"pavement","solo":0,"d":"thehook","org":1}},{"type":"Feature","geometry":{"type":"Polygon","coordinates":[[[-70.89033652347818,41.10055545578464],[-70.89080808020157,41.100589968700596],[-70.89095109172817,41.100201226763794],[-70.89052998138345,41.10018578606197],[-70.89046446882925,41.1002890998847],[-70.89042532114271,41.10036390538],[-70.89033652347818,41.10055545578464]]]},"properties":{"kind":"pavement","solo":0,"d":"thehook","org":1}},{"type":"Feature","geometry":{"type":"Polygon","coordinates":[[[-70.89083387197857,41.09975669393313],[-70.89113934818052,41.09968949753716],[-70.89126206866223,41.09935591185438],[-70.8908252653546,41.09925621826],[-70.89076860786892,41.099440701469625],[-70.89083387197857,41.09975669393313]]]},"properties":{"kind":"pavement","solo":0,"d":"thehook","org":1}},{"type":"Feature","geometry":{"type":"Polygon","coordinates":[[[-70.89080808020157,41.100589968700596],[-70.89180085916558,41.10066262951796],[-70.89200599136588,41.10017096485354],[-70.890956737087,41.10018588123343],[-70.89080808020157,41.100589968700596]]]},"properties":{"kind":"pavement","solo":0,"d":"thehook","org":1}},{"type":"Feature","geometry":{"type":"Polygon","coordinates":[[[-70.89200599136588,41.10017096485354],[-70.89208654266137,41.09997789801363],[-70.8911234818609,41.099732626255275],[-70.890956737087,41.10018588123343],[-70.89200599136588,41.10017096485354]]]},"properties":{"kind":"pavement","solo":0,"d":"thehook","org":1}},{"type":"Feature","geometry":{"type":"Polygon","coordinates":[[[-70.8916333099279,41.099572804633276],[-70.89154532289155,41.09942056024817],[-70.89126206866223,41.09935591185438],[-70.8911234818609,41.099732626255275],[-70.89154127883918,41.099839030544025],[-70.8916333099279,41.099572804633276]]]},"properties":{"kind":"pavement","solo":0,"d":"thehook","org":1}},{"type":"Feature","geometry":{"type":"Polygon","coordinates":[[[-70.89208654266137,41.09997789801363],[-70.89225180131194,41.09958180301315],[-70.89167565596782,41.09945030675561],[-70.89154127883918,41.099839030544025],[-70.89208654266137,41.09997789801363]]]},"properties":{"kind":"pavement","solo":0,"d":"thehook","org":1}},{"type":"Feature","geometry":{"type":"Polygon","coordinates":[[[-70.89383577232337,41.10261468459975],[-70.89375568889086,41.10188986836308],[-70.89290020187948,41.10189874882384],[-70.89297921845838,41.10235338478339],[-70.89317177721053,41.1025007384119],[-70.89383577232337,41.10261468459975]]]},"properties":{"kind":"pavement","solo":0,"d":"thehook","org":1}},{"type":"Feature","geometry":{"type":"Polygon","coordinates":[[[-70.89310103395975,41.10305427196601],[-70.89388434141357,41.10305427196601],[-70.89383577232337,41.10261468459975],[-70.89299969637817,41.10247120814207],[-70.89310103395975,41.10305427196601]]]},"properties":{"kind":"pavement","solo":0,"d":"thehook","org":1}},{"type":"Feature","geometry":{"type":"Polygon","coordinates":[[[-70.8930105241533,41.1025335076747],[-70.89290020187948,41.10189874882384],[-70.89252661826703,41.10190262684252],[-70.89257469190271,41.102531491577324],[-70.8930105241533,41.1025335076747]]]},"properties":{"kind":"pavement","solo":0,"d":"thehook","org":1}},{"type":"Feature","geometry":{"type":"Polygon","coordinates":[[[-70.89252661826703,41.10190262684252],[-70.89205211805333,41.10190755243516],[-70.8919789987025,41.10252873598616],[-70.89257469190271,41.102531491577324],[-70.89252661826703,41.10190262684252]]]},"properties":{"kind":"pavement","solo":0,"d":"thehook","org":1}},{"type":"Feature","geometry":{"type":"Polygon","coordinates":[[[-70.89193492262804,41.102903183135076],[-70.89225750186483,41.10305427196601],[-70.89310103395975,41.10305427196601],[-70.8930105241533,41.1025335076747],[-70.8919789987025,41.10252873598616],[-70.89193492262804,41.102903183135076]]]},"properties":{"kind":"pavement","solo":0,"d":"thehook","org":1}},{"type":"Feature","geometry":{"type":"Polygon","coordinates":[[[-70.89363883484693,41.10189108137712],[-70.89374909398266,41.101830179406235],[-70.8937247010114,41.10160940438342],[-70.8931604326833,41.1017233395835],[-70.89320661998545,41.10189556802281],[-70.89363883484693,41.10189108137712]]]},"properties":{"kind":"pavement","solo":0,"d":"thehook","org":1}},{"type":"Feature","geometry":{"type":"Polygon","coordinates":[[[-70.89320623066182,41.100765487702226],[-70.89289750149828,41.10074289202466],[-70.89291910845023,41.100823462472384],[-70.89320623066182,41.100765487702226]]]},"properties":{"kind":"pavement","solo":1,"d":"thehook","org":1}},{"type":"Feature","geometry":{"type":"Polygon","coordinates":[[[-70.89272517573664,41.10190056569864],[-70.8931921291248,41.10189571844651],[-70.89297005306722,41.10127116576251],[-70.89258081544885,41.101329633214746],[-70.89272517573664,41.10190056569864]]]},"properties":{"kind":"pavement","solo":0,"d":"thehook","org":1}},{"type":"Feature","geometry":{"type":"Polygon","coordinates":[[[-70.89211185295146,41.10140007615531],[-70.89205211805333,41.10190755243516],[-70.89272517573664,41.10190056569864],[-70.89260897998449,41.10144102152334],[-70.89248932137407,41.10134337655607],[-70.89211185295146,41.10140007615531]]]},"properties":{"kind":"pavement","solo":0,"d":"thehook","org":1}},{"type":"Feature","geometry":{"type":"Polygon","coordinates":[[[-70.89215028408931,41.10107358541907],[-70.89211185295146,41.10140007615531],[-70.89297005306722,41.10127116576251],[-70.89286746245338,41.10098264639705],[-70.89215028408931,41.10107358541907]]]},"properties":{"kind":"pavement","solo":0,"d":"thehook","org":1}},{"type":"Feature","geometry":{"type":"Polygon","coordinates":[[[-70.89289750149828,41.10074289202466],[-70.89219525980019,41.100691495432244],[-70.89216172483331,41.10097639087477],[-70.89291910845023,41.100823462472384],[-70.89289750149828,41.10074289202466]]]},"properties":{"kind":"pavement","solo":0,"d":"thehook","org":1}},{"type":"Feature","geometry":{"type":"Polygon","coordinates":[[[-70.89216172483331,41.10097639087477],[-70.89215028408931,41.10107358541907],[-70.89286746245338,41.10098264639705],[-70.89281811168316,41.100843855406545],[-70.89216172483331,41.10097639087477]]]},"properties":{"kind":"pavement","solo":0,"d":"thehook","org":1}},{"type":"Feature","geometry":{"type":"Polygon","coordinates":[[[-70.89117107324651,41.102524637140206],[-70.89111885242352,41.10200914784444],[-70.89068394238518,41.102099861072034],[-70.89082055413006,41.10223343642077],[-70.89110103903745,41.102472192217135],[-70.89117107324651,41.102524637140206]]]},"properties":{"kind":"pavement","solo":0,"d":"thehook","org":1}},{"type":"Feature","geometry":{"type":"Polygon","coordinates":[[[-70.89145035986742,41.10194000225672],[-70.89111885242352,41.10200914784444],[-70.89117107324651,41.102524637140206],[-70.89120605910834,41.10255083620574],[-70.89167630924882,41.10249433150404],[-70.89145035986742,41.10194000225672]]]},"properties":{"kind":"pavement","solo":0,"d":"thehook","org":1}},{"type":"Feature","geometry":{"type":"Polygon","coordinates":[[[-70.89198744916521,41.102456945299025],[-70.89206334837259,41.1018121455487],[-70.89145035986742,41.10194000225672],[-70.89167630924882,41.10249433150404],[-70.89198744916521,41.102456945299025]]]},"properties":{"kind":"pavement","solo":0,"d":"thehook","org":1}},{"type":"Feature","geometry":{"type":"Polygon","coordinates":[[[-70.89187834010751,41.10305427196601],[-70.89191713800187,41.10305427196601],[-70.89198744916521,41.102456945299025],[-70.8912967247666,41.102539941927276],[-70.89144036027994,41.10272629198777],[-70.89187834010751,41.10305427196601]]]},"properties":{"kind":"pavement","solo":0,"d":"thehook","org":1}},{"type":"Feature","geometry":{"type":"Polygon","coordinates":[[[-70.89206334837259,41.1018121455487],[-70.89208989070092,41.101586655885946],[-70.89105189452629,41.10145787567351],[-70.89113322477719,41.10189870404217],[-70.89132549185481,41.1019660471383],[-70.89206334837259,41.1018121455487]]]},"properties":{"kind":"pavement","solo":0,"d":"thehook","org":1}},{"type":"Feature","geometry":{"type":"Polygon","coordinates":[[[-70.89068394238518,41.102099861072034],[-70.89115231337854,41.10200216858215],[-70.89109942846444,41.101715520377454],[-70.89044218850766,41.101800617577986],[-70.8905740101848,41.10199237227584],[-70.89068394238518,41.102099861072034]]]},"properties":{"kind":"pavement","solo":0,"d":"thehook","org":1}},{"type":"Feature","geometry":{"type":"Polygon","coordinates":[[[-70.89105189452629,41.10145787567351],[-70.89026037780165,41.10135967522303],[-70.89027738608569,41.101433365726905],[-70.8903067135966,41.10151339356969],[-70.89039888297218,41.10173762308381],[-70.89044218850766,41.101800617577986],[-70.89109942846444,41.101715520377454],[-70.89105189452629,41.10145787567351]]]},"properties":{"kind":"pavement","solo":0,"d":"thehook","org":1}},{"type":"Feature","geometry":{"type":"Polygon","coordinates":[[[-70.89110052332649,41.10061137241407],[-70.89029738570036,41.10055259131729],[-70.89026581275088,41.10060238211151],[-70.89019535026063,41.10086533834821],[-70.8902002836813,41.100944192771216],[-70.89113018425876,41.100951007361154],[-70.89110052332649,41.10061137241407]]]},"properties":{"kind":"pavement","solo":0,"d":"thehook","org":1}},{"type":"Feature","geometry":{"type":"Polygon","coordinates":[[[-70.89026037780165,41.10135967522303],[-70.89117579240624,41.101473247209256],[-70.89113018425876,41.100951007361154],[-70.8902002836813,41.100944192771216],[-70.89021123791522,41.10111928219776],[-70.8902218872102,41.10119290995302],[-70.89026037780165,41.10135967522303]]]},"properties":{"kind":"pavement","solo":0,"d":"thehook","org":1}},{"type":"Feature","geometry":{"type":"Polygon","coordinates":[[[-70.89159624297612,41.10064765379818],[-70.89110052332649,41.10061137241407],[-70.89114277712218,41.10109520298082],[-70.89146654354188,41.10114601477011],[-70.89159624297612,41.10064765379818]]]},"properties":{"kind":"pavement","solo":0,"d":"thehook","org":1}},{"type":"Feature","geometry":{"type":"Polygon","coordinates":[[[-70.89212951123217,41.10125006068881],[-70.89219525980019,41.100691495432244],[-70.89159624297612,41.10064765379818],[-70.89148642882627,41.10106960696067],[-70.89156818855784,41.101161966903554],[-70.89212951123217,41.10125006068881]]]},"properties":{"kind":"pavement","solo":0,"d":"thehook","org":1}},{"type":"Feature","geometry":{"type":"Polygon","coordinates":[[[-70.89186311248984,41.101558520381296],[-70.89209972013967,41.101503150143614],[-70.89212951123217,41.10125006068881],[-70.89114277712218,41.10109520298082],[-70.89117579240624,41.101473247209256],[-70.89186311248984,41.101558520381296]]]},"properties":{"kind":"pavement","solo":0,"d":"thehook","org":1}},{"type":"Feature","geometry":{"type":"Polygon","coordinates":[[[-70.89439002444205,41.09837649295792],[-70.89375238133395,41.0984662136296],[-70.89414403304845,41.09896002122733],[-70.89450298882535,41.09885734953076],[-70.89439002444205,41.09837649295792]]]},"properties":{"kind":"pavement","solo":0,"d":"thehook","org":1}},{"type":"Feature","geometry":{"type":"Polygon","coordinates":[[[-70.89375238133395,41.0984662136296],[-70.89338315654163,41.09851816603989],[-70.89345378976849,41.099157450696794],[-70.89414403304845,41.09896002122733],[-70.89375238133395,41.0984662136296]]]},"properties":{"kind":"pavement","solo":0,"d":"thehook","org":1}},{"type":"Feature","geometry":{"type":"Polygon","coordinates":[[[-70.89345378976849,41.099157450696794],[-70.8934884416468,41.09947107666474],[-70.89462438510103,41.09937409822059],[-70.89450298882535,41.09885734953076],[-70.89345378976849,41.099157450696794]]]},"properties":{"kind":"pavement","solo":0,"d":"thehook","org":1}},{"type":"Feature","geometry":{"type":"Polygon","coordinates":[[[-70.89469942498233,41.09833295822204],[-70.89439002444205,41.09837649295792],[-70.8944663648889,41.09870145206949],[-70.89476269223417,41.0987479267492],[-70.89473953592776,41.09854709406049],[-70.89469942498233,41.09833295822204]]]},"properties":{"kind":"pavement","solo":0,"d":"thehook","org":1}},{"type":"Feature","geometry":{"type":"Polygon","coordinates":[[[-70.8944663648889,41.09870145206949],[-70.89462438510103,41.09937409822059],[-70.89480713996926,41.099358495962655],[-70.89480885411258,41.09928422940679],[-70.8945729953164,41.09871817551754],[-70.8944663648889,41.09870145206949]]]},"properties":{"kind":"pavement","solo":0,"d":"thehook","org":1}},{"type":"Feature","geometry":{"type":"Polygon","coordinates":[[[-70.89383818158052,41.09995699521038],[-70.8944308857033,41.09999202034534],[-70.89419824673301,41.099410478760284],[-70.89408131466612,41.09942046155465],[-70.89383818158052,41.09995699521038]]]},"properties":{"kind":"pavement","solo":0,"d":"thehook","org":1}},{"type":"Feature","geometry":{"type":"Polygon","coordinates":[[[-70.8934884416468,41.09947107666474],[-70.89354018410208,41.09993938540896],[-70.89383818158052,41.09995699521038],[-70.89408131466612,41.09942046155465],[-70.8934884416468,41.09947107666474]]]},"properties":{"kind":"pavement","solo":0,"d":"thehook","org":1}},{"type":"Feature","geometry":{"type":"Polygon","coordinates":[[[-70.89360097107256,41.10048955392458],[-70.8936172166329,41.10063658865511],[-70.89377545394915,41.100650552013114],[-70.89427725036896,41.100549230934746],[-70.89360097107256,41.10048955392458]]]},"properties":{"kind":"pavement","solo":1,"d":"thehook","org":1}},{"type":"Feature","geometry":{"type":"Polygon","coordinates":[[[-70.89411711455946,41.100956848878695],[-70.89462782026766,41.10095413085934],[-70.89452162713286,41.10057079550829],[-70.89427725036896,41.100549230934746],[-70.89399261148077,41.10060670428042],[-70.89411711455946,41.100956848878695]]]},"properties":{"kind":"pavement","solo":0,"d":"thehook","org":1}},{"type":"Feature","geometry":{"type":"Polygon","coordinates":[[[-70.89382415492192,41.10050924836875],[-70.89452162713286,41.10057079550829],[-70.8943601342276,41.099987839372254],[-70.89413165459582,41.099974337644106],[-70.89382415492192,41.10050924836875]]]},"properties":{"kind":"pavement","solo":0,"d":"thehook","org":1}},{"type":"Feature","geometry":{"type":"Polygon","coordinates":[[[-70.89354018410208,41.09993938540896],[-70.89360097107256,41.10048955392458],[-70.89382415492192,41.10050924836875],[-70.89413165459582,41.099974337644106],[-70.89354018410208,41.09993938540896]]]},"properties":{"kind":"pavement","solo":0,"d":"thehook","org":1}},{"type":"Feature","geometry":{"type":"Polygon","coordinates":[[[-70.89462782026766,41.10095413085934],[-70.89526276663081,41.10095075162062],[-70.89538121028414,41.10089042514065],[-70.89539041686947,41.100565720274766],[-70.89520691355008,41.100479312476054],[-70.89453761186377,41.10062849709556],[-70.89462782026766,41.10095413085934]]]},"properties":{"kind":"pavement","solo":0,"d":"thehook","org":1}},{"type":"Feature","geometry":{"type":"Polygon","coordinates":[[[-70.89438968035141,41.10009449479555],[-70.89453761186377,41.10062849709556],[-70.89520691355008,41.100479312476054],[-70.89438968035141,41.10009449479555]]]},"properties":{"kind":"pavement","solo":0,"d":"thehook","org":1}},{"type":"Feature","geometry":{"type":"Polygon","coordinates":[[[-70.89539901207216,41.10026257811746],[-70.89540505114553,41.1000495874767],[-70.89488090777702,41.10001861385678],[-70.89539901207216,41.10026257811746]]]},"properties":{"kind":"pavement","solo":1,"d":"thehook","org":1}},{"type":"Feature","geometry":{"type":"Polygon","coordinates":[[[-70.8953100270149,41.10029800802885],[-70.89523650954769,41.100186059145095],[-70.89488090777702,41.10001861385678],[-70.8943601342276,41.099987839372254],[-70.89438968035141,41.10009449479555],[-70.89517294807506,41.100463318858395],[-70.8953100270149,41.10029800802885]]]},"properties":{"kind":"pavement","solo":0,"d":"thehook","org":1}},{"type":"Feature","geometry":{"type":"Polygon","coordinates":[[[-70.89716767876072,41.09943109388385],[-70.89725819330586,41.09942423361657],[-70.89725819330586,41.09927571309944],[-70.89690302748754,41.09928254449061],[-70.89668283577905,41.09931932052642],[-70.89716767876072,41.09943109388385]]]},"properties":{"kind":"pavement","solo":1,"d":"thehook","org":1}},{"type":"Feature","geometry":{"type":"Polygon","coordinates":[[[-70.89539041686947,41.100565720274766],[-70.89537951742284,41.10095013026295],[-70.89593648527762,41.100947166032505],[-70.895944706173,41.100826723284015],[-70.89539041686947,41.100565720274766]]]},"properties":{"kind":"pavement","solo":0,"d":"thehook","org":1}},{"type":"Feature","geometry":{"type":"Polygon","coordinates":[[[-70.89596502067165,41.10052909949318],[-70.89597013673334,41.10045414506281],[-70.89592108303452,41.10043104672242],[-70.89572240582417,41.10041485733682],[-70.89596502067165,41.10052909949318]]]},"properties":{"kind":"pavement","solo":1,"d":"thehook","org":1}},{"type":"Feature","geometry":{"type":"Polygon","coordinates":[[[-70.89593648527762,41.100947166032505],[-70.89619753860806,41.10094577668441],[-70.895944706173,41.100826723284015],[-70.89593648527762,41.100947166032505]]]},"properties":{"kind":"pavement","solo":1,"d":"thehook","org":1}},{"type":"Feature","geometry":{"type":"Polygon","coordinates":[[[-70.89638789630759,41.100728222609604],[-70.89641261773401,41.10053181169239],[-70.89631504689116,41.10046314921055],[-70.89597143328356,41.10043514955634],[-70.89596502067165,41.10052909949318],[-70.89638789630759,41.100728222609604]]]},"properties":{"kind":"pavement","solo":0,"d":"thehook","org":1}},{"type":"Feature","geometry":{"type":"Polygon","coordinates":[[[-70.89591637747262,41.0998857787526],[-70.89576113772479,41.099860520107924],[-70.89547012302761,41.09992067089059],[-70.89540771572464,41.09995561107025],[-70.89539901207216,41.10026257811746],[-70.89572240582417,41.10041485733682],[-70.8958943673879,41.10042886977468],[-70.89591637747262,41.0998857787526]]]},"properties":{"kind":"pavement","solo":0,"d":"thehook","org":1}},{"type":"Feature","geometry":{"type":"Polygon","coordinates":[[[-70.896482340689,41.09997786511567],[-70.89591637747262,41.0998857787526],[-70.8958943673879,41.10042886977468],[-70.89642018170251,41.10047171621226],[-70.896482340689,41.09997786511567]]]},"properties":{"kind":"pavement","solo":0,"d":"thehook","org":1}},{"type":"Feature","geometry":{"type":"Polygon","coordinates":[[[-70.89725819330586,41.10094013178962],[-70.89725819330586,41.10058031893955],[-70.89641352345592,41.100524615761714],[-70.89638789630759,41.100728222609604],[-70.89684262254043,41.10094234349268],[-70.89725819330586,41.10094013178962]]]},"properties":{"kind":"pavement","solo":0,"d":"thehook","org":1}},{"type":"Feature","geometry":{"type":"Polygon","coordinates":[[[-70.89725819330586,41.10058031893955],[-70.89725819330586,41.10019728260522],[-70.8971063834973,41.10007940145398],[-70.896482340689,41.09997786511567],[-70.89641352345592,41.100524615761714],[-70.89725819330586,41.10058031893955]]]},"properties":{"kind":"pavement","solo":0,"d":"thehook","org":1}},{"type":"Feature","geometry":{"type":"Polygon","coordinates":[[[-70.89570056979156,41.09985066526131],[-70.89608042468012,41.09991247043551],[-70.8961586407002,41.099590926735466],[-70.89611189800381,41.09956135824762],[-70.89580075656124,41.0997355580189],[-70.89570056979156,41.09985066526131]]]},"properties":{"kind":"pavement","solo":0,"d":"thehook","org":1}},{"type":"Feature","geometry":{"type":"Polygon","coordinates":[[[-70.89725819330586,41.1001041020224],[-70.89725819330586,41.09969709185497],[-70.89673674982944,41.09970583872379],[-70.89677061021045,41.10002476867944],[-70.89725819330586,41.1001041020224]]]},"properties":{"kind":"pavement","solo":0,"d":"thehook","org":1}},{"type":"Feature","geometry":{"type":"Polygon","coordinates":[[[-70.89725819330586,41.09969709185497],[-70.89725819330586,41.09950799119831],[-70.89712969914274,41.0994223382463],[-70.89669603679525,41.09932236382488],[-70.89673674982944,41.09970583872379],[-70.89725819330586,41.09969709185497]]]},"properties":{"kind":"pavement","solo":0,"d":"thehook","org":1}},{"type":"Feature","geometry":{"type":"Polygon","coordinates":[[[-70.89669603679525,41.09932236382488],[-70.89656955857015,41.09929320614622],[-70.89636473805038,41.099331529369366],[-70.89620759735172,41.09938966741729],[-70.89608042468012,41.09991247043551],[-70.89677061021045,41.10002476867944],[-70.89669603679525,41.09932236382488]]]},"properties":{"kind":"pavement","solo":0,"d":"thehook","org":1}},{"type":"Feature","geometry":{"type":"Polygon","coordinates":[[[-70.89449430569458,41.10095484143529],[-70.89411711455946,41.100956848878695],[-70.89426966659195,41.101385876583734],[-70.89462683932963,41.10137660389462],[-70.89449430569458,41.10095484143529]]]},"properties":{"kind":"pavement","solo":0,"d":"thehook","org":1}},{"type":"Feature","geometry":{"type":"Polygon","coordinates":[[[-70.89408081333671,41.10184205342109],[-70.89481276479056,41.10196827543237],[-70.89462683932963,41.10137660389462],[-70.89439360975527,41.101382658850966],[-70.89408081333671,41.10184205342109]]]},"properties":{"kind":"pavement","solo":0,"d":"thehook","org":1}},{"type":"Feature","geometry":{"type":"Polygon","coordinates":[[[-70.8937247010114,41.10160940438342],[-70.89374398832858,41.10178396933675],[-70.89408081333671,41.10184205342109],[-70.89427280993931,41.101560073860334],[-70.89420108349651,41.101513214802935],[-70.8937247010114,41.10160940438342]]]},"properties":{"kind":"pavement","solo":0,"d":"thehook","org":1}},{"type":"Feature","geometry":{"type":"Polygon","coordinates":[[[-70.89430731775305,41.10149176433217],[-70.8943212344012,41.10148895432847],[-70.8943763550531,41.10140800030637],[-70.8943640609897,41.10138342597703],[-70.89426966659195,41.101385876583734],[-70.89430731775305,41.10149176433217]]]},"properties":{"kind":"pavement","solo":1,"d":"thehook","org":1}},{"type":"Feature","geometry":{"type":"Polygon","coordinates":[[[-70.89522595203562,41.10155449111457],[-70.89542604437997,41.10136382134121],[-70.895443465666,41.10094978992495],[-70.89449430569458,41.10095484143529],[-70.8947118062812,41.101646994655724],[-70.89522595203562,41.10155449111457]]]},"properties":{"kind":"pavement","solo":0,"d":"thehook","org":1}},{"type":"Feature","geometry":{"type":"Polygon","coordinates":[[[-70.89539637593302,41.102068916768374],[-70.89541948666346,41.10151967095266],[-70.8947118062812,41.101646994655724],[-70.89481276479056,41.10196827543237],[-70.89539637593302,41.102068916768374]]]},"properties":{"kind":"pavement","solo":0,"d":"thehook","org":1}},{"type":"Feature","geometry":{"type":"Polygon","coordinates":[[[-70.89388434141357,41.10305427196601],[-70.89405636109353,41.10305427196601],[-70.89448343381882,41.102447756887244],[-70.89381931266804,41.102465712146184],[-70.89388434141357,41.10305427196601]]]},"properties":{"kind":"pavement","solo":0,"d":"thehook","org":1}},{"type":"Feature","geometry":{"type":"Polygon","coordinates":[[[-70.89448343381882,41.102447756887244],[-70.89482015898683,41.10196955053104],[-70.89374398832858,41.10178396933675],[-70.89381931266804,41.102465712146184],[-70.89448343381882,41.102447756887244]]]},"properties":{"kind":"pavement","solo":0,"d":"thehook","org":1}},{"type":"Feature","geometry":{"type":"Polygon","coordinates":[[[-70.89405636109353,41.10305427196601],[-70.8953549149374,41.10305427196601],[-70.89536831388521,41.10273583477773],[-70.89443596582406,41.10251516942119],[-70.89405636109353,41.10305427196601]]]},"properties":{"kind":"pavement","solo":0,"d":"thehook","org":1}},{"type":"Feature","geometry":{"type":"Polygon","coordinates":[[[-70.89536831388521,41.10273583477773],[-70.89539637593302,41.102068916768374],[-70.89482015898683,41.10196955053104],[-70.89455038435806,41.10235267586434],[-70.89471363317651,41.10258088690148],[-70.89536831388521,41.10273583477773]]]},"properties":{"kind":"pavement","solo":0,"d":"thehook","org":1}},{"type":"Feature","geometry":{"type":"Polygon","coordinates":[[[-70.89688189557364,41.101461973536885],[-70.89623190086192,41.10145358467072],[-70.8963287229373,41.1018927531832],[-70.89672722009433,41.10186988961891],[-70.89688189557364,41.101461973536885]]]},"properties":{"kind":"pavement","solo":0,"d":"thehook","org":1}},{"type":"Feature","geometry":{"type":"Polygon","coordinates":[[[-70.89725819330586,41.101839425310835],[-70.89725819330586,41.101466830055344],[-70.89688189557364,41.101461973536885],[-70.89672722009433,41.10186988961891],[-70.89725819330586,41.101839425310835]]]},"properties":{"kind":"pavement","solo":0,"d":"thehook","org":1}},{"type":"Feature","geometry":{"type":"Polygon","coordinates":[[[-70.89619753860806,41.10094577668441],[-70.89612003699757,41.10094618915459],[-70.89620407780858,41.10132738401966],[-70.8963004240916,41.101454469035154],[-70.89650740165528,41.10145714029855],[-70.89661448599979,41.10114210831709],[-70.89619753860806,41.10094577668441]]]},"properties":{"kind":"pavement","solo":0,"d":"thehook","org":1}},{"type":"Feature","geometry":{"type":"Polygon","coordinates":[[[-70.89725819330586,41.101466830055344],[-70.89725819330586,41.10144521635632],[-70.89661448599979,41.10114210831709],[-70.89650740165528,41.10145714029855],[-70.89725819330586,41.101466830055344]]]},"properties":{"kind":"pavement","solo":0,"d":"thehook","org":1}},{"type":"Feature","geometry":{"type":"Polygon","coordinates":[[[-70.89725819330586,41.10113802690141],[-70.89725819330586,41.10094013178962],[-70.89684262254043,41.10094234349268],[-70.89725819330586,41.10113802690141]]]},"properties":{"kind":"pavement","solo":1,"d":"thehook","org":1}},{"type":"Feature","geometry":{"type":"Polygon","coordinates":[[[-70.89587713355432,41.10191866288596],[-70.8963287229373,41.1018927531832],[-70.89624446400646,41.10151056896362],[-70.89579401940598,41.101442538860574],[-70.89572331621697,41.101521088138355],[-70.89587713355432,41.10191866288596]]]},"properties":{"kind":"pavement","solo":0,"d":"thehook","org":1}},{"type":"Feature","geometry":{"type":"Polygon","coordinates":[[[-70.89542507674909,41.10138681789746],[-70.89540155006337,41.101945949238015],[-70.89587713355432,41.10191866288596],[-70.8956866527756,41.10142632340828],[-70.89542507674909,41.10138681789746]]]},"properties":{"kind":"pavement","solo":0,"d":"thehook","org":1}},{"type":"Feature","geometry":{"type":"Polygon","coordinates":[[[-70.89612003699757,41.10094618915459],[-70.895443465666,41.10094978992495],[-70.89542507674909,41.10138681789746],[-70.89624446400646,41.10151056896362],[-70.89612003699757,41.10094618915459]]]},"properties":{"kind":"pavement","solo":0,"d":"thehook","org":1}},{"type":"Feature","geometry":{"type":"Polygon","coordinates":[[[-70.89725819330586,41.102439429436004],[-70.89725819330586,41.101839425310835],[-70.89640743128592,41.10188823733319],[-70.8964404343463,41.102283127384],[-70.89725819330586,41.102439429436004]]]},"properties":{"kind":"pavement","solo":0,"d":"thehook","org":1}},{"type":"Feature","geometry":{"type":"Polygon","coordinates":[[[-70.89650488299765,41.10305427196601],[-70.89701760030856,41.10305427196601],[-70.89725819330586,41.102857902945765],[-70.89725819330586,41.102439429436004],[-70.8964404343463,41.102283127384],[-70.89650488299765,41.10305427196601]]]},"properties":{"kind":"pavement","solo":0,"d":"thehook","org":1}},{"type":"Feature","geometry":{"type":"Polygon","coordinates":[[[-70.89645170560652,41.10241799089276],[-70.89640743128592,41.10188823733319],[-70.8958109428202,41.10192246054443],[-70.89605721329622,41.10247807139254],[-70.89645170560652,41.10241799089276]]]},"properties":{"kind":"pavement","solo":0,"d":"thehook","org":1}},{"type":"Feature","geometry":{"type":"Polygon","coordinates":[[[-70.8958109428202,41.10192246054443],[-70.89540155006337,41.101945949238015],[-70.89537478666351,41.10258200379397],[-70.89605721329622,41.10247807139254],[-70.8958109428202,41.10192246054443]]]},"properties":{"kind":"pavement","solo":0,"d":"thehook","org":1}},{"type":"Feature","geometry":{"type":"Polygon","coordinates":[[[-70.89604328335722,41.10305427196601],[-70.89650488299765,41.10305427196601],[-70.89645170560652,41.10241799089276],[-70.89592739767618,41.10249784208801],[-70.89604328335722,41.10305427196601]]]},"properties":{"kind":"pavement","solo":0,"d":"thehook","org":1}},{"type":"Feature","geometry":{"type":"Polygon","coordinates":[[[-70.8953549149374,41.10305427196601],[-70.89604328335722,41.10305427196601],[-70.89592739767618,41.10249784208801],[-70.89537478666351,41.10258200379397],[-70.8953549149374,41.10305427196601]]]},"properties":{"kind":"pavement","solo":0,"d":"thehook","org":1}},{"type":"Feature","geometry":{"type":"Polygon","coordinates":[[[-70.89238068039928,41.09746958256247],[-70.89296397497216,41.097422869839924],[-70.89278100066824,41.097380929485055],[-70.8926305229344,41.09736429417136],[-70.89254242108345,41.09737175801159],[-70.8924423673505,41.097409617928626],[-70.89238068039928,41.09746958256247]]]},"properties":{"kind":"pavement","solo":1,"d":"thehook","org":1}},{"type":"Feature","geometry":{"type":"Polygon","coordinates":[[[-70.89306239429062,41.09741498800023],[-70.89382784273835,41.097353687616824],[-70.8935921708708,41.09716163016964],[-70.89306239429062,41.09741498800023]]]},"properties":{"kind":"pavement","solo":0,"d":"thehook","org":1}},{"type":"Feature","geometry":{"type":"Polygon","coordinates":[[[-70.89155501108674,41.09877539839459],[-70.8919894220959,41.09871427384539],[-70.89192746938144,41.098120817983684],[-70.89177406026815,41.098221976767775],[-70.891500586878,41.09861076930968],[-70.89155501108674,41.09877539839459]]]},"properties":{"kind":"pavement","solo":0,"d":"thehook","org":1}},{"type":"Feature","geometry":{"type":"Polygon","coordinates":[[[-70.8919894220959,41.09871427384539],[-70.8925188223889,41.098639783665426],[-70.89230106817739,41.097960572230896],[-70.89199432304522,41.09802195471976],[-70.89193270535182,41.09817097425751],[-70.8919894220959,41.09871427384539]]]},"properties":{"kind":"pavement","solo":0,"d":"thehook","org":1}},{"type":"Feature","geometry":{"type":"Polygon","coordinates":[[[-70.89230106817739,41.097960572230896],[-70.89220216962768,41.097652091281816],[-70.8920608869399,41.0978142000889],[-70.89190171969938,41.09804048549092],[-70.89230106817739,41.097960572230896]]]},"properties":{"kind":"pavement","solo":0,"d":"thehook","org":1}},{"type":"Feature","geometry":{"type":"Polygon","coordinates":[[[-70.89077047995669,41.09888374295532],[-70.8907706428395,41.09888576427967],[-70.89155501108674,41.09877539839459],[-70.8914599916943,41.09848797197196],[-70.89111182750943,41.098658656566094],[-70.89077047995669,41.09888374295532]]]},"properties":{"kind":"pavement","solo":0,"d":"thehook","org":1}},{"type":"Feature","geometry":{"type":"Polygon","coordinates":[[[-70.89247221321266,41.09849440192868],[-70.89272650826878,41.098610560866014],[-70.89318697435193,41.09854577019276],[-70.89300999573712,41.09809761940183],[-70.8923688747246,41.098172072076906],[-70.89247221321266,41.09849440192868]]]},"properties":{"kind":"pavement","solo":0,"d":"thehook","org":1}},{"type":"Feature","geometry":{"type":"Polygon","coordinates":[[[-70.89300999573712,41.09809761940183],[-70.89275028932813,41.09743998269965],[-70.89238068039928,41.09746958256247],[-70.89225339951504,41.0975933097279],[-70.89220216962768,41.097652091281816],[-70.8923688747246,41.098172072076906],[-70.89300999573712,41.09809761940183]]]},"properties":{"kind":"pavement","solo":0,"d":"thehook","org":1}},{"type":"Feature","geometry":{"type":"Polygon","coordinates":[[[-70.89354196570255,41.098031287711116],[-70.89379078341435,41.097949106171555],[-70.89383068024068,41.09764866358908],[-70.8929907508236,41.09792608231511],[-70.89354196570255,41.098031287711116]]]},"properties":{"kind":"pavement","solo":0,"d":"thehook","org":1}},{"type":"Feature","geometry":{"type":"Polygon","coordinates":[[[-70.89318697435193,41.09854577019276],[-70.8937215386032,41.09847055340915],[-70.89377398957157,41.09807557200742],[-70.8929907508236,41.09792608231511],[-70.89294784997497,41.097940251956665],[-70.89318697435193,41.09854577019276]]]},"properties":{"kind":"pavement","solo":0,"d":"thehook","org":1}},{"type":"Feature","geometry":{"type":"Polygon","coordinates":[[[-70.89279156694745,41.09754450718001],[-70.89294784997497,41.097940251956665],[-70.89318816379806,41.0978608791507],[-70.89328623553179,41.09773064779033],[-70.89328248928015,41.09749587792259],[-70.89301936512523,41.097435566063524],[-70.89279156694745,41.09754450718001]]]},"properties":{"kind":"pavement","solo":0,"d":"thehook","org":1}},{"type":"Feature","geometry":{"type":"Polygon","coordinates":[[[-70.89383068024068,41.09764866358908],[-70.8938657373936,41.09738466611046],[-70.89386562437612,41.09738447722687],[-70.89382784273835,41.097353687616824],[-70.89328091925347,41.09739748758718],[-70.89328639225067,41.09774046904009],[-70.89339814242018,41.09779152570187],[-70.89383068024068,41.09764866358908]]]},"properties":{"kind":"pavement","solo":0,"d":"thehook","org":1}},{"type":"Feature","geometry":{"type":"Polygon","coordinates":[[[-70.8946659999345,41.09833766135096],[-70.89471459956077,41.09833082305685],[-70.89468921042021,41.098110625186166],[-70.89444422968124,41.097840447897816],[-70.8943947480999,41.097820721045466],[-70.8943790267877,41.09782360942328],[-70.8946659999345,41.09833766135096]]]},"properties":{"kind":"pavement","solo":1,"d":"thehook","org":1}},{"type":"Feature","geometry":{"type":"Polygon","coordinates":[[[-70.8937215386032,41.09847055340915],[-70.8946659999345,41.09833766135096],[-70.89445783391061,41.09796477577941],[-70.89377871634095,41.09803997712616],[-70.8937215386032,41.09847055340915]]]},"properties":{"kind":"pavement","solo":0,"d":"thehook","org":1}},{"type":"Feature","geometry":{"type":"Polygon","coordinates":[[[-70.89404266075299,41.097680354167146],[-70.89388841346543,41.097618860306504],[-70.89382275903361,41.097708314145905],[-70.89377871634095,41.09803997712616],[-70.89422806659847,41.09799021881326],[-70.89404266075299,41.097680354167146]]]},"properties":{"kind":"pavement","solo":0,"d":"thehook","org":1}},{"type":"Feature","geometry":{"type":"Polygon","coordinates":[[[-70.90692004752964,41.09758605686413],[-70.90714269644036,41.09839229623632],[-70.90847224898063,41.09817036910115],[-70.90822688980553,41.097990851887175],[-70.90792033260541,41.09785841321587],[-70.90762521858055,41.09775968946525],[-70.90720711951347,41.09765502874026],[-70.90692004752964,41.09758605686413]]]},"properties":{"kind":"pavement","solo":0,"d":"thespit","org":0}},{"type":"Feature","geometry":{"type":"Polygon","coordinates":[[[-70.90820310839325,41.09821529368871],[-70.90714269644036,41.09839229623632],[-70.9073671235573,41.09910200256607],[-70.90903372369341,41.09880618893739],[-70.90886978124979,41.098619556335926],[-70.90820310839325,41.09821529368871]]]},"properties":{"kind":"pavement","solo":0,"d":"thespit","org":0}},{"type":"Feature","geometry":{"type":"Polygon","coordinates":[[[-70.90914498997678,41.09878643969921],[-70.9073671235573,41.09910200256607],[-70.90763197387608,41.100027915521856],[-70.91012304941314,41.099608323775215],[-70.909991592053,41.099438129819866],[-70.90973053457785,41.09918779882057],[-70.90943280765028,41.09896096898064],[-70.90914498997678,41.09878643969921]]]},"properties":{"kind":"pavement","solo":0,"d":"thespit","org":0}},{"type":"Feature","geometry":{"type":"Polygon","coordinates":[[[-70.91012304941314,41.099608323775215],[-70.90763197387608,41.100027915521856],[-70.90787621939499,41.10080508918287],[-70.91012620354226,41.10042297477338],[-70.9103305011814,41.10016854199758],[-70.9103481416159,41.099968417229334],[-70.91019994411515,41.09970787707118],[-70.91012304941314,41.099608323775215]]]},"properties":{"kind":"pavement","solo":0,"d":"thespit","org":0}},{"type":"Feature","geometry":{"type":"Polygon","coordinates":[[[-70.90997797931891,41.100448147666995],[-70.90787621939499,41.10080508918287],[-70.90813310196405,41.1015463037913],[-70.90939377202525,41.1013351467629],[-70.90994710369029,41.10064602616386],[-70.90997797931891,41.100448147666995]]]},"properties":{"kind":"pavement","solo":0,"d":"thespit","org":0}},{"type":"Feature","geometry":{"type":"Polygon","coordinates":[[[-70.90975096684949,41.10127531810513],[-70.90813310196405,41.1015463037913],[-70.90837273443424,41.10243117491548],[-70.90970493868592,41.10219803495452],[-70.90977423111102,41.10175394744826],[-70.90975096684949,41.10127531810513]]]},"properties":{"kind":"pavement","solo":0,"d":"thespit","org":0}},{"type":"Feature","geometry":{"type":"Polygon","coordinates":[[[-70.9097897496498,41.10218319276738],[-70.90837273443424,41.10243117491548],[-70.90860381275954,41.10319140908616],[-70.90939838091928,41.10305878680133],[-70.90949650918105,41.10297243516477],[-70.9098105371273,41.10264303284964],[-70.90981669265534,41.10262753378725],[-70.90979662357978,41.10221464088558],[-70.9097897496498,41.10218319276738]]]},"properties":{"kind":"pavement","solo":0,"d":"thespit","org":0}},{"type":"Feature","geometry":{"type":"Polygon","coordinates":[[[-70.90938036166753,41.103061794415346],[-70.90860381275954,41.10319140908616],[-70.9087861602189,41.10371756181824],[-70.90920528634413,41.10327791586434],[-70.90938036166753,41.103061794415346]]]},"properties":{"kind":"pavement","solo":0,"d":"thespit","org":0}},{"type":"Feature","geometry":{"type":"Polygon","coordinates":[[[-70.90524519541489,41.09714486077466],[-70.90524519541489,41.09779265152271],[-70.90645916640604,41.09759540305394],[-70.90616505854587,41.09738628660445],[-70.90524519541489,41.09714486077466]]]},"properties":{"kind":"pavement","solo":0,"d":"thespit","org":0}},{"type":"Feature","geometry":{"type":"Polygon","coordinates":[[[-70.90676828361184,41.097545177063395],[-70.90524519541489,41.09779265152271],[-70.90524519541489,41.09871335899165],[-70.90714269644036,41.09839229623632],[-70.90691956607682,41.09758431346367],[-70.90681517604999,41.0975569154215],[-70.90676828361184,41.097545177063395]]]},"properties":{"kind":"pavement","solo":0,"d":"thespit","org":0}},{"type":"Feature","geometry":{"type":"Polygon","coordinates":[[[-70.90714269644036,41.09839229623632],[-70.90524519541489,41.09871335899165],[-70.90524519541489,41.09945941475173],[-70.9073671235573,41.09910200256607],[-70.90714269644036,41.09839229623632]]]},"properties":{"kind":"pavement","solo":0,"d":"thespit","org":0}},{"type":"Feature","geometry":{"type":"Polygon","coordinates":[[[-70.9073671235573,41.09910200256607],[-70.90524519541489,41.09945941475173],[-70.90524519541489,41.10042895104271],[-70.90763197387608,41.100027915521856],[-70.9073671235573,41.09910200256607]]]},"properties":{"kind":"pavement","solo":0,"d":"thespit","org":0}},{"type":"Feature","geometry":{"type":"Polygon","coordinates":[[[-70.90763197387608,41.100027915521856],[-70.90524519541489,41.10042895104271],[-70.90524519541489,41.101238461354264],[-70.90787621939499,41.10080508918287],[-70.90763197387608,41.100027915521856]]]},"properties":{"kind":"pavement","solo":0,"d":"thespit","org":0}},{"type":"Feature","geometry":{"type":"Polygon","coordinates":[[[-70.90787621939499,41.10080508918287],[-70.90524519541489,41.101238461354264],[-70.90524519541489,41.10169482340081],[-70.90533898377362,41.10202209320143],[-70.90813310196405,41.1015463037913],[-70.90787621939499,41.10080508918287]]]},"properties":{"kind":"pavement","solo":0,"d":"thespit","org":0}},{"type":"Feature","geometry":{"type":"Polygon","coordinates":[[[-70.90813310196405,41.1015463037913],[-70.90533898377362,41.10202209320143],[-70.90562929696121,41.10288165599793],[-70.90837273443424,41.10243117491548],[-70.90813310196405,41.1015463037913]]]},"properties":{"kind":"pavement","solo":0,"d":"thespit","org":0}},{"type":"Feature","geometry":{"type":"Polygon","coordinates":[[[-70.90837273443424,41.10243117491548],[-70.90562929696121,41.10288165599793],[-70.9058736994639,41.10366592841583],[-70.90860381275954,41.10319140908616],[-70.90837273443424,41.10243117491548]]]},"properties":{"kind":"pavement","solo":0,"d":"thespit","org":0}},{"type":"Feature","geometry":{"type":"Polygon","coordinates":[[[-70.90860381275954,41.10319140908616],[-70.9058736994639,41.10366592841583],[-70.90615630404048,41.10454267886041],[-70.90634568526474,41.104519372586026],[-70.90648038663703,41.10449639192977],[-70.90732352293792,41.10431683385788],[-70.90806765074672,41.10414270310719],[-70.90835001238656,41.104030080483625],[-70.90868259643578,41.103820600587525],[-70.90878964179389,41.103727607695504],[-70.90860381275954,41.10319140908616]]]},"properties":{"kind":"pavement","solo":0,"d":"thespit","org":0}},{"type":"Feature","geometry":{"type":"Polygon","coordinates":[[[-70.90524519541489,41.102039063690576],[-70.90533898377362,41.10202209320143],[-70.90524519541489,41.10169482340081],[-70.90524519541489,41.102039063690576]]]},"properties":{"kind":"pavement","solo":1,"d":"thespit","org":0}},{"type":"Feature","geometry":{"type":"Polygon","coordinates":[[[-70.90533898377362,41.10202209320143],[-70.90524519541489,41.102039063690576],[-70.90524519541489,41.102951608029855],[-70.90562929696121,41.10288165599793],[-70.90533898377362,41.10202209320143]]]},"properties":{"kind":"pavement","solo":0,"d":"thespit","org":0}},{"type":"Feature","geometry":{"type":"Polygon","coordinates":[[[-70.90562929696121,41.10288165599793],[-70.90524519541489,41.102951608029855],[-70.90524519541489,41.10377874731383],[-70.9058736994639,41.10366592841583],[-70.90562929696121,41.10288165599793]]]},"properties":{"kind":"pavement","solo":0,"d":"thespit","org":0}},{"type":"Feature","geometry":{"type":"Polygon","coordinates":[[[-70.9058736994639,41.10366592841583],[-70.90524519541489,41.10377874731383],[-70.90524519541489,41.103787136192665],[-70.90599371744393,41.10403827135037],[-70.9058736994639,41.10366592841583]]]},"properties":{"kind":"pavement","solo":0,"d":"thespit","org":0}},{"type":"Feature","geometry":{"type":"Polygon","coordinates":[[[-70.90524519541489,41.104217258944715],[-70.90524519541489,41.10456437288123],[-70.90559126035504,41.10455762237154],[-70.9061294340799,41.10445931768429],[-70.90599371744393,41.10403827135037],[-70.90545728340959,41.10385829341975],[-70.90524519541489,41.104217258944715]]]},"properties":{"kind":"pavement","solo":0,"d":"thespit","org":0}},{"type":"Feature","geometry":{"type":"Polygon","coordinates":[[[-70.90524519541489,41.10191163317619],[-70.90509687828828,41.102281447594315],[-70.90524519541489,41.10231084537785],[-70.90524519541489,41.10191163317619]]]},"properties":{"kind":"pavement","solo":1,"d":"seaward","org":0}},{"type":"Feature","geometry":{"type":"Polygon","coordinates":[[[-70.90524519541489,41.10231084537785],[-70.90509687828828,41.102281447594315],[-70.90486585281394,41.10286313101119],[-70.90524519541489,41.102939795844094],[-70.90524519541489,41.10231084537785]]]},"properties":{"kind":"pavement","solo":0,"d":"seaward","org":0}},{"type":"Feature","geometry":{"type":"Polygon","coordinates":[[[-70.90524519541489,41.102939795844094],[-70.90486585281394,41.10286313101119],[-70.90480145039525,41.10305427196601],[-70.90524519541489,41.10305427196601],[-70.90524519541489,41.102939795844094]]]},"properties":{"kind":"pavement","solo":1,"d":"seaward","org":0}},{"type":"Feature","geometry":{"type":"Polygon","coordinates":[[[-70.90470821461172,41.09679938100742],[-70.90468040844675,41.09688655819728],[-70.90524519541489,41.0970036702365],[-70.90524519541489,41.09690046643891],[-70.9049483783521,41.09684073629144],[-70.90470821461172,41.09679938100742]]]},"properties":{"kind":"pavement","solo":1,"d":"seaward","org":0}},{"type":"Feature","geometry":{"type":"Polygon","coordinates":[[[-70.90524519541489,41.0970036702365],[-70.90468040844675,41.09688655819728],[-70.90448663463289,41.097406714612774],[-70.90524519541489,41.097565510960706],[-70.90524519541489,41.0970036702365]]]},"properties":{"kind":"pavement","solo":0,"d":"seaward","org":0}},{"type":"Feature","geometry":{"type":"Polygon","coordinates":[[[-70.90524519541489,41.097565510960706],[-70.90448663463289,41.097406714612774],[-70.90422010005685,41.09810545163788],[-70.90524519541489,41.09831859916403],[-70.90524519541489,41.097565510960706]]]},"properties":{"kind":"pavement","solo":0,"d":"seaward","org":0}},{"type":"Feature","geometry":{"type":"Polygon","coordinates":[[[-70.90524519541489,41.09831859916403],[-70.90422010005685,41.09810545163788],[-70.90398409290938,41.098720493392285],[-70.90524519541489,41.09897808107304],[-70.90524519541489,41.09831859916403]]]},"properties":{"kind":"pavement","solo":0,"d":"seaward","org":0}},{"type":"Feature","geometry":{"type":"Polygon","coordinates":[[[-70.90524519541489,41.09897808107304],[-70.90398409290938,41.098720493392285],[-70.90374335333159,41.09935627155217],[-70.90524519541489,41.09967329326722],[-70.90524519541489,41.09897808107304]]]},"properties":{"kind":"pavement","solo":0,"d":"seaward","org":0}},{"type":"Feature","geometry":{"type":"Polygon","coordinates":[[[-70.90524519541489,41.09967329326722],[-70.90374335333159,41.09935627155217],[-70.90350687523684,41.10004165362161],[-70.90524519541489,41.10038738544443],[-70.90524519541489,41.09967329326722]]]},"properties":{"kind":"pavement","solo":0,"d":"seaward","org":0}},{"type":"Feature","geometry":{"type":"Polygon","coordinates":[[[-70.90524519541489,41.10038738544443],[-70.90350687523684,41.10004165362161],[-70.90326210999858,41.10067162046565],[-70.90524519541489,41.101094107887704],[-70.90524519541489,41.10038738544443]]]},"properties":{"kind":"pavement","solo":0,"d":"seaward","org":0}},{"type":"Feature","geometry":{"type":"Polygon","coordinates":[[[-70.90524519541489,41.101094107887704],[-70.90326210999858,41.10067162046565],[-70.90308049043448,41.101272956902555],[-70.90524519541489,41.10171491574547],[-70.90524519541489,41.101094107887704]]]},"properties":{"kind":"pavement","solo":0,"d":"seaward","org":0}},{"type":"Feature","geometry":{"type":"Polygon","coordinates":[[[-70.90524519541489,41.10171491574547],[-70.90308049043448,41.101272956902555],[-70.90288117636184,41.1018078126265],[-70.90509687828828,41.102281447594315],[-70.90524519541489,41.10191163317619],[-70.90524519541489,41.10171491574547]]]},"properties":{"kind":"pavement","solo":0,"d":"seaward","org":0}},{"type":"Feature","geometry":{"type":"Polygon","coordinates":[[[-70.90509687828828,41.102281447594315],[-70.90288117636184,41.1018078126265],[-70.90263654357456,41.10241156483618],[-70.90486585281394,41.10286313101119],[-70.90509687828828,41.102281447594315]]]},"properties":{"kind":"pavement","solo":0,"d":"seaward","org":0}},{"type":"Feature","geometry":{"type":"Polygon","coordinates":[[[-70.90486585281394,41.10286313101119],[-70.90263654357456,41.10241156483618],[-70.90246765160906,41.10292611962553],[-70.90308112688251,41.10305427196601],[-70.90480145039525,41.10305427196601],[-70.90486585281394,41.10286313101119]]]},"properties":{"kind":"pavement","solo":0,"d":"seaward","org":0}},{"type":"Feature","geometry":{"type":"Polygon","coordinates":[[[-70.90308112688251,41.10305427196601],[-70.90246765160906,41.10292611962553],[-70.90242270466652,41.10305427196601],[-70.90308112688251,41.10305427196601]]]},"properties":{"kind":"pavement","solo":1,"d":"seaward","org":0}},{"type":"Feature","geometry":{"type":"Polygon","coordinates":[[[-70.90369678356203,41.096688759604696],[-70.90468040844675,41.09688655819728],[-70.90470821461172,41.09679938100742],[-70.90448802726976,41.096761465583356],[-70.90403956932127,41.09669773396419],[-70.90369678356203,41.096688759604696]]]},"properties":{"kind":"pavement","solo":1,"d":"seaward","org":0}},{"type":"Feature","geometry":{"type":"Polygon","coordinates":[[[-70.90468040844675,41.09688655819728],[-70.90373950658005,41.09669735084],[-70.90289580151956,41.096749339620516],[-70.90205033359464,41.0968243078563],[-70.90185846967077,41.09686533196845],[-70.90185024567508,41.09688809762647],[-70.90448663463289,41.097406714612774],[-70.90468040844675,41.09688655819728]]]},"properties":{"kind":"pavement","solo":0,"d":"seaward","org":0}},{"type":"Feature","geometry":{"type":"Polygon","coordinates":[[[-70.90448663463289,41.097406714612774],[-70.90185024567508,41.09688809762647],[-70.90158384248349,41.09758737817901],[-70.90422010005685,41.09810545163788],[-70.90448663463289,41.097406714612774]]]},"properties":{"kind":"pavement","solo":0,"d":"seaward","org":0}},{"type":"Feature","geometry":{"type":"Polygon","coordinates":[[[-70.90422010005685,41.09810545163788],[-70.90158384248349,41.09758737817901],[-70.90136276908528,41.09819467971932],[-70.90398409290938,41.098720493392285],[-70.90422010005685,41.09810545163788]]]},"properties":{"kind":"pavement","solo":0,"d":"seaward","org":0}},{"type":"Feature","geometry":{"type":"Polygon","coordinates":[[[-70.90398409290938,41.098720493392285],[-70.90136276908528,41.09819467971932],[-70.90111962894106,41.09880581624594],[-70.90374335333159,41.09935627155217],[-70.90398409290938,41.098720493392285]]]},"properties":{"kind":"pavement","solo":0,"d":"seaward","org":0}},{"type":"Feature","geometry":{"type":"Polygon","coordinates":[[[-70.90374335333159,41.09935627155217],[-70.90111962894106,41.09880581624594],[-70.90087805369774,41.09950279871569],[-70.90350687523684,41.10004165362161],[-70.90374335333159,41.09935627155217]]]},"properties":{"kind":"pavement","solo":0,"d":"seaward","org":0}},{"type":"Feature","geometry":{"type":"Polygon","coordinates":[[[-70.90350687523684,41.10004165362161],[-70.90087805369774,41.09950279871569],[-70.9006779981649,41.10015291021755],[-70.90326210999858,41.10067162046565],[-70.90350687523684,41.10004165362161]]]},"properties":{"kind":"pavement","solo":0,"d":"seaward","org":0}},{"type":"Feature","geometry":{"type":"Polygon","coordinates":[[[-70.90174887338048,41.10036786761279],[-70.9006779981649,41.10015291021755],[-70.90047994386515,41.10062408567612],[-70.90174887338048,41.10036786761279]]]},"properties":{"kind":"pavement","solo":0,"d":"seaward","org":0}},{"type":"Feature","geometry":{"type":"Polygon","coordinates":[[[-70.90326210999858,41.10067162046565],[-70.90174887338048,41.10036786761279],[-70.90129652555491,41.100459204194074],[-70.90146511658506,41.10093333896354],[-70.90308049043448,41.101272956902555],[-70.90326210999858,41.10067162046565]]]},"properties":{"kind":"pavement","solo":0,"d":"seaward","org":0}},{"type":"Feature","geometry":{"type":"Polygon","coordinates":[[[-70.90308049043448,41.101272956902555],[-70.90146511658506,41.10093333896354],[-70.90169007594962,41.10156600047801],[-70.90288117636184,41.1018078126265],[-70.90308049043448,41.101272956902555]]]},"properties":{"kind":"pavement","solo":0,"d":"seaward","org":0}},{"type":"Feature","geometry":{"type":"Polygon","coordinates":[[[-70.90202247013193,41.102284233221184],[-70.90263654357456,41.10241156483618],[-70.90274745034667,41.102137847606905],[-70.90202247013193,41.102284233221184]]]},"properties":{"kind":"pavement","solo":1,"d":"seaward","org":0}},{"type":"Feature","geometry":{"type":"Polygon","coordinates":[[[-70.90288117636184,41.1018078126265],[-70.90169007594962,41.10156600047801],[-70.90193933261409,41.10226699418481],[-70.90202247013193,41.102284233221184],[-70.90274745034667,41.102137847606905],[-70.90288117636184,41.1018078126265]]]},"properties":{"kind":"pavement","solo":0,"d":"seaward","org":0}},{"type":"Feature","geometry":{"type":"Polygon","coordinates":[[[-70.90263654357456,41.10241156483618],[-70.90202247013193,41.102284233221184],[-70.90066905180905,41.10255751098592],[-70.90246765160906,41.10292611962553],[-70.90263654357456,41.10241156483618]]]},"properties":{"kind":"pavement","solo":0,"d":"seaward","org":0}},{"type":"Feature","geometry":{"type":"Polygon","coordinates":[[[-70.89993509033673,41.10270571006611],[-70.89975580957525,41.10274190984627],[-70.8996652149049,41.1029809297809],[-70.90001896826556,41.10305427196601],[-70.9006753275213,41.10305427196601],[-70.89993509033673,41.10270571006611]]]},"properties":{"kind":"pavement","solo":0,"d":"seaward","org":0}},{"type":"Feature","geometry":{"type":"Polygon","coordinates":[[[-70.90246765160906,41.10292611962553],[-70.90066905180905,41.10255751098592],[-70.90039167709126,41.10261351757427],[-70.90132770248626,41.10305427196601],[-70.90242270466652,41.10305427196601],[-70.90246765160906,41.10292611962553]]]},"properties":{"kind":"pavement","solo":0,"d":"seaward","org":0}},{"type":"Feature","geometry":{"type":"Polygon","coordinates":[[[-70.90001896826556,41.10305427196601],[-70.8996652149049,41.1029809297809],[-70.89963850880783,41.10305427196601],[-70.90001896826556,41.10305427196601]]]},"properties":{"kind":"pavement","solo":1,"d":"seaward","org":0}},{"type":"Feature","geometry":{"type":"Polygon","coordinates":[[[-70.90061902816102,41.09739132666691],[-70.90158384248349,41.09758737817901],[-70.90182968975326,41.09694205477424],[-70.90133840335722,41.09708433361966],[-70.90061902816102,41.09739132666691]]]},"properties":{"kind":"pavement","solo":0,"d":"seaward","org":0}},{"type":"Feature","geometry":{"type":"Polygon","coordinates":[[[-70.89973063504867,41.09756262260271],[-70.89919748520548,41.097724788923536],[-70.90136276908528,41.09819467971932],[-70.90156066619383,41.09765104480068],[-70.89973063504867,41.09756262260271]]]},"properties":{"kind":"pavement","solo":0,"d":"seaward","org":0}},{"type":"Feature","geometry":{"type":"Polygon","coordinates":[[[-70.90136276908528,41.09819467971932],[-70.89910667991917,41.09770508316179],[-70.89887506396941,41.09836588830525],[-70.90111962894106,41.09880581624594],[-70.90136276908528,41.09819467971932]]]},"properties":{"kind":"pavement","solo":0,"d":"seaward","org":0}},{"type":"Feature","geometry":{"type":"Polygon","coordinates":[[[-70.90111962894106,41.09880581624594],[-70.89887506396941,41.09836588830525],[-70.89864693982776,41.09903737736554],[-70.90087805369774,41.09950279871569],[-70.90111962894106,41.09880581624594]]]},"properties":{"kind":"pavement","solo":0,"d":"seaward","org":0}},{"type":"Feature","geometry":{"type":"Polygon","coordinates":[[[-70.90087805369774,41.09950279871569],[-70.89864693982776,41.09903737736554],[-70.89840644126478,41.099699195843314],[-70.9006779981649,41.10015291021755],[-70.90087805369774,41.09950279871569]]]},"properties":{"kind":"pavement","solo":0,"d":"seaward","org":0}},{"type":"Feature","geometry":{"type":"Polygon","coordinates":[[[-70.9006779981649,41.10015291021755],[-70.89840644126478,41.099699195843314],[-70.89820765643853,41.10027710348595],[-70.9002254650153,41.100675469206315],[-70.90047994386515,41.10062408567612],[-70.9006779981649,41.10015291021755]]]},"properties":{"kind":"pavement","solo":0,"d":"seaward","org":0}},{"type":"Feature","geometry":{"type":"Polygon","coordinates":[[[-70.9002254650153,41.100675469206315],[-70.89820765643853,41.10027710348595],[-70.89800414195541,41.100800111583055],[-70.89878889165269,41.10096553736247],[-70.9002254650153,41.100675469206315]]]},"properties":{"kind":"pavement","solo":0,"d":"seaward","org":0}},{"type":"Feature","geometry":{"type":"Polygon","coordinates":[[[-70.89878889165269,41.10096553736247],[-70.89800414195541,41.100800111583055],[-70.89789470188227,41.10114608921224],[-70.89878889165269,41.10096553736247]]]},"properties":{"kind":"pavement","solo":0,"d":"seaward","org":0}},{"type":"Feature","geometry":{"type":"Polygon","coordinates":[[[-70.89804937905565,41.10111485730746],[-70.89789470188227,41.10114608921224],[-70.89781230084151,41.101406587180755],[-70.89818053176047,41.1014837028944],[-70.89804937905565,41.10111485730746]]]},"properties":{"kind":"pavement","solo":1,"d":"seaward","org":0}},{"type":"Feature","geometry":{"type":"Polygon","coordinates":[[[-70.89772757379264,41.101666237614985],[-70.89763824562861,41.10193998840516],[-70.89839768373999,41.10209440741208],[-70.89834958152856,41.10195912778951],[-70.89772757379264,41.101666237614985]]]},"properties":{"kind":"pavement","solo":0,"d":"seaward","org":0}},{"type":"Feature","geometry":{"type":"Polygon","coordinates":[[[-70.89818053176047,41.1014837028944],[-70.8978415327038,41.10141270898043],[-70.89821838573991,41.10159016103633],[-70.89818053176047,41.1014837028944]]]},"properties":{"kind":"pavement","solo":1,"d":"seaward","org":0}},{"type":"Feature","geometry":{"type":"Polygon","coordinates":[[[-70.89839768373999,41.10209440741208],[-70.89763824562861,41.10193998840516],[-70.89742866219541,41.10250624512926],[-70.89863517571918,41.102762314860726],[-70.89839768373999,41.10209440741208]]]},"properties":{"kind":"pavement","solo":0,"d":"seaward","org":0}},{"type":"Feature","geometry":{"type":"Polygon","coordinates":[[[-70.8991322580194,41.10286781532021],[-70.8996652149049,41.1029809297809],[-70.89975580957525,41.10274190984627],[-70.8991322580194,41.10286781532021]]]},"properties":{"kind":"pavement","solo":1,"d":"seaward","org":0}},{"type":"Feature","geometry":{"type":"Polygon","coordinates":[[[-70.89863517571918,41.102762314860726],[-70.89742866219541,41.10250624512926],[-70.89725819330586,41.1030474470708],[-70.89725819330586,41.10305427196601],[-70.8987389887114,41.10305427196601],[-70.89863517571918,41.102762314860726]]]},"properties":{"kind":"pavement","solo":0,"d":"seaward","org":0}},{"type":"Feature","geometry":{"type":"Polygon","coordinates":[[[-70.8996652149049,41.1029809297809],[-70.8991322580194,41.10286781532021],[-70.8987034744451,41.10295439388559],[-70.8987389887114,41.10305427196601],[-70.89963850880783,41.10305427196601],[-70.8996652149049,41.1029809297809]]]},"properties":{"kind":"pavement","solo":1,"d":"seaward","org":0}},{"type":"Feature","geometry":{"type":"Polygon","coordinates":[[[-70.89889310316072,41.0976620783127],[-70.89910667991917,41.09770508316179],[-70.89916496189595,41.09753529079274],[-70.89912653593144,41.09753343415317],[-70.8989506339453,41.09759657538696],[-70.89889310316072,41.0976620783127]]]},"properties":{"kind":"pavement","solo":1,"d":"seaward","org":0}},{"type":"Feature","geometry":{"type":"Polygon","coordinates":[[[-70.89910667991917,41.09770508316179],[-70.89898999701519,41.09768158842054],[-70.8986026075829,41.09830418734928],[-70.89860122511361,41.098310448384325],[-70.89887506396941,41.09836588830525],[-70.89910667991917,41.09770508316179]]]},"properties":{"kind":"pavement","solo":0,"d":"seaward","org":0}},{"type":"Feature","geometry":{"type":"Polygon","coordinates":[[[-70.89830587551843,41.098781084884564],[-70.89820156772213,41.098948724775646],[-70.89864693982776,41.09903737736554],[-70.8988280478544,41.09850428140411],[-70.89830587551843,41.098781084884564]]]},"properties":{"kind":"pavement","solo":0,"d":"seaward","org":0}},{"type":"Feature","geometry":{"type":"Polygon","coordinates":[[[-70.89864693982776,41.09903737736554],[-70.89852101326345,41.099012311323186],[-70.89757006744667,41.099171136637935],[-70.89725819330586,41.099336461075275],[-70.89725819330586,41.09946139719053],[-70.89840644126478,41.099699195843314],[-70.89864693982776,41.09903737736554]]]},"properties":{"kind":"pavement","solo":0,"d":"seaward","org":0}},{"type":"Feature","geometry":{"type":"Polygon","coordinates":[[[-70.89840644126478,41.099699195843314],[-70.89725819330586,41.09946139719053],[-70.89725819330586,41.100082469223544],[-70.89820765643853,41.10027710348595],[-70.89840644126478,41.099699195843314]]]},"properties":{"kind":"pavement","solo":0,"d":"seaward","org":0}},{"type":"Feature","geometry":{"type":"Polygon","coordinates":[[[-70.89820765643853,41.10027710348595],[-70.89725819330586,41.100082469223544],[-70.89725819330586,41.10064943142221],[-70.89800414195541,41.100800111583055],[-70.89820765643853,41.10027710348595]]]},"properties":{"kind":"pavement","solo":0,"d":"seaward","org":0}},{"type":"Feature","geometry":{"type":"Polygon","coordinates":[[[-70.89800414195541,41.100800111583055],[-70.89725819330586,41.10064943142221],[-70.89725819330586,41.10113802690141],[-70.89781440502485,41.10139993513509],[-70.89800414195541,41.100800111583055]]]},"properties":{"kind":"pavement","solo":0,"d":"seaward","org":0}},{"type":"Feature","geometry":{"type":"Polygon","coordinates":[[[-70.89725819330586,41.10144521635632],[-70.89725819330586,41.10186394974145],[-70.89763824562861,41.10193998840516],[-70.89772757379264,41.101666237614985],[-70.89725819330586,41.10144521635632]]]},"properties":{"kind":"pavement","solo":0,"d":"seaward","org":0}},{"type":"Feature","geometry":{"type":"Polygon","coordinates":[[[-70.89763824562861,41.10193998840516],[-70.89725819330586,41.10186394974145],[-70.89725819330586,41.10247161558887],[-70.89742866219541,41.10250624512926],[-70.89763824562861,41.10193998840516]]]},"properties":{"kind":"pavement","solo":0,"d":"seaward","org":0}},{"type":"Feature","geometry":{"type":"Polygon","coordinates":[[[-70.89742866219541,41.10250624512926],[-70.89725819330586,41.10247161558887],[-70.89725819330586,41.1030474470708],[-70.89742866219541,41.10250624512926]]]},"properties":{"kind":"pavement","solo":1,"d":"seaward","org":0}},{"type":"Feature","geometry":{"type":"Polygon","coordinates":[[[-70.90456870090205,41.10305427196601],[-70.90474051581015,41.10336141743921],[-70.90524519541489,41.10319402091048],[-70.90524519541489,41.10305427196601],[-70.90456870090205,41.10305427196601]]]},"properties":{"kind":"pavement","solo":0,"d":"landward","org":0}},{"type":"Feature","geometry":{"type":"Polygon","coordinates":[[[-70.90524519541489,41.10319402091048],[-70.90474051581015,41.10336141743921],[-70.90493750796851,41.103683904581075],[-70.90524519541489,41.103787136192665],[-70.90524519541489,41.10319402091048]]]},"properties":{"kind":"pavement","solo":0,"d":"landward","org":0}},{"type":"Feature","geometry":{"type":"Polygon","coordinates":[[[-70.90253829926573,41.10305427196601],[-70.90248806979267,41.103071679115175],[-70.90274417435108,41.103516646276745],[-70.90411458167898,41.10305427196601],[-70.90253829926573,41.10305427196601]]]},"properties":{"kind":"pavement","solo":0,"d":"landward","org":0}},{"type":"Feature","geometry":{"type":"Polygon","coordinates":[[[-70.90411458167898,41.10305427196601],[-70.90358919835806,41.10323153586845],[-70.9043534449705,41.10348794675028],[-70.90474051581015,41.10336141743921],[-70.90456870090205,41.10305427196601],[-70.90411458167898,41.10305427196601]]]},"properties":{"kind":"pavement","solo":0,"d":"landward","org":0}},{"type":"Feature","geometry":{"type":"Polygon","coordinates":[[[-70.90358919835806,41.10323153586845],[-70.90274417435108,41.103516646276745],[-70.90293623126004,41.103811693853366],[-70.90311112532062,41.10389404773575],[-70.90337274018887,41.10380852863781],[-70.90369305759094,41.10326638147595],[-70.90358919835806,41.10323153586845]]]},"properties":{"kind":"pavement","solo":0,"d":"landward","org":0}},{"type":"Feature","geometry":{"type":"Polygon","coordinates":[[[-70.90474051581015,41.10336141743921],[-70.9043534449705,41.10348794675028],[-70.90493750796851,41.103683904581075],[-70.90474051581015,41.10336141743921]]]},"properties":{"kind":"pavement","solo":1,"d":"landward","org":0}},{"type":"Feature","geometry":{"type":"Polygon","coordinates":[[[-70.90337274018887,41.10380852863781],[-70.90311112532062,41.10389404773575],[-70.90327626842345,41.103971810100134],[-70.90337274018887,41.10380852863781]]]},"properties":{"kind":"pavement","solo":1,"d":"landward","org":0}},{"type":"Feature","geometry":{"type":"Polygon","coordinates":[[[-70.90317908538172,41.10424443401267],[-70.90328514550947,41.10444503734763],[-70.9034869747685,41.104378216678256],[-70.90326179075814,41.10427218233127],[-70.90317908538172,41.10424443401267]]]},"properties":{"kind":"pavement","solo":1,"d":"landward","org":0}},{"type":"Feature","geometry":{"type":"Polygon","coordinates":[[[-70.9034869747685,41.104378216678256],[-70.90328514550947,41.10444503734763],[-70.90354498651571,41.104852294222724],[-70.90409466077269,41.10466436305482],[-70.9034869747685,41.104378216678256]]]},"properties":{"kind":"pavement","solo":0,"d":"landward","org":0}},{"type":"Feature","geometry":{"type":"Polygon","coordinates":[[[-70.90409466077269,41.10466436305482],[-70.90354498651571,41.104852294222724],[-70.90358888143737,41.10492338387971],[-70.90434963041646,41.104784422821204],[-70.90409466077269,41.10466436305482]]]},"properties":{"kind":"pavement","solo":1,"d":"landward","org":0}},{"type":"Feature","geometry":{"type":"Polygon","coordinates":[[[-70.90524519541489,41.10427100041089],[-70.90520540565406,41.104284604352],[-70.90502408396131,41.1045914969544],[-70.90524519541489,41.10448869717863],[-70.90524519541489,41.10427100041089]]]},"properties":{"kind":"pavement","solo":1,"d":"landward","org":0}},{"type":"Feature","geometry":{"type":"Polygon","coordinates":[[[-70.90046268531938,41.10305427196601],[-70.9005398422887,41.1032028081759],[-70.90080406498545,41.103114891691725],[-70.9006753275213,41.10305427196601],[-70.90046268531938,41.10305427196601]]]},"properties":{"kind":"pavement","solo":1,"d":"landward","org":0}},{"type":"Feature","geometry":{"type":"Polygon","coordinates":[[[-70.90080406498545,41.103114891691725],[-70.9005398422887,41.1032028081759],[-70.90081331773926,41.10362564250965],[-70.90144500563369,41.1034166969708],[-70.90080406498545,41.103114891691725]]]},"properties":{"kind":"pavement","solo":0,"d":"landward","org":0}},{"type":"Feature","geometry":{"type":"Polygon","coordinates":[[[-70.90182820113118,41.103289946101555],[-70.90248806979267,41.103071679115175],[-70.90247858777589,41.10305427196601],[-70.90132770248626,41.10305427196601],[-70.90182820113118,41.103289946101555]]]},"properties":{"kind":"pavement","solo":0,"d":"landward","org":0}},{"type":"Feature","geometry":{"type":"Polygon","coordinates":[[[-70.90144500563369,41.1034166969708],[-70.90081331773926,41.10362564250965],[-70.90108446177933,41.10407990323244],[-70.90211251466987,41.103731012737015],[-70.90144500563369,41.1034166969708]]]},"properties":{"kind":"pavement","solo":0,"d":"landward","org":0}},{"type":"Feature","geometry":{"type":"Polygon","coordinates":[[[-70.90248806979267,41.103071679115175],[-70.90182820113118,41.103289946101555],[-70.90249164443367,41.103602347400496],[-70.90274417435108,41.103516646276745],[-70.90248806979267,41.103071679115175]]]},"properties":{"kind":"pavement","solo":0,"d":"landward","org":0}},{"type":"Feature","geometry":{"type":"Polygon","coordinates":[[[-70.90211251466987,41.103731012737015],[-70.90108446177933,41.10407990323244],[-70.90129784076697,41.104506668064005],[-70.90273015021435,41.104021844139865],[-70.90211251466987,41.103731012737015]]]},"properties":{"kind":"pavement","solo":0,"d":"landward","org":0}},{"type":"Feature","geometry":{"type":"Polygon","coordinates":[[[-70.90274417435108,41.103516646276745],[-70.90249164443367,41.103602347400496],[-70.90293623126004,41.103811693853366],[-70.90274417435108,41.103516646276745]]]},"properties":{"kind":"pavement","solo":1,"d":"landward","org":0}},{"type":"Feature","geometry":{"type":"Polygon","coordinates":[[[-70.90273015021435,41.104021844139865],[-70.90129784076697,41.104506668064005],[-70.90159734563844,41.10500611104431],[-70.90292616362822,41.10456437335103],[-70.90313427523256,41.10421213799037],[-70.90273015021435,41.104021844139865]]]},"properties":{"kind":"pavement","solo":0,"d":"landward","org":0}},{"type":"Feature","geometry":{"type":"Polygon","coordinates":[[[-70.90292616362822,41.10456437335103],[-70.90328514550947,41.10444503734763],[-70.90317908538172,41.10424443401267],[-70.90312576363296,41.10422654413733],[-70.90292616362822,41.10456437335103]]]},"properties":{"kind":"pavement","solo":1,"d":"landward","org":0}},{"type":"Feature","geometry":{"type":"Polygon","coordinates":[[[-70.90328514550947,41.10444503734763],[-70.90159734563844,41.10500611104431],[-70.90182773011722,41.10541005969144],[-70.90186810604439,41.10540500763625],[-70.90354498651571,41.104852294222724],[-70.90328514550947,41.10444503734763]]]},"properties":{"kind":"pavement","solo":0,"d":"landward","org":0}},{"type":"Feature","geometry":{"type":"Polygon","coordinates":[[[-70.90354498651571,41.104852294222724],[-70.90203503879872,41.10534998524554],[-70.90239802518622,41.10533870127653],[-70.9037415243057,41.10517059537344],[-70.90354498651571,41.104852294222724]]]},"properties":{"kind":"pavement","solo":0,"d":"landward","org":0}},{"type":"Feature","geometry":{"type":"Polygon","coordinates":[[[-70.89827796037339,41.10305427196601],[-70.89842371194274,41.10328629145801],[-70.89910605328376,41.10305427196601],[-70.89827796037339,41.10305427196601]]]},"properties":{"kind":"pavement","solo":0,"d":"landward","org":0}},{"type":"Feature","geometry":{"type":"Polygon","coordinates":[[[-70.89910605328376,41.10305427196601],[-70.89842371194274,41.10328629145801],[-70.89871696755534,41.10383656126837],[-70.9005398422887,41.1032028081759],[-70.90046268531938,41.10305427196601],[-70.89910605328376,41.10305427196601]]]},"properties":{"kind":"pavement","solo":0,"d":"landward","org":0}},{"type":"Feature","geometry":{"type":"Polygon","coordinates":[[[-70.9005398422887,41.1032028081759],[-70.89871696755534,41.10383656126837],[-70.89897724310411,41.104276173891044],[-70.90081331773926,41.10362564250965],[-70.9005398422887,41.1032028081759]]]},"properties":{"kind":"pavement","solo":0,"d":"landward","org":0}},{"type":"Feature","geometry":{"type":"Polygon","coordinates":[[[-70.90081331773926,41.10362564250965],[-70.89897724310411,41.104276173891044],[-70.89922163830603,41.104712210585966],[-70.90108446177933,41.10407990323244],[-70.90081331773926,41.10362564250965]]]},"properties":{"kind":"pavement","solo":0,"d":"landward","org":0}},{"type":"Feature","geometry":{"type":"Polygon","coordinates":[[[-70.90108446177933,41.10407990323244],[-70.89922163830603,41.104712210585966],[-70.89946503702318,41.10513471519069],[-70.90129784076697,41.104506668064005],[-70.90108446177933,41.10407990323244]]]},"properties":{"kind":"pavement","solo":0,"d":"landward","org":0}},{"type":"Feature","geometry":{"type":"Polygon","coordinates":[[[-70.90129784076697,41.104506668064005],[-70.89946503702318,41.10513471519069],[-70.89958315991457,41.105320865609094],[-70.90011101001407,41.10536980369389],[-70.90095107547906,41.10522490648699],[-70.90159734563844,41.10500611104431],[-70.90129784076697,41.104506668064005]]]},"properties":{"kind":"pavement","solo":0,"d":"landward","org":0}},{"type":"Feature","geometry":{"type":"Polygon","coordinates":[[[-70.90159734563844,41.10500611104431],[-70.90043449659895,41.10539979481056],[-70.90101177218223,41.10545331523515],[-70.90154344741927,41.10544563068585],[-70.90182773011722,41.10541005969144],[-70.90159734563844,41.10500611104431]]]},"properties":{"kind":"pavement","solo":0,"d":"landward","org":0}},{"type":"Feature","geometry":{"type":"Polygon","coordinates":[[[-70.89598595654596,41.10305427196601],[-70.8961827703951,41.10341774981858],[-70.89725658458853,41.10305427196601],[-70.89598595654596,41.10305427196601]]]},"properties":{"kind":"pavement","solo":0,"d":"landward","org":0}},{"type":"Feature","geometry":{"type":"Polygon","coordinates":[[[-70.89725658458853,41.10305427196601],[-70.8961827703951,41.10341774981858],[-70.89650036375268,41.1039349329617],[-70.89842371194274,41.10328629145801],[-70.89827796037339,41.10305427196601],[-70.89725658458853,41.10305427196601]]]},"properties":{"kind":"pavement","solo":0,"d":"landward","org":0}},{"type":"Feature","geometry":{"type":"Polygon","coordinates":[[[-70.89842371194274,41.10328629145801],[-70.89650036375268,41.1039349329617],[-70.89682026988343,41.104485216172904],[-70.89871696755534,41.10383656126837],[-70.89842371194274,41.10328629145801]]]},"properties":{"kind":"pavement","solo":0,"d":"landward","org":0}},{"type":"Feature","geometry":{"type":"Polygon","coordinates":[[[-70.89871696755534,41.10383656126837],[-70.89682026988343,41.104485216172904],[-70.8970466937547,41.10491532497923],[-70.89897724310411,41.104276173891044],[-70.89871696755534,41.10383656126837]]]},"properties":{"kind":"pavement","solo":0,"d":"landward","org":0}},{"type":"Feature","geometry":{"type":"Polygon","coordinates":[[[-70.89897724310411,41.104276173891044],[-70.8970466937547,41.10491532497923],[-70.89732926813828,41.10537561501382],[-70.89922163830603,41.104712210585966],[-70.89897724310411,41.104276173891044]]]},"properties":{"kind":"pavement","solo":0,"d":"landward","org":0}},{"type":"Feature","geometry":{"type":"Polygon","coordinates":[[[-70.89922163830603,41.104712210585966],[-70.89732926813828,41.10537561501382],[-70.89743098651451,41.105535496805246],[-70.89766942426883,41.105558038824874],[-70.89817973727668,41.10557928187067],[-70.89946503702318,41.10513471519069],[-70.89922163830603,41.104712210585966]]]},"properties":{"kind":"pavement","solo":0,"d":"landward","org":0}},{"type":"Feature","geometry":{"type":"Polygon","coordinates":[[[-70.89946503702318,41.10513471519069],[-70.89817973727668,41.10557928187067],[-70.89818462156202,41.10557948519117],[-70.89869601919384,41.10557343091273],[-70.89921903789234,41.105523653928735],[-70.89966322416949,41.10544703924382],[-70.89946503702318,41.10513471519069]]]},"properties":{"kind":"pavement","solo":0,"d":"landward","org":0}},{"type":"Feature","geometry":{"type":"Polygon","coordinates":[[[-70.8941827698677,41.10305427196601],[-70.89410197248954,41.10308264809996],[-70.89434695385145,41.10350962605775],[-70.89568886656406,41.10305427196601],[-70.8941827698677,41.10305427196601]]]},"properties":{"kind":"pavement","solo":0,"d":"landward","org":0}},{"type":"Feature","geometry":{"type":"Polygon","coordinates":[[[-70.89568886656406,41.10305427196601],[-70.89434695385145,41.10350962605775],[-70.89463566864542,41.10395115342204],[-70.8961827703951,41.10341774981858],[-70.89598595654596,41.10305427196601],[-70.89568886656406,41.10305427196601]]]},"properties":{"kind":"pavement","solo":0,"d":"landward","org":0}},{"type":"Feature","geometry":{"type":"Polygon","coordinates":[[[-70.8961827703951,41.10341774981858],[-70.89463566864542,41.10395115342204],[-70.89494409979775,41.104477915259984],[-70.89650036375268,41.1039349329617],[-70.8961827703951,41.10341774981858]]]},"properties":{"kind":"pavement","solo":0,"d":"landward","org":0}},{"type":"Feature","geometry":{"type":"Polygon","coordinates":[[[-70.89650036375268,41.1039349329617],[-70.89494409979775,41.104477915259984],[-70.89520138177899,41.104998222642045],[-70.89527055781755,41.105009206650514],[-70.89682026988343,41.104485216172904],[-70.89650036375268,41.1039349329617]]]},"properties":{"kind":"pavement","solo":0,"d":"landward","org":0}},{"type":"Feature","geometry":{"type":"Polygon","coordinates":[[[-70.89682026988343,41.104485216172904],[-70.89534518290104,41.10498397432898],[-70.89569030080429,41.1050758548804],[-70.89630026608769,41.10517270725844],[-70.8970466937547,41.10491532497923],[-70.89682026988343,41.104485216172904]]]},"properties":{"kind":"pavement","solo":0,"d":"landward","org":0}},{"type":"Feature","geometry":{"type":"Polygon","coordinates":[[[-70.8970466937547,41.10491532497923],[-70.89619963211639,41.10520740774188],[-70.89623389877475,41.10522057667202],[-70.89710111882444,41.105451456193535],[-70.89732926813828,41.10537561501382],[-70.8970466937547,41.10491532497923]]]},"properties":{"kind":"pavement","solo":0,"d":"landward","org":0}},{"type":"Feature","geometry":{"type":"Polygon","coordinates":[[[-70.89732926813828,41.10537561501382],[-70.89702457562151,41.10547690061286],[-70.89717083160008,41.10551090163488],[-70.89743098651451,41.105535496805246],[-70.89732926813828,41.10537561501382]]]},"properties":{"kind":"pavement","solo":1,"d":"landward","org":0}},{"type":"Feature","geometry":{"type":"Polygon","coordinates":[[[-70.89240448564098,41.10305427196601],[-70.89232380712713,41.10308027403518],[-70.8925921939338,41.10357780432767],[-70.89410197248954,41.10308264809996],[-70.8940861086272,41.10305427196601],[-70.89240448564098,41.10305427196601]]]},"properties":{"kind":"pavement","solo":0,"d":"landward","org":0}},{"type":"Feature","geometry":{"type":"Polygon","coordinates":[[[-70.89410197248954,41.10308264809996],[-70.8925921939338,41.10357780432767],[-70.89286265028726,41.104005296278736],[-70.89434695385145,41.10350962605775],[-70.89410197248954,41.10308264809996]]]},"properties":{"kind":"pavement","solo":0,"d":"landward","org":0}},{"type":"Feature","geometry":{"type":"Polygon","coordinates":[[[-70.89434695385145,41.10350962605775],[-70.89286265028726,41.104005296278736],[-70.89305579328587,41.104391642474894],[-70.8932015296777,41.104447028197114],[-70.89463566864542,41.10395115342204],[-70.89434695385145,41.10350962605775]]]},"properties":{"kind":"pavement","solo":0,"d":"landward","org":0}},{"type":"Feature","geometry":{"type":"Polygon","coordinates":[[[-70.89463566864542,41.10395115342204],[-70.89358717776389,41.10431368466325],[-70.89406476515875,41.10454194943497],[-70.89462291783275,41.104583412175764],[-70.89494409979775,41.104477915259984],[-70.89463566864542,41.10395115342204]]]},"properties":{"kind":"pavement","solo":0,"d":"landward","org":0}},{"type":"Feature","geometry":{"type":"Polygon","coordinates":[[[-70.89494409979775,41.104477915259984],[-70.89434352381367,41.10467518322928],[-70.89473849061785,41.10486395916508],[-70.89516532986154,41.104992498195045],[-70.89520138177899,41.104998222642045],[-70.89494409979775,41.104477915259984]]]},"properties":{"kind":"pavement","solo":0,"d":"landward","org":0}},{"type":"Feature","geometry":{"type":"Polygon","coordinates":[[[-70.89183548766823,41.103238922959044],[-70.89232380712713,41.10308027403518],[-70.89230715037078,41.10305427196601],[-70.89169622459984,41.10305427196601],[-70.89169875774869,41.10306153208831],[-70.89183548766823,41.103238922959044]]]},"properties":{"kind":"pavement","solo":1,"d":"landward","org":0}},{"type":"Feature","geometry":{"type":"Polygon","coordinates":[[[-70.89232380712713,41.10308027403518],[-70.89176827116363,41.10326076076609],[-70.8918116600929,41.1033851154538],[-70.89200425331849,41.10361668884439],[-70.89216059669447,41.10372228942114],[-70.8925921939338,41.10357780432767],[-70.89232380712713,41.10308027403518]]]},"properties":{"kind":"pavement","solo":0,"d":"landward","org":0}},{"type":"Feature","geometry":{"type":"Polygon","coordinates":[[[-70.8925921939338,41.10357780432767],[-70.89217462204032,41.10371759417933],[-70.89234472439017,41.103846656640044],[-70.8926717461308,41.10406754021895],[-70.89286265028726,41.104005296278736],[-70.8925921939338,41.10357780432767]]]},"properties":{"kind":"pavement","solo":0,"d":"landward","org":0}},{"type":"Feature","geometry":{"type":"Polygon","coordinates":[[[-70.89286265028726,41.104005296278736],[-70.89265122881746,41.104074229850276],[-70.89269962081204,41.104115928672705],[-70.89305138471279,41.104382823954644],[-70.89286265028726,41.104005296278736]]]},"properties":{"kind":"pavement","solo":1,"d":"landward","org":0}},{"type":"Feature","geometry":{"type":"Polygon","coordinates":[[[-70.90705227706844,41.09771214161256],[-70.90706150624615,41.09774556161185],[-70.90695646846073,41.097762033436624],[-70.90694723928303,41.09772861343733],[-70.90705227706844,41.09771214161256]]]},"properties":{"kind":"crosswalk"}},{"type":"Feature","geometry":{"type":"Polygon","coordinates":[[[-70.90720156770213,41.098252741548016],[-70.90721079687984,41.09828616154731],[-70.9071057590944,41.098302633372086],[-70.9070965299167,41.09826921337279],[-70.90720156770213,41.098252741548016]]]},"properties":{"kind":"crosswalk"}},{"type":"Feature","geometry":{"type":"Polygon","coordinates":[[[-70.90724315217821,41.09830192115963],[-70.90728737958044,41.09829453878069],[-70.9073105821164,41.09837347387577],[-70.90726635471417,41.09838085625471],[-70.90724315217821,41.09830192115963]]]},"properties":{"kind":"crosswalk"}},{"type":"Feature","geometry":{"type":"Polygon","coordinates":[[[-70.90820786369261,41.09814089280146],[-70.90825209109485,41.09813351042252],[-70.9082752936308,41.098212445517596],[-70.90823106622857,41.09821982789654],[-70.90820786369261,41.09814089280146]]]},"properties":{"kind":"crosswalk"}},{"type":"Feature","geometry":{"type":"Polygon","coordinates":[[[-70.9081452715152,41.09803842893049],[-70.90810597236401,41.098021450933025],[-70.90815933356366,41.09795131156062],[-70.90819863271486,41.09796828955808],[-70.9081452715152,41.09803842893049]]]},"properties":{"kind":"crosswalk"}},{"type":"Feature","geometry":{"type":"Polygon","coordinates":[[[-70.90794024077678,41.09794985166477],[-70.9079009416256,41.097932873667304],[-70.90795430282525,41.0978627342949],[-70.90799360197644,41.09787971229237],[-70.90794024077678,41.09794985166477]]]},"properties":{"kind":"crosswalk"}},{"type":"Feature","geometry":{"type":"Polygon","coordinates":[[[-70.9078520955451,41.09791421433524],[-70.90781069247632,41.09790036387104],[-70.907854223958,41.09782646952035],[-70.90789562702678,41.09784031998455],[-70.9078520955451,41.09791421433524]]]},"properties":{"kind":"crosswalk"}},{"type":"Feature","geometry":{"type":"Polygon","coordinates":[[[-70.90765722071065,41.097849023348246],[-70.90761581764187,41.09783517288405],[-70.90765934912353,41.09776127853335],[-70.90770075219231,41.09777512899755],[-70.90765722071065,41.097849023348246]]]},"properties":{"kind":"crosswalk"}},{"type":"Feature","geometry":{"type":"Polygon","coordinates":[[[-70.9075647379057,41.09782027625112],[-70.90752174836692,41.097809514887004],[-70.90755557092463,41.097732789075394],[-70.90759856046341,41.0977435504395],[-70.9075647379057,41.09782027625112]]]},"properties":{"kind":"crosswalk"}},{"type":"Feature","geometry":{"type":"Polygon","coordinates":[[[-70.90724661106589,41.097740641092095],[-70.9072036215271,41.097729879727986],[-70.90723744408481,41.097653153916376],[-70.9072804336236,41.097663915280485],[-70.90724661106589,41.097740641092095]]]},"properties":{"kind":"crosswalk"}},{"type":"Feature","geometry":{"type":"Polygon","coordinates":[[[-70.90815223958501,41.0982973917813],[-70.90810801218278,41.09830477416025],[-70.90808480964682,41.098225839065165],[-70.90812903704905,41.098218456686226],[-70.90815223958501,41.0982973917813]]]},"properties":{"kind":"crosswalk"}},{"type":"Feature","geometry":{"type":"Polygon","coordinates":[[[-70.90732892464061,41.09843481841276],[-70.90728469723838,41.0984422007917],[-70.90726149470244,41.09836326569662],[-70.90730572210467,41.09835588331768],[-70.90732892464061,41.09843481841276]]]},"properties":{"kind":"crosswalk"}},{"type":"Feature","geometry":{"type":"Polygon","coordinates":[[[-70.9072642836713,41.09846676755881],[-70.9072747843105,41.09849997375163],[-70.90717041851072,41.0985187148242],[-70.9071599178715,41.098485508631384],[-70.9072642836713,41.09846676755881]]]},"properties":{"kind":"crosswalk"}},{"type":"Feature","geometry":{"type":"Polygon","coordinates":[[[-70.90742098784197,41.09896231347748],[-70.9074314884812,41.0989955196703],[-70.9073271226814,41.09901426074287],[-70.90731662204217,41.09898105455005],[-70.90742098784197,41.09896231347748]]]},"properties":{"kind":"crosswalk"}},{"type":"Feature","geometry":{"type":"Polygon","coordinates":[[[-70.90746453187715,41.09901088120695],[-70.90750862467473,41.09900305494427],[-70.9075332223204,41.099081749802984],[-70.9074891295228,41.09908957606567],[-70.90746453187715,41.09901088120695]]]},"properties":{"kind":"crosswalk"}},{"type":"Feature","geometry":{"type":"Polygon","coordinates":[[[-70.9088078940833,41.098772440779506],[-70.90885198688088,41.098764614516824],[-70.90887658452654,41.09884330937554],[-70.90883249172894,41.09885113563822],[-70.9088078940833,41.098772440779506]]]},"properties":{"kind":"crosswalk"}},{"type":"Feature","geometry":{"type":"Polygon","coordinates":[[[-70.90877708123845,41.098655587651535],[-70.90874178930156,41.09863418703249],[-70.90880905063247,41.098571199557455],[-70.90884434256935,41.0985926001765],[-70.90877708123845,41.098655587651535]]]},"properties":{"kind":"crosswalk"}},{"type":"Feature","geometry":{"type":"Polygon","coordinates":[[[-70.9082356616482,41.098327277124625],[-70.90820036971131,41.09830587650558],[-70.90826763104222,41.098242889030544],[-70.9083029229791,41.09826428964959],[-70.9082356616482,41.098327277124625]]]},"properties":{"kind":"crosswalk"}},{"type":"Feature","geometry":{"type":"Polygon","coordinates":[[[-70.90909481446077,41.098869177459406],[-70.90905072166319,41.09887700372209],[-70.90902612401754,41.09879830886337],[-70.90907021681512,41.09879048260069],[-70.90909481446077,41.098869177459406]]]},"properties":{"kind":"crosswalk"}},{"type":"Feature","geometry":{"type":"Polygon","coordinates":[[[-70.9075508464444,41.0991432244678],[-70.90750675364681,41.09915105073049],[-70.90748215600117,41.09907235587177],[-70.90752624879875,41.09906452960909],[-70.9075508464444,41.0991432244678]]]},"properties":{"kind":"crosswalk"}},{"type":"Feature","geometry":{"type":"Polygon","coordinates":[[[-70.90748584320437,41.099175985049875],[-70.90749538831444,41.09920935461922],[-70.90739050902843,41.09922639030599],[-70.90738096391836,41.09919302073664],[-70.90748584320437,41.099175985049875]]]},"properties":{"kind":"crosswalk"}},{"type":"Feature","geometry":{"type":"Polygon","coordinates":[[[-70.90768962913174,41.09988841775986],[-70.90769917424181,41.0999217873292],[-70.9075942949558,41.09993882301597],[-70.90758474984573,41.099905453446624],[-70.90768962913174,41.09988841775986]]]},"properties":{"kind":"crosswalk"}},{"type":"Feature","geometry":{"type":"Polygon","coordinates":[[[-70.907731709322,41.099937477674096],[-70.90777591782268,41.09993003128327],[-70.90779932154553,41.1000089326437],[-70.90775511304486,41.10001637903452],[-70.907731709322,41.099937477674096]]]},"properties":{"kind":"crosswalk"}},{"type":"Feature","geometry":{"type":"Polygon","coordinates":[[[-70.9099041108708,41.09957156273226],[-70.90994831937147,41.09956411634143],[-70.90997172309433,41.099643017701865],[-70.90992751459365,41.09965046409268],[-70.9099041108708,41.09957156273226]]]},"properties":{"kind":"crosswalk"}},{"type":"Feature","geometry":{"type":"Polygon","coordinates":[[[-70.90989556665376,41.099462357631],[-70.90986757664514,41.09943551769154],[-70.90995193355302,41.09938556237243],[-70.90997992356164,41.09941240231189],[-70.90989556665376,41.099462357631]]]},"properties":{"kind":"crosswalk"}},{"type":"Feature","geometry":{"type":"Polygon","coordinates":[[[-70.90970384030999,41.09927850904669],[-70.90967585030135,41.09925166910723],[-70.90976020720923,41.099201713788126],[-70.90978819721786,41.099228553727585],[-70.90970384030999,41.09927850904669]]]},"properties":{"kind":"crosswalk"}},{"type":"Feature","geometry":{"type":"Polygon","coordinates":[[[-70.90963962806534,41.099220734289474],[-70.90960777264051,41.09919646453003],[-70.90968405157047,41.09913961038848],[-70.90971590699527,41.09916388014792],[-70.90963962806534,41.099220734289474]]]},"properties":{"kind":"crosswalk"}},{"type":"Feature","geometry":{"type":"Polygon","coordinates":[[[-70.90941994320367,41.0990533625223],[-70.90938808777885,41.099029092762855],[-70.9094643667088,41.0989722386213],[-70.90949622213363,41.09899650838074],[-70.90941994320367,41.0990533625223]]]},"properties":{"kind":"crosswalk"}},{"type":"Feature","geometry":{"type":"Polygon","coordinates":[[[-70.90934744595467,41.099001450165346],[-70.90931215401777,41.0989800495463],[-70.90937941534868,41.098917062071266],[-70.90941470728556,41.09893846269031],[-70.90934744595467,41.099001450165346]]]},"properties":{"kind":"crosswalk"}},{"type":"Feature","geometry":{"type":"Polygon","coordinates":[[[-70.90917815505274,41.09889879413625],[-70.90914286311585,41.098877393517206],[-70.90921012444676,41.09881440604217],[-70.90924541638364,41.098835806661214],[-70.90917815505274,41.09889879413625]]]},"properties":{"kind":"crosswalk"}},{"type":"Feature","geometry":{"type":"Polygon","coordinates":[[[-70.91004897986925,41.099694438510134],[-70.91000477136858,41.09970188490095],[-70.90998136764571,41.09962298354052],[-70.9100255761464,41.0996155371497],[-70.91004897986925,41.099694438510134]]]},"properties":{"kind":"crosswalk"}},{"type":"Feature","geometry":{"type":"Polygon","coordinates":[[[-70.90781799732908,41.10007022071618],[-70.9077737888284,41.100077667107],[-70.90775038510554,41.09999876574657],[-70.90779459360621,41.09999131935575],[-70.90781799732908,41.10007022071618]]]},"properties":{"kind":"crosswalk"}},{"type":"Feature","geometry":{"type":"Polygon","coordinates":[[[-70.907753349573,41.10010227926482],[-70.90776378886909,41.10013549643909],[-70.907659388555,41.100154128029196],[-70.9076489492589,41.100120910854926],[-70.907753349573,41.10010227926482]]]},"properties":{"kind":"crosswalk"}},{"type":"Feature","geometry":{"type":"Polygon","coordinates":[[[-70.9079305221173,41.100666030999115],[-70.90794096141339,41.100699248173385],[-70.9078365610993,41.100717879763494],[-70.9078261218032,41.100684662589224],[-70.9079305221173,41.100666030999115]]]},"properties":{"kind":"crosswalk"}},{"type":"Feature","geometry":{"type":"Polygon","coordinates":[[[-70.90797402715302,41.10071481082982],[-70.90801821820936,41.10070730587055],[-70.90804180601063,41.1007861760971],[-70.9079976149543,41.10079368105637],[-70.90797402715302,41.10071481082982]]]},"properties":{"kind":"crosswalk"}},{"type":"Feature","geometry":{"type":"Polygon","coordinates":[[[-70.9099946905336,41.10037164192555],[-70.91003888158993,41.10036413696627],[-70.9100624693912,41.10044300719282],[-70.91001827833487,41.1004505121521],[-70.9099946905336,41.10037164192555]]]},"properties":{"kind":"crosswalk"}},{"type":"Feature","geometry":{"type":"Polygon","coordinates":[[[-70.91007982274716,41.10034191732492],[-70.9101032736028,41.100312711572386],[-70.91019506617108,41.100354565613664],[-70.91017161531546,41.10038377136619],[-70.91007982274716,41.10034191732492]]]},"properties":{"kind":"crosswalk"}},{"type":"Feature","geometry":{"type":"Polygon","coordinates":[[[-70.91019923838469,41.10019319680003],[-70.91022268924031,41.1001639910475],[-70.9103144818086,41.10020584508877],[-70.91029103095298,41.100235050841306],[-70.91019923838469,41.10019319680003]]]},"properties":{"kind":"crosswalk"}},{"type":"Feature","geometry":{"type":"Polygon","coordinates":[[[-70.91024066470332,41.0999618804551],[-70.91022281821006,41.099930505241936],[-70.91032142931053,41.09989865361667],[-70.91033927580378,41.09993002882983],[-70.91024066470332,41.0999618804551]]]},"properties":{"kind":"crosswalk"}},{"type":"Feature","geometry":{"type":"Polygon","coordinates":[[[-70.91014323608758,41.09979059506345],[-70.91012538959431,41.09975921985029],[-70.91022400069478,41.099727368225025],[-70.91024184718803,41.099758743438194],[-70.91014323608758,41.09979059506345]]]},"properties":{"kind":"crosswalk"}},{"type":"Feature","geometry":{"type":"Polygon","coordinates":[[[-70.90984078662024,41.100545114757544],[-70.90979659556389,41.10055261971682],[-70.90977300776262,41.10047374949027],[-70.90981719881896,41.10046624453099],[-70.90984078662024,41.100545114757544]]]},"properties":{"kind":"crosswalk"}},{"type":"Feature","geometry":{"type":"Polygon","coordinates":[[[-70.90806435643081,41.100846805582194],[-70.90802016537447,41.10085431054147],[-70.90799657757319,41.10077544031492],[-70.90804076862953,41.10076793535565],[-70.90806435643081,41.100846805582194]]]},"properties":{"kind":"crosswalk"}},{"type":"Feature","geometry":{"type":"Polygon","coordinates":[[[-70.90800034634692,41.10087884377067],[-70.90801179292298,41.10091187197268],[-70.9079079865415,41.10093230131112],[-70.90789653996546,41.100899273109114],[-70.90800034634692,41.10087884377067]]]},"properties":{"kind":"crosswalk"}},{"type":"Feature","geometry":{"type":"Polygon","coordinates":[[[-70.90818377097575,41.10140810122453],[-70.9081952175518,41.10144112942653],[-70.90809141117033,41.101461558764974],[-70.9080799645943,41.10142853056297],[-70.90818377097575,41.10140810122453]]]},"properties":{"kind":"crosswalk"}},{"type":"Feature","geometry":{"type":"Polygon","coordinates":[[[-70.90822891062386,41.10145663717331],[-70.90827313086254,41.10144923046597],[-70.9082964098617,41.10152815277584],[-70.90825218962304,41.10153555948318],[-70.90822891062386,41.10145663717331]]]},"properties":{"kind":"crosswalk"}},{"type":"Feature","geometry":{"type":"Polygon","coordinates":[[[-70.90926229822972,41.101283549017445],[-70.90930651846838,41.101276142310105],[-70.90932979746756,41.10135506461998],[-70.9092855772289,41.10136247132731],[-70.90926229822972,41.101283549017445]]]},"properties":{"kind":"crosswalk"}},{"type":"Feature","geometry":{"type":"Polygon","coordinates":[[[-70.90934747728862,41.101253982137024],[-70.90937092814424,41.1012247763845],[-70.90946272071253,41.101266630425776],[-70.9094392698569,41.1012958361783],[-70.90934747728862,41.101253982137024]]]},"properties":{"kind":"crosswalk"}},{"type":"Feature","geometry":{"type":"Polygon","coordinates":[[[-70.90981715924296,41.10066903909076],[-70.90984061009858,41.100639833338235],[-70.90993240266688,41.100681687379506],[-70.90990895181126,41.10071089313204],[-70.90981715924296,41.10066903909076]]]},"properties":{"kind":"crosswalk"}},{"type":"Feature","geometry":{"type":"Polygon","coordinates":[[[-70.90963309092011,41.10136868089963],[-70.90958887068145,41.10137608760697],[-70.90956559168227,41.1012971652971],[-70.90960981192094,41.101289758589765],[-70.90963309092011,41.10136868089963]]]},"properties":{"kind":"crosswalk"}},{"type":"Feature","geometry":{"type":"Polygon","coordinates":[[[-70.90831626816438,41.10158924327246],[-70.90827204792572,41.1015966499798],[-70.90824876892654,41.10151772766992],[-70.9082929891652,41.10151032096258],[-70.90831626816438,41.10158924327246]]]},"properties":{"kind":"crosswalk"}},{"type":"Feature","geometry":{"type":"Polygon","coordinates":[[[-70.90825076533739,41.10162137699943],[-70.9082598230388,41.10165482362889],[-70.90815470155579,41.10167098941043],[-70.90814564385437,41.10163754278098],[-70.90825076533739,41.10162137699943]]]},"properties":{"kind":"crosswalk"}},{"type":"Feature","geometry":{"type":"Polygon","coordinates":[[[-70.90843204731821,41.102290782068124],[-70.90844110501963,41.102324228697576],[-70.90833598353662,41.10234039447912],[-70.9083269258352,41.10230694784966],[-70.90843204731821,41.102290782068124]]]},"properties":{"kind":"crosswalk"}},{"type":"Feature","geometry":{"type":"Polygon","coordinates":[[[-70.90847329463757,41.10233979884374],[-70.90851741978321,41.10233207680358],[-70.90854168986144,41.102410829395644],[-70.9084975647158,41.102418551435804],[-70.90847329463757,41.10233979884374]]]},"properties":{"kind":"crosswalk"}},{"type":"Feature","geometry":{"type":"Polygon","coordinates":[[[-70.90954722132183,41.10215185827462],[-70.90959134646747,41.10214413623446],[-70.9096156165457,41.102222888826525],[-70.90957149140006,41.102230610866684],[-70.90954722132183,41.10215185827462]]]},"properties":{"kind":"crosswalk"}},{"type":"Feature","geometry":{"type":"Polygon","coordinates":[[[-70.90962125557823,41.102118942476245],[-70.90962654548518,41.10208504004632],[-70.90973309953172,41.102094481236335],[-70.90972780962477,41.10212838366626],[-70.90962125557823,41.102118942476245]]]},"properties":{"kind":"crosswalk"}},{"type":"Feature","geometry":{"type":"Polygon","coordinates":[[[-70.90967016742282,41.10180547186162],[-70.90967545732977,41.10177156943169],[-70.90978201137631,41.1017810106217],[-70.90977672146936,41.101814913051626],[-70.90967016742282,41.10180547186162]]]},"properties":{"kind":"crosswalk"}},{"type":"Feature","geometry":{"type":"Polygon","coordinates":[[[-70.90967765552759,41.10173040213388],[-70.90967599742571,41.1016962890283],[-70.90978321361781,41.101693329722025],[-70.9097848717197,41.10172744282761],[-70.90967765552759,41.10173040213388]]]},"properties":{"kind":"crosswalk"}},{"type":"Feature","geometry":{"type":"Polygon","coordinates":[[[-70.90966251749126,41.10141895840415],[-70.90966085938939,41.101384845298575],[-70.9097680755815,41.101381885992296],[-70.90976973368336,41.10141599909788],[-70.90966251749126,41.10141895840415]]]},"properties":{"kind":"crosswalk"}},{"type":"Feature","geometry":{"type":"Polygon","coordinates":[[[-70.9096772721665,41.10227665440084],[-70.90963314702087,41.102284376441],[-70.90960887694264,41.10220562384893],[-70.90965300208828,41.10219790180877],[-70.9096772721665,41.10227665440084]]]},"properties":{"kind":"crosswalk"}},{"type":"Feature","geometry":{"type":"Polygon","coordinates":[[[-70.9085577549834,41.102472573451564],[-70.90851362983777,41.10248029549172],[-70.90848935975954,41.102401542899656],[-70.90853348490518,41.1023938208595],[-70.9085577549834,41.102472573451564]]]},"properties":{"kind":"crosswalk"}},{"type":"Feature","geometry":{"type":"Polygon","coordinates":[[[-70.90849304411041,41.10250510905616],[-70.9085031580543,41.10253838333985],[-70.90839857824747,41.10255643425587],[-70.90838846430357,41.10252315997217],[-70.90849304411041,41.10250510905616]]]},"properties":{"kind":"crosswalk"}},{"type":"Feature","geometry":{"type":"Polygon","coordinates":[[[-70.90865939707749,41.10305240058512],[-70.90866951102137,41.103085674868815],[-70.90856493121454,41.10310372578483],[-70.90855481727064,41.10307045150114],[-70.90865939707749,41.10305240058512]]]},"properties":{"kind":"crosswalk"}},{"type":"Feature","geometry":{"type":"Polygon","coordinates":[[[-70.90870240189251,41.10310134647663],[-70.90874662938786,41.10309396441454],[-70.90876983092797,41.10317289967584],[-70.9087256034326,41.10318028173793],[-70.90870240189251,41.10310134647663]]]},"properties":{"kind":"crosswalk"}},{"type":"Feature","geometry":{"type":"Polygon","coordinates":[[[-70.90927566377526,41.103005662676864],[-70.90931989127063,41.10299828061478],[-70.90934309281072,41.103077215876084],[-70.90929886531535,41.10308459793817],[-70.90927566377526,41.103005662676864]]]},"properties":{"kind":"crosswalk"}},{"type":"Feature","geometry":{"type":"Polygon","coordinates":[[[-70.90943742500066,41.10291123792664],[-70.90946385468527,41.10288351428165],[-70.90955098904598,41.10293068480405],[-70.90952455936137,41.10295840844904],[-70.90943742500066,41.10291123792664]]]},"properties":{"kind":"crosswalk"}},{"type":"Feature","geometry":{"type":"Polygon","coordinates":[[[-70.90967818612101,41.10265868947869],[-70.90970461580562,41.1026309658337],[-70.90979175016633,41.102678136356104],[-70.90976532048172,41.10270586000109],[-70.90967818612101,41.10265868947869]]]},"properties":{"kind":"crosswalk"}},{"type":"Feature","geometry":{"type":"Polygon","coordinates":[[[-70.90971960913201,41.10259353832677],[-70.90971795103015,41.102559425221195],[-70.90982516722225,41.102556465914915],[-70.90982682532412,41.1025905790205],[-70.90971960913201,41.10259353832677]]]},"properties":{"kind":"crosswalk"}},{"type":"Feature","geometry":{"type":"Polygon","coordinates":[[[-70.90970664118133,41.10232674104602],[-70.90970498307946,41.10229262794044],[-70.90981219927157,41.102289668634164],[-70.90981385737344,41.10232378173975],[-70.90970664118133,41.10232674104602]]]},"properties":{"kind":"crosswalk"}},{"type":"Feature","geometry":{"type":"Polygon","coordinates":[[[-70.9091554405509,41.103172943241475],[-70.90911121305554,41.10318032530356],[-70.90908801151545,41.10310139004226],[-70.90913223901082,41.103094007980175],[-70.9091554405509,41.103172943241475]]]},"properties":{"kind":"crosswalk"}},{"type":"Feature","geometry":{"type":"Polygon","coordinates":[[[-70.90879210032023,41.10323358877701],[-70.90874787282486,41.10324097083909],[-70.90872467128477,41.10316203557779],[-70.90876889878014,41.1031546535157],[-70.90879210032023,41.10323358877701]]]},"properties":{"kind":"crosswalk"}},{"type":"Feature","geometry":{"type":"Polygon","coordinates":[[[-70.90872803170062,41.10326542969131],[-70.9087394782081,41.10329845790682],[-70.90863567178422,41.10331888712289],[-70.90862422527674,41.103285858907384],[-70.90872803170062,41.10326542969131]]]},"properties":{"kind":"crosswalk"}},{"type":"Feature","geometry":{"type":"Polygon","coordinates":[[[-70.90880876555713,41.103498382425194],[-70.90882021206461,41.10353141064069],[-70.90871640564073,41.10355183985676],[-70.90870495913325,41.103518811641266],[-70.90880876555713,41.103498382425194]]]},"properties":{"kind":"crosswalk"}},{"type":"Feature","geometry":{"type":"Polygon","coordinates":[[[-70.90884313712824,41.10353462130179],[-70.90886956681285,41.10350689765681],[-70.90895670117357,41.10355406817921],[-70.90893027148896,41.1035817918242],[-70.90884313712824,41.10353462130179]]]},"properties":{"kind":"crosswalk"}},{"type":"Feature","geometry":{"type":"Polygon","coordinates":[[[-70.90908332227258,41.103282677028844],[-70.90910975195719,41.10325495338385],[-70.9091968863179,41.10330212390625],[-70.90917045663329,41.103329847551244],[-70.90908332227258,41.103282677028844]]]},"properties":{"kind":"crosswalk"}},{"type":"Feature","geometry":{"type":"Polygon","coordinates":[[[-70.90534056260425,41.09726665127358],[-70.90534056260425,41.097300787254376],[-70.90523327451622,41.097300787254376],[-70.90523327451622,41.09726665127358],[-70.90534056260425,41.09726665127358]]]},"properties":{"kind":"crosswalk"}},{"type":"Feature","geometry":{"type":"Polygon","coordinates":[[[-70.90534056260425,41.097648842039696],[-70.90534056260425,41.097682978020494],[-70.90523327451622,41.097682978020494],[-70.90523327451622,41.097648842039696],[-70.90534056260425,41.097648842039696]]]},"properties":{"kind":"crosswalk"}},{"type":"Feature","geometry":{"type":"Polygon","coordinates":[[[-70.90536736471732,41.09769928441034],[-70.90541164646933,41.09769208942146],[-70.90543426004545,41.097771121517624],[-70.90538997829344,41.0977783165065],[-70.90536736471732,41.09769928441034]]]},"properties":{"kind":"crosswalk"}},{"type":"Feature","geometry":{"type":"Polygon","coordinates":[[[-70.90619080494736,41.09756549017169],[-70.90623508669938,41.09755829518281],[-70.9062577002755,41.097637327278974],[-70.90621341852348,41.097644522267856],[-70.90619080494736,41.09756549017169]]]},"properties":{"kind":"crosswalk"}},{"type":"Feature","geometry":{"type":"Polygon","coordinates":[[[-70.90608854597579,41.097442304560644],[-70.90604576698205,41.09743107685327],[-70.90608105523887,41.09735472681307],[-70.90612383423262,41.09736595452045],[-70.90608854597579,41.097442304560644]]]},"properties":{"kind":"crosswalk"}},{"type":"Feature","geometry":{"type":"Polygon","coordinates":[[[-70.90540923414683,41.09726401344704],[-70.90536645515309,41.09725278573966],[-70.90540174340991,41.09717643569947],[-70.90544452240366,41.09718766340684],[-70.90540923414683,41.09726401344704]]]},"properties":{"kind":"crosswalk"}},{"type":"Feature","geometry":{"type":"Polygon","coordinates":[[[-70.90673612833294,41.09762391851467],[-70.90669184658091,41.097631113503546],[-70.90666923300479,41.09755208140738],[-70.90671351475682,41.097544886418504],[-70.90673612833294,41.09762391851467]]]},"properties":{"kind":"crosswalk"}},{"type":"Feature","geometry":{"type":"Polygon","coordinates":[[[-70.90541164646933,41.097839123014126],[-70.90536736471732,41.09784631800301],[-70.9053447511412,41.09776728590684],[-70.90538903289321,41.097760090917966],[-70.90541164646933,41.097839123014126]]]},"properties":{"kind":"crosswalk"}},{"type":"Feature","geometry":{"type":"Polygon","coordinates":[[[-70.90534056260425,41.097871334116235],[-70.90534056260425,41.09790547009703],[-70.90523327451622,41.09790547009703],[-70.90523327451622,41.097871334116235],[-70.90534056260425,41.097871334116235]]]},"properties":{"kind":"crosswalk"}},{"type":"Feature","geometry":{"type":"Polygon","coordinates":[[[-70.90534056260425,41.09856877079221],[-70.90534056260425,41.09860290677301],[-70.90523327451622,41.09860290677301],[-70.90523327451622,41.09856877079221],[-70.90534056260425,41.09856877079221]]]},"properties":{"kind":"crosswalk"}},{"type":"Feature","geometry":{"type":"Polygon","coordinates":[[[-70.90536731458727,41.098619041510325],[-70.90541151351572,41.09861156292161],[-70.90543501843531,41.09869044719796],[-70.90539081950686,41.098697925786674],[-70.90536731458727,41.098619041510325]]]},"properties":{"kind":"crosswalk"}},{"type":"Feature","geometry":{"type":"Polygon","coordinates":[[[-70.90695925144121,41.098349681111685],[-70.90700345036966,41.09834220252297],[-70.90702695528925,41.09842108679932],[-70.9069827563608,41.09842856538803],[-70.90695925144121,41.098349681111685]]]},"properties":{"kind":"crosswalk"}},{"type":"Feature","geometry":{"type":"Polygon","coordinates":[[[-70.90702461627143,41.09831744811444],[-70.90701538709372,41.098284028115145],[-70.90712042487914,41.098267556290374],[-70.90712965405685,41.09830097628967],[-70.90702461627143,41.09831744811444]]]},"properties":{"kind":"crosswalk"}},{"type":"Feature","geometry":{"type":"Polygon","coordinates":[[[-70.90685201663167,41.097692443371585],[-70.90684278745397,41.09765902337229],[-70.90694782523938,41.097642551547516],[-70.90695705441709,41.09767597154681],[-70.90685201663167,41.097692443371585]]]},"properties":{"kind":"crosswalk"}},{"type":"Feature","geometry":{"type":"Polygon","coordinates":[[[-70.90704499464064,41.098482482226366],[-70.9070007957122,41.09848996081507],[-70.90697729079258,41.098411076538724],[-70.90702148972103,41.09840359795001],[-70.90704499464064,41.098482482226366]]]},"properties":{"kind":"crosswalk"}},{"type":"Feature","geometry":{"type":"Polygon","coordinates":[[[-70.90541151351572,41.09875887203786],[-70.90536731458727,41.098766350626576],[-70.90534380966766,41.09868746635023],[-70.9053880085961,41.098679987761514],[-70.90541151351572,41.09875887203786]]]},"properties":{"kind":"crosswalk"}},{"type":"Feature","geometry":{"type":"Polygon","coordinates":[[[-70.90534056260425,41.098791538392334],[-70.90534056260425,41.098825674373124],[-70.90523327451622,41.098825674373124],[-70.90523327451622,41.098791538392334],[-70.90534056260425,41.098791538392334]]]},"properties":{"kind":"crosswalk"}},{"type":"Feature","geometry":{"type":"Polygon","coordinates":[[[-70.90534056260425,41.09931491551314],[-70.90534056260425,41.09934905149394],[-70.90523327451622,41.09934905149394],[-70.90523327451622,41.09931491551314],[-70.90534056260425,41.09931491551314]]]},"properties":{"kind":"crosswalk"}},{"type":"Feature","geometry":{"type":"Polygon","coordinates":[[[-70.90536732038495,41.099365205732866],[-70.9054115288922,41.09935775936422],[-70.90543493254539,41.09943666073638],[-70.90539072403813,41.099444107105036],[-70.90536732038495,41.099365205732866]]]},"properties":{"kind":"crosswalk"}},{"type":"Feature","geometry":{"type":"Polygon","coordinates":[[[-70.90718096878787,41.09905971940336],[-70.90722517729512,41.09905227303471],[-70.9072485809483,41.09913117440687],[-70.90720437244106,41.09913862077553],[-70.90718096878787,41.09905971940336]]]},"properties":{"kind":"crosswalk"}},{"type":"Feature","geometry":{"type":"Polygon","coordinates":[[[-70.90724557942578,41.09902766753698],[-70.90723507878656,41.09899446134417],[-70.90733944458636,41.098975720271596],[-70.90734994522558,41.09900892646441],[-70.90724557942578,41.09902766753698]]]},"properties":{"kind":"crosswalk"}},{"type":"Feature","geometry":{"type":"Polygon","coordinates":[[[-70.90708860291292,41.09853126039008],[-70.9070781022737,41.098498054197265],[-70.9071824680735,41.09847931312469],[-70.9071929687127,41.09851251931751],[-70.90708860291292,41.09853126039008]]]},"properties":{"kind":"crosswalk"}},{"type":"Feature","geometry":{"type":"Polygon","coordinates":[[[-70.90726738809391,41.099192440353306],[-70.90722317958667,41.099199886721955],[-70.90719977593349,41.09912098534979],[-70.90724398444074,41.09911353898114],[-70.90726738809391,41.099192440353306]]]},"properties":{"kind":"crosswalk"}},{"type":"Feature","geometry":{"type":"Polygon","coordinates":[[[-70.9054115288922,41.099505036562526],[-70.90536732038495,41.09951248293118],[-70.90534391673178,41.09943358155901],[-70.90538812523903,41.09942613519036],[-70.9054115288922,41.099505036562526]]]},"properties":{"kind":"crosswalk"}},{"type":"Feature","geometry":{"type":"Polygon","coordinates":[[[-70.90534056260425,41.09953765119532],[-70.90534056260425,41.09957178717612],[-70.90523327451622,41.09957178717612],[-70.90523327451622,41.09953765119532],[-70.90534056260425,41.09953765119532]]]},"properties":{"kind":"crosswalk"}},{"type":"Feature","geometry":{"type":"Polygon","coordinates":[[[-70.90534056260425,41.10028449985227],[-70.90534056260425,41.10031863583307],[-70.90523327451622,41.10031863583307],[-70.90523327451622,41.10028449985227],[-70.90534056260425,41.10028449985227]]]},"properties":{"kind":"crosswalk"}},{"type":"Feature","geometry":{"type":"Polygon","coordinates":[[[-70.90536732350881,41.100334800616466],[-70.9054115371772,41.10032737166912],[-70.9054348860759,41.100406282252656],[-70.9053906724075,41.10041371120001],[-70.90536732350881,41.100334800616466]]]},"properties":{"kind":"crosswalk"}},{"type":"Feature","geometry":{"type":"Polygon","coordinates":[[[-70.90744782009014,41.09998522773248],[-70.90749203375853,41.099977798785126],[-70.90751538265722,41.10005670936867],[-70.90747116898883,41.10006413831602],[-70.90744782009014,41.09998522773248]]]},"properties":{"kind":"crosswalk"}},{"type":"Feature","geometry":{"type":"Polygon","coordinates":[[[-70.90751301735962,41.099953104946074],[-70.90750347224954,41.09991973537673],[-70.90760835153556,41.09990269968996],[-70.90761789664563,41.09993606925931],[-70.90751301735962,41.099953104946074]]]},"properties":{"kind":"crosswalk"}},{"type":"Feature","geometry":{"type":"Polygon","coordinates":[[[-70.90730946828815,41.09924150028096],[-70.90729992317809,41.09920813071162],[-70.9074048024641,41.09919109502485],[-70.90741434757416,41.099224464594194],[-70.90730946828815,41.09924150028096]]]},"properties":{"kind":"crosswalk"}},{"type":"Feature","geometry":{"type":"Polygon","coordinates":[[[-70.90753410287464,41.10011799017991],[-70.90748988920625,41.10012541912727],[-70.90746654030754,41.10004650854372],[-70.90751075397593,41.100039079596364],[-70.90753410287464,41.10011799017991]]]},"properties":{"kind":"crosswalk"}},{"type":"Feature","geometry":{"type":"Polygon","coordinates":[[[-70.9054115371772,41.10047463167549],[-70.90536732350881,41.10048206062284],[-70.9053439746101,41.1004031500393],[-70.9053881882785,41.10039572109194],[-70.9054115371772,41.10047463167549]]]},"properties":{"kind":"crosswalk"}},{"type":"Feature","geometry":{"type":"Polygon","coordinates":[[[-70.90534056260425,41.10050721834251],[-70.90534056260425,41.100541354323305],[-70.90523327451622,41.100541354323305],[-70.90523327451622,41.10050721834251],[-70.90534056260425,41.10050721834251]]]},"properties":{"kind":"crosswalk"}},{"type":"Feature","geometry":{"type":"Polygon","coordinates":[[[-70.90534056260425,41.10109439360514],[-70.90534056260425,41.101128529585935],[-70.90523327451622,41.101128529585935],[-70.90523327451622,41.10109439360514],[-70.90534056260425,41.10109439360514]]]},"properties":{"kind":"crosswalk"}},{"type":"Feature","geometry":{"type":"Polygon","coordinates":[[[-70.90536734824771,41.10114477880909],[-70.90541160278906,41.1011374893709],[-70.90543451321577,41.10121647290268],[-70.90539025867442,41.10122376234087],[-70.90536734824771,41.10114477880909]]]},"properties":{"kind":"crosswalk"}},{"type":"Feature","geometry":{"type":"Polygon","coordinates":[[[-70.90769001697083,41.10076219773208],[-70.9077342715122,41.10075490829389],[-70.9077571819389,41.100833891825665],[-70.90771292739755,41.10084118126386],[-70.90769001697083,41.10076219773208]]]},"properties":{"kind":"crosswalk"}},{"type":"Feature","geometry":{"type":"Polygon","coordinates":[[[-70.90775473863432,41.100730391133716],[-70.90774429933822,41.100697173959446],[-70.90784869965232,41.10067854236934],[-70.90785913894841,41.10071175954361],[-70.90775473863432,41.100730391133716]]]},"properties":{"kind":"crosswalk"}},{"type":"Feature","geometry":{"type":"Polygon","coordinates":[[[-70.9075776215966,41.10016681601784],[-70.90756718230051,41.10013359884357],[-70.9076715826146,41.10011496725346],[-70.9076820219107,41.100148184427724],[-70.9075776215966,41.10016681601784]]]},"properties":{"kind":"crosswalk"}},{"type":"Feature","geometry":{"type":"Polygon","coordinates":[[[-70.90778030834218,41.10089444928276],[-70.90773605380083,41.10090173872095],[-70.90771314337412,41.10082275518917],[-70.90775739791547,41.10081546575098],[-70.90778030834218,41.10089444928276]]]},"properties":{"kind":"crosswalk"}},{"type":"Feature","geometry":{"type":"Polygon","coordinates":[[[-70.90541160278906,41.101284613369714],[-70.90536734824771,41.1012919028079],[-70.90534443782099,41.10121291927612],[-70.90538869236235,41.101205629837935],[-70.90541160278906,41.101284613369714]]]},"properties":{"kind":"crosswalk"}},{"type":"Feature","geometry":{"type":"Polygon","coordinates":[[[-70.90534056260425,41.101316976087816],[-70.90534056260425,41.10135111206861],[-70.90523327451622,41.10135111206861],[-70.90523327451622,41.101316976087816],[-70.90534056260425,41.101316976087816]]]},"properties":{"kind":"crosswalk"}},{"type":"Feature","geometry":{"type":"Polygon","coordinates":[[[-70.90534056260425,41.10163235477225],[-70.90534056260425,41.10166649075305],[-70.90523327451622,41.10166649075305],[-70.90523327451622,41.10163235477225],[-70.90534056260425,41.10163235477225]]]},"properties":{"kind":"crosswalk"}},{"type":"Feature","geometry":{"type":"Polygon","coordinates":[[[-70.90534635024677,41.10170734769454],[-70.90535591243876,41.101740714486645],[-70.90525104188151,41.10175778066047],[-70.90524147968952,41.10172441386837],[-70.90534635024677,41.10170734769454]]]},"properties":{"kind":"crosswalk"}},{"type":"Feature","geometry":{"type":"Polygon","coordinates":[[[-70.90539652813469,41.101882440932094],[-70.90540609032668,41.1019158077242],[-70.90530121976943,41.10193287389802],[-70.90529165757744,41.10189950710592],[-70.90539652813469,41.101882440932094]]]},"properties":{"kind":"crosswalk"}},{"type":"Feature","geometry":{"type":"Polygon","coordinates":[[[-70.90543862173757,41.10193144941862],[-70.90548280709399,41.10192392542599],[-70.90550645471637,41.1020027854796],[-70.90546226935996,41.10201030947223],[-70.90543862173757,41.10193144941862]]]},"properties":{"kind":"crosswalk"}},{"type":"Feature","geometry":{"type":"Polygon","coordinates":[[[-70.90794498832986,41.101504659067885],[-70.90798917368629,41.101497135075256],[-70.90801282130867,41.10157599512886],[-70.90796863595224,41.10158351912149],[-70.90794498832986,41.101504659067885]]]},"properties":{"kind":"crosswalk"}},{"type":"Feature","geometry":{"type":"Polygon","coordinates":[[[-70.90800898926389,41.10147259032587],[-70.90799754268784,41.101439562123865],[-70.90810134906931,41.10141913278542],[-70.90811279564535,41.10145216098743],[-70.90800898926389,41.10147259032587]]]},"properties":{"kind":"crosswalk"}},{"type":"Feature","geometry":{"type":"Polygon","coordinates":[[[-70.90782546875245,41.100943056210234],[-70.90781402217641,41.10091002800823],[-70.90791782855787,41.10088959866979],[-70.90792927513392,41.10092262687179],[-70.90782546875245,41.100943056210234]]]},"properties":{"kind":"crosswalk"}},{"type":"Feature","geometry":{"type":"Polygon","coordinates":[[[-70.9079684225414,41.101648022995825],[-70.90792423718497,41.101655546988454],[-70.90790058956259,41.10157668693485],[-70.90794477491902,41.10156916294222],[-70.9079684225414,41.101648022995825]]]},"properties":{"kind":"crosswalk"}},{"type":"Feature","geometry":{"type":"Polygon","coordinates":[[[-70.90559047516398,41.10205294580255],[-70.90554628980755,41.102060469795184],[-70.90552264218516,41.10198160974158],[-70.90556682754159,41.10197408574895],[-70.90559047516398,41.10205294580255]]]},"properties":{"kind":"crosswalk"}},{"type":"Feature","geometry":{"type":"Polygon","coordinates":[[[-70.90552630868336,41.1020850467094],[-70.90553748174767,41.102118128053306],[-70.90543350834324,41.10213806924019],[-70.90542233527893,41.10210498789628],[-70.90552630868336,41.1020850467094]]]},"properties":{"kind":"crosswalk"}},{"type":"Feature","geometry":{"type":"Polygon","coordinates":[[[-70.90574516181036,41.10273302969434],[-70.90575633487467,41.10276611103825],[-70.90565236147023,41.102786052225134],[-70.90564118840592,41.10275297088123],[-70.90574516181036,41.10273302969434]]]},"properties":{"kind":"crosswalk"}},{"type":"Feature","geometry":{"type":"Polygon","coordinates":[[[-70.9057898869613,41.102781735046015],[-70.90583414777927,41.10277446728016],[-70.90585699009065,41.10285346201417],[-70.9058127292727,41.10286072978002],[-70.9057898869613,41.102781735046015]]]},"properties":{"kind":"crosswalk"}},{"type":"Feature","geometry":{"type":"Polygon","coordinates":[[[-70.90812535749511,41.102398243421206],[-70.90816961831308,41.102390975655354],[-70.90819246062446,41.10246997038935],[-70.90814819980649,41.10247723815521],[-70.90812535749511,41.102398243421206]]]},"properties":{"kind":"crosswalk"}},{"type":"Feature","geometry":{"type":"Polygon","coordinates":[[[-70.90819092546256,41.102366332731876],[-70.90818186776114,41.10233288610242],[-70.90828698924416,41.10231672032088],[-70.90829604694558,41.10235016695033],[-70.90819092546256,41.102366332731876]]]},"properties":{"kind":"crosswalk"}},{"type":"Feature","geometry":{"type":"Polygon","coordinates":[[[-70.90800970630414,41.101697159642306],[-70.90800064860272,41.10166371301285],[-70.90810577008574,41.10164754723131],[-70.90811482778716,41.10168099386076],[-70.90800970630414,41.101697159642306]]]},"properties":{"kind":"crosswalk"}},{"type":"Feature","geometry":{"type":"Polygon","coordinates":[[[-70.90820998746153,41.1025314500491],[-70.90816572664356,41.10253871781495],[-70.90814288433218,41.10245972308095],[-70.90818714515015,41.102452455315095],[-70.90820998746153,41.1025314500491]]]},"properties":{"kind":"crosswalk"}},{"type":"Feature","geometry":{"type":"Polygon","coordinates":[[[-70.90587941506338,41.10291413738459],[-70.90583515424542,41.10292140515044],[-70.90581231193404,41.10284241041644],[-70.905856572752,41.10283514265059],[-70.90587941506338,41.10291413738459]]]},"properties":{"kind":"crosswalk"}},{"type":"Feature","geometry":{"type":"Polygon","coordinates":[[[-70.90581463294711,41.10294591814577],[-70.90582498901138,41.10297915011134],[-70.9057205422088,41.10299763315297],[-70.90571018614455,41.1029644011874],[-70.90581463294711,41.10294591814577]]]},"properties":{"kind":"crosswalk"}},{"type":"Feature","geometry":{"type":"Polygon","coordinates":[[[-70.90599208902609,41.10351536365713],[-70.90600244509034,41.10354859562269],[-70.90589799828777,41.10356707866432],[-70.90588764222352,41.10353384669876],[-70.90599208902609,41.10351536365713]]]},"properties":{"kind":"crosswalk"}},{"type":"Feature","geometry":{"type":"Polygon","coordinates":[[[-70.90603542985532,41.10356406610751],[-70.90607957035931,41.10355639407339],[-70.90610368327047,41.103635174076366],[-70.90605954276649,41.10364284611049],[-70.90603542985532,41.10356406610751]]]},"properties":{"kind":"crosswalk"}},{"type":"Feature","geometry":{"type":"Polygon","coordinates":[[[-70.90835484796737,41.103160929457644],[-70.90839898847136,41.10315325742352],[-70.90842310138252,41.1032320374265],[-70.90837896087854,41.103239709460624],[-70.90835484796737,41.103160929457644]]]},"properties":{"kind":"crosswalk"}},{"type":"Feature","geometry":{"type":"Polygon","coordinates":[[[-70.90841958349458,41.103128474125896],[-70.90840946955068,41.10309519984221],[-70.9085140493575,41.1030771489262],[-70.90852416330141,41.103110423209884],[-70.90841958349458,41.103128474125896]]]},"properties":{"kind":"crosswalk"}},{"type":"Feature","geometry":{"type":"Polygon","coordinates":[[[-70.9082530124455,41.1025804651199],[-70.90824289850161,41.102547190836205],[-70.90834747830844,41.10252913992019],[-70.90835759225233,41.10256241420389],[-70.9082530124455,41.1025804651199]]]},"properties":{"kind":"crosswalk"}},{"type":"Feature","geometry":{"type":"Polygon","coordinates":[[[-70.90850823817853,41.10328177289334],[-70.90846409767454,41.10328944492746],[-70.90843998476338,41.10321066492449],[-70.90848412526736,41.10320299289037],[-70.90850823817853,41.10328177289334]]]},"properties":{"kind":"crosswalk"}},{"type":"Feature","geometry":{"type":"Polygon","coordinates":[[[-70.90606000165964,41.10370729939207],[-70.90601586115565,41.10371497142619],[-70.90599174824449,41.10363619142321],[-70.90603588874848,41.10362851938909],[-70.90606000165964,41.10370729939207]]]},"properties":{"kind":"crosswalk"}},{"type":"Feature","geometry":{"type":"Polygon","coordinates":[[[-70.90599561613992,41.10373969248781],[-70.90600630835705,41.103772863946794],[-70.90590205172435,41.10379194693908],[-70.90589135950722,41.103758775480095],[-70.90599561613992,41.10373969248781]]]},"properties":{"kind":"crosswalk"}},{"type":"Feature","geometry":{"type":"Polygon","coordinates":[[[-70.90621096012092,41.104407774135154],[-70.90622165233805,41.10444094559414],[-70.90611739570534,41.10446002858643],[-70.9061067034882,41.10442685712744],[-70.90621096012092,41.104407774135154]]]},"properties":{"kind":"crosswalk"}},{"type":"Feature","geometry":{"type":"Polygon","coordinates":[[[-70.9064832580212,41.104421100448874],[-70.90652685006056,41.1044118168935],[-70.90655602792165,41.10448961802126],[-70.90651243588229,41.10449890157664],[-70.9064832580212,41.104421100448874]]]},"properties":{"kind":"crosswalk"}},{"type":"Feature","geometry":{"type":"Polygon","coordinates":[[[-70.90722643263274,41.10426283066475],[-70.9072700246721,41.10425354710938],[-70.9072992025332,41.104331348237146],[-70.90725561049383,41.10434063179252],[-70.90722643263274,41.10426283066475]]]},"properties":{"kind":"crosswalk"}},{"type":"Feature","geometry":{"type":"Polygon","coordinates":[[[-70.9073225939427,41.104241800744944],[-70.90736585548086,41.104231677263435],[-70.90739767319785,41.104308888527406],[-70.90735441165968,41.10431901200892],[-70.9073225939427,41.104241800744944]]]},"properties":{"kind":"crosswalk"}},{"type":"Feature","geometry":{"type":"Polygon","coordinates":[[[-70.90796144046654,41.1040923065002],[-70.9080047020047,41.10408218301869],[-70.90803651972169,41.10415939428266],[-70.90799325818352,41.10416951776418],[-70.90796144046654,41.1040923065002]]]},"properties":{"kind":"crosswalk"}},{"type":"Feature","geometry":{"type":"Polygon","coordinates":[[[-70.90831757845672,41.10395684636952],[-70.90835233561133,41.10393495438416],[-70.90842114128786,41.10399698740364],[-70.90838638413324,41.104018879389],[-70.90831757845672,41.10395684636952]]]},"properties":{"kind":"crosswalk"}},{"type":"Feature","geometry":{"type":"Polygon","coordinates":[[[-70.90855977316697,41.10380429869665],[-70.90859453032158,41.10378240671129],[-70.90866333599811,41.10384443973077],[-70.90862857884349,41.103866331716134],[-70.90855977316697,41.10380429869665]]]},"properties":{"kind":"crosswalk"}},{"type":"Feature","geometry":{"type":"Polygon","coordinates":[[[-70.90867774231403,41.10368913416187],[-70.90866629580655,41.10365610594637],[-70.90877010223043,41.1036356767303],[-70.9087815487379,41.1036687049458],[-70.90867774231403,41.10368913416187]]]},"properties":{"kind":"crosswalk"}},{"type":"Feature","geometry":{"type":"Polygon","coordinates":[[[-70.90855332945611,41.103330148271255],[-70.90854188294863,41.10329712005575],[-70.9086456893725,41.103276690839685],[-70.90865713587999,41.10330971905518],[-70.90855332945611,41.103330148271255]]]},"properties":{"kind":"crosswalk"}},{"type":"Feature","geometry":{"type":"Polygon","coordinates":[[[-70.90534056260425,41.1023387952072],[-70.90534056260425,41.102372931188],[-70.90523327451622,41.102372931188],[-70.90523327451622,41.1023387952072],[-70.90534056260425,41.1023387952072]]]},"properties":{"kind":"crosswalk"}},{"type":"Feature","geometry":{"type":"Polygon","coordinates":[[[-70.90534056260425,41.10280550848297],[-70.90534056260425,41.10283964446377],[-70.90523327451622,41.10283964446377],[-70.90523327451622,41.10280550848297],[-70.90534056260425,41.10280550848297]]]},"properties":{"kind":"crosswalk"}},{"type":"Feature","geometry":{"type":"Polygon","coordinates":[[[-70.90550630511987,41.1028088664002],[-70.90549513205556,41.102775785056295],[-70.90559910546001,41.10275584386942],[-70.9056102785243,41.10278892521332],[-70.90550630511987,41.1028088664002]]]},"properties":{"kind":"crosswalk"}},{"type":"Feature","geometry":{"type":"Polygon","coordinates":[[[-70.90535849831274,41.102371238218254],[-70.90534732524844,41.102338156874346],[-70.90545129865288,41.10231821568747],[-70.90546247171719,41.10235129703137],[-70.90535849831274,41.102371238218254]]]},"properties":{"kind":"crosswalk"}},{"type":"Feature","geometry":{"type":"Polygon","coordinates":[[[-70.90534056260425,41.10302883531987],[-70.90534056260425,41.103062971300666],[-70.90523327451622,41.103062971300666],[-70.90523327451622,41.10302883531987],[-70.90534056260425,41.10302883531987]]]},"properties":{"kind":"crosswalk"}},{"type":"Feature","geometry":{"type":"Polygon","coordinates":[[[-70.90534056260425,41.10363295530756],[-70.90534056260425,41.10366709128836],[-70.90523327451622,41.10366709128836],[-70.90523327451622,41.10363295530756],[-70.90534056260425,41.10363295530756]]]},"properties":{"kind":"crosswalk"}},{"type":"Feature","geometry":{"type":"Polygon","coordinates":[[[-70.90536723440013,41.10368296484978],[-70.9054113008455,41.10367505475308],[-70.90543616197829,41.10375370257954],[-70.90539209553292,41.103761612676244],[-70.90536723440013,41.10368296484978]]]},"properties":{"kind":"crosswalk"}},{"type":"Feature","geometry":{"type":"Polygon","coordinates":[[[-70.90568838693326,41.1036253167329],[-70.90573245337863,41.1036174066362],[-70.90575731451142,41.10369605446266],[-70.90571324806605,41.10370396455936],[-70.90568838693326,41.1036253167329]]]},"properties":{"kind":"crosswalk"}},{"type":"Feature","geometry":{"type":"Polygon","coordinates":[[[-70.90575285703036,41.103592504861666],[-70.90574250096611,41.103559272896106],[-70.90584694776868,41.10354078985448],[-70.90585730383293,41.10357402182004],[-70.90575285703036,41.103592504861666]]]},"properties":{"kind":"crosswalk"}},{"type":"Feature","geometry":{"type":"Polygon","coordinates":[[[-70.90557502346337,41.1030218480147],[-70.90556466739912,41.10298861604914],[-70.90566911420169,41.10297013300751],[-70.90567947026594,41.10300336497307],[-70.90557502346337,41.1030218480147]]]},"properties":{"kind":"crosswalk"}},{"type":"Feature","geometry":{"type":"Polygon","coordinates":[[[-70.90555014611185,41.103810783322864],[-70.90559152918661,41.1038246676771],[-70.90554789118984,41.103898526343364],[-70.90550650811508,41.103884641989126],[-70.90555014611185,41.103810783322864]]]},"properties":{"kind":"crosswalk"}},{"type":"Feature","geometry":{"type":"Polygon","coordinates":[[[-70.90578881487885,41.103890858612715],[-70.9058301979536,41.103904742966954],[-70.90578655995684,41.103978601633216],[-70.90574517688208,41.10396471727898],[-70.90578881487885,41.103890858612715]]]},"properties":{"kind":"crosswalk"}},{"type":"Feature","geometry":{"type":"Polygon","coordinates":[[[-70.90534056260425,41.1042531956209],[-70.90534056260425,41.1042873316017],[-70.90523327451622,41.1042873316017],[-70.90523327451622,41.1042531956209],[-70.90534056260425,41.1042531956209]]]},"properties":{"kind":"crosswalk"}},{"type":"Feature","geometry":{"type":"Polygon","coordinates":[[[-70.90534056260425,41.10443582607453],[-70.90534056260425,41.104469962055326],[-70.90523327451622,41.104469962055326],[-70.90523327451622,41.10443582607453],[-70.90534056260425,41.10443582607453]]]},"properties":{"kind":"crosswalk"}},{"type":"Feature","geometry":{"type":"Polygon","coordinates":[[[-70.90560529862402,41.104481111691385],[-70.90564932311337,41.10447307002481],[-70.90567459776527,41.10455164297002],[-70.90563057327593,41.1045596846366],[-70.90560529862402,41.104481111691385]]]},"properties":{"kind":"crosswalk"}},{"type":"Feature","geometry":{"type":"Polygon","coordinates":[[[-70.90594357011013,41.1044193218434],[-70.90598759459947,41.104411280176826],[-70.90601286925136,41.10448985312204],[-70.90596884476201,41.104497894788615],[-70.90594357011013,41.1044193218434]]]},"properties":{"kind":"crosswalk"}},{"type":"Feature","geometry":{"type":"Polygon","coordinates":[[[-70.9060077693958,41.1043863353903],[-70.90599707717868,41.104353163931314],[-70.90610133381138,41.104334080939026],[-70.90611202602851,41.10436725239801],[-70.9060077693958,41.1043863353903]]]},"properties":{"kind":"crosswalk"}},{"type":"Feature","geometry":{"type":"Polygon","coordinates":[[[-70.90592927213125,41.10414280603056],[-70.90591857991413,41.10410963457157],[-70.90602283654682,41.10409055157928],[-70.90603352876396,41.10412372303827],[-70.90592927213125,41.10414280603056]]]},"properties":{"kind":"crosswalk"}},{"type":"Feature","geometry":{"type":"Polygon","coordinates":[[[-70.9058870606585,41.10408115342146],[-70.90584567758374,41.10406726906722],[-70.90588931558051,41.10399341040097],[-70.90593069865527,41.1040072947552],[-70.9058870606585,41.10408115342146]]]},"properties":{"kind":"crosswalk"}},{"type":"Feature","geometry":{"type":"Polygon","coordinates":[[[-70.90557204706705,41.10397546382931],[-70.9055306639923,41.10396157947507],[-70.90557430198906,41.103887720808814],[-70.90561568506382,41.103901605163045],[-70.90557204706705,41.10397546382931]]]},"properties":{"kind":"crosswalk"}},{"type":"Feature","geometry":{"type":"Polygon","coordinates":[[[-70.90549446440927,41.10397205077947],[-70.9054760394773,41.10400323554967],[-70.90537802693183,41.10397035155279],[-70.9053964518638,41.10393916678259],[-70.90549446440927,41.10397205077947]]]},"properties":{"kind":"crosswalk"}},{"type":"Feature","geometry":{"type":"Polygon","coordinates":[[[-70.90537013946873,41.104182474606674],[-70.90535171453676,41.104213659376875],[-70.90525370199128,41.10418077538],[-70.90527212692325,41.1041495906098],[-70.90537013946873,41.104182474606674]]]},"properties":{"kind":"crosswalk"}},{"type":"Feature","geometry":{"type":"Polygon","coordinates":[[[-70.90514582419952,41.10237752198612],[-70.905132835758,41.1024102247046],[-70.90503005235885,41.1023870435134],[-70.90504304080038,41.102354340794925],[-70.90514582419952,41.10237752198612]]]},"properties":{"kind":"crosswalk"}},{"type":"Feature","geometry":{"type":"Polygon","coordinates":[[[-70.90499127010716,41.1027666632823],[-70.90497828166563,41.10279936600078],[-70.90487549826649,41.10277618480959],[-70.90488848670803,41.10274348209111],[-70.90499127010716,41.1027666632823]]]},"properties":{"kind":"crosswalk"}},{"type":"Feature","geometry":{"type":"Polygon","coordinates":[[[-70.9051617491242,41.10283716591259],[-70.9051617491242,41.10280302993179],[-70.90526903721224,41.10280302993179],[-70.90526903721224,41.10283716591259],[-70.9051617491242,41.10283716591259]]]},"properties":{"kind":"crosswalk"}},{"type":"Feature","geometry":{"type":"Polygon","coordinates":[[[-70.9051617491242,41.10241412372565],[-70.9051617491242,41.10237998774486],[-70.90526903721224,41.10237998774486],[-70.90526903721224,41.10241412372565],[-70.9051617491242,41.10241412372565]]]},"properties":{"kind":"crosswalk"}},{"type":"Feature","geometry":{"type":"Polygon","coordinates":[[[-70.90513531360835,41.09704610483126],[-70.90509163753869,41.09703704833054],[-70.90512010177565,41.096959097229245],[-70.90516377784532,41.09696815372996],[-70.90513531360835,41.09704610483126]]]},"properties":{"kind":"crosswalk"}},{"type":"Feature","geometry":{"type":"Polygon","coordinates":[[[-70.9048084231043,41.09697832208185],[-70.90476474703465,41.09696926558114],[-70.90479321127161,41.09689131447984],[-70.90483688734126,41.096900370980556],[-70.9048084231043,41.09697832208185]]]},"properties":{"kind":"crosswalk"}},{"type":"Feature","geometry":{"type":"Polygon","coordinates":[[[-70.90473090104489,41.096983676308255],[-70.9047186576532,41.09701654183639],[-70.90461536254952,41.09699469037693],[-70.9046276059412,41.096961824848805],[-70.90473090104489,41.096983676308255]]]},"properties":{"kind":"crosswalk"}},{"type":"Feature","geometry":{"type":"Polygon","coordinates":[[[-70.90460924405416,41.097310246049304],[-70.90459700066248,41.09734311157744],[-70.9044937055588,41.09732126011798],[-70.90450594895049,41.09728839458985],[-70.90460924405416,41.097310246049304]]]},"properties":{"kind":"crosswalk"}},{"type":"Feature","geometry":{"type":"Polygon","coordinates":[[[-70.90461600784404,41.09736853411609],[-70.90465965440525,41.097377671043134],[-70.90463093739142,41.097455569479074],[-70.90458729083021,41.09744643255203],[-70.90461600784404,41.09736853411609]]]},"properties":{"kind":"crosswalk"}},{"type":"Feature","geometry":{"type":"Polygon","coordinates":[[[-70.90509168490752,41.09746811187211],[-70.90513533146873,41.09747724879915],[-70.9051066144549,41.09755514723509],[-70.90506296789368,41.09754601030805],[-70.90509168490752,41.09746811187211]]]},"properties":{"kind":"crosswalk"}},{"type":"Feature","geometry":{"type":"Polygon","coordinates":[[[-70.9051617491242,41.09746211779293],[-70.9051617491242,41.09742798181213],[-70.90526903721224,41.09742798181213],[-70.90526903721224,41.09746211779293],[-70.9051617491242,41.09746211779293]]]},"properties":{"kind":"crosswalk"}},{"type":"Feature","geometry":{"type":"Polygon","coordinates":[[[-70.9051617491242,41.097106383629814],[-70.9051617491242,41.09707224764902],[-70.90526903721224,41.09707224764902],[-70.90526903721224,41.097106383629814],[-70.9051617491242,41.097106383629814]]]},"properties":{"kind":"crosswalk"}},{"type":"Feature","geometry":{"type":"Polygon","coordinates":[[[-70.90513533146873,41.097607775507214],[-70.90509168490752,41.09759863858017],[-70.90512040192135,41.09752074014423],[-70.90516404848256,41.097529877071274],[-70.90513533146873,41.097607775507214]]]},"properties":{"kind":"crosswalk"}},{"type":"Feature","geometry":{"type":"Polygon","coordinates":[[[-70.90461404970684,41.09749865090969],[-70.90457040314563,41.09748951398265],[-70.90459912015946,41.09741161554671],[-70.90464276672067,41.09742075247375],[-70.90461404970684,41.09749865090969]]]},"properties":{"kind":"crosswalk"}},{"type":"Feature","geometry":{"type":"Polygon","coordinates":[[[-70.90453641093549,41.0975038409051],[-70.90452389645388,41.097536648399654],[-70.90442078374751,41.097514313110985],[-70.90443329822914,41.09748150561642],[-70.90453641093549,41.0975038409051]]]},"properties":{"kind":"crosswalk"}},{"type":"Feature","geometry":{"type":"Polygon","coordinates":[[[-70.90434368822284,41.09800907552388],[-70.90433117374123,41.09804188301844],[-70.90422806103486,41.09801954772977],[-70.90424057551647,41.09798674023521],[-70.90434368822284,41.09800907552388]]]},"properties":{"kind":"crosswalk"}},{"type":"Feature","geometry":{"type":"Polygon","coordinates":[[[-70.90435002955194,41.09806723583785],[-70.90439369711211,41.098076315610136],[-70.90436515973349,41.0981542515241],[-70.90432149217331,41.09814517175181],[-70.90435002955194,41.09806723583785]]]},"properties":{"kind":"crosswalk"}},{"type":"Feature","geometry":{"type":"Polygon","coordinates":[[[-70.90509165119865,41.09822144082776],[-70.90513531875882,41.09823052060005],[-70.9051067813802,41.098308456514005],[-70.90506311382002,41.09829937674172],[-70.90509165119865,41.09822144082776]]]},"properties":{"kind":"crosswalk"}},{"type":"Feature","geometry":{"type":"Polygon","coordinates":[[[-70.9051617491242,41.098215355000164],[-70.9051617491242,41.09818121901937],[-70.90526903721224,41.09818121901937],[-70.90526903721224,41.098215355000164],[-70.9051617491242,41.098215355000164]]]},"properties":{"kind":"crosswalk"}},{"type":"Feature","geometry":{"type":"Polygon","coordinates":[[[-70.9051617491242,41.097668102984855],[-70.9051617491242,41.09763396700406],[-70.90526903721224,41.09763396700406],[-70.90526903721224,41.097668102984855],[-70.9051617491242,41.097668102984855]]]},"properties":{"kind":"crosswalk"}},{"type":"Feature","geometry":{"type":"Polygon","coordinates":[[[-70.90513531875882,41.098360984540086],[-70.90509165119865,41.098351904767796],[-70.90512018857727,41.09827396885384],[-70.90516385613745,41.09828304862613],[-70.90513531875882,41.098360984540086]]]},"properties":{"kind":"crosswalk"}},{"type":"Feature","geometry":{"type":"Polygon","coordinates":[[[-70.90434746270708,41.09819716605522],[-70.90430379514689,41.09818808628293],[-70.90433233252551,41.098110150368974],[-70.9043760000857,41.09811923014126],[-70.90434746270708,41.09819716605522]]]},"properties":{"kind":"crosswalk"}},{"type":"Feature","geometry":{"type":"Polygon","coordinates":[[[-70.90426974855572,41.098202438745744],[-70.90425716522614,41.098235231282686],[-70.904154099531,41.09821277311723],[-70.90416668286059,41.09817998058029],[-70.90426974855572,41.098202438745744]]]},"properties":{"kind":"crosswalk"}},{"type":"Feature","geometry":{"type":"Polygon","coordinates":[[[-70.90410802699002,41.098623890030424],[-70.90409544366044,41.09865668256736],[-70.9039923779653,41.098634224401906],[-70.90400496129489,41.098601431864964],[-70.90410802699002,41.098623890030424]]]},"properties":{"kind":"crosswalk"}},{"type":"Feature","geometry":{"type":"Polygon","coordinates":[[[-70.9041142906057,41.09868193594177],[-70.9041580123666,41.09869086637124],[-70.90412994436674,41.098768899020214],[-70.90408622260586,41.098759968590734],[-70.9041142906057,41.09868193594177]]]},"properties":{"kind":"crosswalk"}},{"type":"Feature","geometry":{"type":"Polygon","coordinates":[[[-70.90509156419225,41.0988815498792],[-70.90513528595314,41.098890480308675],[-70.90510721795329,41.09896851295764],[-70.9050634961924,41.09895958252817],[-70.90509156419225,41.0988815498792]]]},"properties":{"kind":"crosswalk"}},{"type":"Feature","geometry":{"type":"Polygon","coordinates":[[[-70.9051617491242,41.098875224317084],[-70.9051617491242,41.09884108833629],[-70.90526903721224,41.09884108833629],[-70.90526903721224,41.098875224317084],[-70.9051617491242,41.098875224317084]]]},"properties":{"kind":"crosswalk"}},{"type":"Feature","geometry":{"type":"Polygon","coordinates":[[[-70.9051617491242,41.098421277424066],[-70.9051617491242,41.09838714144327],[-70.90526903721224,41.09838714144327],[-70.90526903721224,41.098421277424066],[-70.9051617491242,41.098421277424066]]]},"properties":{"kind":"crosswalk"}},{"type":"Feature","geometry":{"type":"Polygon","coordinates":[[[-70.90513528595314,41.09902078251603],[-70.90509156419225,41.099011852086555],[-70.9051196321921,41.09893381943759],[-70.90516335395299,41.098942749867064],[-70.90513528595314,41.09902078251603]]]},"properties":{"kind":"crosswalk"}},{"type":"Feature","geometry":{"type":"Polygon","coordinates":[[[-70.90411192635197,41.09881175523625],[-70.90406820459108,41.098802824806775],[-70.90409627259093,41.09872479215781],[-70.90413999435181,41.09873372258728],[-70.90411192635197,41.09881175523625]]]},"properties":{"kind":"crosswalk"}},{"type":"Feature","geometry":{"type":"Polygon","coordinates":[[[-70.90403421823736,41.09881728780147],[-70.9040217886312,41.09885011361348],[-70.90391861835377,41.09882792980676],[-70.90393104795992,41.098795103994746],[-70.90403421823736,41.09881728780147]]]},"properties":{"kind":"crosswalk"}},{"type":"Feature","geometry":{"type":"Polygon","coordinates":[[[-70.90392192459075,41.09911384829503],[-70.9039094949846,41.09914667410705],[-70.90380632470718,41.09912449030032],[-70.90381875431332,41.099091664488306],[-70.90392192459075,41.09911384829503]]]},"properties":{"kind":"crosswalk"}},{"type":"Feature","geometry":{"type":"Polygon","coordinates":[[[-70.90392195409456,41.09918068966649],[-70.90395496831715,41.09920406347443],[-70.90388150532867,41.09926298578658],[-70.90384849110607,41.09923961197864],[-70.90392195409456,41.09918068966649]]]},"properties":{"kind":"crosswalk"}},{"type":"Feature","geometry":{"type":"Polygon","coordinates":[[[-70.90416676165208,41.09935401147697],[-70.90419977587469,41.09937738528491],[-70.9041263128862,41.09943630759706],[-70.90409329866361,41.09941293378912],[-70.90416676165208,41.09935401147697]]]},"properties":{"kind":"crosswalk"}},{"type":"Feature","geometry":{"type":"Polygon","coordinates":[[[-70.90424615995282,41.099397105705165],[-70.90428978029408,41.09940631346113],[-70.90426084066765,41.09948416510089],[-70.90421722032637,41.099474957344924],[-70.90424615995282,41.099397105705165]]]},"properties":{"kind":"crosswalk"}},{"type":"Feature","geometry":{"type":"Polygon","coordinates":[[[-70.90509172699743,41.09957559525321],[-70.9051353473387,41.09958480300917],[-70.90510640771225,41.09966265464893],[-70.90506278737098,41.099653446892965],[-70.90509172699743,41.09957559525321]]]},"properties":{"kind":"crosswalk"}},{"type":"Feature","geometry":{"type":"Polygon","coordinates":[[[-70.9051617491242,41.09956971487309],[-70.9051617491242,41.099535578892294],[-70.90526903721224,41.099535578892294],[-70.90526903721224,41.09956971487309],[-70.9051617491242,41.09956971487309]]]},"properties":{"kind":"crosswalk"}},{"type":"Feature","geometry":{"type":"Polygon","coordinates":[[[-70.9051617491242,41.09908098500831],[-70.9051617491242,41.09904684902751],[-70.90526903721224,41.09904684902751],[-70.90526903721224,41.09908098500831],[-70.9051617491242,41.09908098500831]]]},"properties":{"kind":"crosswalk"}},{"type":"Feature","geometry":{"type":"Polygon","coordinates":[[[-70.9051353473387,41.0997154081761],[-70.90509172699743,41.09970620042014],[-70.90512066662387,41.09962834878038],[-70.90516428696513,41.099637556536344],[-70.9051353473387,41.0997154081761]]]},"properties":{"kind":"crosswalk"}},{"type":"Feature","geometry":{"type":"Polygon","coordinates":[[[-70.90387274103252,41.09944888640189],[-70.90382912069124,41.09943967864592],[-70.90385806031769,41.09936182700617],[-70.90390168065896,41.099371034762136],[-70.90387274103252,41.09944888640189]]]},"properties":{"kind":"crosswalk"}},{"type":"Feature","geometry":{"type":"Polygon","coordinates":[[[-70.90379581952314,41.09945410194125],[-70.9037844205432,41.09948713948948],[-70.9036805847869,41.099466795098444],[-70.90369198376683,41.09943375755021],[-70.90379581952314,41.09945410194125]]]},"properties":{"kind":"crosswalk"}},{"type":"Feature","geometry":{"type":"Polygon","coordinates":[[[-70.90362685582467,41.09994380771904],[-70.90361545684473,41.09997684526728],[-70.90351162108843,41.09995650087624],[-70.90352302006836,41.09992346332801],[-70.90362685582467,41.09994380771904]]]},"properties":{"kind":"crosswalk"}},{"type":"Feature","geometry":{"type":"Polygon","coordinates":[[[-70.90363506772788,41.10000211426397],[-70.90367886729736,41.10001082549289],[-70.90365148823653,41.10008899701116],[-70.90360768866705,41.10008028578225],[-70.90363506772788,41.10000211426397]]]},"properties":{"kind":"crosswalk"}},{"type":"Feature","geometry":{"type":"Polygon","coordinates":[[[-70.90509143928898,41.100291769760624],[-70.90513523885846,41.10030048098954],[-70.90510785979764,41.10037865250782],[-70.90506406022816,41.100369941278906],[-70.90509143928898,41.100291769760624]]]},"properties":{"kind":"crosswalk"}},{"type":"Feature","geometry":{"type":"Polygon","coordinates":[[[-70.9051617491242,41.10028509232393],[-70.9051617491242,41.10025095634313],[-70.90526903721224,41.10025095634313],[-70.90526903721224,41.10028509232393],[-70.9051617491242,41.10028509232393]]]},"properties":{"kind":"crosswalk"}},{"type":"Feature","geometry":{"type":"Polygon","coordinates":[[[-70.9051617491242,41.099775778523885],[-70.9051617491242,41.09974164254309],[-70.90526903721224,41.09974164254309],[-70.90526903721224,41.099775778523885],[-70.9051617491242,41.099775778523885]]]},"properties":{"kind":"crosswalk"}},{"type":"Feature","geometry":{"type":"Polygon","coordinates":[[[-70.90513523885846,41.10043055171901],[-70.90509143928898,41.10042184049009],[-70.9051188183498,41.10034366897182],[-70.90516261791929,41.10035238020073],[-70.90513523885846,41.10043055171901]]]},"properties":{"kind":"crosswalk"}},{"type":"Feature","geometry":{"type":"Polygon","coordinates":[[[-70.90363444138127,41.10013206042033],[-70.90359064181179,41.10012334919142],[-70.90361802087261,41.10004517767314],[-70.9036618204421,41.10005388890205],[-70.90363444138127,41.10013206042033]]]},"properties":{"kind":"crosswalk"}},{"type":"Feature","geometry":{"type":"Polygon","coordinates":[[[-70.90355642732202,41.100137905424866],[-70.90354369860405,41.10017066608295],[-70.90344073310294,41.100147948434795],[-70.9034534618209,41.100115187776716],[-70.90355642732202,41.100137905424866]]]},"properties":{"kind":"crosswalk"}},{"type":"Feature","geometry":{"type":"Polygon","coordinates":[[[-70.9033862939301,41.10057578784941],[-70.90337356521214,41.100608548507495],[-70.90327059971102,41.100585830859345],[-70.90328332842898,41.10055307020126],[-70.9033862939301,41.10057578784941]]]},"properties":{"kind":"crosswalk"}},{"type":"Feature","geometry":{"type":"Polygon","coordinates":[[[-70.90339224490087,41.10063399830072],[-70.90343583571327,41.1006432851271],[-70.90340664757152,41.100721084065036],[-70.90336305675912,41.10071179723866],[-70.90339224490087,41.10063399830072]]]},"properties":{"kind":"crosswalk"}},{"type":"Feature","geometry":{"type":"Polygon","coordinates":[[[-70.90509177439904,41.100996075410706],[-70.90513536521144,41.10100536223708],[-70.9051061770697,41.10108316117502],[-70.9050625862573,41.10107387434864],[-70.90509177439904,41.100996075410706]]]},"properties":{"kind":"crosswalk"}},{"type":"Feature","geometry":{"type":"Polygon","coordinates":[[[-70.9051617491242,41.10099032195941],[-70.9051617491242,41.10095618597861],[-70.90526903721224,41.10095618597861],[-70.90526903721224,41.10099032195941],[-70.9051617491242,41.10099032195941]]]},"properties":{"kind":"crosswalk"}},{"type":"Feature","geometry":{"type":"Polygon","coordinates":[[[-70.9051617491242,41.10049062153726],[-70.9051617491242,41.100456485556464],[-70.90526903721224,41.100456485556464],[-70.90526903721224,41.10049062153726],[-70.9051617491242,41.10049062153726]]]},"properties":{"kind":"crosswalk"}},{"type":"Feature","geometry":{"type":"Polygon","coordinates":[[[-70.90513536521144,41.101136055877326],[-70.90509177439904,41.10112676905095],[-70.90512096254078,41.10104897011301],[-70.90516455335317,41.101058256939396],[-70.90513536521144,41.101136055877326]]]},"properties":{"kind":"crosswalk"}},{"type":"Feature","geometry":{"type":"Polygon","coordinates":[[[-70.90339394790276,41.10076505475785],[-70.90335035709036,41.100755767931474],[-70.9033795452321,41.10067796899354],[-70.9034231360445,41.10068725581992],[-70.90339394790276,41.10076505475785]]]},"properties":{"kind":"crosswalk"}},{"type":"Feature","geometry":{"type":"Polygon","coordinates":[[[-70.90331788853393,41.10077029301379],[-70.9033078356444,41.10080357780226],[-70.90320322282146,41.10078563585335],[-70.90321327571098,41.100752351064884],[-70.90331788853393,41.10077029301379]]]},"properties":{"kind":"crosswalk"}},{"type":"Feature","geometry":{"type":"Polygon","coordinates":[[[-70.90319577146437,41.101174618637266],[-70.90318571857485,41.10120790342573],[-70.9030811057519,41.10118996147683],[-70.90309115864143,41.10115667668836],[-70.90319577146437,41.101174618637266]]]},"properties":{"kind":"crosswalk"}},{"type":"Feature","geometry":{"type":"Polygon","coordinates":[[[-70.90320609790092,41.101233452520916],[-70.90324982098139,41.10124237928102],[-70.90322176451424,41.10132041428509],[-70.90317804143379,41.10131148752499],[-70.90320609790092,41.101233452520916]]]},"properties":{"kind":"crosswalk"}},{"type":"Feature","geometry":{"type":"Polygon","coordinates":[[[-70.90509156207399,41.10161839992568],[-70.90513528515444,41.10162732668577],[-70.90510722868731,41.101705361689845],[-70.90506350560686,41.10169643492974],[-70.90509156207399,41.10161839992568]]]},"properties":{"kind":"crosswalk"}},{"type":"Feature","geometry":{"type":"Polygon","coordinates":[[[-70.9051617491242,41.101612068473244],[-70.9051617491242,41.101577932492454],[-70.90526903721224,41.101577932492454],[-70.90526903721224,41.101612068473244],[-70.9051617491242,41.101612068473244]]]},"properties":{"kind":"crosswalk"}},{"type":"Feature","geometry":{"type":"Polygon","coordinates":[[[-70.9051617491242,41.10119647408352],[-70.9051617491242,41.101162338102725],[-70.90526903721224,41.101162338102725],[-70.90526903721224,41.10119647408352],[-70.9051617491242,41.10119647408352]]]},"properties":{"kind":"crosswalk"}},{"type":"Feature","geometry":{"type":"Polygon","coordinates":[[[-70.90513528515444,41.10175762496059],[-70.90509156207399,41.101748698200495],[-70.90511961854114,41.10167066319642],[-70.90516334162159,41.101679589956525],[-70.90513528515444,41.10175762496059]]]},"properties":{"kind":"crosswalk"}},{"type":"Feature","geometry":{"type":"Polygon","coordinates":[[[-70.90320866208053,41.10136427431366],[-70.90316493900006,41.10135534755356],[-70.90319299546721,41.101277312549485],[-70.90323671854766,41.10128623930959],[-70.90320866208053,41.10136427431366]]]},"properties":{"kind":"crosswalk"}},{"type":"Feature","geometry":{"type":"Polygon","coordinates":[[[-70.90313106233882,41.1013698363387],[-70.90311881528328,41.10140270109164],[-70.903015522616,41.101380843093104],[-70.90302776967154,41.101347978340165],[-70.90313106233882,41.1013698363387]]]},"properties":{"kind":"crosswalk"}},{"type":"Feature","geometry":{"type":"Polygon","coordinates":[[[-70.9030036756583,41.10171167620142],[-70.90299142860277,41.10174454095436],[-70.90288813593548,41.101722682955824],[-70.90290038299102,41.10168981820288],[-70.9030036756583,41.10171167620142]]]},"properties":{"kind":"crosswalk"}},{"type":"Feature","geometry":{"type":"Polygon","coordinates":[[[-70.90301039323936,41.101770071273826],[-70.90305397317275,41.10177938704871],[-70.90302469404696,41.10185716657027],[-70.90298111411359,41.10184785079539],[-70.90301039323936,41.101770071273826]]]},"properties":{"kind":"crosswalk"}},{"type":"Feature","geometry":{"type":"Polygon","coordinates":[[[-70.90497077496583,41.10218912824393],[-70.90501435489922,41.1021984440188],[-70.90498507577344,41.102276223540365],[-70.90494149584005,41.10226690776549],[-70.90497077496583,41.10218912824393]]]},"properties":{"kind":"crosswalk"}},{"type":"Feature","geometry":{"type":"Polygon","coordinates":[[[-70.90504866425688,41.10218430476517],[-70.90506176934919,41.10215162848428],[-70.90516446965599,41.102175017868596],[-70.90515136456366,41.102207694149484],[-70.90504866425688,41.10218430476517]]]},"properties":{"kind":"crosswalk"}},{"type":"Feature","geometry":{"type":"Polygon","coordinates":[[[-70.90514071200232,41.10195479260971],[-70.90515381709464,41.10192211632882],[-70.90525651740143,41.10194550571314],[-70.90524341230912,41.10197818199403],[-70.90514071200232,41.10195479260971]]]},"properties":{"kind":"crosswalk"}},{"type":"Feature","geometry":{"type":"Polygon","coordinates":[[[-70.90489746770406,41.10230418413355],[-70.90485388777067,41.102294868358676],[-70.90488316689645,41.102217088837115],[-70.90492674682983,41.10222640461199],[-70.90489746770406,41.10230418413355]]]},"properties":{"kind":"crosswalk"}},{"type":"Feature","geometry":{"type":"Polygon","coordinates":[[[-70.90307587924771,41.101914796021546],[-70.90303229931432,41.10190548024667],[-70.9030615784401,41.1018277007251],[-70.90310515837348,41.101837016499985],[-70.90307587924771,41.101914796021546]]]},"properties":{"kind":"crosswalk"}},{"type":"Feature","geometry":{"type":"Polygon","coordinates":[[[-70.90299791522337,41.10191960239266],[-70.90298468665866,41.10195225040875],[-70.90288207518705,41.10192864065641],[-70.90289530375176,41.10189599264032],[-70.90299791522337,41.10191960239266]]]},"properties":{"kind":"crosswalk"}},{"type":"Feature","geometry":{"type":"Polygon","coordinates":[[[-70.90283190569157,41.10232931289289],[-70.90281867712686,41.102361960908986],[-70.90271606565526,41.10233835115665],[-70.90272929421997,41.10230570314055],[-70.90283190569157,41.10232931289289]]]},"properties":{"kind":"crosswalk"}},{"type":"Feature","geometry":{"type":"Polygon","coordinates":[[[-70.90283714853433,41.10238708493636],[-70.9028808950766,41.10239594618289],[-70.90285304451612,41.10247402306057],[-70.90280929797385,41.10246516181404],[-70.90283714853433,41.10238708493636]]]},"properties":{"kind":"crosswalk"}},{"type":"Feature","geometry":{"type":"Polygon","coordinates":[[[-70.9046698449026,41.10275831368935],[-70.90471359144487,41.10276717493588],[-70.90468574088439,41.10284525181356],[-70.90464199434211,41.10283639056703],[-70.9046698449026,41.10275831368935]]]},"properties":{"kind":"crosswalk"}},{"type":"Feature","geometry":{"type":"Polygon","coordinates":[[[-70.90474793104035,41.102752744571276],[-70.90476091948187,41.1027200418528],[-70.904863702881,41.102743223043994],[-70.90485071443948,41.10277592576247],[-70.90474793104035,41.102752744571276]]]},"properties":{"kind":"crosswalk"}},{"type":"Feature","geometry":{"type":"Polygon","coordinates":[[[-70.90490299516549,41.10236231909801],[-70.90491598360703,41.102329616379535],[-70.90501876700615,41.10235279757073],[-70.90500577856463,41.10238550028921],[-70.90490299516549,41.10236231909801]]]},"properties":{"kind":"crosswalk"}},{"type":"Feature","geometry":{"type":"Polygon","coordinates":[[[-70.90473824338983,41.10290239679816],[-70.90469449684755,41.10289353555163],[-70.90472234740804,41.102815458673945],[-70.90476609395031,41.10282431992048],[-70.90473824338983,41.10290239679816]]]},"properties":{"kind":"crosswalk"}},{"type":"Feature","geometry":{"type":"Polygon","coordinates":[[[-70.9027673303221,41.10250317103821],[-70.90272358377983,41.10249430979168],[-70.90275143434032,41.102416232913995],[-70.90279518088259,41.10242509416053],[-70.9027673303221,41.10250317103821]]]},"properties":{"kind":"crosswalk"}},{"type":"Feature","geometry":{"type":"Polygon","coordinates":[[[-70.90269052236631,41.102509003246716],[-70.90267964570364,41.10254214063635],[-70.90257549614961,41.10252272845389],[-70.90258637281228,41.102489591064256],[-70.90269052236631,41.102509003246716]]]},"properties":{"kind":"crosswalk"}},{"type":"Feature","geometry":{"type":"Polygon","coordinates":[[[-70.90258560045511,41.10282866363883],[-70.90257472379244,41.10286180102847],[-70.90247057423841,41.10284238884601],[-70.90248145090108,41.10280925145637],[-70.90258560045511,41.10282866363883]]]},"properties":{"kind":"crosswalk"}},{"type":"Feature","geometry":{"type":"Polygon","coordinates":[[[-70.90259456220929,41.102887377240464],[-70.90263821538676,41.10289649620109],[-70.9026095548407,41.10297440644541],[-70.90256590166324,41.10296528748479],[-70.90259456220929,41.102887377240464]]]},"properties":{"kind":"crosswalk"}},{"type":"Feature","geometry":{"type":"Polygon","coordinates":[[[-70.90302240408663,41.1029767515646],[-70.90306605726408,41.10298587052522],[-70.90303739671802,41.103063780769546],[-70.90299374354056,41.10305466180892],[-70.90302240408663,41.1029767515646]]]},"properties":{"kind":"crosswalk"}},{"type":"Feature","geometry":{"type":"Polygon","coordinates":[[[-70.90311989699107,41.10299138989612],[-70.90316519640602,41.10299138989612],[-70.90316519640602,41.10307223827169],[-70.90311989699107,41.10307223827169],[-70.90311989699107,41.10299138989612]]]},"properties":{"kind":"crosswalk"}},{"type":"Feature","geometry":{"type":"Polygon","coordinates":[[[-70.90466382615206,41.10299138989612],[-70.90470912556701,41.10299138989612],[-70.90470912556701,41.10307223827169],[-70.90466382615206,41.10307223827169],[-70.90466382615206,41.10299138989612]]]},"properties":{"kind":"crosswalk"}},{"type":"Feature","geometry":{"type":"Polygon","coordinates":[[[-70.9045507302249,41.09692556353115],[-70.9045069623906,41.09691676219219],[-70.90453462466388,41.09683864731345],[-70.90457839249818,41.09684744865241],[-70.9045507302249,41.09692556353115]]]},"properties":{"kind":"crosswalk"}},{"type":"Feature","geometry":{"type":"Polygon","coordinates":[[[-70.90380218843896,41.09677503814892],[-70.90375842060465,41.09676623680995],[-70.90378608287794,41.096688121931216],[-70.90382985071224,41.09669692327018],[-70.90380218843896,41.09677503814892]]]},"properties":{"kind":"crosswalk"}},{"type":"Feature","geometry":{"type":"Polygon","coordinates":[[[-70.90370460268832,41.09676259355423],[-70.90365945396519,41.096765375601144],[-70.90365071009766,41.09668479617362],[-70.9036958588208,41.096682014126706],[-70.90370460268832,41.09676259355423]]]},"properties":{"kind":"crosswalk"}},{"type":"Feature","geometry":{"type":"Polygon","coordinates":[[[-70.90297655597068,41.096807455512256],[-70.90293140724756,41.09681023755917],[-70.90292266338004,41.096729658131636],[-70.90296781210316,41.09672687608473],[-70.90297655597068,41.096807455512256]]]},"properties":{"kind":"crosswalk"}},{"type":"Feature","geometry":{"type":"Polygon","coordinates":[[[-70.90287685018696,41.096814335950825],[-70.90283186115778,41.096818325159695],[-70.90281932322617,41.0967380307468],[-70.90286431225535,41.09673404153793],[-70.90287685018696,41.096814335950825]]]},"properties":{"kind":"crosswalk"}},{"type":"Feature","geometry":{"type":"Polygon","coordinates":[[[-70.90221069733231,41.09687340419316],[-70.90216570830313,41.09687739340203],[-70.90215317037152,41.096797098989136],[-70.9021981594007,41.096793109780265],[-70.90221069733231,41.09687340419316]]]},"properties":{"kind":"crosswalk"}},{"type":"Feature","geometry":{"type":"Polygon","coordinates":[[[-70.90216500715118,41.096885026582555],[-70.9022088377554,41.096893648715415],[-70.90218173872007,41.0969718756231],[-70.90213790811585,41.09696325349024],[-70.90216500715118,41.096885026582555]]]},"properties":{"kind":"crosswalk"}},{"type":"Feature","geometry":{"type":"Polygon","coordinates":[[[-70.90435807822868,41.097316436337024],[-70.9044019088329,41.097325058469885],[-70.90437480979757,41.09740328537757],[-70.90433097919336,41.09739466324471],[-70.90435807822868,41.097316436337024]]]},"properties":{"kind":"crosswalk"}},{"type":"Feature","geometry":{"type":"Polygon","coordinates":[[[-70.90443584835673,41.0973103848359],[-70.90444809174842,41.09727751930777],[-70.90455138685209,41.097299370767225],[-70.90453914346041,41.09733223629536],[-70.90443584835673,41.0973103848359]]]},"properties":{"kind":"crosswalk"}},{"type":"Feature","geometry":{"type":"Polygon","coordinates":[[[-70.9045575674169,41.09698364847884],[-70.90456981080858,41.096950782950714],[-70.90467310591227,41.096972634410164],[-70.90466086252057,41.0970054999383],[-70.9045575674169,41.09698364847884]]]},"properties":{"kind":"crosswalk"}},{"type":"Feature","geometry":{"type":"Polygon","coordinates":[[[-70.90428705362213,41.09743244337023],[-70.90424322301791,41.09742382123737],[-70.90427032205324,41.09734559432969],[-70.90431415265745,41.09735421646255],[-70.90428705362213,41.09743244337023]]]},"properties":{"kind":"crosswalk"}},{"type":"Feature","geometry":{"type":"Polygon","coordinates":[[[-70.90204756340984,41.09699190228038],[-70.90200373280562,41.09698328014752],[-70.90203083184095,41.09690505323983],[-70.90207466244516,41.09691367537269],[-70.90204756340984,41.09699190228038]]]},"properties":{"kind":"crosswalk"}},{"type":"Feature","geometry":{"type":"Polygon","coordinates":[[[-70.90196963808657,41.09699792057939],[-70.90195713828541,41.09703073125187],[-70.90185401559096,41.0970084221642],[-70.90186651539213,41.09697561149172],[-70.90196963808657,41.09699792057939]]]},"properties":{"kind":"crosswalk"}},{"type":"Feature","geometry":{"type":"Polygon","coordinates":[[[-70.90177694201672,41.09750372763593],[-70.90176444221557,41.09753653830841],[-70.90166131952111,41.09751422922074],[-70.90167381932228,41.09748141854827],[-70.90177694201672,41.09750372763593]]]},"properties":{"kind":"crosswalk"}},{"type":"Feature","geometry":{"type":"Polygon","coordinates":[[[-70.9017834072852,41.09756161118139],[-70.90182724067968,41.097570225255566],[-70.90180016697248,41.09764845714319],[-70.901756333578,41.09763984306901],[-70.9017834072852,41.09756161118139]]]},"properties":{"kind":"crosswalk"}},{"type":"Feature","geometry":{"type":"Polygon","coordinates":[[[-70.90402279353705,41.09800169207218],[-70.90406662693152,41.09801030614636],[-70.90403955322434,41.09808853803398],[-70.90399571982987,41.0980799239598],[-70.90402279353705,41.09800169207218]]]},"properties":{"kind":"crosswalk"}},{"type":"Feature","geometry":{"type":"Polygon","coordinates":[[[-70.90410073222496,41.09799566276034],[-70.90411324670657,41.09796285526578],[-70.90421635941294,41.09798519055445],[-70.90420384493132,41.09801799804901],[-70.90410073222496,41.09799566276034]]]},"properties":{"kind":"crosswalk"}},{"type":"Feature","geometry":{"type":"Polygon","coordinates":[[[-70.90429349363578,41.09749032669192],[-70.90430600811739,41.097457519197356],[-70.90440912082376,41.09747985448603],[-70.90439660634215,41.09751266198059],[-70.90429349363578,41.09749032669192]]]},"properties":{"kind":"crosswalk"}},{"type":"Feature","geometry":{"type":"Polygon","coordinates":[[[-70.90402037289084,41.098131186727905],[-70.90397653949636,41.09812257265372],[-70.90400361320354,41.09804434076611],[-70.90404744659803,41.098052954840284],[-70.90402037289084,41.098131186727905]]]},"properties":{"kind":"crosswalk"}},{"type":"Feature","geometry":{"type":"Polygon","coordinates":[[[-70.90178209797888,41.097691324235996],[-70.90173826458441,41.09768271016182],[-70.9017653382916,41.0976044782742],[-70.90180917168607,41.097613092348375],[-70.90178209797888,41.097691324235996]]]},"properties":{"kind":"crosswalk"}},{"type":"Feature","geometry":{"type":"Polygon","coordinates":[[[-70.9017044805714,41.09769742154818],[-70.90169249690089,41.09773034139114],[-70.9015890310878,41.09770895347048],[-70.90160101475828,41.09767603362752],[-70.9017044805714,41.09769742154818]]]},"properties":{"kind":"crosswalk"}},{"type":"Feature","geometry":{"type":"Polygon","coordinates":[[[-70.90155384295973,41.098111231867925],[-70.90154185928922,41.09814415171088],[-70.90143839347613,41.098122763790215],[-70.90145037714662,41.09808984394726],[-70.90155384295973,41.098111231867925]]]},"properties":{"kind":"crosswalk"}},{"type":"Feature","geometry":{"type":"Polygon","coordinates":[[[-70.9015611014522,41.098169391622264],[-70.90160487652241,41.09817817250246],[-70.90157727855026,41.09825630029551],[-70.90153350348005,41.09824751941532],[-70.9015611014522,41.098169391622264]]]},"properties":{"kind":"crosswalk"}},{"type":"Feature","geometry":{"type":"Polygon","coordinates":[[[-70.90332826804898,41.09852386913872],[-70.90337204311919,41.09853265001891],[-70.90334444514704,41.09861077781196],[-70.90330067007683,41.09860199693177],[-70.90332826804898,41.09852386913872]]]},"properties":{"kind":"crosswalk"}},{"type":"Feature","geometry":{"type":"Polygon","coordinates":[[[-70.90342595369398,41.09853766274722],[-70.90347124826911,41.098537163765975],[-70.90347281654817,41.098618003503645],[-70.90342752197304,41.09861850248489],[-70.90342595369398,41.09853766274722]]]},"properties":{"kind":"crosswalk"}},{"type":"Feature","geometry":{"type":"Polygon","coordinates":[[[-70.90382220180646,41.09853329753625],[-70.90386749638158,41.098532798555006],[-70.90386906466064,41.098613638292676],[-70.90382377008551,41.09861413727392],[-70.90382220180646,41.09853329753625]]]},"properties":{"kind":"crosswalk"}},{"type":"Feature","geometry":{"type":"Polygon","coordinates":[[[-70.90390252774496,41.098512648425576],[-70.90391511107454,41.098479855888634],[-70.90401817676968,41.09850231405409],[-70.90400559344009,41.09853510659103],[-70.90390252774496,41.098512648425576]]]},"properties":{"kind":"crosswalk"}},{"type":"Feature","geometry":{"type":"Polygon","coordinates":[[[-70.90402670407421,41.09818904116105],[-70.9040392874038,41.09815624862411],[-70.90414235309893,41.09817870678956],[-70.90412976976936,41.0982114993265],[-70.90402670407421,41.09818904116105]]]},"properties":{"kind":"crosswalk"}},{"type":"Feature","geometry":{"type":"Polygon","coordinates":[[[-70.90378491666748,41.09874561221571],[-70.90374114159727,41.098736831335515],[-70.90376873956941,41.09865870354246],[-70.90381251463961,41.098667484422656],[-70.90378491666748,41.09874561221571]]]},"properties":{"kind":"crosswalk"}},{"type":"Feature","geometry":{"type":"Polygon","coordinates":[[[-70.90155889356795,41.098299092266025],[-70.90151511849774,41.09829031138583],[-70.90154271646989,41.09821218359277],[-70.9015864915401,41.098220964472965],[-70.90155889356795,41.098299092266025]]]},"properties":{"kind":"crosswalk"}},{"type":"Feature","geometry":{"type":"Polygon","coordinates":[[[-70.90148074924636,41.09830478759666],[-70.90146774033602,41.098337485694756],[-70.90136497145858,41.09831426797172],[-70.90137798036892,41.098281569873635],[-70.90148074924636,41.09830478759666]]]},"properties":{"kind":"crosswalk"}},{"type":"Feature","geometry":{"type":"Polygon","coordinates":[[[-70.90131380286896,41.098724409907675],[-70.90130079395861,41.09875710800576],[-70.90119802508117,41.09873389028274],[-70.90121103399153,41.09870119218464],[-70.90131380286896,41.098724409907675]]]},"properties":{"kind":"crosswalk"}},{"type":"Feature","geometry":{"type":"Polygon","coordinates":[[[-70.90131933363544,41.09878244048944],[-70.90136297331622,41.09879159606002],[-70.90133419770645,41.09886948221606],[-70.90129055802568,41.09886032664548],[-70.90131933363544,41.09878244048944]]]},"properties":{"kind":"crosswalk"}},{"type":"Feature","geometry":{"type":"Polygon","coordinates":[[[-70.90354690055331,41.09924978227059],[-70.90359054023408,41.09925893784117],[-70.90356176462431,41.09933682399721],[-70.90351812494353,41.09932766842663],[-70.90354690055331,41.09924978227059]]]},"properties":{"kind":"crosswalk"}},{"type":"Feature","geometry":{"type":"Polygon","coordinates":[[[-70.90362447690774,41.09924461111609],[-70.9036369065139,41.09921178530408],[-70.90374007679132,41.099233969110806],[-70.90372764718518,41.09926679492282],[-70.90362447690774,41.09924461111609]]]},"properties":{"kind":"crosswalk"}},{"type":"Feature","geometry":{"type":"Polygon","coordinates":[[[-70.90379145931588,41.09880362102564],[-70.90380388892203,41.098770795213625],[-70.90390705919945,41.09879297902035],[-70.90389462959331,41.098825804832366],[-70.90379145931588,41.09880362102564]]]},"properties":{"kind":"crosswalk"}},{"type":"Feature","geometry":{"type":"Polygon","coordinates":[[[-70.90354662299175,41.099380271325906],[-70.90350298331099,41.099371115755325],[-70.90353175892075,41.09929322959928],[-70.90357539860153,41.099302385169864],[-70.90354662299175,41.099380271325906]]]},"properties":{"kind":"crosswalk"}},{"type":"Feature","geometry":{"type":"Polygon","coordinates":[[[-70.90131790466957,41.098912687981034],[-70.90127426498879,41.09890353241045],[-70.90130304059856,41.09882564625441],[-70.90134668027935,41.098834801825],[-70.90131790466957,41.098912687981034]]]},"properties":{"kind":"crosswalk"}},{"type":"Feature","geometry":{"type":"Polygon","coordinates":[[[-70.90124092271107,41.098917981517445],[-70.90122947515037,41.09895100952566],[-70.90112566937798,41.09893057842987],[-70.90113711693867,41.098897550421654],[-70.90124092271107,41.098917981517445]]]},"properties":{"kind":"crosswalk"}},{"type":"Feature","geometry":{"type":"Polygon","coordinates":[[[-70.90106706449838,41.099419589731916],[-70.90105561693768,41.099452617740134],[-70.90095181116529,41.09943218664435],[-70.90096325872598,41.09939915863613],[-70.90106706449838,41.099419589731916]]]},"properties":{"kind":"crosswalk"}},{"type":"Feature","geometry":{"type":"Polygon","coordinates":[[[-70.90107514489577,41.09947803147085],[-70.90111885603937,41.09948699136555],[-70.90109069543145,41.09956500506526],[-70.90104698428785,41.09955604517056],[-70.90107514489577,41.09947803147085]]]},"properties":{"kind":"crosswalk"}},{"type":"Feature","geometry":{"type":"Polygon","coordinates":[[[-70.90330815925928,41.09993575396242],[-70.90335187040289,41.09994471385712],[-70.90332370979496,41.100022727556826],[-70.90327999865136,41.100013767662126],[-70.90330815925928,41.09993575396242]]]},"properties":{"kind":"crosswalk"}},{"type":"Feature","geometry":{"type":"Polygon","coordinates":[[[-70.90338522653029,41.0999301405405],[-70.90339662551024,41.09989710299227],[-70.90350046126655,41.099917447383305],[-70.9034890622866,41.09995048493154],[-70.90338522653029,41.0999301405405]]]},"properties":{"kind":"crosswalk"}},{"type":"Feature","geometry":{"type":"Polygon","coordinates":[[[-70.90355473812022,41.09943884681448],[-70.90356613710016,41.099405809266244],[-70.90366997285646,41.099426153657284],[-70.90365857387653,41.09945919120551],[-70.90355473812022,41.09943884681448]]]},"properties":{"kind":"crosswalk"}},{"type":"Feature","geometry":{"type":"Polygon","coordinates":[[[-70.90330740071325,41.10006593233323],[-70.90326368956964,41.10005697243853],[-70.90329185017757,41.09997895873882],[-70.90333556132117,41.099987918633516],[-70.90330740071325,41.10006593233323]]]},"properties":{"kind":"crosswalk"}},{"type":"Feature","geometry":{"type":"Polygon","coordinates":[[[-70.90107900255836,41.099609156070464],[-70.90103529141476,41.099600196175764],[-70.90106345202268,41.09952218247606],[-70.90110716316629,41.09953114237076],[-70.90107900255836,41.099609156070464]]]},"properties":{"kind":"crosswalk"}},{"type":"Feature","geometry":{"type":"Polygon","coordinates":[[[-70.90100264103236,41.09961490026818],[-70.90099240806592,41.09964815388077],[-70.90088789322755,41.099629890538615],[-70.900898126194,41.09959663692602],[-70.90100264103236,41.09961490026818]]]},"properties":{"kind":"crosswalk"}},{"type":"Feature","geometry":{"type":"Polygon","coordinates":[[[-70.90086311378887,41.10006831570002],[-70.90085288082243,41.10010156931261],[-70.90074836598406,41.10008330597046],[-70.9007585989505,41.100050052357865],[-70.90086311378887,41.10006831570002]]]},"properties":{"kind":"crosswalk"}},{"type":"Feature","geometry":{"type":"Polygon","coordinates":[[[-70.90087318140088,41.100127014698344],[-70.90091695445346,41.10013580128825],[-70.90088933853589,41.10021392548037],[-70.90084556548331,41.10020513889045],[-70.90087318140088,41.100127014698344]]]},"properties":{"kind":"crosswalk"}},{"type":"Feature","geometry":{"type":"Polygon","coordinates":[[[-70.90306550254763,41.100567080577505],[-70.90310927560023,41.100575867167414],[-70.90308165968266,41.10065399135953],[-70.90303788663006,41.10064520476961],[-70.90306550254763,41.100567080577505]]]},"properties":{"kind":"crosswalk"}},{"type":"Feature","geometry":{"type":"Polygon","coordinates":[[[-70.90314347404029,41.1005613565472],[-70.90315620275825,41.100528595889116],[-70.90325916825937,41.100551313537274],[-70.9032464395414,41.10058407419536],[-70.90314347404029,41.1005613565472]]]},"properties":{"kind":"crosswalk"}},{"type":"Feature","geometry":{"type":"Polygon","coordinates":[[[-70.90331342451607,41.100123944904844],[-70.90332615323403,41.10009118424676],[-70.90342911873515,41.10011390189491],[-70.90341639001718,41.100146662552994],[-70.90331342451607,41.100123944904844]]]},"properties":{"kind":"crosswalk"}},{"type":"Feature","geometry":{"type":"Polygon","coordinates":[[[-70.9013990811338,41.100362728376744],[-70.90135530808121,41.100353941786835],[-70.90138292399878,41.10027581759472],[-70.90142669705138,41.10028460418464],[-70.9013990811338,41.100362728376744]]]},"properties":{"kind":"crosswalk"}},{"type":"Feature","geometry":{"type":"Polygon","coordinates":[[[-70.90080376177835,41.10024322958163],[-70.90075998872575,41.10023444299172],[-70.90078760464333,41.100156318799606],[-70.90083137769592,41.10016510538952],[-70.90080376177835,41.10024322958163]]]},"properties":{"kind":"crosswalk"}},{"type":"Feature","geometry":{"type":"Polygon","coordinates":[[[-70.90072521516025,41.10024882154384],[-70.90071153623504,41.10028136400248],[-70.9006092565265,41.10025695046681],[-70.90062293545171,41.100224408008174],[-70.90072521516025,41.10024882154384]]]},"properties":{"kind":"crosswalk"}},{"type":"Feature","geometry":{"type":"Polygon","coordinates":[[[-70.90062745506424,41.1004813949246],[-70.90061377613902,41.100513937383234],[-70.90051149643048,41.10048952384757],[-70.9005251753557,41.10045698138894],[-70.90062745506424,41.1004813949246]]]},"properties":{"kind":"crosswalk"}},{"type":"Feature","geometry":{"type":"Polygon","coordinates":[[[-70.90063198060854,41.10052828660912],[-70.90067573648334,41.100519451567166],[-70.90070350468383,41.100597545101145],[-70.90065974880902,41.1006063801431],[-70.90063198060854,41.10052828660912]]]},"properties":{"kind":"crosswalk"}},{"type":"Feature","geometry":{"type":"Polygon","coordinates":[[[-70.90135533565606,41.10038222914325],[-70.90139909153088,41.1003733941013],[-70.90142685973137,41.100451487635276],[-70.90138310385656,41.10046032267723],[-70.90135533565606,41.10038222914325]]]},"properties":{"kind":"crosswalk"}},{"type":"Feature","geometry":{"type":"Polygon","coordinates":[[[-70.90313639647907,41.10071146068083],[-70.90309262342647,41.10070267409092],[-70.90312023934405,41.100624549898804],[-70.90316401239664,41.10063333648872],[-70.90313639647907,41.10071146068083]]]},"properties":{"kind":"crosswalk"}},{"type":"Feature","geometry":{"type":"Polygon","coordinates":[[[-70.90181920409721,41.100447059899764],[-70.90177543104461,41.10043827330985],[-70.90180304696219,41.10036014911774],[-70.90184682001478,41.10036893570765],[-70.90181920409721,41.100447059899764]]]},"properties":{"kind":"crosswalk"}},{"type":"Feature","geometry":{"type":"Polygon","coordinates":[[[-70.9017224530096,41.100438302636086],[-70.90167869713478,41.10044713767804],[-70.90165092893429,41.10036904414406],[-70.9016946848091,41.10036020910211],[-70.9017224530096,41.100438302636086]]]},"properties":{"kind":"crosswalk"}},{"type":"Feature","geometry":{"type":"Polygon","coordinates":[[[-70.90146896566526,41.10048948596476],[-70.90142520979045,41.10049832100671],[-70.90139744158995,41.10042022747273],[-70.90144119746476,41.10041139243078],[-70.90146896566526,41.10048948596476]]]},"properties":{"kind":"crosswalk"}},{"type":"Feature","geometry":{"type":"Polygon","coordinates":[[[-70.90140582228938,41.10052362576857],[-70.9014175466407,41.10055659859402],[-70.90131391430562,41.10057752369338],[-70.9013021899543,41.10054455086793],[-70.90140582228938,41.10052362576857]]]},"properties":{"kind":"crosswalk"}},{"type":"Feature","geometry":{"type":"Polygon","coordinates":[[[-70.90151457707564,41.10082948086339],[-70.90152630142696,41.10086245368885],[-70.90142266909187,41.10088337878821],[-70.90141094474056,41.10085040596275],[-70.90151457707564,41.10082948086339]]]},"properties":{"kind":"crosswalk"}},{"type":"Feature","geometry":{"type":"Polygon","coordinates":[[[-70.90155980723071,41.10088796328407],[-70.9016034402943,41.10089713674638],[-70.9015746084515,41.10097501109236],[-70.90153097538791,41.10096583763005],[-70.90155980723071,41.10088796328407]]]},"properties":{"kind":"crosswalk"}},{"type":"Feature","geometry":{"type":"Polygon","coordinates":[[[-70.90294851746555,41.101179927220485],[-70.90299215052913,41.101189100682795],[-70.90296331868633,41.10126697502877],[-70.90291968562275,41.101257801566454],[-70.90294851746555,41.101179927220485]]]},"properties":{"kind":"crosswalk"}},{"type":"Feature","geometry":{"type":"Polygon","coordinates":[[[-70.90302464465866,41.10117450698539],[-70.9030346975482,41.10114122219692],[-70.90313931037113,41.10115916414583],[-70.9031292574816,41.1011924489343],[-70.90302464465866,41.10117450698539]]]},"properties":{"kind":"crosswalk"}},{"type":"Feature","geometry":{"type":"Polygon","coordinates":[[[-70.90314675316192,41.10077020972463],[-70.90315680605146,41.100736924936164],[-70.9032614188744,41.10075486688507],[-70.90325136598486,41.100788151673534],[-70.90314675316192,41.10077020972463]]]},"properties":{"kind":"crosswalk"}},{"type":"Feature","geometry":{"type":"Polygon","coordinates":[[[-70.90295114374052,41.101311046457084],[-70.90290751067694,41.101301872994775],[-70.90293634251974,41.1012239986488],[-70.90297997558332,41.10123317211111],[-70.90295114374052,41.101311046457084]]]},"properties":{"kind":"crosswalk"}},{"type":"Feature","geometry":{"type":"Polygon","coordinates":[[[-70.90165361795735,41.10103825323806],[-70.90160998489377,41.10102907977575],[-70.90163881673656,41.10095120542977],[-70.90168244980015,41.10096037889209],[-70.90165361795735,41.10103825323806]]]},"properties":{"kind":"crosswalk"}},{"type":"Feature","geometry":{"type":"Polygon","coordinates":[[[-70.90159067172581,41.101043484653445],[-70.90160239607714,41.1010764574789],[-70.90149876374205,41.10109738257826],[-70.90148703939073,41.10106440975281],[-70.90159067172581,41.101043484653445]]]},"properties":{"kind":"crosswalk"}},{"type":"Feature","geometry":{"type":"Polygon","coordinates":[[[-70.90173940846945,41.101461782481024],[-70.90175113282078,41.10149475530648],[-70.9016475004857,41.101515680405846],[-70.90163577613437,41.10148270758039],[-70.90173940846945,41.101461782481024]]]},"properties":{"kind":"crosswalk"}},{"type":"Feature","geometry":{"type":"Polygon","coordinates":[[[-70.90178470328019,41.10152008721075],[-70.90182844316615,41.101528967096684],[-70.90180053402273,41.10160703209449],[-70.90175679413676,41.10159815220855],[-70.90178470328019,41.10152008721075]]]},"properties":{"kind":"crosswalk"}},{"type":"Feature","geometry":{"type":"Polygon","coordinates":[[[-70.9027529459632,41.10171665572926],[-70.90279668584917,41.1017255356152],[-70.90276877670574,41.10180360061301],[-70.90272503681976,41.10179472072707],[-70.9027529459632,41.10171665572926]]]},"properties":{"kind":"crosswalk"}},{"type":"Feature","geometry":{"type":"Polygon","coordinates":[[[-70.90283057268219,41.10171101845886],[-70.90284281973771,41.10167815370592],[-70.902946112405,41.10170001170445],[-70.90293386534947,41.1017328764574],[-70.90283057268219,41.10171101845886]]]},"properties":{"kind":"crosswalk"}},{"type":"Feature","geometry":{"type":"Polygon","coordinates":[[[-70.90295789347934,41.10136935539294],[-70.90297014053488,41.10133649064],[-70.90307343320215,41.101358348638534],[-70.90306118614662,41.10139121339147],[-70.90295789347934,41.10136935539294]]]},"properties":{"kind":"crosswalk"}},{"type":"Feature","geometry":{"type":"Polygon","coordinates":[[[-70.90252241114048,41.10180010174065],[-70.90247867125451,41.10179122185471],[-70.90250658039794,41.1017131568569],[-70.90255032028392,41.10172203674284],[-70.90252241114048,41.10180010174065]]]},"properties":{"kind":"crosswalk"}},{"type":"Feature","geometry":{"type":"Polygon","coordinates":[[[-70.90187835967956,41.10166934914758],[-70.90183461979359,41.101660469261645],[-70.90186252893702,41.10158240426384],[-70.90190626882298,41.10159128414978],[-70.90187835967956,41.10166934914758]]]},"properties":{"kind":"crosswalk"}},{"type":"Feature","geometry":{"type":"Polygon","coordinates":[[[-70.90181524196998,41.1016750518303],[-70.9018269663213,41.10170802465576],[-70.90172333398621,41.10172894975512],[-70.9017116096349,41.10169597692966],[-70.90181524196998,41.1016750518303]]]},"properties":{"kind":"crosswalk"}},{"type":"Feature","geometry":{"type":"Polygon","coordinates":[[[-70.90198874215368,41.1021629927933],[-70.902000466505,41.102195965618755],[-70.90189683416992,41.10221689071812],[-70.9018851098186,41.10218391789267],[-70.90198874215368,41.1021629927933]]]},"properties":{"kind":"crosswalk"}},{"type":"Feature","geometry":{"type":"Polygon","coordinates":[[[-70.90204924456826,41.102213726706154],[-70.90209300044307,41.1022048916642],[-70.90212076864357,41.10228298519818],[-70.90207701276876,41.10229182024013],[-70.90204924456826,41.102213726706154]]]},"properties":{"kind":"crosswalk"}},{"type":"Feature","geometry":{"type":"Polygon","coordinates":[[[-70.90261091513376,41.10210031603773],[-70.90265467100858,41.102091480995774],[-70.90268243920907,41.10216957452975],[-70.90263868333426,41.10217840957171],[-70.90261091513376,41.10210031603773]]]},"properties":{"kind":"crosswalk"}},{"type":"Feature","geometry":{"type":"Polygon","coordinates":[[[-70.90250958207014,41.10245045789816],[-70.9024659059938,41.10244140141574],[-70.90249437017324,41.10236345030251],[-70.90253804624959,41.10237250678493],[-70.90250958207014,41.10245045789816]]]},"properties":{"kind":"crosswalk"}},{"type":"Feature","geometry":{"type":"Polygon","coordinates":[[[-70.90209229111078,41.10236393024838],[-70.90204861503443,41.10235487376596],[-70.90207707921388,41.102276922652734],[-70.90212075529023,41.102285979135154],[-70.90209229111078,41.10236393024838]]]},"properties":{"kind":"crosswalk"}},{"type":"Feature","geometry":{"type":"Polygon","coordinates":[[[-70.90199569569558,41.10235473973621],[-70.90195193982076,41.10236357477816],[-70.90192417162027,41.10228548124418],[-70.90196792749508,41.10227664620223],[-70.90199569569558,41.10235473973621]]]},"properties":{"kind":"crosswalk"}},{"type":"Feature","geometry":{"type":"Polygon","coordinates":[[[-70.90105946755573,41.10254377983491],[-70.90101571168091,41.10255261487686],[-70.90098794348042,41.102474521342884],[-70.90103169935523,41.10246568630093],[-70.90105946755573,41.10254377983491]]]},"properties":{"kind":"crosswalk"}},{"type":"Feature","geometry":{"type":"Polygon","coordinates":[[[-70.90101568494148,41.102563384569045],[-70.9010593966381,41.10257234293156],[-70.90103124084578,41.10265035761827],[-70.90098752914915,41.10264139925576],[-70.90101568494148,41.102563384569045]]]},"properties":{"kind":"crosswalk"}},{"type":"Feature","geometry":{"type":"Polygon","coordinates":[[[-70.9023369811497,41.1028341736561],[-70.90238069284632,41.10284313201862],[-70.902352537054,41.102921146705334],[-70.90230882535738,41.10291218834282],[-70.9023369811497,41.1028341736561]]]},"properties":{"kind":"crosswalk"}},{"type":"Feature","geometry":{"type":"Polygon","coordinates":[[[-70.90241373316906,41.102828497344305],[-70.90242460983173,41.10279535995467],[-70.90252875938576,41.10281477213713],[-70.90251788272309,41.102847909526766],[-70.90241373316906,41.102828497344305]]]},"properties":{"kind":"crosswalk"}},{"type":"Feature","geometry":{"type":"Polygon","coordinates":[[[-70.90251855768417,41.10250913368404],[-70.90252943434683,41.1024759962944],[-70.90263358390087,41.10249540847686],[-70.90262270723821,41.1025285458665],[-70.90251855768417,41.10250913368404]]]},"properties":{"kind":"crosswalk"}},{"type":"Feature","geometry":{"type":"Polygon","coordinates":[[[-70.90005765612659,41.10299138989612],[-70.90010295554154,41.10299138989612],[-70.90010295554154,41.10307223827169],[-70.90005765612659,41.10307223827169],[-70.90005765612659,41.10299138989612]]]},"properties":{"kind":"crosswalk"}},{"type":"Feature","geometry":{"type":"Polygon","coordinates":[[[-70.90031159823997,41.10299138989612],[-70.90035689765492,41.10299138989612],[-70.90035689765492,41.10307223827169],[-70.90031159823997,41.10307223827169],[-70.90031159823997,41.10299138989612]]]},"properties":{"kind":"crosswalk"}},{"type":"Feature","geometry":{"type":"Polygon","coordinates":[[[-70.90036106388239,41.10298044110091],[-70.90032264779978,41.10296235178708],[-70.90037950182445,41.1028937884761],[-70.90041791790705,41.10291187778993],[-70.90036106388239,41.10298044110091]]]},"properties":{"kind":"crosswalk"}},{"type":"Feature","geometry":{"type":"Polygon","coordinates":[[[-70.89998330859783,41.10280256419547],[-70.89994489251522,41.102784474881645],[-70.9000017465399,41.10271591157066],[-70.9000401626225,41.10273400088449],[-70.89998330859783,41.10280256419547]]]},"properties":{"kind":"crosswalk"}},{"type":"Feature","geometry":{"type":"Polygon","coordinates":[[[-70.90233934786824,41.10296499090451],[-70.9022956361716,41.10295603254199],[-70.90232379196392,41.102878017855275],[-70.90236750366056,41.10288697621779],[-70.90233934786824,41.10296499090451]]]},"properties":{"kind":"crosswalk"}},{"type":"Feature","geometry":{"type":"Polygon","coordinates":[[[-70.90073905887044,41.10263702447726],[-70.90069534717381,41.10262806611475],[-70.90072350296614,41.10255005142803],[-70.90076721466276,41.102559009790546],[-70.90073905887044,41.10263702447726]]]},"properties":{"kind":"crosswalk"}},{"type":"Feature","geometry":{"type":"Polygon","coordinates":[[[-70.90062190046162,41.1026477756696],[-70.90066031654422,41.10266586498343],[-70.90060346251954,41.10273442829441],[-70.90056504643694,41.10271633898058],[-70.90062190046162,41.1026477756696]]]},"properties":{"kind":"crosswalk"}},{"type":"Feature","geometry":{"type":"Polygon","coordinates":[[[-70.901289962403,41.10296235178708],[-70.9013283784856,41.10298044110091],[-70.90127152446092,41.103049004411886],[-70.90123310837832,41.10303091509806],[-70.901289962403,41.10296235178708]]]},"properties":{"kind":"crosswalk"}},{"type":"Feature","geometry":{"type":"Polygon","coordinates":[[[-70.90137904839202,41.10299138989612],[-70.90142434780695,41.10299138989612],[-70.90142434780695,41.10307223827169],[-70.90137904839202,41.10307223827169],[-70.90137904839202,41.10299138989612]]]},"properties":{"kind":"crosswalk"}},{"type":"Feature","geometry":{"type":"Polygon","coordinates":[[[-70.90228573025229,41.10299138989612],[-70.90233102966724,41.10299138989612],[-70.90233102966724,41.10307223827169],[-70.90228573025229,41.10307223827169],[-70.90228573025229,41.10299138989612]]]},"properties":{"kind":"crosswalk"}},{"type":"Feature","geometry":{"type":"Polygon","coordinates":[[[-70.90086360250817,41.097375896353796],[-70.90090733968822,41.09738478380507],[-70.9008794067672,41.09746284397345],[-70.90083566958717,41.09745395652217],[-70.90086360250817,41.097375896353796]]]},"properties":{"kind":"crosswalk"}},{"type":"Feature","geometry":{"type":"Polygon","coordinates":[[[-70.90145608273089,41.097496289097606],[-70.90149981991094,41.097505176548886],[-70.90147188698992,41.09758323671726],[-70.90142814980989,41.09757434926599],[-70.90145608273089,41.097496289097606]]]},"properties":{"kind":"crosswalk"}},{"type":"Feature","geometry":{"type":"Polygon","coordinates":[[[-70.90153385808377,41.097490696704476],[-70.90154635788494,41.097457886032],[-70.90164948057938,41.09748019511966],[-70.90163698077822,41.09751300579214],[-70.90153385808377,41.097490696704476]]]},"properties":{"kind":"crosswalk"}},{"type":"Feature","geometry":{"type":"Polygon","coordinates":[[[-70.90168319409838,41.09709870526401],[-70.90169569389955,41.09706589459153],[-70.901798816594,41.0970882036792],[-70.90178631679284,41.09712101435168],[-70.90168319409838,41.09709870526401]]]},"properties":{"kind":"crosswalk"}},{"type":"Feature","geometry":{"type":"Polygon","coordinates":[[[-70.90167766644981,41.0970534473876],[-70.90163538216646,41.09706569311446],[-70.90159689431316,41.09699022601129],[-70.90163917859651,41.096977980284436],[-70.90167766644981,41.0970534473876]]]},"properties":{"kind":"crosswalk"}},{"type":"Feature","geometry":{"type":"Polygon","coordinates":[[[-70.90144200469257,41.09712169613823],[-70.90139972040922,41.09713394186509],[-70.90136123255593,41.09705847476192],[-70.90140351683927,41.097046229035065],[-70.90144200469257,41.09712169613823]]]},"properties":{"kind":"crosswalk"}},{"type":"Feature","geometry":{"type":"Polygon","coordinates":[[[-70.90135026930218,41.09715153513831],[-70.90131085175652,41.09716835655851],[-70.90125798267323,41.097098005880916],[-70.9012974002189,41.09708118446071],[-70.90135026930218,41.09715153513831]]]},"properties":{"kind":"crosswalk"}},{"type":"Feature","geometry":{"type":"Polygon","coordinates":[[[-70.9009004055383,41.09734351430085],[-70.90086098799263,41.097360335721056],[-70.90080811890935,41.09728998504346],[-70.90084753645502,41.09727316362326],[-70.9009004055383,41.09734351430085]]]},"properties":{"kind":"crosswalk"}},{"type":"Feature","geometry":{"type":"Polygon","coordinates":[[[-70.8997188280975,41.097634025227414],[-70.8996768215432,41.097646802213944],[-70.89963666396098,41.097571830789185],[-70.89967867051529,41.097559053802655],[-70.8997188280975,41.097634025227414]]]},"properties":{"kind":"crosswalk"}},{"type":"Feature","geometry":{"type":"Polygon","coordinates":[[[-70.89952058576951,41.09769432390212],[-70.8994785792152,41.09770710088864],[-70.899438421633,41.09763212946388],[-70.8994804281873,41.09761935247736],[-70.89952058576951,41.09769432390212]]]},"properties":{"kind":"crosswalk"}},{"type":"Feature","geometry":{"type":"Polygon","coordinates":[[[-70.89947950149718,41.09772055198672],[-70.89952303182172,41.097729998553525],[-70.89949334162188,41.097807689535436],[-70.89944981129733,41.09779824296862],[-70.89947950149718,41.09772055198672]]]},"properties":{"kind":"crosswalk"}},{"type":"Feature","geometry":{"type":"Polygon","coordinates":[[[-70.90123477454249,41.09810146585015],[-70.90127830486702,41.098110912416956],[-70.90124861466718,41.09818860339887],[-70.90120508434264,41.09817915683205],[-70.90123477454249,41.09810146585015]]]},"properties":{"kind":"crosswalk"}},{"type":"Feature","geometry":{"type":"Polygon","coordinates":[[[-70.90131190544297,41.09809670490771],[-70.90132388911346,41.09806378506475],[-70.90142735492657,41.09808517298542],[-70.90141537125606,41.09811809282838],[-70.90131190544297,41.09809670490771]]]},"properties":{"kind":"crosswalk"}},{"type":"Feature","geometry":{"type":"Polygon","coordinates":[[[-70.90143385465682,41.097761703292825],[-70.9014458383273,41.09772878344987],[-70.90154930414042,41.097750171370535],[-70.90153732046991,41.09778309121349],[-70.90143385465682,41.097761703292825]]]},"properties":{"kind":"crosswalk"}},{"type":"Feature","geometry":{"type":"Polygon","coordinates":[[[-70.90142572972168,41.097707536229095],[-70.90138052313753,41.097705351968166],[-70.90138738818648,41.09762466927286],[-70.90143259477063,41.09762685353379],[-70.90142572972168,41.097707536229095]]]},"properties":{"kind":"crosswalk"}},{"type":"Feature","geometry":{"type":"Polygon","coordinates":[[[-70.89981682158124,41.0976297981018],[-70.89977161499709,41.09762761384087],[-70.89977848004604,41.09754693114557],[-70.89982368663019,41.0975491154065],[-70.89981682158124,41.0976297981018]]]},"properties":{"kind":"crosswalk"}},{"type":"Feature","geometry":{"type":"Polygon","coordinates":[[[-70.90116352822884,41.09821687985049],[-70.9011199979043,41.098207433283676],[-70.90114968810416,41.098129742301765],[-70.90119321842869,41.09813918886858],[-70.90116352822884,41.09821687985049]]]},"properties":{"kind":"crosswalk"}},{"type":"Feature","geometry":{"type":"Polygon","coordinates":[[[-70.8993041986917,41.09781338456565],[-70.89926066836716,41.09780393799883],[-70.899290358567,41.09772624701693],[-70.89933388889155,41.09773569358374],[-70.8993041986917,41.09781338456565]]]},"properties":{"kind":"crosswalk"}},{"type":"Feature","geometry":{"type":"Polygon","coordinates":[[[-70.89922731929711,41.097818196531385],[-70.89921575115808,41.09785120067371],[-70.89911202039526,41.09783055437508],[-70.8991235885343,41.09779755023275],[-70.89922731929711,41.097818196531385]]]},"properties":{"kind":"crosswalk"}},{"type":"Feature","geometry":{"type":"Polygon","coordinates":[[[-70.89906492649239,41.098281506595846],[-70.89905335835336,41.09831451073817],[-70.89894962759054,41.09829386443954],[-70.89896119572958,41.09826086029721],[-70.89906492649239,41.098281506595846]]]},"properties":{"kind":"crosswalk"}},{"type":"Feature","geometry":{"type":"Polygon","coordinates":[[[-70.89907289180267,41.09833968775193],[-70.89911673259708,41.09834828041494],[-70.89908972618437,41.09842652550962],[-70.89904588538997,41.09841793284661],[-70.89907289180267,41.09833968775193]]]},"properties":{"kind":"crosswalk"}},{"type":"Feature","geometry":{"type":"Polygon","coordinates":[[[-70.9009231495675,41.09870233267355],[-70.90096699036191,41.09871092533656],[-70.90093998394921,41.09878917043124],[-70.90089614315481,41.09878057776823],[-70.9009231495675,41.09870233267355]]]},"properties":{"kind":"crosswalk"}},{"type":"Feature","geometry":{"type":"Polygon","coordinates":[[[-70.90100139939373,41.0986963352048],[-70.90101440830409,41.098663637106704],[-70.90111717718152,41.09868685482974],[-70.90110416827117,41.098719552927825],[-70.90100139939373,41.0986963352048]]]},"properties":{"kind":"crosswalk"}},{"type":"Feature","geometry":{"type":"Polygon","coordinates":[[[-70.90116899280603,41.09827508656155],[-70.90118200171638,41.098242388463454],[-70.90128477059382,41.09826560618649],[-70.90127176168346,41.09829830428458],[-70.90116899280603,41.09827508656155]]]},"properties":{"kind":"crosswalk"}},{"type":"Feature","geometry":{"type":"Polygon","coordinates":[[[-70.90092202435697,41.098832060555424],[-70.90087818356255,41.098823467892416],[-70.90090518997526,41.09874522279773],[-70.90094903076967,41.098753815460746],[-70.90092202435697,41.098832060555424]]]},"properties":{"kind":"crosswalk"}},{"type":"Feature","geometry":{"type":"Polygon","coordinates":[[[-70.89907472717161,41.09846999589842],[-70.89903088637719,41.09846140323541],[-70.8990578927899,41.09838315814073],[-70.8991017335843,41.098391750803735],[-70.89907472717161,41.09846999589842]]]},"properties":{"kind":"crosswalk"}},{"type":"Feature","geometry":{"type":"Polygon","coordinates":[[[-70.89899755123456,41.09847621816062],[-70.8989863165759,41.09850928765659],[-70.89888238040908,41.09848923653886],[-70.89889361506773,41.09845616704289],[-70.89899755123456,41.09847621816062]]]},"properties":{"kind":"crosswalk"}},{"type":"Feature","geometry":{"type":"Polygon","coordinates":[[[-70.8988350566069,41.09895452512118],[-70.89882382194826,41.09898759461714],[-70.89871988578143,41.09896754349941],[-70.89873112044009,41.09893447400344],[-70.8988350566069,41.09895452512118]]]},"properties":{"kind":"crosswalk"}},{"type":"Feature","geometry":{"type":"Polygon","coordinates":[[[-70.8988434463063,41.09901312260038],[-70.89888710381739,41.09902222977238],[-70.89885848032253,41.09910014775116],[-70.89881482281145,41.09909104057916],[-70.8988434463063,41.09901312260038]]]},"properties":{"kind":"crosswalk"}},{"type":"Feature","geometry":{"type":"Polygon","coordinates":[[[-70.90067969123237,41.09939617234258],[-70.90072334874345,41.09940527951458],[-70.9006947252486,41.099483197493356],[-70.90065106773751,41.09947409032136],[-70.90067969123237,41.09939617234258]]]},"properties":{"kind":"crosswalk"}},{"type":"Feature","geometry":{"type":"Polygon","coordinates":[[[-70.90075670181321,41.09939080111371],[-70.9007681493739,41.09935777310549],[-70.9008719551463,41.09937820420127],[-70.9008605075856,41.09941123220949],[-70.90075670181321,41.09939080111371]]]},"properties":{"kind":"crosswalk"}},{"type":"Feature","geometry":{"type":"Polygon","coordinates":[[[-70.90093018322722,41.098890280022545],[-70.9009416307879,41.09885725201433],[-70.9010454365603,41.09887768311012],[-70.90103398899961,41.09891071111833],[-70.90093018322722,41.098890280022545]]]},"properties":{"kind":"crosswalk"}},{"type":"Feature","geometry":{"type":"Polygon","coordinates":[[[-70.90068327469416,41.09952741384064],[-70.90063961718307,41.09951830666865],[-70.90066824067793,41.09944038868987],[-70.90071189818902,41.09944949586186],[-70.90068327469416,41.09952741384064]]]},"properties":{"kind":"crosswalk"}},{"type":"Feature","geometry":{"type":"Polygon","coordinates":[[[-70.89884433740522,41.09914380245828],[-70.89880067989414,41.09913469528628],[-70.898829303389,41.0990567773075],[-70.89887296090006,41.0990658844795],[-70.89884433740522,41.09914380245828]]]},"properties":{"kind":"crosswalk"}},{"type":"Feature","geometry":{"type":"Polygon","coordinates":[[[-70.89876701411022,41.099149110650316],[-70.89875504989136,41.099182034510704],[-70.89865157145162,41.09916068130646],[-70.89866353567048,41.09912775744607],[-70.89876701411022,41.099149110650316]]]},"properties":{"kind":"crosswalk"}},{"type":"Feature","geometry":{"type":"Polygon","coordinates":[[[-70.89864193026254,41.099493323940564],[-70.89862996604369,41.09952624780095],[-70.89852648760395,41.099504894596706],[-70.8985384518228,41.09947197073632],[-70.89864193026254,41.099493323940564]]]},"properties":{"kind":"crosswalk"}},{"type":"Feature","geometry":{"type":"Polygon","coordinates":[[[-70.89864520683219,41.09955800171466],[-70.8986823514842,41.099577540842134],[-70.89862094075043,41.0996438349605],[-70.89858379609842,41.09962429583303],[-70.89864520683219,41.09955800171466]]]},"properties":{"kind":"crosswalk"}},{"type":"Feature","geometry":{"type":"Polygon","coordinates":[[[-70.8989650910649,41.09972626978179],[-70.8990022357169,41.09974580890926],[-70.89894082498316,41.09981210302764],[-70.89890368033113,41.099792563900166],[-70.8989650910649,41.09972626978179]]]},"properties":{"kind":"crosswalk"}},{"type":"Feature","geometry":{"type":"Polygon","coordinates":[[[-70.89905122089216,41.099762928835005],[-70.89909500826883,41.09977167480223],[-70.8990675200268,41.0998498245593],[-70.89902373265015,41.09984107859208],[-70.89905122089216,41.099762928835005]]]},"properties":{"kind":"crosswalk"}},{"type":"Feature","geometry":{"type":"Polygon","coordinates":[[[-70.90047669527517,41.10004764907144],[-70.90052048265184,41.10005639503867],[-70.90049299440982,41.10013454479574],[-70.90044920703316,41.100125798828515],[-70.90047669527517,41.10004764907144]]]},"properties":{"kind":"crosswalk"}},{"type":"Feature","geometry":{"type":"Polygon","coordinates":[[[-70.9005531791753,41.10004156146384],[-70.90056341214175,41.10000830785125],[-70.90066792698012,41.1000265711934],[-70.90065769401367,41.100059824805996],[-70.9005531791753,41.10004156146384]]]},"properties":{"kind":"crosswalk"}},{"type":"Feature","geometry":{"type":"Polygon","coordinates":[[[-70.90069327237315,41.09958630687549],[-70.90070350533959,41.09955305326289],[-70.90080802017796,41.099571316605044],[-70.90079778721152,41.09960457021764],[-70.90069327237315,41.09958630687549]]]},"properties":{"kind":"crosswalk"}},{"type":"Feature","geometry":{"type":"Polygon","coordinates":[[[-70.90054551597855,41.10019150207314],[-70.90050172860188,41.100182756105916],[-70.9005292168439,41.10010460634884],[-70.90057300422056,41.10011335231607],[-70.90054551597855,41.10019150207314]]]},"properties":{"kind":"crosswalk"}},{"type":"Feature","geometry":{"type":"Polygon","coordinates":[[[-70.89853645557038,41.09979021800852],[-70.89849266819373,41.09978147204129],[-70.89852015643574,41.09970332228422],[-70.8985639438124,41.09971206825145],[-70.89853645557038,41.09979021800852]]]},"properties":{"kind":"crosswalk"}},{"type":"Feature","geometry":{"type":"Polygon","coordinates":[[[-70.89845928574202,41.09979617871704],[-70.89844791950281,41.09982922267029],[-70.8983440636158,41.09980893671346],[-70.898355429855,41.099775892760206],[-70.89845928574202,41.09979617871704]]]},"properties":{"kind":"crosswalk"}},{"type":"Feature","geometry":{"type":"Polygon","coordinates":[[[-70.89832756236487,41.100179125181306],[-70.89831619612566,41.10021216913455],[-70.89821234023864,41.100191883177715],[-70.89822370647785,41.10015883922447],[-70.89832756236487,41.100179125181306]]]},"properties":{"kind":"crosswalk"}},{"type":"Feature","geometry":{"type":"Polygon","coordinates":[[[-70.89833583949188,41.10023740571009],[-70.8983796599883,41.1002460569686],[-70.89835246941216,41.10032426583635],[-70.89830864891574,41.10031561457784],[-70.89833583949188,41.10023740571009]]]},"properties":{"kind":"crosswalk"}},{"type":"Feature","geometry":{"type":"Polygon","coordinates":[[[-70.90015488118433,41.1005965298919],[-70.90019870168076,41.100605181150414],[-70.90017151110463,41.10068339001816],[-70.9001276906082,41.10067473875965],[-70.90015488118433,41.1005965298919]]]},"properties":{"kind":"crosswalk"}},{"type":"Feature","geometry":{"type":"Polygon","coordinates":[[[-70.9004224747663,41.10055256432558],[-70.90043615369152,41.10052002186695],[-70.90053843340006,41.10054443540261],[-70.90052475447486,41.100576977861245],[-70.9004224747663,41.10055256432558]]]},"properties":{"kind":"crosswalk"}},{"type":"Feature","geometry":{"type":"Polygon","coordinates":[[[-70.90055006058975,41.100249034894794],[-70.90056373951495,41.10021649243616],[-70.9006660192235,41.10024090597183],[-70.9006523402983,41.100273448430464],[-70.90055006058975,41.100249034894794]]]},"properties":{"kind":"crosswalk"}},{"type":"Feature","geometry":{"type":"Polygon","coordinates":[[[-70.89987314430901,41.10067091662137],[-70.89982932381258,41.10066226536286],[-70.89985651438873,41.10058405649511],[-70.89990033488515,41.10059270775362],[-70.89987314430901,41.10067091662137]]]},"properties":{"kind":"crosswalk"}},{"type":"Feature","geometry":{"type":"Polygon","coordinates":[[[-70.89833526569683,41.10036730104146],[-70.8982914452004,41.10035864978295],[-70.89831863577653,41.1002804409152],[-70.89836245627296,41.10028909217371],[-70.89833526569683,41.10036730104146]]]},"properties":{"kind":"crosswalk"}},{"type":"Feature","geometry":{"type":"Polygon","coordinates":[[[-70.89825720733839,41.10037323995039],[-70.89824446093235,41.10040599670295],[-70.89814150770617,41.100383247485915],[-70.8981542541122,41.100350490733355],[-70.89825720733839,41.10037323995039]]]},"properties":{"kind":"crosswalk"}},{"type":"Feature","geometry":{"type":"Polygon","coordinates":[[[-70.89812845281288,41.10070412381844],[-70.89811570640686,41.100736880571],[-70.89801275318067,41.10071413135396],[-70.8980254995867,41.1006813746014],[-70.89812845281288,41.10070412381844]]]},"properties":{"kind":"crosswalk"}},{"type":"Feature","geometry":{"type":"Polygon","coordinates":[[[-70.89813439588085,41.100762273093125],[-70.89817802054827,41.10077146920322],[-70.89814911752437,41.10084932856408],[-70.89810549285694,41.100840132453996],[-70.89813439588085,41.100762273093125]]]},"properties":{"kind":"crosswalk"}},{"type":"Feature","geometry":{"type":"Polygon","coordinates":[[[-70.89871933699418,41.10088557908473],[-70.89876296166159,41.100894775194824],[-70.89873405863769,41.10097263455569],[-70.89869043397027,41.100963438445596],[-70.89871933699418,41.10088557908473]]]},"properties":{"kind":"crosswalk"}},{"type":"Feature","geometry":{"type":"Polygon","coordinates":[[[-70.89881584988451,41.10089499373606],[-70.89885960575933,41.10088615869411],[-70.89888737395982,41.10096425222809],[-70.89884361808501,41.10097308727004],[-70.89881584988451,41.10089499373606]]]},"properties":{"kind":"crosswalk"}},{"type":"Feature","geometry":{"type":"Polygon","coordinates":[[[-70.89982942754727,41.100690335476756],[-70.89987318342209,41.1006815004348],[-70.89990095162258,41.10075959396878],[-70.89985719574777,41.100768429010735],[-70.89982942754727,41.100690335476756]]]},"properties":{"kind":"crosswalk"}},{"type":"Feature","geometry":{"type":"Polygon","coordinates":[[[-70.89844654123239,41.100958665764466],[-70.89840291656498,41.100949469654374],[-70.89843181958888,41.10087161029351],[-70.89847544425629,41.100880806403595],[-70.89844654123239,41.100958665764466]]]},"properties":{"kind":"crosswalk"}},{"type":"Feature","geometry":{"type":"Polygon","coordinates":[[[-70.89813522929259,41.100893040992055],[-70.89809160462518,41.10088384488196],[-70.89812050764908,41.1008059855211],[-70.8981641323165,41.10081518163119],[-70.89813522929259,41.100893040992055]]]},"properties":{"kind":"crosswalk"}},{"type":"Feature","geometry":{"type":"Polygon","coordinates":[[[-70.89803482044634,41.101052696624706],[-70.89807857632115,41.10104386158275],[-70.89810634452165,41.10112195511673],[-70.89806258864684,41.101130790158685],[-70.89803482044634,41.101052696624706]]]},"properties":{"kind":"crosswalk"}},{"type":"Feature","geometry":{"type":"Polygon","coordinates":[[[-70.89840270594257,41.10097841439844],[-70.89844646181739,41.10096957935649],[-70.89847423001788,41.101047672890466],[-70.89843047414307,41.10105650793242],[-70.89840270594257,41.10097841439844]]]},"properties":{"kind":"crosswalk"}},{"type":"Feature","geometry":{"type":"Polygon","coordinates":[[[-70.89776523282492,41.101900678119684],[-70.89780896807936,41.1019095709504],[-70.89778101825101,41.101987627682064],[-70.89773728299656,41.10197873485135],[-70.89776523282492,41.101900678119684]]]},"properties":{"kind":"crosswalk"}},{"type":"Feature","geometry":{"type":"Polygon","coordinates":[[[-70.89820939043403,41.10199099012259],[-70.89825312568848,41.101999882953294],[-70.89822517586012,41.10207793968496],[-70.89818144060567,41.102069046854254],[-70.89820939043403,41.10199099012259]]]},"properties":{"kind":"crosswalk"}},{"type":"Feature","geometry":{"type":"Polygon","coordinates":[[[-70.89825423423908,41.101988379963565],[-70.89821581815647,41.10197029064973],[-70.89827267218114,41.101901727338756],[-70.89831108826374,41.10191981665258],[-70.89825423423908,41.101988379963565]]]},"properties":{"kind":"crosswalk"}},{"type":"Feature","geometry":{"type":"Polygon","coordinates":[[[-70.89784275544967,41.101794623379064],[-70.89780433936707,41.10177653406524],[-70.89786119339173,41.101707970754255],[-70.89789960947434,41.10172606006808],[-70.89784275544967,41.101794623379064]]]},"properties":{"kind":"crosswalk"}},{"type":"Feature","geometry":{"type":"Polygon","coordinates":[[[-70.89830305356278,41.10214029695488],[-70.89825931830833,41.102131404124165],[-70.8982872681367,41.1020533473925],[-70.89833100339114,41.102062240223205],[-70.89830305356278,41.10214029695488]]]},"properties":{"kind":"crosswalk"}},{"type":"Feature","geometry":{"type":"Polygon","coordinates":[[[-70.8977666009088,41.10203121830205],[-70.89772286565434,41.102022325471346],[-70.89775081548271,41.10194426873967],[-70.89779455073715,41.101953161570385],[-70.8977666009088,41.10203121830205]]]},"properties":{"kind":"crosswalk"}},{"type":"Feature","geometry":{"type":"Polygon","coordinates":[[[-70.89768902829397,41.10203684463498],[-70.89767685834431,41.10206972564909],[-70.8975735145688,41.10204800526569],[-70.89758568451846,41.10201512425158],[-70.89768902829397,41.10203684463498]]]},"properties":{"kind":"crosswalk"}},{"type":"Feature","geometry":{"type":"Polygon","coordinates":[[[-70.89755093814506,41.102409939369416],[-70.8975387681954,41.10244282038352],[-70.8974354244199,41.10242110000013],[-70.89744759436955,41.10238821898602],[-70.89755093814506,41.102409939369416]]]},"properties":{"kind":"crosswalk"}},{"type":"Feature","geometry":{"type":"Polygon","coordinates":[[[-70.89755779346358,41.102468323322135],[-70.897601396465,41.1024775775979],[-70.89757231062859,41.102555398290285],[-70.89752870762716,41.10254614401452],[-70.89755779346358,41.102468323322135]]]},"properties":{"kind":"crosswalk"}},{"type":"Feature","geometry":{"type":"Polygon","coordinates":[[[-70.89844661425046,41.10265696613113],[-70.89849021725189,41.102666220406896],[-70.89846113141547,41.102744041099285],[-70.89841752841404,41.10273478682351],[-70.89844661425046,41.10265696613113]]]},"properties":{"kind":"crosswalk"}},{"type":"Feature","geometry":{"type":"Polygon","coordinates":[[[-70.89850951222432,41.10265186444261],[-70.898497787873,41.102618891617155],[-70.89860142020808,41.10259796651779],[-70.8986131445594,41.10263093934325],[-70.89850951222432,41.10265186444261]]]},"properties":{"kind":"crosswalk"}},{"type":"Feature","geometry":{"type":"Polygon","coordinates":[[[-70.89834834557023,41.10219860951959],[-70.8983366212189,41.10216563669413],[-70.89844025355399,41.102144711594775],[-70.89845197790531,41.10217768442023],[-70.89834834557023,41.10219860951959]]]},"properties":{"kind":"crosswalk"}},{"type":"Feature","geometry":{"type":"Polygon","coordinates":[[[-70.89854046810136,41.10280754272347],[-70.89849686509993,41.102798288447694],[-70.89852595093635,41.10272046775531],[-70.89856955393778,41.10272972203108],[-70.89854046810136,41.10280754272347]]]},"properties":{"kind":"crosswalk"}},{"type":"Feature","geometry":{"type":"Polygon","coordinates":[[[-70.89755975909381,41.10259939761173],[-70.89751615609238,41.102590143335966],[-70.89754524192878,41.102512322643584],[-70.89758884493023,41.10252157691935],[-70.89755975909381,41.10259939761173]]]},"properties":{"kind":"crosswalk"}},{"type":"Feature","geometry":{"type":"Polygon","coordinates":[[[-70.89748343280503,41.10260464478797],[-70.89747297124478,41.10263785798443],[-70.89736858343278,41.10261918665825],[-70.89737904499303,41.102585973461785],[-70.89748343280503,41.10260464478797]]]},"properties":{"kind":"crosswalk"}},{"type":"Feature","geometry":{"type":"Polygon","coordinates":[[[-70.89737840860063,41.10293807397548],[-70.89736794704038,41.10297128717194],[-70.89726355922836,41.102952615845766],[-70.89727402078861,41.1029194026493],[-70.89737840860063,41.10293807397548]]]},"properties":{"kind":"crosswalk"}},{"type":"Feature","geometry":{"type":"Polygon","coordinates":[[[-70.89738903311033,41.10299138989612],[-70.89743433252526,41.10299138989612],[-70.89743433252526,41.10307223827169],[-70.89738903311033,41.10307223827169],[-70.89738903311033,41.10299138989612]]]},"properties":{"kind":"crosswalk"}},{"type":"Feature","geometry":{"type":"Polygon","coordinates":[[[-70.89855752190621,41.10299138989612],[-70.89860282132116,41.10299138989612],[-70.89860282132116,41.10307223827169],[-70.89855752190621,41.10307223827169],[-70.89855752190621,41.10299138989612]]]},"properties":{"kind":"crosswalk"}},{"type":"Feature","geometry":{"type":"Polygon","coordinates":[[[-70.89894788249079,41.09789739562047],[-70.89892865160455,41.09792830283729],[-70.89883151139877,41.097893980409154],[-70.89885074228502,41.097863073192336],[-70.89894788249079,41.09789739562047]]]},"properties":{"kind":"crosswalk"}},{"type":"Feature","geometry":{"type":"Polygon","coordinates":[[[-70.89874769733517,41.09821912629521],[-70.89872846644892,41.09825003351203],[-70.89863132624315,41.098215711083895],[-70.8986505571294,41.09818480386708],[-70.89874769733517,41.09821912629521]]]},"properties":{"kind":"crosswalk"}},{"type":"Feature","geometry":{"type":"Polygon","coordinates":[[[-70.89882278640641,41.098268798804185],[-70.89883435454544,41.09823579466185],[-70.89893808530826,41.09825644096049],[-70.89892651716923,41.09828944510282],[-70.89882278640641,41.098268798804185]]]},"properties":{"kind":"crosswalk"}},{"type":"Feature","geometry":{"type":"Polygon","coordinates":[[[-70.89894095233034,41.09793166895456],[-70.89895252046938,41.09789866481223],[-70.89905625123218,41.097919311110864],[-70.89904468309315,41.09795231525319],[-70.89894095233034,41.09793166895456]]]},"properties":{"kind":"crosswalk"}},{"type":"Feature","geometry":{"type":"Polygon","coordinates":[[[-70.89859375435952,41.098940382487214],[-70.89860498901818,41.09890731299125],[-70.89870892518499,41.09892736410898],[-70.89869769052635,41.09896043360495],[-70.89859375435952,41.098940382487214]]]},"properties":{"kind":"crosswalk"}},{"type":"Feature","geometry":{"type":"Polygon","coordinates":[[[-70.89867310001704,41.0987068265794],[-70.89868433467568,41.09867375708344],[-70.8987882708425,41.09869380820117],[-70.89877703618384,41.09872687769713],[-70.89867310001704,41.0987068265794]]]},"properties":{"kind":"crosswalk"}},{"type":"Feature","geometry":{"type":"Polygon","coordinates":[[[-70.89866870933183,41.09866562896767],[-70.89863165888767,41.098685269402814],[-70.89856992974777,41.09861914342242],[-70.89860698019193,41.09859950298728],[-70.89866870933183,41.09866562896767]]]},"properties":{"kind":"crosswalk"}},{"type":"Feature","geometry":{"type":"Polygon","coordinates":[[[-70.89843149386131,41.098791376854585],[-70.89839444341715,41.09881101728973],[-70.89833271427725,41.09874489130933],[-70.89836976472141,41.098725250874196],[-70.89843149386131,41.098791376854585]]]},"properties":{"kind":"crosswalk"}},{"type":"Feature","geometry":{"type":"Polygon","coordinates":[[[-70.89849252156985,41.09908147800073],[-70.89844829540215,41.099088864578256],[-70.89842507967018,41.099009931686496],[-70.89846930583788,41.099002545108966],[-70.89849252156985,41.09908147800073]]]},"properties":{"kind":"crosswalk"}},{"type":"Feature","geometry":{"type":"Polygon","coordinates":[[[-70.89767541852426,41.09921794912884],[-70.89763119235656,41.09922533570638],[-70.89760797662458,41.09914640281462],[-70.89765220279229,41.09913901623708],[-70.89767541852426,41.09921794912884]]]},"properties":{"kind":"crosswalk"}},{"type":"Feature","geometry":{"type":"Polygon","coordinates":[[[-70.8975819986178,41.09924169416142],[-70.89754494817363,41.099261334596555],[-70.89748321903373,41.09919520861616],[-70.8975202694779,41.099175568181025],[-70.8975819986178,41.09924169416142]]]},"properties":{"kind":"crosswalk"}},{"type":"Feature","geometry":{"type":"Polygon","coordinates":[[[-70.89740111530955,41.09933758037719],[-70.89736406486539,41.09935722081233],[-70.89730233572548,41.09929109483193],[-70.89733938616965,41.09927145439679],[-70.89740111530955,41.09933758037719]]]},"properties":{"kind":"crosswalk"}},{"type":"Feature","geometry":{"type":"Polygon","coordinates":[[[-70.897368077437,41.09941894033295],[-70.8974117573473,41.09942798630925],[-70.89738332618818,41.09950594426516],[-70.89733964627789,41.09949689828886],[-70.897368077437,41.09941894033295]]]},"properties":{"kind":"crosswalk"}},{"type":"Feature","geometry":{"type":"Polygon","coordinates":[[[-70.89827789984736,41.09960736178128],[-70.89832157975765,41.09961640775758],[-70.89829314859854,41.09969436571348],[-70.89824946868823,41.09968531973718],[-70.89827789984736,41.09960736178128]]]},"properties":{"kind":"crosswalk"}},{"type":"Feature","geometry":{"type":"Polygon","coordinates":[[[-70.89835525909899,41.09960195535405],[-70.89836722331785,41.09956903149366],[-70.89847070175759,41.099590384697905],[-70.89845873753873,41.0996233085583],[-70.89835525909899,41.09960195535405]]]},"properties":{"kind":"crosswalk"}},{"type":"Feature","geometry":{"type":"Polygon","coordinates":[[[-70.89852501149176,41.099134820462325],[-70.89853697571061,41.09910189660193],[-70.89864045415035,41.099123249806176],[-70.8986284899315,41.09915617366657],[-70.89852501149176,41.099134820462325]]]},"properties":{"kind":"crosswalk"}},{"type":"Feature","geometry":{"type":"Polygon","coordinates":[[[-70.89827859184659,41.09973793214469],[-70.8982349119363,41.09972888616839],[-70.89826334309541,41.09965092821249],[-70.89830702300571,41.09965997418879],[-70.89827859184659,41.09973793214469]]]},"properties":{"kind":"crosswalk"}},{"type":"Feature","geometry":{"type":"Polygon","coordinates":[[[-70.8974117573473,41.099558413361734],[-70.897368077437,41.099549367385436],[-70.89739650859612,41.099471409429526],[-70.89744018850642,41.09948045540583],[-70.8974117573473,41.099558413361734]]]},"properties":{"kind":"crosswalk"}},{"type":"Feature","geometry":{"type":"Polygon","coordinates":[[[-70.89734163959655,41.099564553440786],[-70.89734163959655,41.09959868942158],[-70.89723435150852,41.09959868942158],[-70.89723435150852,41.099564553440786],[-70.89734163959655,41.099564553440786]]]},"properties":{"kind":"crosswalk"}},{"type":"Feature","geometry":{"type":"Polygon","coordinates":[[[-70.89734163959655,41.09997961073815],[-70.89734163959655,41.10001374671895],[-70.89723435150852,41.10001374671895],[-70.89723435150852,41.09997961073815],[-70.89734163959655,41.09997961073815]]]},"properties":{"kind":"crosswalk"}},{"type":"Feature","geometry":{"type":"Polygon","coordinates":[[[-70.89736809621355,41.100039831418705],[-70.897411807146,41.100048791898374],[-70.89738364469954,41.10012680522121],[-70.8973399337671,41.10011784474154],[-70.89736809621355,41.100039831418705]]]},"properties":{"kind":"crosswalk"}},{"type":"Feature","geometry":{"type":"Polygon","coordinates":[[[-70.89807790228234,41.10018533741667],[-70.89812161321478,41.10019429789633],[-70.89809345076833,41.10027231121917],[-70.89804973983588,41.1002633507395],[-70.89807790228234,41.10018533741667]]]},"properties":{"kind":"crosswalk"}},{"type":"Feature","geometry":{"type":"Polygon","coordinates":[[[-70.89815494939762,41.10017972105706],[-70.89816631563683,41.100146677103815],[-70.89827017152383,41.100166963060644],[-70.89825880528463,41.100200007013896],[-70.89815494939762,41.10017972105706]]]},"properties":{"kind":"crosswalk"}},{"type":"Feature","geometry":{"type":"Polygon","coordinates":[[[-70.898286783882,41.09979645158161],[-70.8982981501212,41.099763407628366],[-70.89840200600823,41.099783693585195],[-70.89839063976902,41.09981673753845],[-70.898286783882,41.09979645158161]]]},"properties":{"kind":"crosswalk"}},{"type":"Feature","geometry":{"type":"Polygon","coordinates":[[[-70.89807717942526,41.10031552372222],[-70.89803346849283,41.10030656324256],[-70.89806163093927,41.10022854991973],[-70.89810534187171,41.10023751039939],[-70.89807717942526,41.10031552372222]]]},"properties":{"kind":"crosswalk"}},{"type":"Feature","geometry":{"type":"Polygon","coordinates":[[[-70.897411807146,41.10017912638531],[-70.89736809621355,41.10017016590564],[-70.89739625866001,41.1000921525828],[-70.89743996959245,41.10010111306247],[-70.897411807146,41.10017912638531]]]},"properties":{"kind":"crosswalk"}},{"type":"Feature","geometry":{"type":"Polygon","coordinates":[[[-70.89734163959655,41.100185403708956],[-70.89734163959655,41.10021953968975],[-70.89723435150852,41.10021953968975],[-70.89723435150852,41.100185403708956],[-70.89734163959655,41.100185403708956]]]},"properties":{"kind":"crosswalk"}},{"type":"Feature","geometry":{"type":"Polygon","coordinates":[[[-70.89734163959655,41.10054638811054],[-70.89734163959655,41.100580524091335],[-70.89723435150852,41.100580524091335],[-70.89723435150852,41.10054638811054],[-70.89734163959655,41.10054638811054]]]},"properties":{"kind":"crosswalk"}},{"type":"Feature","geometry":{"type":"Polygon","coordinates":[[[-70.89736812270081,41.10060653487787],[-70.89741187739479,41.10061537324004],[-70.89738409875898,41.10069346466653],[-70.89734034406499,41.10068462630436],[-70.89736812270081,41.10060653487787]]]},"properties":{"kind":"crosswalk"}},{"type":"Feature","geometry":{"type":"Polygon","coordinates":[[[-70.89787676807401,41.10070928024338],[-70.89792052276799,41.10071811860555],[-70.89789274413218,41.10079621003204],[-70.89784898943819,41.10078737166987],[-70.89787676807401,41.10070928024338]]]},"properties":{"kind":"crosswalk"}},{"type":"Feature","geometry":{"type":"Polygon","coordinates":[[[-70.89795472080222,41.10070364168505],[-70.89796746720825,41.1006708849325],[-70.89807042043444,41.10069363414953],[-70.89805767402841,41.10072639090209],[-70.89795472080222,41.10070364168505]]]},"properties":{"kind":"crosswalk"}},{"type":"Feature","geometry":{"type":"Polygon","coordinates":[[[-70.89808317470626,41.1003735303785],[-70.8980959211123,41.100340773625945],[-70.89819887433849,41.100363522842976],[-70.89818612793245,41.100396279595536],[-70.89808317470626,41.1003735303785]]]},"properties":{"kind":"crosswalk"}},{"type":"Feature","geometry":{"type":"Polygon","coordinates":[[[-70.89787767035492,41.10083966663439],[-70.89783391566093,41.10083082827222],[-70.89786169429675,41.100752736845735],[-70.89790544899073,41.100761575207905],[-70.89787767035492,41.10083966663439]]]},"properties":{"kind":"crosswalk"}},{"type":"Feature","geometry":{"type":"Polygon","coordinates":[[[-70.89741187739479,41.10074557737209],[-70.89736812270081,41.10073673900992],[-70.89739590133662,41.10065864758343],[-70.89743965603061,41.1006674859456],[-70.89741187739479,41.10074557737209]]]},"properties":{"kind":"crosswalk"}},{"type":"Feature","geometry":{"type":"Polygon","coordinates":[[[-70.89734163959655,41.10075205072645],[-70.89734163959655,41.100786186707246],[-70.89723435150852,41.100786186707246],[-70.89723435150852,41.10075205072645],[-70.89734163959655,41.10075205072645]]]},"properties":{"kind":"crosswalk"}},{"type":"Feature","geometry":{"type":"Polygon","coordinates":[[[-70.89734163959655,41.10104837356857],[-70.89734163959655,41.101082509549364],[-70.89723435150852,41.101082509549364],[-70.89723435150852,41.10104837356857],[-70.89734163959655,41.10104837356857]]]},"properties":{"kind":"crosswalk"}},{"type":"Feature","geometry":{"type":"Polygon","coordinates":[[[-70.89736489143603,41.10111411959611],[-70.89740330751863,41.10113220890994],[-70.89734645349395,41.10120077222091],[-70.89730803741135,41.10118268290709],[-70.89736489143603,41.10111411959611]]]},"properties":{"kind":"crosswalk"}},{"type":"Feature","geometry":{"type":"Polygon","coordinates":[[[-70.89769848816262,41.10127120317856],[-70.8977369042452,41.10128929249239],[-70.89768005022054,41.10135785580337],[-70.89764163413794,41.101339766489545],[-70.89769848816262,41.10127120317856]]]},"properties":{"kind":"crosswalk"}},{"type":"Feature","geometry":{"type":"Polygon","coordinates":[[[-70.89776651355882,41.10128014313008],[-70.89777701721174,41.10124693747853],[-70.89788138131038,41.101265683929824],[-70.89787087765747,41.10129888958138],[-70.89776651355882,41.10128014313008]]]},"properties":{"kind":"crosswalk"}},{"type":"Feature","geometry":{"type":"Polygon","coordinates":[[[-70.89788729233211,41.10089831997847],[-70.89789779598503,41.100865114326915],[-70.89800216008368,41.10088386077821],[-70.89799165643076,41.10091706642977],[-70.89788729233211,41.10089831997847]]]},"properties":{"kind":"crosswalk"}},{"type":"Feature","geometry":{"type":"Polygon","coordinates":[[[-70.89734163959655,41.10157931986488],[-70.89734163959655,41.10161345584568],[-70.89723435150852,41.10161345584568],[-70.89723435150852,41.10157931986488],[-70.89734163959655,41.10157931986488]]]},"properties":{"kind":"crosswalk"}},{"type":"Feature","geometry":{"type":"Polygon","coordinates":[[[-70.89734163959655,41.10176078727365],[-70.89734163959655,41.101794923254445],[-70.89723435150852,41.101794923254445],[-70.89723435150852,41.10176078727365],[-70.89734163959655,41.10176078727365]]]},"properties":{"kind":"crosswalk"}},{"type":"Feature","geometry":{"type":"Polygon","coordinates":[[[-70.89760886188188,41.101684487887276],[-70.89757044579927,41.10166639857345],[-70.89762729982394,41.10159783526247],[-70.89766571590654,41.10161592457629],[-70.89760886188188,41.101684487887276]]]},"properties":{"kind":"crosswalk"}},{"type":"Feature","geometry":{"type":"Polygon","coordinates":[[[-70.89740330751863,41.10158769672239],[-70.89736489143603,41.10156960740856],[-70.89742174546069,41.10150104409758],[-70.8974601615433,41.10151913341141],[-70.89740330751863,41.10158769672239]]]},"properties":{"kind":"crosswalk"}},{"type":"Feature","geometry":{"type":"Polygon","coordinates":[[[-70.89734163959655,41.101966367127844],[-70.89734163959655,41.10200050310864],[-70.89723435150852,41.10200050310864],[-70.89723435150852,41.101966367127844],[-70.89734163959655,41.101966367127844]]]},"properties":{"kind":"crosswalk"}},{"type":"Feature","geometry":{"type":"Polygon","coordinates":[[[-70.89734163959655,41.10236864300959],[-70.89734163959655,41.10240277899039],[-70.89723435150852,41.10240277899039],[-70.89723435150852,41.10236864300959],[-70.89734163959655,41.10236864300959]]]},"properties":{"kind":"crosswalk"}},{"type":"Feature","geometry":{"type":"Polygon","coordinates":[[[-70.89737787429576,41.102409403041555],[-70.89739004424541,41.10237652202745],[-70.89749338802092,41.10239824241084],[-70.89748121807126,41.10243112342495],[-70.89737787429576,41.102409403041555]]]},"properties":{"kind":"crosswalk"}},{"type":"Feature","geometry":{"type":"Polygon","coordinates":[[[-70.89751563128374,41.10203720844803],[-70.8975278012334,41.102004327433924],[-70.8976311450089,41.10202604781732],[-70.89761897505925,41.102058928831426],[-70.89751563128374,41.10203720844803]]]},"properties":{"kind":"crosswalk"}},{"type":"Feature","geometry":{"type":"Polygon","coordinates":[[[-70.9048032964529,41.10328170468163],[-70.90484475723748,41.10326795260733],[-70.90488797948343,41.10334194996664],[-70.90484651869885,41.103355702040936],[-70.9048032964529,41.10328170468163]]]},"properties":{"kind":"crosswalk"}},{"type":"Feature","geometry":{"type":"Polygon","coordinates":[[[-70.90510711455286,41.10318093164697],[-70.90514857533745,41.10316717957267],[-70.9051917975834,41.10324117693198],[-70.90515033679881,41.10325492900628],[-70.90510711455286,41.10318093164697]]]},"properties":{"kind":"crosswalk"}},{"type":"Feature","geometry":{"type":"Polygon","coordinates":[[[-70.90514625195593,41.103108170883054],[-70.90510095254098,41.103108170883054],[-70.90510095254098,41.10302732250749],[-70.90514625195593,41.10302732250749],[-70.90514625195593,41.103108170883054]]]},"properties":{"kind":"crosswalk"}},{"type":"Feature","geometry":{"type":"Polygon","coordinates":[[[-70.90474918955103,41.103108170883054],[-70.90470389013609,41.103108170883054],[-70.90470389013609,41.10302732250749],[-70.90474918955103,41.10302732250749],[-70.90474918955103,41.103108170883054]]]},"properties":{"kind":"crosswalk"}},{"type":"Feature","geometry":{"type":"Polygon","coordinates":[[[-70.90514857533745,41.10328495782662],[-70.90510711455286,41.10329870990091],[-70.90506389230691,41.103224712541596],[-70.90510535309151,41.1032109604673],[-70.90514857533745,41.10328495782662]]]},"properties":{"kind":"crosswalk"}},{"type":"Feature","geometry":{"type":"Polygon","coordinates":[[[-70.9049024568927,41.10336659253688],[-70.9048609961081,41.103380344611175],[-70.90481777386215,41.103306347251866],[-70.90485923464675,41.10329259517757],[-70.9049024568927,41.10336659253688]]]},"properties":{"kind":"crosswalk"}},{"type":"Feature","geometry":{"type":"Polygon","coordinates":[[[-70.90484736608764,41.103407436530574],[-70.904866307708,41.10343844501875],[-70.9047688492102,41.10347225117804],[-70.90474990758983,41.10344124268986],[-70.90484736608764,41.103407436530574]]]},"properties":{"kind":"crosswalk"}},{"type":"Feature","geometry":{"type":"Polygon","coordinates":[[[-70.90496080778877,41.10359314691758],[-70.90497974940914,41.10362415540576],[-70.90488229091133,41.10365796156505],[-70.90486334929096,41.10362695307687],[-70.90496080778877,41.10359314691758]]]},"properties":{"kind":"crosswalk"}},{"type":"Feature","geometry":{"type":"Polygon","coordinates":[[[-70.90517367002288,41.10368347788718],[-70.90517367002288,41.10364934190638],[-70.90528095811091,41.10364934190638],[-70.90528095811091,41.10368347788718],[-70.90517367002288,41.10368347788718]]]},"properties":{"kind":"crosswalk"}},{"type":"Feature","geometry":{"type":"Polygon","coordinates":[[[-70.90517367002288,41.10333143143503],[-70.90517367002288,41.10329729545423],[-70.90528095811091,41.10329729545423],[-70.90528095811091,41.10333143143503],[-70.90517367002288,41.10333143143503]]]},"properties":{"kind":"crosswalk"}},{"type":"Feature","geometry":{"type":"Polygon","coordinates":[[[-70.90259794583892,41.10312712605782],[-70.90261597074046,41.10315844330309],[-70.90251754183087,41.10319061334348],[-70.90249951692935,41.103159296098205],[-70.90259794583892,41.10312712605782]]]},"properties":{"kind":"crosswalk"}},{"type":"Feature","geometry":{"type":"Polygon","coordinates":[[[-70.90271518990986,41.10333083098902],[-70.90273321481139,41.10336214823429],[-70.90263478590181,41.10339431827468],[-70.90261676100027,41.10336300102941],[-70.90271518990986,41.10333083098902]]]},"properties":{"kind":"crosswalk"}},{"type":"Feature","geometry":{"type":"Polygon","coordinates":[[[-70.9029958974761,41.10337266024401],[-70.90303724190666,41.10335871066699],[-70.90308108489617,41.10343250036279],[-70.90303974046562,41.10344644993982],[-70.9029958974761,41.10337266024401]]]},"properties":{"kind":"crosswalk"}},{"type":"Feature","geometry":{"type":"Polygon","coordinates":[[[-70.90371343513527,41.10313056362512],[-70.90375477956583,41.1031166140481],[-70.90379862255534,41.1031904037439],[-70.90375727812479,41.103204353320926],[-70.90371343513527,41.10313056362512]]]},"properties":{"kind":"crosswalk"}},{"type":"Feature","geometry":{"type":"Polygon","coordinates":[[[-70.90375238575949,41.103108170883054],[-70.90370708634454,41.103108170883054],[-70.90370708634454,41.10302732250749],[-70.90375238575949,41.10302732250749],[-70.90375238575949,41.103108170883054]]]},"properties":{"kind":"crosswalk"}},{"type":"Feature","geometry":{"type":"Polygon","coordinates":[[[-70.902659753512,41.103108170883054],[-70.90261445409705,41.103108170883054],[-70.90261445409705,41.10302732250749],[-70.902659753512,41.10302732250749],[-70.902659753512,41.103108170883054]]]},"properties":{"kind":"crosswalk"}},{"type":"Feature","geometry":{"type":"Polygon","coordinates":[[[-70.90410483884057,41.1031166140481],[-70.90406349441002,41.10313056362512],[-70.90401965142051,41.103056773929325],[-70.90406099585105,41.10304282435229],[-70.90410483884057,41.1031166140481]]]},"properties":{"kind":"crosswalk"}},{"type":"Feature","geometry":{"type":"Polygon","coordinates":[[[-70.9038310066386,41.10320900480891],[-70.90378966220804,41.103222954385934],[-70.90374581921853,41.10314916469013],[-70.90378716364908,41.103135215113106],[-70.9038310066386,41.10320900480891]]]},"properties":{"kind":"crosswalk"}},{"type":"Feature","geometry":{"type":"Polygon","coordinates":[[[-70.90378968559796,41.10323980123907],[-70.90383106867272,41.10325368559331],[-70.90378743067595,41.103327544259564],[-70.90374604760119,41.10331365990533],[-70.90378968559796,41.10323980123907]]]},"properties":{"kind":"crosswalk"}},{"type":"Feature","geometry":{"type":"Polygon","coordinates":[[[-70.90428738869952,41.1034067846304],[-70.90432877177427,41.10342066898464],[-70.9042851337775,41.1034945276509],[-70.90424375070275,41.10348064329666],[-70.90428738869952,41.1034067846304]]]},"properties":{"kind":"crosswalk"}},{"type":"Feature","geometry":{"type":"Polygon","coordinates":[[[-70.90437897282133,41.10342085029684],[-70.90442053060696,41.10340726550191],[-70.90446322710025,41.103481435984314],[-70.90442166931463,41.10349502077925],[-70.90437897282133,41.10342085029684]]]},"properties":{"kind":"crosswalk"}},{"type":"Feature","geometry":{"type":"Polygon","coordinates":[[[-70.90458039897237,41.103355006245806],[-70.90462195675798,41.10334142145087],[-70.90466465325127,41.10341559193327],[-70.90462309546567,41.10342917672821],[-70.90458039897237,41.103355006245806]]]},"properties":{"kind":"crosswalk"}},{"type":"Feature","geometry":{"type":"Polygon","coordinates":[[[-70.90463645997085,41.10331416023985],[-70.90461886401518,41.1032827047731],[-70.9047177273496,41.10325130029616],[-70.90473532330527,41.103282755762905],[-70.90463645997085,41.10331416023985]]]},"properties":{"kind":"crosswalk"}},{"type":"Feature","geometry":{"type":"Polygon","coordinates":[[[-70.90454947718614,41.10315866518494],[-70.90453188123047,41.103127209718195],[-70.9046307445649,41.10309580524125],[-70.90464834052057,41.103127260708],[-70.90454947718614,41.10315866518494]]]},"properties":{"kind":"crosswalk"}},{"type":"Feature","geometry":{"type":"Polygon","coordinates":[[[-70.90449381297984,41.103108170883054],[-70.90444851356489,41.103108170883054],[-70.90444851356489,41.10302732250749],[-70.90449381297984,41.10302732250749],[-70.90449381297984,41.103108170883054]]]},"properties":{"kind":"crosswalk"}},{"type":"Feature","geometry":{"type":"Polygon","coordinates":[[[-70.90420258058306,41.103108170883054],[-70.90415728116811,41.103108170883054],[-70.90415728116811,41.10302732250749],[-70.90420258058306,41.10302732250749],[-70.90420258058306,41.103108170883054]]]},"properties":{"kind":"crosswalk"}},{"type":"Feature","geometry":{"type":"Polygon","coordinates":[[[-70.90356425604995,41.103299006239176],[-70.9035229116194,41.10331295581621],[-70.90347906862989,41.1032391661204],[-70.90352041306043,41.10322521654338],[-70.90356425604995,41.103299006239176]]]},"properties":{"kind":"crosswalk"}},{"type":"Feature","geometry":{"type":"Polygon","coordinates":[[[-70.90290738249143,41.103520634840166],[-70.90286603806088,41.10353458441719],[-70.90282219507137,41.10346079472139],[-70.90286353950192,41.10344684514436],[-70.90290738249143,41.103520634840166]]]},"properties":{"kind":"crosswalk"}},{"type":"Feature","geometry":{"type":"Polygon","coordinates":[[[-70.90285308851021,41.10356157736481],[-70.90287303803096,41.103592224831665],[-70.90277671420942,41.10362782984661],[-70.90275676468868,41.10359718237975],[-70.90285308851021,41.10356157736481]]]},"properties":{"kind":"crosswalk"}},{"type":"Feature","geometry":{"type":"Polygon","coordinates":[[[-70.90295942898832,41.1037249430075],[-70.90297937850907,41.10375559047436],[-70.90288305468754,41.1037911954893],[-70.90286310516679,41.103760548022436],[-70.90295942898832,41.1037249430075]]]},"properties":{"kind":"crosswalk"}},{"type":"Feature","geometry":{"type":"Polygon","coordinates":[[[-70.90332987807052,41.103748558587476],[-70.90334830300249,41.103717373817275],[-70.90344631554797,41.103750257814156],[-70.903427890616,41.103781442584356],[-70.90332987807052,41.103748558587476]]]},"properties":{"kind":"crosswalk"}},{"type":"Feature","geometry":{"type":"Polygon","coordinates":[[[-70.90356904703164,41.10334375768489],[-70.9035874719636,41.10331257291469],[-70.90368548450908,41.10334545691157],[-70.90366705957712,41.10337664168177],[-70.90356904703164,41.10334375768489]]]},"properties":{"kind":"crosswalk"}},{"type":"Feature","geometry":{"type":"Polygon","coordinates":[[[-70.90339355946278,41.104490569828975],[-70.90341318826921,41.10452133466661],[-70.90331649555579,41.104556367284935],[-70.90329686674936,41.104525602447296],[-70.90339355946278,41.104490569828975]]]},"properties":{"kind":"crosswalk"}},{"type":"Feature","geometry":{"type":"Polygon","coordinates":[[[-70.903547627629,41.10473204564848],[-70.90356725643542,41.104762810486115],[-70.90347056372201,41.10479784310444],[-70.90345093491557,41.1047670782668],[-70.903547627629,41.10473204564848]]]},"properties":{"kind":"crosswalk"}},{"type":"Feature","geometry":{"type":"Polygon","coordinates":[[[-70.90360410541642,41.10477289472893],[-70.90364535753513,41.10475879081421],[-70.90368968560215,41.104832415755936],[-70.90364843348344,41.104846519670666],[-70.90360410541642,41.10477289472893]]]},"properties":{"kind":"crosswalk"}},{"type":"Feature","geometry":{"type":"Polygon","coordinates":[[[-70.9038774223743,41.10467944888451],[-70.90391867449299,41.10466534496979],[-70.90396300256,41.104738969911516],[-70.90392175044131,41.104753073826245],[-70.9038774223743,41.10467944888451]]]},"properties":{"kind":"crosswalk"}},{"type":"Feature","geometry":{"type":"Polygon","coordinates":[[[-70.90392039104115,41.10464585959461],[-70.90388197495855,41.104627770280786],[-70.90393882898323,41.1045592069698],[-70.90397724506583,41.10457729628363],[-70.90392039104115,41.10464585959461]]]},"properties":{"kind":"crosswalk"}},{"type":"Feature","geometry":{"type":"Polygon","coordinates":[[[-70.90354280073939,41.10446806037606],[-70.9035043846568,41.10444997106222],[-70.90356123868146,41.10438140775125],[-70.90359965476407,41.104399497065074],[-70.90354280073939,41.10446806037606]]]},"properties":{"kind":"crosswalk"}},{"type":"Feature","geometry":{"type":"Polygon","coordinates":[[[-70.90064869053163,41.103248079473786],[-70.90066853689586,41.10327876494914],[-70.90057209361508,41.10331418585493],[-70.90055224725084,41.103283500379575],[-70.90064869053163,41.103248079473786]]]},"properties":{"kind":"crosswalk"}},{"type":"Feature","geometry":{"type":"Polygon","coordinates":[[[-70.90081564361049,41.10350621413897],[-70.90083548997472,41.10353689961431],[-70.90073904669394,41.1035723205201],[-70.9007192003297,41.103541635044756],[-70.90081564361049,41.10350621413897]]]},"properties":{"kind":"crosswalk"}},{"type":"Feature","geometry":{"type":"Polygon","coordinates":[[[-70.90087260816463,41.1035471680331],[-70.9009140875055,41.1035334477714],[-70.90095720976566,41.103607478249096],[-70.90091573042481,41.103621198510794],[-70.90087260816463,41.1035471680331]]]},"properties":{"kind":"crosswalk"}},{"type":"Feature","geometry":{"type":"Polygon","coordinates":[[[-70.90122571170185,41.103430370783215],[-70.9012671910427,41.10341665052151],[-70.90131031330289,41.10349068099921],[-70.90126883396204,41.103504401260906],[-70.90122571170185,41.103430370783215]]]},"properties":{"kind":"crosswalk"}},{"type":"Feature","geometry":{"type":"Polygon","coordinates":[[[-70.90126904512007,41.10339739735738],[-70.90123062903747,41.10337930804355],[-70.90128748306215,41.10331074473257],[-70.90132589914475,41.103328834046394],[-70.90126904512007,41.10339739735738]]]},"properties":{"kind":"crosswalk"}},{"type":"Feature","geometry":{"type":"Polygon","coordinates":[[[-70.9008599626245,41.103204769136525],[-70.90082154654189,41.1031866798227],[-70.90087840056657,41.103118116511716],[-70.90091681664917,41.10313620582554],[-70.9008599626245,41.103204769136525]]]},"properties":{"kind":"crosswalk"}},{"type":"Feature","geometry":{"type":"Polygon","coordinates":[[[-70.901859162028,41.103220842278866],[-70.90190064136887,41.10320712201716],[-70.90194376362905,41.10328115249486],[-70.90190228428818,41.10329487275656],[-70.901859162028,41.103220842278866]]]},"properties":{"kind":"crosswalk"}},{"type":"Feature","geometry":{"type":"Polygon","coordinates":[[[-70.90213320695162,41.103130195513685],[-70.90217468629247,41.10311647525198],[-70.90221780855265,41.10319050572968],[-70.9021763292118,41.10320422599138],[-70.90213320695162,41.103130195513685]]]},"properties":{"kind":"crosswalk"}},{"type":"Feature","geometry":{"type":"Polygon","coordinates":[[[-70.90217237414237,41.103108170883054],[-70.90212707472742,41.103108170883054],[-70.90212707472742,41.10302732250749],[-70.90217237414237,41.10302732250749],[-70.90217237414237,41.103108170883054]]]},"properties":{"kind":"crosswalk"}},{"type":"Feature","geometry":{"type":"Polygon","coordinates":[[[-70.90164985865337,41.103108170883054],[-70.90160455923844,41.103108170883054],[-70.90160455923844,41.10302732250749],[-70.90164985865337,41.10302732250749],[-70.90164985865337,41.103108170883054]]]},"properties":{"kind":"crosswalk"}},{"type":"Feature","geometry":{"type":"Polygon","coordinates":[[[-70.90141404473685,41.103485800793486],[-70.901372565396,41.103499521055184],[-70.90132944313582,41.10342549057749],[-70.90137092247667,41.10341177031579],[-70.90141404473685,41.103485800793486]]]},"properties":{"kind":"crosswalk"}},{"type":"Feature","geometry":{"type":"Polygon","coordinates":[[[-70.90097474096166,41.1036311107873],[-70.90093326162079,41.103644831049],[-70.90089013936061,41.103570800571305],[-70.90093161870148,41.1035570803096],[-70.90097474096166,41.1036311107873]]]},"properties":{"kind":"crosswalk"}},{"type":"Feature","geometry":{"type":"Polygon","coordinates":[[[-70.90091940284813,41.103671978302465],[-70.90093798508633,41.10370311002474],[-70.90084013926844,41.103736274774754],[-70.90082155703026,41.10370514305247],[-70.90091940284813,41.103671978302465]]]},"properties":{"kind":"crosswalk"}},{"type":"Feature","geometry":{"type":"Polygon","coordinates":[[[-70.901090508929,41.10395864059437],[-70.90110909116719,41.10398977231665],[-70.90101124534931,41.10402293706666],[-70.90099266311111,41.103991805344386],[-70.901090508929,41.10395864059437]]]},"properties":{"kind":"crosswalk"}},{"type":"Feature","geometry":{"type":"Polygon","coordinates":[[[-70.90114533812465,41.104000131010025],[-70.90118664216402,41.10398611365072],[-70.90123069819066,41.10405983125812],[-70.9011893941513,41.10407384861743],[-70.90114533812465,41.104000131010025]]]},"properties":{"kind":"crosswalk"}},{"type":"Feature","geometry":{"type":"Polygon","coordinates":[[[-70.9018948140641,41.103745781224895],[-70.90193611810345,41.10373176386558],[-70.90198017413009,41.10380548147299],[-70.90193887009073,41.103819498832294],[-70.9018948140641,41.103745781224895]]]},"properties":{"kind":"crosswalk"}},{"type":"Feature","geometry":{"type":"Polygon","coordinates":[[[-70.90193786607728,41.10371233087921],[-70.90189944999467,41.103694241565385],[-70.90195630401934,41.1036256782544],[-70.90199472010194,41.10364376756823],[-70.90193786607728,41.10371233087921]]]},"properties":{"kind":"crosswalk"}},{"type":"Feature","geometry":{"type":"Polygon","coordinates":[[[-70.90150081857576,41.1035065345336],[-70.90146240249315,41.10348844521977],[-70.90151925651783,41.10341988190879],[-70.90155767260043,41.10343797122262],[-70.90150081857576,41.1035065345336]]]},"properties":{"kind":"crosswalk"}},{"type":"Feature","geometry":{"type":"Polygon","coordinates":[[[-70.9024259301937,41.1031510960225],[-70.90238445085285,41.1031648162842],[-70.90234132859267,41.10309078580651],[-70.90238280793352,41.1030770655448],[-70.9024259301937,41.1031510960225]]]},"properties":{"kind":"crosswalk"}},{"type":"Feature","geometry":{"type":"Polygon","coordinates":[[[-70.902047495063,41.103276272289136],[-70.90200601572215,41.103289992550835],[-70.90196289346197,41.10321596207314],[-70.90200437280282,41.10320224181144],[-70.902047495063,41.103276272289136]]]},"properties":{"kind":"crosswalk"}},{"type":"Feature","geometry":{"type":"Polygon","coordinates":[[[-70.9020041616448,41.103309245714975],[-70.9020425777274,41.1033273350288],[-70.90198572370272,41.103395898339784],[-70.90194730762012,41.10337780902596],[-70.9020041616448,41.103309245714975]]]},"properties":{"kind":"crosswalk"}},{"type":"Feature","geometry":{"type":"Polygon","coordinates":[[[-70.90243546104003,41.10351233539996],[-70.90247387712263,41.10353042471379],[-70.90241702309797,41.10359898802477],[-70.90237860701536,41.103580898710945],[-70.90243546104003,41.10351233539996]]]},"properties":{"kind":"crosswalk"}},{"type":"Feature","geometry":{"type":"Polygon","coordinates":[[[-70.9026395781971,41.103470372847795],[-70.90262155329556,41.10343905560253],[-70.90271998220514,41.103406885562144],[-70.90273800710668,41.10343820280741],[-70.9026395781971,41.103470372847795]]]},"properties":{"kind":"crosswalk"}},{"type":"Feature","geometry":{"type":"Polygon","coordinates":[[[-70.90247997082088,41.10319306407361],[-70.90246194591936,41.10316174682834],[-70.90256037482894,41.10312957678796],[-70.90257839973046,41.10316089403322],[-70.90247997082088,41.10319306407361]]]},"properties":{"kind":"crosswalk"}},{"type":"Feature","geometry":{"type":"Polygon","coordinates":[[[-70.90208203032813,41.10380047081967],[-70.90204072628877,41.10381448817898],[-70.90199667026214,41.10374077057158],[-70.90203797430149,41.10372675321227],[-70.90208203032813,41.10380047081967]]]},"properties":{"kind":"crosswalk"}},{"type":"Feature","geometry":{"type":"Polygon","coordinates":[[[-70.901241379691,41.10408576257846],[-70.90120007565164,41.10409977993777],[-70.901156019625,41.10402606233036],[-70.90119732366436,41.10401204497106],[-70.901241379691,41.10408576257846]]]},"properties":{"kind":"crosswalk"}},{"type":"Feature","geometry":{"type":"Polygon","coordinates":[[[-70.9011847428942,41.10412759855126],[-70.9012007145517,41.104159542379456],[-70.90110031631583,41.104188047881465],[-70.90108434465834,41.10415610405327],[-70.9011847428942,41.10412759855126]]]},"properties":{"kind":"crosswalk"}},{"type":"Feature","geometry":{"type":"Polygon","coordinates":[[[-70.90131230570574,41.10438272827316],[-70.90132827736323,41.104414672101356],[-70.90122787912736,41.104443177603365],[-70.90121190746987,41.10441123377517],[-70.90131230570574,41.10438272827316]]]},"properties":{"kind":"crosswalk"}},{"type":"Feature","geometry":{"type":"Polygon","coordinates":[[[-70.90136295514546,41.10442554061673],[-70.90140427721512,41.10441155346612],[-70.901448238297,41.104485303253206],[-70.90140691622733,41.104499290403815],[-70.90136295514546,41.10442554061673]]]},"properties":{"kind":"crosswalk"}},{"type":"Feature","geometry":{"type":"Polygon","coordinates":[[[-70.9025122880866,41.1040365017064],[-70.90255361015626,41.10402251455579],[-70.90259757123812,41.10409626434287],[-70.90255624916846,41.10411025149349],[-70.9025122880866,41.1040365017064]]]},"properties":{"kind":"crosswalk"}},{"type":"Feature","geometry":{"type":"Polygon","coordinates":[[[-70.90255536904316,41.10400309985363],[-70.90251695296055,41.1039850105398],[-70.90257380698523,41.10391644722882],[-70.90261222306783,41.103934536542646],[-70.90255536904316,41.10400309985363]]]},"properties":{"kind":"crosswalk"}},{"type":"Feature","geometry":{"type":"Polygon","coordinates":[[[-70.9021686980635,41.103821024737556],[-70.9021302819809,41.10380293542372],[-70.90218713600558,41.10373437211275],[-70.90222555208818,41.10375246142657],[-70.9021686980635,41.103821024737556]]]},"properties":{"kind":"crosswalk"}},{"type":"Feature","geometry":{"type":"Polygon","coordinates":[[[-70.90269961713432,41.10409126612722],[-70.90265829506465,41.10410525327784],[-70.90261433398278,41.10403150349075],[-70.90265565605245,41.104017516340136],[-70.90269961713432,41.10409126612722]]]},"properties":{"kind":"crosswalk"}},{"type":"Feature","geometry":{"type":"Polygon","coordinates":[[[-70.90145887336217,41.10451124678543],[-70.90141755129251,41.104525233936045],[-70.90137359021064,41.10445148414896],[-70.9014149122803,41.104437496998344],[-70.90145887336217,41.10451124678543]]]},"properties":{"kind":"crosswalk"}},{"type":"Feature","geometry":{"type":"Polygon","coordinates":[[[-70.90140383133746,41.10455252790563],[-70.9014224856553,41.10458363513957],[-70.90132471680336,41.10461692853413],[-70.90130606248552,41.10458582130019],[-70.90140383133746,41.10455252790563]]]},"properties":{"kind":"crosswalk"}},{"type":"Feature","geometry":{"type":"Polygon","coordinates":[[[-70.90160338847818,41.10488530183555],[-70.90162204279603,41.10491640906948],[-70.90152427394409,41.10494970246404],[-70.90150561962623,41.10491859523011],[-70.90160338847818,41.10488530183555]]]},"properties":{"kind":"crosswalk"}},{"type":"Feature","geometry":{"type":"Polygon","coordinates":[[[-70.90165841915706,41.10492689795353],[-70.90169986491398,41.104913120180214],[-70.90174316793099,41.10498709071878],[-70.90170172217408,41.105000868492105],[-70.90165841915706,41.10492689795353]]]},"properties":{"kind":"crosswalk"}},{"type":"Feature","geometry":{"type":"Polygon","coordinates":[[[-70.90280551499018,41.104545569982974],[-70.90284696074708,41.10453179220965],[-70.9028902637641,41.10460576274822],[-70.9028488180072,41.10461954052155],[-70.90280551499018,41.104545569982974]]]},"properties":{"kind":"crosswalk"}},{"type":"Feature","geometry":{"type":"Polygon","coordinates":[[[-70.90288319826931,41.10450457803857],[-70.90290162320127,41.10447339326837],[-70.90299963574675,41.10450627726525],[-70.90298121081479,41.10453746203545],[-70.90288319826931,41.10450457803857]]]},"properties":{"kind":"crosswalk"}},{"type":"Feature","geometry":{"type":"Polygon","coordinates":[[[-70.9030140673832,41.10428307799451],[-70.90303249231516,41.10425189322431],[-70.90313050486064,41.10428477722119],[-70.90311207992868,41.10431596199139],[-70.9030140673832,41.10428307799451]]]},"properties":{"kind":"crosswalk"}},{"type":"Feature","geometry":{"type":"Polygon","coordinates":[[[-70.9030203924082,41.10422206943661],[-70.90298197632559,41.10420398012278],[-70.90303883035027,41.1041354168118],[-70.90307724643287,41.104153506125634],[-70.9030203924082,41.10422206943661]]]},"properties":{"kind":"crosswalk"}},{"type":"Feature","geometry":{"type":"Polygon","coordinates":[[[-70.90278629578276,41.10411183832931],[-70.90274787970016,41.10409374901548],[-70.90280473372484,41.1040251857045],[-70.90284314980744,41.10404327501833],[-70.90278629578276,41.10411183832931]]]},"properties":{"kind":"crosswalk"}},{"type":"Feature","geometry":{"type":"Polygon","coordinates":[[[-70.90322559367627,41.104523744585975],[-70.90318414791936,41.1045375223593],[-70.90314084490234,41.10446355182073],[-70.90318229065926,41.1044497740474],[-70.90322559367627,41.104523744585975]]]},"properties":{"kind":"crosswalk"}},{"type":"Feature","geometry":{"type":"Polygon","coordinates":[[[-70.90175756427587,41.10501176019532],[-70.90171611851896,41.10502553796864],[-70.90167281550194,41.10495156743008],[-70.90171426125886,41.10493778965675],[-70.90175756427587,41.10501176019532]]]},"properties":{"kind":"crosswalk"}},{"type":"Feature","geometry":{"type":"Polygon","coordinates":[[[-70.90170185916301,41.10505285951316],[-70.901719745984,41.10508422168294],[-70.90162117587839,41.105116145283326],[-70.9016032890574,41.10508478311355],[-70.90170185916301,41.10505285951316]]]},"properties":{"kind":"crosswalk"}},{"type":"Feature","geometry":{"type":"Polygon","coordinates":[[[-70.90184027006151,41.105295544677944],[-70.9018581568825,41.10532690684772],[-70.90175958677689,41.10535883044812],[-70.9017416999559,41.10532746827834],[-70.90184027006151,41.105295544677944]]]},"properties":{"kind":"crosswalk"}},{"type":"Feature","geometry":{"type":"Polygon","coordinates":[[[-70.90189410330801,41.10533760939456],[-70.90193560623352,41.105323929693455],[-70.90197860101327,41.10539800226399],[-70.90193709808776,41.10541168196509],[-70.90189410330801,41.10533760939456]]]},"properties":{"kind":"crosswalk"}},{"type":"Feature","geometry":{"type":"Polygon","coordinates":[[[-70.90338177758817,41.1048472598773],[-70.90342328051368,41.104833580176205],[-70.90346627529343,41.10490765274674],[-70.90342477236791,41.10492133244784],[-70.90338177758817,41.1048472598773]]]},"properties":{"kind":"crosswalk"}},{"type":"Feature","geometry":{"type":"Polygon","coordinates":[[[-70.90343652011207,41.10480667953434],[-70.90341689130564,41.1047759146967],[-70.90351358401905,41.10474088207838],[-70.9035332128255,41.104771646916014],[-70.90343652011207,41.10480667953434]]]},"properties":{"kind":"crosswalk"}},{"type":"Feature","geometry":{"type":"Polygon","coordinates":[[[-70.90328218866577,41.104564791067794],[-70.90326255985934,41.10453402623016],[-70.90335925257277,41.104498993611834],[-70.9033788813792,41.10452975844947],[-70.90328218866577,41.104564791067794]]]},"properties":{"kind":"crosswalk"}},{"type":"Feature","geometry":{"type":"Polygon","coordinates":[[[-70.90348449983671,41.104931060455655],[-70.9034429969112,41.10494474015675],[-70.90340000213145,41.10487066758622],[-70.90344150505696,41.10485698788512],[-70.90348449983671,41.104931060455655]]]},"properties":{"kind":"crosswalk"}},{"type":"Feature","geometry":{"type":"Polygon","coordinates":[[[-70.90248962317598,41.10525897987781],[-70.90244812025048,41.105272659578915],[-70.90240512547072,41.10519858700838],[-70.90244662839623,41.10518490730728],[-70.90248962317598,41.10525897987781]]]},"properties":{"kind":"crosswalk"}},{"type":"Feature","geometry":{"type":"Polygon","coordinates":[[[-70.90245004779514,41.10527755503839],[-70.90249473535965,41.10527196348773],[-70.9025123093905,41.10535171985994],[-70.90246762182599,41.1053573114106],[-70.90245004779514,41.10527755503839]]]},"properties":{"kind":"crosswalk"}},{"type":"Feature","geometry":{"type":"Polygon","coordinates":[[[-70.90356524138238,41.105138015962865],[-70.90360992894689,41.105132424412204],[-70.90362750297774,41.10521218078441],[-70.90358281541323,41.10521777233508],[-70.90356524138238,41.105138015962865]]]},"properties":{"kind":"crosswalk"}},{"type":"Feature","geometry":{"type":"Polygon","coordinates":[[[-70.89848330172951,41.103206896754855],[-70.89852459213208,41.103192856599804],[-70.89856871980487,41.10326654986885],[-70.89852742940232,41.1032805900239],[-70.89848330172951,41.103206896754855]]]},"properties":{"kind":"crosswalk"}},{"type":"Feature","geometry":{"type":"Polygon","coordinates":[[[-70.89870736064869,41.10313070902669],[-70.89874865105124,41.103116668871635],[-70.89879277872403,41.10319036214069],[-70.89875148832148,41.10320440229574],[-70.89870736064869,41.10313070902669]]]},"properties":{"kind":"crosswalk"}},{"type":"Feature","geometry":{"type":"Polygon","coordinates":[[[-70.89874622454374,41.103108170883054],[-70.8987009251288,41.103108170883054],[-70.8987009251288,41.10302732250749],[-70.89874622454374,41.10302732250749],[-70.89874622454374,41.103108170883054]]]},"properties":{"kind":"crosswalk"}},{"type":"Feature","geometry":{"type":"Polygon","coordinates":[[[-70.89846367104418,41.103108170883054],[-70.89841837162923,41.103108170883054],[-70.89841837162923,41.10302732250749],[-70.89846367104418,41.10302732250749],[-70.89846367104418,41.103108170883054]]]},"properties":{"kind":"crosswalk"}},{"type":"Feature","geometry":{"type":"Polygon","coordinates":[[[-70.89909645196933,41.103116668871635],[-70.89905516156678,41.10313070902669],[-70.89901103389397,41.10305701575764],[-70.89905232429653,41.10304297560259],[-70.89909645196933,41.103116668871635]]]},"properties":{"kind":"crosswalk"}},{"type":"Feature","geometry":{"type":"Polygon","coordinates":[[[-70.89858192555741,41.103291625523894],[-70.89854063515484,41.103305665678946],[-70.89849650748205,41.103231972409894],[-70.89853779788461,41.10321793225484],[-70.89858192555741,41.103291625523894]]]},"properties":{"kind":"crosswalk"}},{"type":"Feature","geometry":{"type":"Polygon","coordinates":[[[-70.89852586142776,41.10333333658163],[-70.89854274306381,41.10336501357014],[-70.89844318349492,41.1033951431613],[-70.89842630185886,41.10336346617279],[-70.89852586142776,41.10333333658163]]]},"properties":{"kind":"crosswalk"}},{"type":"Feature","geometry":{"type":"Polygon","coordinates":[[[-70.89872820798811,41.10371302310289],[-70.89874508962417,41.103744700091404],[-70.89864553005526,41.103774829682564],[-70.8986286484192,41.10374315269405],[-70.89872820798811,41.10371302310289]]]},"properties":{"kind":"crosswalk"}},{"type":"Feature","geometry":{"type":"Polygon","coordinates":[[[-70.89878020360237,41.10375521744122],[-70.8988213363651,41.103740916943714],[-70.89886628228432,41.10381432886422],[-70.8988251495216,41.10382862936172],[-70.89878020360237,41.10375521744122]]]},"properties":{"kind":"crosswalk"}},{"type":"Feature","geometry":{"type":"Polygon","coordinates":[[[-70.90038263589403,41.103198104875155],[-70.90042376865675,41.10318380437765],[-70.90046871457596,41.103257216298154],[-70.90042758181325,41.10327151679566],[-70.90038263589403,41.103198104875155]]]},"properties":{"kind":"crosswalk"}},{"type":"Feature","geometry":{"type":"Polygon","coordinates":[[[-70.90038645512413,41.103108170883054],[-70.90034115570919,41.103108170883054],[-70.90034115570919,41.10302732250749],[-70.90038645512413,41.10302732250749],[-70.90038645512413,41.103108170883054]]]},"properties":{"kind":"crosswalk"}},{"type":"Feature","geometry":{"type":"Polygon","coordinates":[[[-70.89919416101066,41.103108170883054],[-70.8991488615957,41.103108170883054],[-70.8991488615957,41.10302732250749],[-70.89919416101066,41.10302732250749],[-70.89919416101066,41.103108170883054]]]},"properties":{"kind":"crosswalk"}},{"type":"Feature","geometry":{"type":"Polygon","coordinates":[[[-70.90043802104836,41.10329756679516],[-70.90039688828564,41.10331186729267],[-70.90035194236641,41.103238455372164],[-70.90039307512914,41.10322415487466],[-70.90043802104836,41.10329756679516]]]},"properties":{"kind":"crosswalk"}},{"type":"Feature","geometry":{"type":"Polygon","coordinates":[[[-70.89892039383884,41.103825195446575],[-70.89887926107612,41.10383949594408],[-70.89883431515689,41.103766084023576],[-70.89887544791962,41.10375178352607],[-70.89892039383884,41.103825195446575]]]},"properties":{"kind":"crosswalk"}},{"type":"Feature","geometry":{"type":"Polygon","coordinates":[[[-70.89886553615726,41.10386702002068],[-70.89888399296707,41.103898194084515],[-70.89878601407129,41.10393113497556],[-70.89876755726148,41.103899960911725],[-70.89886553615726,41.10386702002068]]]},"properties":{"kind":"crosswalk"}},{"type":"Feature","geometry":{"type":"Polygon","coordinates":[[[-70.89898626855899,41.104070940396674],[-70.89900472536881,41.10410211446051],[-70.89890674647303,41.104135055351556],[-70.8988882896632,41.10410388128772],[-70.89898626855899,41.104070940396674]]]},"properties":{"kind":"crosswalk"}},{"type":"Feature","geometry":{"type":"Polygon","coordinates":[[[-70.89904292808978,41.104117525707416],[-70.89908758881897,41.104111813703696],[-70.8991055414292,41.1041915221814],[-70.8990608807,41.10419723418512],[-70.89904292808978,41.104117525707416]]]},"properties":{"kind":"crosswalk"}},{"type":"Feature","geometry":{"type":"Polygon","coordinates":[[[-70.89930610235332,41.10408386632927],[-70.8993507630825,41.10407815432555],[-70.89936871569272,41.104157862803255],[-70.89932405496354,41.104163574806975],[-70.89930610235332,41.10408386632927]]]},"properties":{"kind":"crosswalk"}},{"type":"Feature","geometry":{"type":"Polygon","coordinates":[[[-70.89940260691964,41.104065905909955],[-70.89944360122571,41.10405138140096],[-70.89948925120453,41.104124546210215],[-70.89944825689844,41.104139070719214],[-70.89940260691964,41.104065905909955]]]},"properties":{"kind":"crosswalk"}},{"type":"Feature","geometry":{"type":"Polygon","coordinates":[[[-70.90060828133234,41.10363872880822],[-70.90064927563841,41.10362420429922],[-70.90069492561723,41.103697369108474],[-70.90065393131115,41.10371189361747],[-70.90060828133234,41.10363872880822]]]},"properties":{"kind":"crosswalk"}},{"type":"Feature","geometry":{"type":"Polygon","coordinates":[[[-70.90066207570848,41.10359684036133],[-70.90064222934426,41.103566154885975],[-70.90073867262504,41.103530733980186],[-70.90075851898926,41.10356141945554],[-70.90066207570848,41.10359684036133]]]},"properties":{"kind":"crosswalk"}},{"type":"Feature","geometry":{"type":"Polygon","coordinates":[[[-70.90049477583153,41.103338169493945],[-70.90047492946731,41.10330748401859],[-70.90057137274809,41.103272063112804],[-70.90059121911231,41.103302748588156],[-70.90049477583153,41.103338169493945]]]},"properties":{"kind":"crosswalk"}},{"type":"Feature","geometry":{"type":"Polygon","coordinates":[[[-70.90070995490885,41.10372182376374],[-70.90066896060277,41.10373634827274],[-70.90062331062396,41.10366318346349],[-70.90066430493003,41.10364865895449],[-70.90070995490885,41.10372182376374]]]},"properties":{"kind":"crosswalk"}},{"type":"Feature","geometry":{"type":"Polygon","coordinates":[[[-70.89917886685706,41.104264296714625],[-70.89913787255098,41.10427882122362],[-70.89909222257216,41.10420565641437],[-70.89913321687824,41.10419113190537],[-70.89917886685706,41.104264296714625]]]},"properties":{"kind":"crosswalk"}},{"type":"Feature","geometry":{"type":"Polygon","coordinates":[[[-70.8991237281611,41.10430664555879],[-70.8991413534752,41.10433809169051],[-70.89904251948043,41.10436954856509],[-70.89902489416633,41.104338102433374],[-70.8991237281611,41.10430664555879]]]},"properties":{"kind":"crosswalk"}},{"type":"Feature","geometry":{"type":"Polygon","coordinates":[[[-70.89927422942748,41.10457516177455],[-70.89929185474158,41.10460660790626],[-70.89919302074681,41.10463806478084],[-70.89917539543269,41.10460661864913],[-70.89927422942748,41.10457516177455]]]},"properties":{"kind":"crosswalk"}},{"type":"Feature","geometry":{"type":"Polygon","coordinates":[[[-70.89932752170385,41.1046171555544],[-70.89936882441435,41.104603135971786],[-70.89941288742877,41.10467685120753],[-70.89937158471825,41.104690870790144],[-70.89932752170385,41.1046171555544]]]},"properties":{"kind":"crosswalk"}},{"type":"Feature","geometry":{"type":"Polygon","coordinates":[[[-70.90088012832044,41.10409014663763],[-70.90092143103095,41.104076127055016],[-70.90096549404535,41.10414984229075],[-70.90092419133484,41.10416386187337],[-70.90088012832044,41.10409014663763]]]},"properties":{"kind":"crosswalk"}},{"type":"Feature","geometry":{"type":"Polygon","coordinates":[[[-70.90093518289578,41.104048798633634],[-70.90091660065758,41.10401766691135],[-70.90101444647547,41.103984502161346],[-70.90103302871366,41.10401563388362],[-70.90093518289578,41.104048798633634]]]},"properties":{"kind":"crosswalk"}},{"type":"Feature","geometry":{"type":"Polygon","coordinates":[[[-70.90076459663436,41.10376300722037],[-70.90074601439616,41.1037318754981],[-70.90084386021405,41.103698710748084],[-70.90086244245224,41.10372984247036],[-70.90076459663436,41.10376300722037]]]},"properties":{"kind":"crosswalk"}},{"type":"Feature","geometry":{"type":"Polygon","coordinates":[[[-70.90097582447058,41.10417589303757],[-70.90093452176006,41.104189912620186],[-70.90089045874566,41.10411619738444],[-70.90093176145618,41.104102177801835],[-70.90097582447058,41.10417589303757]]]},"properties":{"kind":"crosswalk"}},{"type":"Feature","geometry":{"type":"Polygon","coordinates":[[[-70.89942512645399,41.10470225410884],[-70.89938382374349,41.10471627369145],[-70.89933976072908,41.10464255845571],[-70.89938106343959,41.104628538873094],[-70.89942512645399,41.10470225410884]]]},"properties":{"kind":"crosswalk"}},{"type":"Feature","geometry":{"type":"Polygon","coordinates":[[[-70.89936974294965,41.104743711654315],[-70.89938778173992,41.104775024358176],[-70.8992893671038,41.104807219186554],[-70.89927132831355,41.10477590648269],[-70.89936974294965,41.104743711654315]]]},"properties":{"kind":"crosswalk"}},{"type":"Feature","geometry":{"type":"Polygon","coordinates":[[[-70.89951612577599,41.10499781084968],[-70.89953416456625,41.10502912355354],[-70.89943574993013,41.10506131838193],[-70.89941771113988,41.10503000567807],[-70.89951612577599,41.10499781084968]]]},"properties":{"kind":"crosswalk"}},{"type":"Feature","geometry":{"type":"Polygon","coordinates":[[[-70.89957004150672,41.10503952336951],[-70.89961127766159,41.1050253929703],[-70.89965568896837,41.1050989894205],[-70.8996144528135,41.10511311981971],[-70.89957004150672,41.10503952336951]]]},"properties":{"kind":"crosswalk"}},{"type":"Feature","geometry":{"type":"Polygon","coordinates":[[[-70.9010976154222,41.1045160693927],[-70.90113885157707,41.10450193899349],[-70.90118326288383,41.104575535443686],[-70.90114202672896,41.1045896658429],[-70.9010976154222,41.1045160693927]]]},"properties":{"kind":"crosswalk"}},{"type":"Feature","geometry":{"type":"Polygon","coordinates":[[[-70.90115414324653,41.104474051961105],[-70.90113817158904,41.10444210813291],[-70.9012385698249,41.1044136026309],[-70.9012545414824,41.1044455464591],[-70.90115414324653,41.104474051961105]]]},"properties":{"kind":"crosswalk"}},{"type":"Feature","geometry":{"type":"Polygon","coordinates":[[[-70.90102646219293,41.10421868575125],[-70.90101049053543,41.10418674192306],[-70.9011108887713,41.10415823642104],[-70.90112686042879,41.10419018024924],[-70.90102646219293,41.10421868575125]]]},"properties":{"kind":"crosswalk"}},{"type":"Feature","geometry":{"type":"Polygon","coordinates":[[[-70.90123722641071,41.10458664871377],[-70.90119599025584,41.104600779112985],[-70.90115157894908,41.104527182662785],[-70.90119281510395,41.10451305226357],[-70.90123722641071,41.10458664871377]]]},"properties":{"kind":"crosswalk"}},{"type":"Feature","geometry":{"type":"Polygon","coordinates":[[[-70.89962721510116,41.10513835152446],[-70.89958597894629,41.105152481923675],[-70.89954156763952,41.105078885473475],[-70.8995828037944,41.10506475507426],[-70.89962721510116,41.10513835152446]]]},"properties":{"kind":"crosswalk"}},{"type":"Feature","geometry":{"type":"Polygon","coordinates":[[[-70.89965799689956,41.10527349858959],[-70.89970295731486,41.10527766696356],[-70.89968985627416,41.105357910307674],[-70.89964489585887,41.1053537419337],[-70.89965799689956,41.10527349858959]]]},"properties":{"kind":"crosswalk"}},{"type":"Feature","geometry":{"type":"Polygon","coordinates":[[[-70.90003511311376,41.10530846182117],[-70.90008007352905,41.105312630195144],[-70.90006697248835,41.10539287353925],[-70.90002201207305,41.105388705165275],[-70.90003511311376,41.10530846182117]]]},"properties":{"kind":"crosswalk"}},{"type":"Feature","geometry":{"type":"Polygon","coordinates":[[[-70.9001340132962,41.10531054321895],[-70.90017817075707,41.105302926797364],[-70.90020210888015,41.10538173706423],[-70.90015795141929,41.10538935348581],[-70.9001340132962,41.10531054321895]]]},"properties":{"kind":"crosswalk"}},{"type":"Feature","geometry":{"type":"Polygon","coordinates":[[[-70.9008573343433,41.10518578246662],[-70.90090149180416,41.105178166045036],[-70.90092542992726,41.1052569763119],[-70.90088127246638,41.105264592733484],[-70.9008573343433,41.10518578246662]]]},"properties":{"kind":"crosswalk"}},{"type":"Feature","geometry":{"type":"Polygon","coordinates":[[[-70.90095322867032,41.10516508894994],[-70.90099454951005,41.105151099736155],[-70.90103851707637,41.10522484732812],[-70.90099719623664,41.1052388365419],[-70.90095322867032,41.10516508894994]]]},"properties":{"kind":"crosswalk"}},{"type":"Feature","geometry":{"type":"Polygon","coordinates":[[[-70.90143631697352,41.10500153889643],[-70.90147763781324,41.10498754968265],[-70.90152160537957,41.1050612972746],[-70.90148028453984,41.105075286488386],[-70.90143631697352,41.10500153889643]]]},"properties":{"kind":"crosswalk"}},{"type":"Feature","geometry":{"type":"Polygon","coordinates":[[[-70.90149135702386,41.104960254464295],[-70.90147270270602,41.104929147230365],[-70.90157047155796,41.10489585383581],[-70.9015891258758,41.10492696106974],[-70.90149135702386,41.104960254464295]]]},"properties":{"kind":"crosswalk"}},{"type":"Feature","geometry":{"type":"Polygon","coordinates":[[[-70.9012921302252,41.104628031400296],[-70.90127347590736,41.104596924166366],[-70.9013712447593,41.1045636307718],[-70.90138989907715,41.10459473800574],[-70.9012921302252,41.104628031400296]]]},"properties":{"kind":"crosswalk"}},{"type":"Feature","geometry":{"type":"Polygon","coordinates":[[[-70.90153532963949,41.105086195197906],[-70.90149400879976,41.10510018441168],[-70.90145004123343,41.10502643681973],[-70.90149136207317,41.105012447605944],[-70.90153532963949,41.105086195197906]]]},"properties":{"kind":"crosswalk"}},{"type":"Feature","geometry":{"type":"Polygon","coordinates":[[[-70.90076376174979,41.10534741031906],[-70.90072244091004,41.105361399532846],[-70.90067847334373,41.105287651940884],[-70.90071979418346,41.1052736627271],[-70.90076376174979,41.10534741031906]]]},"properties":{"kind":"crosswalk"}},{"type":"Feature","geometry":{"type":"Polygon","coordinates":[[[-70.90072464381105,41.10537238965175],[-70.90076960422634,41.10537655802572],[-70.90075650318565,41.105456801369826],[-70.90071154277035,41.105452632995856],[-70.90072464381105,41.10537238965175]]]},"properties":{"kind":"crosswalk"}},{"type":"Feature","geometry":{"type":"Polygon","coordinates":[[[-70.90094329860243,41.105392661593974],[-70.90098825901772,41.105396829967944],[-70.90097515797702,41.10547707331205],[-70.90093019756172,41.10547290493808],[-70.90094329860243,41.105392661593974]]]},"properties":{"kind":"crosswalk"}},{"type":"Feature","geometry":{"type":"Polygon","coordinates":[[[-70.90104288492573,41.10539895671795],[-70.90108817601063,41.10539830210485],[-70.90109023343469,41.105479135613336],[-70.90104494234978,41.10547979022643],[-70.90104288492573,41.10539895671795]]]},"properties":{"kind":"crosswalk"}},{"type":"Feature","geometry":{"type":"Polygon","coordinates":[[[-70.90146416479911,41.105392867764145],[-70.90150945588401,41.10539221315105],[-70.90151151330805,41.10547304665953],[-70.90146622222315,41.10547370127263],[-70.90146416479911,41.105392867764145]]]},"properties":{"kind":"crosswalk"}},{"type":"Feature","geometry":{"type":"Polygon","coordinates":[[[-70.90171515261663,41.105349172109484],[-70.90169726579563,41.105317809939706],[-70.90179583590125,41.10528588633932],[-70.90181372272224,41.105317248509095],[-70.90171515261663,41.105349172109484]]]},"properties":{"kind":"crosswalk"}},{"type":"Feature","geometry":{"type":"Polygon","coordinates":[[[-70.90158905267617,41.10512807257789],[-70.90157116585519,41.10509671040811],[-70.9016697359608,41.105064786807716],[-70.90168762278178,41.1050961489775],[-70.90158905267617,41.10512807257789]]]},"properties":{"kind":"crosswalk"}},{"type":"Feature","geometry":{"type":"Polygon","coordinates":[[[-70.89624602759481,41.103337250892274],[-70.89628734963848,41.10332326369804],[-70.89633131085743,41.103397013438716],[-70.89628998881378,41.10341100063295],[-70.89624602759481,41.103337250892274]]]},"properties":{"kind":"crosswalk"}},{"type":"Feature","geometry":{"type":"Polygon","coordinates":[[[-70.89685646060104,41.10313062401064],[-70.8968977826447,41.10311663681641],[-70.89694174386366,41.10319038655709],[-70.89690042182,41.10320437375132],[-70.89685646060104,41.10313062401064]]]},"properties":{"kind":"crosswalk"}},{"type":"Feature","geometry":{"type":"Polygon","coordinates":[[[-70.8968953752884,41.103108170883054],[-70.89685007587346,41.103108170883054],[-70.89685007587346,41.10302732250749],[-70.8968953752884,41.10302732250749],[-70.8968953752884,41.103108170883054]]]},"properties":{"kind":"crosswalk"}},{"type":"Feature","geometry":{"type":"Polygon","coordinates":[[[-70.89628801540239,41.103108170883054],[-70.89624271598744,41.103108170883054],[-70.89624271598744,41.10302732250749],[-70.89628801540239,41.10302732250749],[-70.89628801540239,41.103108170883054]]]},"properties":{"kind":"crosswalk"}},{"type":"Feature","geometry":{"type":"Polygon","coordinates":[[[-70.89724690046889,41.10311663681641],[-70.89720557842521,41.10313062401064],[-70.89716161720627,41.10305687426996],[-70.89720293924992,41.10304288707572],[-70.89724690046889,41.10311663681641]]]},"properties":{"kind":"crosswalk"}},{"type":"Feature","geometry":{"type":"Polygon","coordinates":[[[-70.89634439262923,41.10342212878465],[-70.89630307058557,41.10343611597889],[-70.89625910936661,41.1033623662382],[-70.89630043141028,41.10334837904397],[-70.89634439262923,41.10342212878465]]]},"properties":{"kind":"crosswalk"}},{"type":"Feature","geometry":{"type":"Polygon","coordinates":[[[-70.8962895744961,41.103463332833236],[-70.89630859865278,41.103494312615766],[-70.89621123037574,41.10352826608219],[-70.89619220621906,41.10349728629967],[-70.8962895744961,41.103463332833236]]]},"properties":{"kind":"crosswalk"}},{"type":"Feature","geometry":{"type":"Polygon","coordinates":[[[-70.89650507526098,41.10381426385956],[-70.89652409941766,41.103845243642084],[-70.89642673114064,41.10387919710851],[-70.89640770698395,41.10384821732599],[-70.89650507526098,41.10381426385956]]]},"properties":{"kind":"crosswalk"}},{"type":"Feature","geometry":{"type":"Polygon","coordinates":[[[-70.8965606401963,41.10385555459132],[-70.89660198776085,41.10384161029014],[-70.89664581416858,41.10391540557935],[-70.89660446660403,41.10392934988053],[-70.8965606401963,41.10385555459132]]]},"properties":{"kind":"crosswalk"}},{"type":"Feature","geometry":{"type":"Polygon","coordinates":[[[-70.89826142788802,41.10328197072777],[-70.89830277545256,41.10326802642659],[-70.8983466018603,41.1033418217158],[-70.89830525429575,41.10335576601698],[-70.89826142788802,41.10328197072777]]]},"properties":{"kind":"crosswalk"}},{"type":"Feature","geometry":{"type":"Polygon","coordinates":[[[-70.89820526628802,41.103108170883054],[-70.89815996687307,41.103108170883054],[-70.89815996687307,41.10302732250749],[-70.89820526628802,41.10302732250749],[-70.89820526628802,41.103108170883054]]]},"properties":{"kind":"crosswalk"}},{"type":"Feature","geometry":{"type":"Polygon","coordinates":[[[-70.8973446286614,41.103108170883054],[-70.89729932924647,41.103108170883054],[-70.89729932924647,41.10302732250749],[-70.8973446286614,41.10302732250749],[-70.8973446286614,41.103108170883054]]]},"properties":{"kind":"crosswalk"}},{"type":"Feature","geometry":{"type":"Polygon","coordinates":[[[-70.89831646935875,41.10338150897186],[-70.89827512179421,41.10339545327304],[-70.89823129538648,41.10332165798383],[-70.89827264295101,41.10330771368264],[-70.89831646935875,41.10338150897186]]]},"properties":{"kind":"crosswalk"}},{"type":"Feature","geometry":{"type":"Polygon","coordinates":[[[-70.89670425191163,41.10392522287378],[-70.89666290434708,41.10393916717496],[-70.89661907793935,41.103865371885746],[-70.8966604255039,41.103851427584566],[-70.89670425191163,41.10392522287378]]]},"properties":{"kind":"crosswalk"}},{"type":"Feature","geometry":{"type":"Polygon","coordinates":[[[-70.89664888014853,41.10396653205222],[-70.89666705729807,41.103997799287384],[-70.89656878556835,41.10403024105324],[-70.8965506084188,41.10399897381807],[-70.89664888014853,41.10396653205222]]]},"properties":{"kind":"crosswalk"}},{"type":"Feature","geometry":{"type":"Polygon","coordinates":[[[-70.8968709498962,41.1043485230243],[-70.89688912704574,41.104379790259465],[-70.89679085531601,41.10441223202532],[-70.89677267816647,41.10438096479015],[-70.8968709498962,41.1043485230243]]]},"properties":{"kind":"crosswalk"}},{"type":"Feature","geometry":{"type":"Polygon","coordinates":[[[-70.89692509619294,41.10439017659323],[-70.89696634633007,41.10437606938776],[-70.89701068473977,41.104449690792876],[-70.89696943460264,41.10446379799834],[-70.89692509619294,41.10439017659323]]]},"properties":{"kind":"crosswalk"}},{"type":"Feature","geometry":{"type":"Polygon","coordinates":[[[-70.8985154101143,41.1038463023954],[-70.89855666025143,41.10383219518993],[-70.89860099866112,41.10390581659505],[-70.898559748524,41.10391992380052],[-70.8985154101143,41.1038463023954]]]},"properties":{"kind":"crosswalk"}},{"type":"Feature","geometry":{"type":"Polygon","coordinates":[[[-70.89857140960734,41.1038044837041],[-70.89855452797129,41.10377280671559],[-70.8986540875402,41.10374267712443],[-70.89867096917625,41.10377435411294],[-70.89857140960734,41.1038044837041]]]},"properties":{"kind":"crosswalk"}},{"type":"Feature","geometry":{"type":"Polygon","coordinates":[[[-70.89836859498465,41.1034239189027],[-70.89835171334859,41.103392241914186],[-70.89845127291748,41.103362112323026],[-70.89846815455354,41.10339378931154],[-70.89836859498465,41.1034239189027]]]},"properties":{"kind":"crosswalk"}},{"type":"Feature","geometry":{"type":"Polygon","coordinates":[[[-70.89861258808607,41.1039314480324],[-70.89857133794894,41.103945555237864],[-70.89852699953924,41.10387193383274],[-70.89856824967637,41.10385782662728],[-70.89861258808607,41.1039314480324]]]},"properties":{"kind":"crosswalk"}},{"type":"Feature","geometry":{"type":"Polygon","coordinates":[[[-70.897021572939,41.10447556204361],[-70.89698032280185,41.10448966924908],[-70.89693598439216,41.10441604784396],[-70.8969772345293,41.104401940638496],[-70.897021572939,41.10447556204361]]]},"properties":{"kind":"crosswalk"}},{"type":"Feature","geometry":{"type":"Polygon","coordinates":[[[-70.89696546591317,41.104517413078895],[-70.8969821698864,41.1045491435053],[-70.89688244236423,41.104578956011764],[-70.896865738391,41.10454722558536],[-70.89696546591317,41.104517413078895]]]},"properties":{"kind":"crosswalk"}},{"type":"Feature","geometry":{"type":"Polygon","coordinates":[[[-70.89710269956474,41.10477809849926],[-70.89711940353796,41.10480982892567],[-70.89701967601579,41.10483964143213],[-70.89700297204256,41.10480791100572],[-70.89710269956474,41.10477809849926]]]},"properties":{"kind":"crosswalk"}},{"type":"Feature","geometry":{"type":"Polygon","coordinates":[[[-70.89715461609035,41.10482072352742],[-70.89719608937757,41.104806992877805],[-70.89723924428655,41.104881012551274],[-70.89719777099931,41.10489474320088],[-70.89715461609035,41.10482072352742]]]},"properties":{"kind":"crosswalk"}},{"type":"Feature","geometry":{"type":"Polygon","coordinates":[[[-70.89877238276158,41.10428512606721],[-70.89881385604882,41.1042713954176],[-70.89885701095778,41.10434541509107],[-70.89881553767056,41.10435914574067],[-70.89877238276158,41.10428512606721]]]},"properties":{"kind":"crosswalk"}},{"type":"Feature","geometry":{"type":"Polygon","coordinates":[[[-70.89882778707462,41.10424421624894],[-70.8988093302648,41.10421304218511],[-70.89890730916058,41.10418010129406],[-70.8989257659704,41.10421127535789],[-70.89882778707462,41.10424421624894]]]},"properties":{"kind":"crosswalk"}},{"type":"Feature","geometry":{"type":"Polygon","coordinates":[[[-70.89866718331115,41.10397295203682],[-70.89864872650134,41.103941777972985],[-70.89874670539712,41.10390883708194],[-70.89876516220693,41.103940011145774],[-70.89866718331115,41.10397295203682]]]},"properties":{"kind":"crosswalk"}},{"type":"Feature","geometry":{"type":"Polygon","coordinates":[[[-70.8988708217302,41.10437027841626],[-70.89882934844296,41.104384009065875],[-70.898786193534,41.104309989392405],[-70.89882766682123,41.1042962587428],[-70.8988708217302,41.10437027841626]]]},"properties":{"kind":"crosswalk"}},{"type":"Feature","geometry":{"type":"Polygon","coordinates":[[[-70.89725246653148,41.10490607072151],[-70.89721099324424,41.104919801371125],[-70.89716783833528,41.104845781697655],[-70.89720931162252,41.10483205104805],[-70.89725246653148,41.10490607072151]]]},"properties":{"kind":"crosswalk"}},{"type":"Feature","geometry":{"type":"Polygon","coordinates":[[[-70.89719740286495,41.10494686390647],[-70.89721642248203,41.104977845271776],[-70.89711904923037,41.10501179063613],[-70.89710002961328,41.10498080927081],[-70.89719740286495,41.10494686390647]]]},"properties":{"kind":"crosswalk"}},{"type":"Feature","geometry":{"type":"Polygon","coordinates":[[[-70.89737679113044,41.10523907238582],[-70.89739581074753,41.105270053751134],[-70.89729843749586,41.10530399911548],[-70.89727941787878,41.10527301775017],[-70.89737679113044,41.10523907238582]]]},"properties":{"kind":"crosswalk"}},{"type":"Feature","geometry":{"type":"Polygon","coordinates":[[[-70.89743218223515,41.1052800906449],[-70.8974732546411,41.10526569197362],[-70.89751850911671,41.10533899617204],[-70.89747743671077,41.10535339484331],[-70.89743218223515,41.1052800906449]]]},"properties":{"kind":"crosswalk"}},{"type":"Feature","geometry":{"type":"Polygon","coordinates":[[[-70.89901970444261,41.104723556157246],[-70.89906077684856,41.10470915748598],[-70.89910603132418,41.104782461684394],[-70.89906495891823,41.10479686035566],[-70.89901970444261,41.104723556157246]]]},"properties":{"kind":"crosswalk"}},{"type":"Feature","geometry":{"type":"Polygon","coordinates":[[[-70.89907496850941,41.104681409315745],[-70.8990573431953,41.10464996318403],[-70.89915617719008,41.10461850630946],[-70.89917380250418,41.10464995244117],[-70.89907496850941,41.104681409315745]]]},"properties":{"kind":"crosswalk"}},{"type":"Feature","geometry":{"type":"Polygon","coordinates":[[[-70.89892421725038,41.10441244707662],[-70.89890659193627,41.104381000944905],[-70.89900542593105,41.10434954407033],[-70.89902305124515,41.104380990202046],[-70.89892421725038,41.10441244707662]]]},"properties":{"kind":"crosswalk"}},{"type":"Feature","geometry":{"type":"Polygon","coordinates":[[[-70.8991603976553,41.104793125578176],[-70.89911932524934,41.104807524249445],[-70.89907407077372,41.10473422005103],[-70.89911514317967,41.10471982137976],[-70.8991603976553,41.104793125578176]]]},"properties":{"kind":"crosswalk"}},{"type":"Feature","geometry":{"type":"Polygon","coordinates":[[[-70.89749097887811,41.105378370382596],[-70.89744990647218,41.10539276905387],[-70.89740465199655,41.105319464855455],[-70.89744572440249,41.10530506618418],[-70.89749097887811,41.105378370382596]]]},"properties":{"kind":"crosswalk"}},{"type":"Feature","geometry":{"type":"Polygon","coordinates":[[[-70.89770323275737,41.10550546509508],[-70.89774846321335,41.10550734792509],[-70.8977425455503,41.105588073225775],[-70.89769731509432,41.10558619039576],[-70.89770323275737,41.10550546509508]]]},"properties":{"kind":"crosswalk"}},{"type":"Feature","geometry":{"type":"Polygon","coordinates":[[[-70.89809339057228,41.105521706382675],[-70.89813862102827,41.105523589212694],[-70.89813270336522,41.10560431451338],[-70.89808747290924,41.10560243168336],[-70.89809339057228,41.105521706382675]]]},"properties":{"kind":"crosswalk"}},{"type":"Feature","geometry":{"type":"Polygon","coordinates":[[[-70.898190915861,41.105516109868475],[-70.89823208556342,41.10550186986106],[-70.8982768413646,41.105575347709895],[-70.89823567166216,41.10558958771732],[-70.898190915861,41.105516109868475]]]},"properties":{"kind":"crosswalk"}},{"type":"Feature","geometry":{"type":"Polygon","coordinates":[[[-70.89930544160143,41.10513061145884],[-70.89934661130387,41.105116371451416],[-70.89939136710504,41.10518984930026],[-70.89935019740261,41.105204089307676],[-70.89930544160143,41.10513061145884]]]},"properties":{"kind":"crosswalk"}},{"type":"Feature","geometry":{"type":"Polygon","coordinates":[[[-70.89936061159281,41.10508880007354],[-70.89934257280254,41.10505748736968],[-70.89944098743865,41.1050252925413],[-70.89945902622891,41.10505660524516],[-70.89936061159281,41.10508880007354]]]},"properties":{"kind":"crosswalk"}},{"type":"Feature","geometry":{"type":"Polygon","coordinates":[[[-70.89921421427483,41.10483467572281],[-70.89919617548458,41.10480336301895],[-70.89929459012068,41.10477116819057],[-70.89931262891095,41.10480248089443],[-70.89921421427483,41.10483467572281]]]},"properties":{"kind":"crosswalk"}},{"type":"Feature","geometry":{"type":"Polygon","coordinates":[[[-70.89940596518932,41.105214452778455],[-70.89936479548689,41.10522869278587],[-70.8993200396857,41.10515521493703],[-70.89936120938813,41.10514097492961],[-70.89940596518932,41.105214452778455]]]},"properties":{"kind":"crosswalk"}},{"type":"Feature","geometry":{"type":"Polygon","coordinates":[[[-70.89858395138761,41.10549877551929],[-70.89854278168518,41.10551301552671],[-70.89849802588401,41.10543953767787],[-70.89853919558644,41.10542529767044],[-70.89858395138761,41.10549877551929]]]},"properties":{"kind":"crosswalk"}},{"type":"Feature","geometry":{"type":"Polygon","coordinates":[[[-70.89871816302686,41.105516996346836],[-70.89876310542567,41.10551271906751],[-70.89877654875175,41.105592930256634],[-70.89873160635294,41.105597207535965],[-70.89871816302686,41.105516996346836]]]},"properties":{"kind":"crosswalk"}},{"type":"Feature","geometry":{"type":"Polygon","coordinates":[[[-70.89913440221375,41.10547738183324],[-70.89917934461258,41.105473104553916],[-70.89919278793866,41.10555331574304],[-70.89914784553983,41.10555759302237],[-70.89913440221375,41.10547738183324]]]},"properties":{"kind":"crosswalk"}},{"type":"Feature","geometry":{"type":"Polygon","coordinates":[[[-70.89923327347502,41.10546590573494],[-70.8992774309359,41.10545828931335],[-70.89930136905897,41.10553709958021],[-70.89925721159811,41.1055447160018],[-70.89923327347502,41.10546590573494]]]},"properties":{"kind":"crosswalk"}},{"type":"Feature","geometry":{"type":"Polygon","coordinates":[[[-70.89948925410717,41.105421753368056],[-70.89953341156803,41.105414136946465],[-70.89955734969112,41.10549294721333],[-70.89951319223024,41.10550056363492],[-70.89948925410717,41.105421753368056]]]},"properties":{"kind":"crosswalk"}},{"type":"Feature","geometry":{"type":"Polygon","coordinates":[[[-70.8942061058134,41.10312832744763],[-70.89422408318435,41.10315966020324],[-70.89412560552637,41.1031917454132],[-70.89410762815541,41.10316041265759],[-70.8942061058134,41.10312832744763]]]},"properties":{"kind":"crosswalk"}},{"type":"Feature","geometry":{"type":"Polygon","coordinates":[[[-70.89435493240818,41.10338771728451],[-70.89437290977915,41.103419050040124],[-70.89427443212115,41.10345113525008],[-70.89425645475019,41.10341980249448],[-70.89435493240818,41.10338771728451]]]},"properties":{"kind":"crosswalk"}},{"type":"Feature","geometry":{"type":"Polygon","coordinates":[[[-70.89440879110546,41.10342953120257],[-70.8944500959258,41.103415515150125],[-70.89449414784501,41.1034892341514],[-70.89445284302467,41.103503250203836],[-70.89440879110546,41.10342953120257]]]},"properties":{"kind":"crosswalk"}},{"type":"Feature","geometry":{"type":"Polygon","coordinates":[[[-70.89528952371307,41.10313067033566],[-70.89533082853342,41.10311665428322],[-70.89537488045262,41.103190373284484],[-70.89533357563228,41.10320438933692],[-70.89528952371307,41.10313067033566]]]},"properties":{"kind":"crosswalk"}},{"type":"Feature","geometry":{"type":"Polygon","coordinates":[[[-70.89532841075247,41.103108170883054],[-70.89528311133752,41.103108170883054],[-70.89528311133752,41.10302732250749],[-70.89532841075247,41.10302732250749],[-70.89532841075247,41.103108170883054]]]},"properties":{"kind":"crosswalk"}},{"type":"Feature","geometry":{"type":"Polygon","coordinates":[[[-70.89427133632668,41.103108170883054],[-70.89422603691173,41.103108170883054],[-70.89422603691173,41.10302732250749],[-70.89427133632668,41.10302732250749],[-70.89427133632668,41.103108170883054]]]},"properties":{"kind":"crosswalk"}},{"type":"Feature","geometry":{"type":"Polygon","coordinates":[[[-70.89567922754502,41.10311665428322],[-70.89563792272469,41.10313067033566],[-70.89559387080547,41.103056951334395],[-70.89563517562581,41.10304293528195],[-70.89567922754502,41.10311665428322]]]},"properties":{"kind":"crosswalk"}},{"type":"Feature","geometry":{"type":"Polygon","coordinates":[[[-70.89451015025,41.103513359765515],[-70.89446884542966,41.103527375817954],[-70.89442479351045,41.10345365681669],[-70.8944660983308,41.10343964076424],[-70.89451015025,41.103513359765515]]]},"properties":{"kind":"crosswalk"}},{"type":"Feature","geometry":{"type":"Polygon","coordinates":[[[-70.89445596412384,41.10355439259944],[-70.89447598678672,41.103585012968594],[-70.89437974813224,41.10362074852436],[-70.89435972546936,41.10359012815521],[-70.89445596412384,41.10355439259944]]]},"properties":{"kind":"crosswalk"}},{"type":"Feature","geometry":{"type":"Polygon","coordinates":[[[-70.89463696713344,41.10383119788768],[-70.89465698979633,41.103861818256824],[-70.89456075114185,41.103897553812594],[-70.89454072847897,41.10386693344344],[-70.89463696713344,41.10383119788768]]]},"properties":{"kind":"crosswalk"}},{"type":"Feature","geometry":{"type":"Polygon","coordinates":[[[-70.89469404118034,41.10387175554287],[-70.89473523384756,41.10385755329849],[-70.89477987096095,41.10393107213387],[-70.89473867829373,41.10394527437825],[-70.89469404118034,41.10387175554287]]]},"properties":{"kind":"crosswalk"}},{"type":"Feature","geometry":{"type":"Polygon","coordinates":[[[-70.89602450228332,41.1034130444421],[-70.89606569495055,41.10339884219772],[-70.89611033206393,41.1034723610331],[-70.89606913939672,41.10348656327748],[-70.89602450228332,41.1034130444421]]]},"properties":{"kind":"crosswalk"}},{"type":"Feature","geometry":{"type":"Polygon","coordinates":[[[-70.89608026893886,41.10337111607349],[-70.89606315503495,41.10333950993871],[-70.89616249191327,41.10330896580624],[-70.89617960581718,41.103340571941025],[-70.89608026893886,41.10337111607349]]]},"properties":{"kind":"crosswalk"}},{"type":"Feature","geometry":{"type":"Polygon","coordinates":[[[-70.89596536324358,41.10315890704678],[-70.89594824933967,41.103127300912],[-70.89604758621797,41.10309675677953],[-70.8960647001219,41.10312836291431],[-70.89596536324358,41.10315890704678]]]},"properties":{"kind":"crosswalk"}},{"type":"Feature","geometry":{"type":"Polygon","coordinates":[[[-70.89607947364962,41.103512636488844],[-70.8960382809824,41.103526838733224],[-70.895993643869,41.103453319897845],[-70.89603483653623,41.103439117653465],[-70.89607947364962,41.103512636488844]]]},"properties":{"kind":"crosswalk"}},{"type":"Feature","geometry":{"type":"Polygon","coordinates":[[[-70.89507664158803,41.10385838894852],[-70.89503544892081,41.103872591192896],[-70.89499081180743,41.10379907235752],[-70.89503200447464,41.10378487011314],[-70.89507664158803,41.10385838894852]]]},"properties":{"kind":"crosswalk"}},{"type":"Feature","geometry":{"type":"Polygon","coordinates":[[[-70.89482871207404,41.10405831602738],[-70.89484699855015,41.1040895470418],[-70.89474884066082,41.104122183928844],[-70.89473055418472,41.10409095291442],[-70.89482871207404,41.10405831602738]]]},"properties":{"kind":"crosswalk"}},{"type":"Feature","geometry":{"type":"Polygon","coordinates":[[[-70.89499406137925,41.10434071196324],[-70.89501234785536,41.104371942977664],[-70.89491418996604,41.10440457986471],[-70.89489590348992,41.10437334885029],[-70.89499406137925,41.10434071196324]]]},"properties":{"kind":"crosswalk"}},{"type":"Feature","geometry":{"type":"Polygon","coordinates":[[[-70.89504829660623,41.104382165082704],[-70.89508940371853,41.104367822763564],[-70.89513448108156,41.104441188904325],[-70.89509337396926,41.104455531223465],[-70.89504829660623,41.104382165082704]]]},"properties":{"kind":"crosswalk"}},{"type":"Feature","geometry":{"type":"Polygon","coordinates":[[[-70.89629616126341,41.10394678365698],[-70.8963372683757,41.10393244133784],[-70.89638234573873,41.1040058074786],[-70.89634123862643,41.10402014979774],[-70.89629616126341,41.10394678365698]]]},"properties":{"kind":"crosswalk"}},{"type":"Feature","geometry":{"type":"Polygon","coordinates":[[[-70.89635063437515,41.10390500953947],[-70.89633161021847,41.10387402975694],[-70.89642897849549,41.10384007629051],[-70.89644800265218,41.10387105607304],[-70.89635063437515,41.10390500953947]]]},"properties":{"kind":"crosswalk"}},{"type":"Feature","geometry":{"type":"Polygon","coordinates":[[[-70.89613494483129,41.10355377109709],[-70.8961159206746,41.10352279131456],[-70.89621328895164,41.10348883784813],[-70.89623231310833,41.10351981763066],[-70.89613494483129,41.10355377109709]]]},"properties":{"kind":"crosswalk"}},{"type":"Feature","geometry":{"type":"Polygon","coordinates":[[[-70.89643927015908,41.10401564437733],[-70.89639816304678,41.10402998669647],[-70.89635308568377,41.103956620555714],[-70.89639419279605,41.10394227823657],[-70.89643927015908,41.10401564437733]]]},"properties":{"kind":"crosswalk"}},{"type":"Feature","geometry":{"type":"Polygon","coordinates":[[[-70.89510023460151,41.1044828354359],[-70.89505912748923,41.10449717775504],[-70.8950140501262,41.10442381161429],[-70.8950551572385,41.10440946929515],[-70.89510023460151,41.1044828354359]]]},"properties":{"kind":"crosswalk"}},{"type":"Feature","geometry":{"type":"Polygon","coordinates":[[[-70.89504382042293,41.1045252194557],[-70.89505963759959,41.104557206902875],[-70.89495910227096,41.10458543669438],[-70.8949432850943,41.10455344924721],[-70.89504382042293,41.1045252194557]]]},"properties":{"kind":"crosswalk"}},{"type":"Feature","geometry":{"type":"Polygon","coordinates":[[[-70.89522926638219,41.1049002511665],[-70.89524508355885,41.104932238613664],[-70.89514454823022,41.104960468405174],[-70.89512873105355,41.104928480958],[-70.89522926638219,41.1049002511665]]]},"properties":{"kind":"crosswalk"}},{"type":"Feature","geometry":{"type":"Polygon","coordinates":[[[-70.89528530786959,41.10494408622682],[-70.89532669180348,41.10493020332679],[-70.89537032522975,41.10500406352639],[-70.89532894129586,41.10501794642643],[-70.89528530786959,41.10494408622682]]]},"properties":{"kind":"crosswalk"}},{"type":"Feature","geometry":{"type":"Polygon","coordinates":[[[-70.8956170079873,41.104832812137005],[-70.89565839192119,41.10481892923697],[-70.89570202534746,41.10489278943657],[-70.89566064141357,41.10490667233661],[-70.8956170079873,41.104832812137005]]]},"properties":{"kind":"crosswalk"}},{"type":"Feature","geometry":{"type":"Polygon","coordinates":[[[-70.89570845540516,41.104802068221666],[-70.89574978505347,41.10478809379207],[-70.89579370615367,41.1048618571052],[-70.89575237650534,41.10487583153479],[-70.89570845540516,41.104802068221666]]]},"properties":{"kind":"crosswalk"}},{"type":"Feature","geometry":{"type":"Polygon","coordinates":[[[-70.89665996312357,41.104480343305916],[-70.89670129277188,41.104466368876324],[-70.89674521387208,41.10454013218945],[-70.89670388422377,41.10455410661905],[-70.89665996312357,41.104480343305916]]]},"properties":{"kind":"crosswalk"}},{"type":"Feature","geometry":{"type":"Polygon","coordinates":[[[-70.89671530612641,41.10443898576344],[-70.89669712897687,41.10440771852828],[-70.8967954007066,41.10437527676242],[-70.89681357785614,41.104406543997584],[-70.89671530612641,41.10443898576344]]]},"properties":{"kind":"crosswalk"}},{"type":"Feature","geometry":{"type":"Polygon","coordinates":[[[-70.89649332988816,41.10405715564061],[-70.8964751527386,41.104025888405445],[-70.89657342446834,41.10399344663959],[-70.89659160161789,41.10402471387476],[-70.89649332988816,41.10405715564061]]]},"properties":{"kind":"crosswalk"}},{"type":"Feature","geometry":{"type":"Polygon","coordinates":[[[-70.89675633406783,41.10456591020487],[-70.89671500441952,41.10457988463447],[-70.89667108331933,41.104506121321336],[-70.89671241296764,41.104492146891744],[-70.89675633406783,41.10456591020487]]]},"properties":{"kind":"crosswalk"}},{"type":"Feature","geometry":{"type":"Polygon","coordinates":[[[-70.89560386613044,41.10495558402767],[-70.89556253648212,41.10496955845726],[-70.89551861538193,41.10489579514414],[-70.89555994503024,41.10488182071454],[-70.89560386613044,41.10495558402767]]]},"properties":{"kind":"crosswalk"}},{"type":"Feature","geometry":{"type":"Polygon","coordinates":[[[-70.89573650070045,41.10502810821301],[-70.89578082679016,41.10503514646144],[-70.8957587058433,41.105114257689536],[-70.8957143797536,41.1051072194411],[-70.89573650070045,41.10502810821301]]]},"properties":{"kind":"crosswalk"}},{"type":"Feature","geometry":{"type":"Polygon","coordinates":[[[-70.89622078849781,41.10510500508912],[-70.89626511458752,41.10511204333755],[-70.89624299364067,41.105191154565645],[-70.89619866755095,41.10518411631721],[-70.89622078849781,41.10510500508912]]]},"properties":{"kind":"crosswalk"}},{"type":"Feature","geometry":{"type":"Polygon","coordinates":[[[-70.89631687540526,41.10510770635341],[-70.89635806718834,41.10509350265293],[-70.89640270887821,41.10516701991034],[-70.89636151709513,41.10518122361083],[-70.89631687540526,41.10510770635341]]]},"properties":{"kind":"crosswalk"}},{"type":"Feature","geometry":{"type":"Polygon","coordinates":[[[-70.89688903446707,41.104910415162436],[-70.89693022625016,41.10489621146195],[-70.89697486794002,41.10496972871937],[-70.89693367615693,41.104983932419856],[-70.89688903446707,41.104910415162436]]]},"properties":{"kind":"crosswalk"}},{"type":"Feature","geometry":{"type":"Polygon","coordinates":[[[-70.89694504781929,41.10486840922725],[-70.89692834384606,41.104836678800844],[-70.89702807136823,41.10480686629439],[-70.89704477534146,41.104838596720796],[-70.89694504781929,41.10486840922725]]]},"properties":{"kind":"crosswalk"}},{"type":"Feature","geometry":{"type":"Polygon","coordinates":[[[-70.8968081636541,41.10460838768198],[-70.89679145968087,41.10457665725557],[-70.89689118720305,41.10454684474911],[-70.89690789117627,41.104578575175516],[-70.8968081636541,41.10460838768198]]]},"properties":{"kind":"crosswalk"}},{"type":"Feature","geometry":{"type":"Polygon","coordinates":[[[-70.89698675290093,41.10499526741181],[-70.89694556111783,41.1050094711123],[-70.89690091942796,41.10493595385488],[-70.89694211121106,41.10492175015439],[-70.89698675290093,41.10499526741181]]]},"properties":{"kind":"crosswalk"}},{"type":"Feature","geometry":{"type":"Polygon","coordinates":[[[-70.8964496877946,41.10518045754779],[-70.89640849601152,41.10519466124827],[-70.89636385432165,41.10512114399086],[-70.89640504610473,41.10510694029037],[-70.8964496877946,41.10518045754779]]]},"properties":{"kind":"crosswalk"}},{"type":"Feature","geometry":{"type":"Polygon","coordinates":[[[-70.89640941625063,41.10521014081747],[-70.89645212842879,41.1052215120574],[-70.89641638905462,41.10529774284812],[-70.89637367687646,41.105286371608194],[-70.89640941625063,41.10521014081747]]]},"properties":{"kind":"crosswalk"}},{"type":"Feature","geometry":{"type":"Polygon","coordinates":[[[-70.89702963727649,41.10537526192339],[-70.89707234945465,41.10538663316332],[-70.89703661008048,41.105462863954045],[-70.89699389790232,41.10545149271412],[-70.89702963727649,41.10537526192339]]]},"properties":{"kind":"crosswalk"}},{"type":"Feature","geometry":{"type":"Polygon","coordinates":[[[-70.89722226910112,41.1053296946966],[-70.89720324948404,41.105298713331294],[-70.89730062273568,41.10526476796694],[-70.89731964235277,41.10529574933226],[-70.89722226910112,41.1053296946966]]]},"properties":{"kind":"crosswalk"}},{"type":"Feature","geometry":{"type":"Polygon","coordinates":[[[-70.89704221626022,41.10503640367951],[-70.89702319664313,41.1050054223142],[-70.8971205698948,41.104971476949856],[-70.89713958951188,41.10500245831516],[-70.89704221626022,41.10503640367951]]]},"properties":{"kind":"crosswalk"}},{"type":"Feature","geometry":{"type":"Polygon","coordinates":[[[-70.89242684516047,41.103128155216694],[-70.89244390385468,41.10315977829545],[-70.89234451372212,41.10319022389211],[-70.89232745502791,41.103158600813366],[-70.89242684516047,41.103128155216694]]]},"properties":{"kind":"crosswalk"}},{"type":"Feature","geometry":{"type":"Polygon","coordinates":[[[-70.89260347025862,41.10345557942146],[-70.89262052895283,41.103487202500204],[-70.89252113882026,41.10351764809687],[-70.89250408012605,41.10348602501812],[-70.89260347025862,41.10345557942146]]]},"properties":{"kind":"crosswalk"}},{"type":"Feature","geometry":{"type":"Polygon","coordinates":[[[-70.89265599421432,41.103498097630194],[-70.89269753029997,41.10348447520099],[-70.89274034507632,41.103558606954266],[-70.89269880899067,41.10357222938347],[-70.89265599421432,41.103498097630194]]]},"properties":{"kind":"crosswalk"}},{"type":"Feature","geometry":{"type":"Polygon","coordinates":[[[-70.89377824170124,41.10313003846677],[-70.89381977778689,41.10311641603757],[-70.89386259256324,41.103190547790845],[-70.89382105647759,41.103204170220046],[-70.89377824170124,41.10313003846677]]]},"properties":{"kind":"crosswalk"}},{"type":"Feature","geometry":{"type":"Polygon","coordinates":[[[-70.89381749998232,41.103108170883054],[-70.89377220056737,41.103108170883054],[-70.89377220056737,41.10302732250749],[-70.89381749998232,41.10302732250749],[-70.89381749998232,41.103108170883054]]]},"properties":{"kind":"crosswalk"}},{"type":"Feature","geometry":{"type":"Polygon","coordinates":[[[-70.89249185653597,41.103108170883054],[-70.89244655712102,41.103108170883054],[-70.89244655712102,41.10302732250749],[-70.89249185653597,41.10302732250749],[-70.89249185653597,41.103108170883054]]]},"properties":{"kind":"crosswalk"}},{"type":"Feature","geometry":{"type":"Polygon","coordinates":[[[-70.89399591182703,41.10317621477129],[-70.89395437574139,41.10318983720049],[-70.89391156096504,41.103115705447216],[-70.89395309705068,41.103102083018015],[-70.89399591182703,41.10317621477129]]]},"properties":{"kind":"crosswalk"}},{"type":"Feature","geometry":{"type":"Polygon","coordinates":[[[-70.89279903910862,41.103568748482964],[-70.89275750302298,41.103582370912164],[-70.89271468824663,41.10350823915889],[-70.89275622433229,41.10349461672969],[-70.89279903910862,41.103568748482964]]]},"properties":{"kind":"crosswalk"}},{"type":"Feature","geometry":{"type":"Polygon","coordinates":[[[-70.89274416195842,41.10360926625561],[-70.89276365628523,41.10364007961123],[-70.89266681108161,41.10367487221632],[-70.89264731675482,41.103644058860695],[-70.89274416195842,41.10360926625561]]]},"properties":{"kind":"crosswalk"}},{"type":"Feature","geometry":{"type":"Polygon","coordinates":[[[-70.89290959318959,41.10387075214371],[-70.89292908751639,41.103901565499335],[-70.89283224231278,41.10393635810442],[-70.89281274798599,41.1039055447488],[-70.89290959318959,41.10387075214371]]]},"properties":{"kind":"crosswalk"}},{"type":"Feature","geometry":{"type":"Polygon","coordinates":[[[-70.89296595369248,41.103911844789636],[-70.8930073687001,41.10389801460929],[-70.89305083643038,41.10397193026789],[-70.89300942142276,41.10398576044823],[-70.89296595369248,41.103911844789636]]]},"properties":{"kind":"crosswalk"}},{"type":"Feature","geometry":{"type":"Polygon","coordinates":[[[-70.89414309405151,41.10351874904024],[-70.89418450905913,41.1035049188599],[-70.89422797678942,41.103578834518494],[-70.89418656178181,41.10359266469884],[-70.89414309405151,41.10351874904024]]]},"properties":{"kind":"crosswalk"}},{"type":"Feature","geometry":{"type":"Polygon","coordinates":[[[-70.89419869499712,41.103477583398664],[-70.89418071762614,41.10344625064305],[-70.89427919528413,41.103414165433094],[-70.8942971726551,41.103445498188705],[-70.89419869499712,41.103477583398664]]]},"properties":{"kind":"crosswalk"}},{"type":"Feature","geometry":{"type":"Polygon","coordinates":[[[-70.89404991050068,41.10321826693499],[-70.89403193312971,41.103186934179384],[-70.89413041078771,41.103154848969425],[-70.89414838815867,41.10318618172503],[-70.89404991050068,41.10321826693499]]]},"properties":{"kind":"crosswalk"}},{"type":"Feature","geometry":{"type":"Polygon","coordinates":[[[-70.89428808150183,41.103588240183605],[-70.89424666649421,41.10360207036395],[-70.89420319876392,41.10352815470535],[-70.89424461377153,41.10351432452501],[-70.89428808150183,41.103588240183605]]]},"properties":{"kind":"crosswalk"}},{"type":"Feature","geometry":{"type":"Polygon","coordinates":[[[-70.89301988638888,41.10401174287338],[-70.89297847138127,41.104025573053725],[-70.89293500365099,41.10395165739513],[-70.8929764186586,41.103937827214786],[-70.89301988638888,41.10401174287338]]]},"properties":{"kind":"crosswalk"}},{"type":"Feature","geometry":{"type":"Polygon","coordinates":[[[-70.89296307027575,41.104053278710566],[-70.8929790399786,41.1040852230937],[-70.89287863999859,41.104113725107126],[-70.89286267029574,41.104081780723995],[-70.89296307027575,41.104053278710566]]]},"properties":{"kind":"crosswalk"}},{"type":"Feature","geometry":{"type":"Polygon","coordinates":[[[-70.89308726137456,41.10430169961615],[-70.8931032310774,41.10433364399928],[-70.8930028310974,41.10436214601271],[-70.89298686139456,41.10433020162958],[-70.89308726137456,41.10430169961615]]]},"properties":{"kind":"crosswalk"}},{"type":"Feature","geometry":{"type":"Polygon","coordinates":[[[-70.89322791500953,41.104378603191215],[-70.89326908721395,41.10436436729214],[-70.89331383010274,41.104437849606406],[-70.89327265789834,41.10445208550548],[-70.89322791500953,41.104378603191215]]]},"properties":{"kind":"crosswalk"}},{"type":"Feature","geometry":{"type":"Polygon","coordinates":[[[-70.89447291598914,41.103948125675004],[-70.89451408819356,41.10393388977593],[-70.89455883108236,41.1040073720902],[-70.89451765887794,41.104021607989274],[-70.89447291598914,41.103948125675004]]]},"properties":{"kind":"crosswalk"}},{"type":"Feature","geometry":{"type":"Polygon","coordinates":[[[-70.89452688923184,41.10390673992938],[-70.89450686656896,41.103876119560226],[-70.89460310522342,41.10384038400446],[-70.89462312788632,41.10387100437361],[-70.89452688923184,41.10390673992938]]]},"properties":{"kind":"crosswalk"}},{"type":"Feature","geometry":{"type":"Polygon","coordinates":[[[-70.89434529012317,41.10362902303546],[-70.89432526746029,41.10359840266631],[-70.89442150611475,41.10356266711054],[-70.89444152877765,41.10359328747969],[-70.89434529012317,41.10362902303546]]]},"properties":{"kind":"crosswalk"}},{"type":"Feature","geometry":{"type":"Polygon","coordinates":[[[-70.89457460939114,41.10403156744984],[-70.89453343718672,41.10404580334891],[-70.89448869429792,41.10397232103465],[-70.89452986650234,41.103958085135574],[-70.89457460939114,41.10403156744984]]]},"properties":{"kind":"crosswalk"}},{"type":"Feature","geometry":{"type":"Polygon","coordinates":[[[-70.89380274812237,41.104298449907986],[-70.89376157591796,41.10431268580706],[-70.89371683302916,41.104239203492796],[-70.89375800523358,41.10422496759372],[-70.89380274812237,41.104298449907986]]]},"properties":{"kind":"crosswalk"}},{"type":"Feature","geometry":{"type":"Polygon","coordinates":[[[-70.89375980951849,41.10433236863545],[-70.89379806332376,41.10435065219197],[-70.8937405988017,41.10441892587761],[-70.89370234499643,41.10440064232109],[-70.89375980951849,41.10433236863545]]]},"properties":{"kind":"crosswalk"}},{"type":"Feature","geometry":{"type":"Polygon","coordinates":[[[-70.8940273028378,41.10446021811834],[-70.89406555664307,41.10447850167486],[-70.89400809212101,41.104546775360504],[-70.89396983831574,41.10452849180398],[-70.8940273028378,41.10446021811834]]]},"properties":{"kind":"crosswalk"}},{"type":"Feature","geometry":{"type":"Polygon","coordinates":[[[-70.89411599606977,41.104491594982306],[-70.8941610769695,41.10449494384678],[-70.89415055161595,41.10457540222612],[-70.89410547071624,41.10457205336164],[-70.89411599606977,41.104491594982306]]]},"properties":{"kind":"crosswalk"}},{"type":"Feature","geometry":{"type":"Polygon","coordinates":[[[-70.8945390392041,41.10452302102153],[-70.89458412010383,41.104526369886],[-70.89457359475028,41.10460682826534],[-70.89452851385057,41.104603479400865],[-70.8945390392041,41.10452302102153]]]},"properties":{"kind":"crosswalk"}},{"type":"Feature","geometry":{"type":"Polygon","coordinates":[[[-70.89483858992284,41.10443123644599],[-70.89482030344672,41.104400005431565],[-70.89491846133605,41.10436736854452],[-70.89493674781215,41.10439859955895],[-70.89483858992284,41.10443123644599]]]},"properties":{"kind":"crosswalk"}},{"type":"Feature","geometry":{"type":"Polygon","coordinates":[[[-70.89462888401599,41.10407308498145],[-70.89461059753988,41.104041853967026],[-70.89470875542919,41.104009217079984],[-70.89472704190531,41.10404044809441],[-70.89462888401599,41.10407308498145]]]},"properties":{"kind":"crosswalk"}},{"type":"Feature","geometry":{"type":"Polygon","coordinates":[[[-70.8948783126359,41.104558320620285],[-70.89483678660847,41.10457196045159],[-70.89479391713799,41.104497846649764],[-70.89483544316542,41.10448420681847],[-70.8948783126359,41.104558320620285]]]},"properties":{"kind":"crosswalk"}},{"type":"Feature","geometry":{"type":"Polygon","coordinates":[[[-70.89456224234316,41.104662138532525],[-70.89452071631572,41.10467577836383],[-70.89447784684523,41.104601664562004],[-70.89451937287267,41.1045880247307],[-70.89456224234316,41.104662138532525]]]},"properties":{"kind":"crosswalk"}},{"type":"Feature","geometry":{"type":"Polygon","coordinates":[[[-70.8945187357602,41.10469510041435],[-70.89455698956547,41.10471338397087],[-70.89449952504341,41.10478165765651],[-70.89446127123814,41.10476337409998],[-70.8945187357602,41.10469510041435]]]},"properties":{"kind":"crosswalk"}},{"type":"Feature","geometry":{"type":"Polygon","coordinates":[[[-70.89470978836317,41.104786414756546],[-70.89474804216844,41.10480469831307],[-70.89469057764639,41.1048729719987],[-70.89465232384111,41.10485468844218],[-70.89470978836317,41.104786414756546]]]},"properties":{"kind":"crosswalk"}},{"type":"Feature","geometry":{"type":"Polygon","coordinates":[[[-70.89479665612869,41.10482343184277],[-70.89483872104036,41.10483609933532],[-70.89479890759354,41.10491117491368],[-70.89475684268187,41.104898507421126],[-70.89479665612869,41.10482343184277]]]},"properties":{"kind":"crosswalk"}},{"type":"Feature","geometry":{"type":"Polygon","coordinates":[[[-70.89501343098952,41.10488871175961],[-70.89505549590119,41.10490137925216],[-70.89501568245437,41.10497645483052],[-70.8949736175427,41.104963787337965],[-70.89501343098952,41.10488871175961]]]},"properties":{"kind":"crosswalk"}},{"type":"Feature","geometry":{"type":"Polygon","coordinates":[[[-70.89507138268816,41.10488968559542],[-70.8950555655115,41.10485769814825],[-70.89515610084014,41.10482946835674],[-70.8951719180168,41.104861455803906],[-70.89507138268816,41.10488968559542]]]},"properties":{"kind":"crosswalk"}},{"type":"Feature","geometry":{"type":"Polygon","coordinates":[[[-70.89492883754136,41.104601413203376],[-70.8949130203647,41.10456942575621],[-70.89501355569334,41.1045411959647],[-70.89502937287,41.104573183411866],[-70.89492883754136,41.104601413203376]]]},"properties":{"kind":"crosswalk"}},{"type":"Feature","geometry":{"type":"Polygon","coordinates":[[[-70.89225987455623,41.10315973977493],[-70.89221827653284,41.10317325445579],[-70.89217580040543,41.10309901215881],[-70.89221739842881,41.10308549747794],[-70.89225987455623,41.10315973977493]]]},"properties":{"kind":"crosswalk"}},{"type":"Feature","geometry":{"type":"Polygon","coordinates":[[[-70.89191986765047,41.10327020379336],[-70.89187826962709,41.10328371847422],[-70.89183579349965,41.103209476177234],[-70.89187739152305,41.103195961496375],[-70.89191986765047,41.10327020379336]]]},"properties":{"kind":"crosswalk"}},{"type":"Feature","geometry":{"type":"Polygon","coordinates":[[[-70.8918926204513,41.10338096600675],[-70.89191667649438,41.103409890905034],[-70.8918257666403,41.10345282505789],[-70.89180171059722,41.10342390015961],[-70.8918926204513,41.10338096600675]]]},"properties":{"kind":"crosswalk"}},{"type":"Feature","geometry":{"type":"Polygon","coordinates":[[[-70.89202088745644,41.10353519378496],[-70.89204494349951,41.10356411868324],[-70.89195403364543,41.1036070528361],[-70.89192997760236,41.103578127937816],[-70.89202088745644,41.10353519378496]]]},"properties":{"kind":"crosswalk"}},{"type":"Feature","geometry":{"type":"Polygon","coordinates":[[[-70.89219892115376,41.10365048139472],[-70.89224031931391,41.103636622601165],[-70.89228387697445,41.10371050819116],[-70.89224247881428,41.10372436698472],[-70.89219892115376,41.10365048139472]]]},"properties":{"kind":"crosswalk"}},{"type":"Feature","geometry":{"type":"Polygon","coordinates":[[[-70.89243339153171,41.10357198813436],[-70.89247478969186,41.10355812934081],[-70.8925183473524,41.10363201493081],[-70.89247694919224,41.10364587372436],[-70.89243339153171,41.10357198813436]]]},"properties":{"kind":"crosswalk"}},{"type":"Feature","geometry":{"type":"Polygon","coordinates":[[[-70.89248952147388,41.10353060083915],[-70.89247246277966,41.1034989777604],[-70.89257185291223,41.10346853216374],[-70.89258891160645,41.103500155242486],[-70.89248952147388,41.10353060083915]]]},"properties":{"kind":"crosswalk"}},{"type":"Feature","geometry":{"type":"Polygon","coordinates":[[[-70.89231243600057,41.10320232319977],[-70.89229537730635,41.10317070012102],[-70.89239476743893,41.103140254524355],[-70.89241182613314,41.1031718776031],[-70.89231243600057,41.10320232319977]]]},"properties":{"kind":"crosswalk"}},{"type":"Feature","geometry":{"type":"Polygon","coordinates":[[[-70.89241442706879,41.103821355289966],[-70.89244815937786,41.1038441394423],[-70.89237654965451,41.10390434336318],[-70.89234281734542,41.103881559210855],[-70.89241442706879,41.103821355289966]]]},"properties":{"kind":"crosswalk"}},{"type":"Feature","geometry":{"type":"Polygon","coordinates":[[[-70.89263123018475,41.10396779279617],[-70.89266496249382,41.1039905769485],[-70.89259335277048,41.104050780869386],[-70.8925596204614,41.10402799671705],[-70.89263123018475,41.10396779279617]]]},"properties":{"kind":"crosswalk"}},{"type":"Feature","geometry":{"type":"Polygon","coordinates":[[[-70.89275436195594,41.10395937843488],[-70.89273486762913,41.10392856507926],[-70.89283171283274,41.10389377247417],[-70.89285120715954,41.103924585829795],[-70.89275436195594,41.10395937843488]]]},"properties":{"kind":"crosswalk"}},{"type":"Feature","geometry":{"type":"Polygon","coordinates":[[[-70.8925888900213,41.10369782820958],[-70.89256939569451,41.10366701485396],[-70.89266624089811,41.103632222248876],[-70.89268573522492,41.1036630356045],[-70.8925888900213,41.10369782820958]]]},"properties":{"kind":"crosswalk"}},{"type":"Feature","geometry":{"type":"Polygon","coordinates":[[[-70.89340456613455,41.09925327201002],[-70.89338039527998,41.09903450731297],[-70.89323850654903,41.098945387339846],[-70.89291481185795,41.09895262282288],[-70.89285634187961,41.099329742371914],[-70.89340456613455,41.09925327201002]]]},"properties":{"kind":"block","org":1}},{"type":"Feature","geometry":{"type":"Polygon","coordinates":[[[-70.89336031809694,41.098852793470265],[-70.89333496280302,41.09862330869245],[-70.89326459184588,41.09858054094031],[-70.8929659864999,41.09862255671978],[-70.89292879424715,41.09886243923703],[-70.89336031809694,41.098852793470265]]]},"properties":{"kind":"block","org":1}},{"type":"Feature","geometry":{"type":"Polygon","coordinates":[[[-70.89284328993323,41.098639820951504],[-70.89269881426901,41.09866014964866],[-70.89239244990335,41.099394449445676],[-70.89273366902171,41.09934685368677],[-70.89284328993323,41.098639820951504]]]},"properties":{"kind":"block","org":1}},{"type":"Feature","geometry":{"type":"Polygon","coordinates":[[[-70.89346748728587,41.099822756492465],[-70.89341450683482,41.09934324294076],[-70.89235197842376,41.09949145223902],[-70.8922917974816,41.099635695037996],[-70.89346748728587,41.099822756492465]]]},"properties":{"kind":"block","org":1}},{"type":"Feature","geometry":{"type":"Polygon","coordinates":[[[-70.89355864777794,41.10064782857946],[-70.89351511502343,41.10025382389833],[-70.89333071285785,41.10023710676535],[-70.89315205741734,41.100716395684216],[-70.89320123947438,41.10071999528553],[-70.89355864777794,41.10064782857946]]]},"properties":{"kind":"block","org":1}},{"type":"Feature","geometry":{"type":"Polygon","coordinates":[[[-70.89321093779358,41.10022624845644],[-70.89275195130897,41.10018463865172],[-70.8926997210118,41.10068328949025],[-70.89303152324746,41.100707573870274],[-70.89321093779358,41.10022624845644]]]},"properties":{"kind":"block","org":1}},{"type":"Feature","geometry":{"type":"Polygon","coordinates":[[[-70.89350501701468,41.100162429205625],[-70.89347781292784,41.0999162114396],[-70.89286932501737,41.099819396248094],[-70.89278759418188,41.09984435055405],[-70.89276133925334,41.10009501047444],[-70.89350501701468,41.100162429205625]]]},"properties":{"kind":"block","org":1}},{"type":"Feature","geometry":{"type":"Polygon","coordinates":[[[-70.89209625529405,41.10010437418195],[-70.89187975879315,41.10062327701298],[-70.89258105099721,41.10067460411257],[-70.89262148376085,41.10028858617693],[-70.89209625529405,41.10010437418195]]]},"properties":{"kind":"block","org":1}},{"type":"Feature","geometry":{"type":"Polygon","coordinates":[[[-70.89267388532122,41.099788300261984],[-70.89225587623714,41.099721791743356],[-70.89215730696358,41.09995804440745],[-70.89223267872201,41.100053136963666],[-70.89263149445055,41.100193012552346],[-70.89267388532122,41.099788300261984]]]},"properties":{"kind":"block","org":1}},{"type":"Feature","geometry":{"type":"Polygon","coordinates":[[[-70.89127140400521,41.09886099586814],[-70.89075192838928,41.09893408957933],[-70.89073249887568,41.098973806353605],[-70.8907789512472,41.09919871709535],[-70.8911459920606,41.099282488480156],[-70.89121966509325,41.09923196394436],[-70.89127140400521,41.09886099586814]]]},"properties":{"kind":"block","org":1}},{"type":"Feature","geometry":{"type":"Polygon","coordinates":[[[-70.89200610652252,41.09875761828512],[-70.89139366894067,41.09884379236983],[-70.89137486067575,41.09897864765736],[-70.89212592276198,41.09905604679419],[-70.89200610652252,41.09875761828512]]]},"properties":{"kind":"block","org":1}},{"type":"Feature","geometry":{"type":"Polygon","coordinates":[[[-70.8925660588052,41.09867882923483],[-70.89212399234385,41.098741030957605],[-70.89223133198806,41.099008383781594],[-70.89228208896982,41.09907214017703],[-70.8923970201702,41.099083984172175],[-70.8925660588052,41.09867882923483]]]},"properties":{"kind":"block","org":1}},{"type":"Feature","geometry":{"type":"Polygon","coordinates":[[[-70.89152210883618,41.0990844896477],[-70.89135571299235,41.09911593657614],[-70.89132673075116,41.0993237392889],[-70.8922126307135,41.09952593224384],[-70.89236075125027,41.09917091419255],[-70.89152210883618,41.0990844896477]]]},"properties":{"kind":"block","org":1}},{"type":"Feature","geometry":{"type":"Polygon","coordinates":[[[-70.89061382782367,41.10014389152593],[-70.89090638557963,41.10015461863614],[-70.89105332063056,41.099755211555845],[-70.89073853198771,41.0998244564337],[-70.89065971564102,41.0999944755798],[-70.89061382782367,41.10014389152593]]]},"properties":{"kind":"block","org":1}},{"type":"Feature","geometry":{"type":"Polygon","coordinates":[[[-70.89041782155971,41.10051627882086],[-70.89076401565616,41.100541616531395],[-70.89087373936076,41.10024335941567],[-70.89056667276546,41.10023210031506],[-70.89051915031541,41.10030704359943],[-70.89048120223914,41.10037955681523],[-70.89041782155971,41.10051627882086]]]},"properties":{"kind":"block","org":1}},{"type":"Feature","geometry":{"type":"Polygon","coordinates":[[[-70.89088232863133,41.09969924448257],[-70.89109077860267,41.09965339119933],[-70.891189079603,41.09938618391776],[-70.89086896878324,41.099313123577645],[-70.89082927487034,41.09944237146728],[-70.89088232863133,41.09969924448257]]]},"properties":{"kind":"block","org":1}},{"type":"Feature","geometry":{"type":"Polygon","coordinates":[[[-70.89088447718433,41.10055043302874],[-70.89175849959564,41.10061440213476],[-70.89192428266618,41.10021705019473],[-70.89100230118213,41.100230157242606],[-70.89088447718433,41.10055043302874]]]},"properties":{"kind":"block","org":1}},{"type":"Feature","geometry":{"type":"Polygon","coordinates":[[[-70.89196199248843,41.100126666592956],[-70.89201218198507,41.10000637147601],[-70.89116408795275,41.09979037938657],[-70.89103552832336,41.1001398373674],[-70.89196199248843,41.100126666592956]]]},"properties":{"kind":"block","org":1}},{"type":"Feature","geometry":{"type":"Polygon","coordinates":[[[-70.89157043696288,41.099576505398716],[-70.89150167681736,41.09945752939374],[-70.89130320240989,41.099412230682105],[-70.89119598342944,41.09970367931641],[-70.89149973252262,41.09978103795685],[-70.89157043696288,41.099576505398716]]]},"properties":{"kind":"block","org":1}},{"type":"Feature","geometry":{"type":"Polygon","coordinates":[[[-70.89204794410614,41.09992065616057],[-70.89217687472302,41.09961163286537],[-70.8917177084005,41.09950683525897],[-70.89161295203195,41.09980987263491],[-70.89204794410614,41.09992065616057]]]},"properties":{"kind":"block","org":1}},{"type":"Feature","geometry":{"type":"Polygon","coordinates":[[[-70.89376961756219,41.10255726627833],[-70.89370090411424,41.10193535708705],[-70.8929680002718,41.10194296506207],[-70.89303572098949,41.10233260827244],[-70.89320201272507,41.10245986133341],[-70.89376961756219,41.10255726627833]]]},"properties":{"kind":"block","org":1}},{"type":"Feature","geometry":{"type":"Polygon","coordinates":[[[-70.89313016159491,41.10287598911567],[-70.89333843816375,41.1030093562018],[-70.89381956803382,41.1030093562018],[-70.89377999370578,41.10265117830378],[-70.89306991038673,41.10252932305862],[-70.89313016159491,41.10287598911567]]]},"properties":{"kind":"block","org":1}},{"type":"Feature","geometry":{"type":"Polygon","coordinates":[[[-70.89294254938447,41.10248827662271],[-70.8928479897357,41.10194421084236],[-70.89258970543048,41.10194689198609],[-70.89263098146225,41.10248683535426],[-70.89294254938447,41.10248827662271]]]},"properties":{"kind":"block","org":1}},{"type":"Feature","geometry":{"type":"Polygon","coordinates":[[[-70.89247039349081,41.101948130514536],[-70.89210673578425,41.10195190549644],[-70.89204408890063,41.10248412047359],[-70.89251153260314,41.102486282801],[-70.89247039349081,41.101948130514536]]]},"properties":{"kind":"block","org":1}},{"type":"Feature","geometry":{"type":"Polygon","coordinates":[[[-70.89199753426607,41.10287962416569],[-70.89227451609814,41.1030093562018],[-70.89303311398854,41.1030093562018],[-70.89295817512887,41.10257818212611],[-70.89203352041068,41.10257390480623],[-70.89199753426607,41.10287962416569]]]},"properties":{"kind":"block","org":1}},{"type":"Feature","geometry":{"type":"Polygon","coordinates":[[[-70.89361896377248,41.101846367625],[-70.89368692433439,41.10180882940076],[-70.89367122109536,41.10166670309251],[-70.89322994808676,41.10175580348327],[-70.89325195515927,41.10183786594581],[-70.89330258122918,41.10184965186278],[-70.89361896377248,41.101846367625]]]},"properties":{"kind":"block","org":1}},{"type":"Feature","geometry":{"type":"Polygon","coordinates":[[[-70.89277436541352,41.10185513505511],[-70.89311473518953,41.10185160181568],[-70.89292693416394,41.10132344206781],[-70.89265042868965,41.101364976004525],[-70.89277436541352,41.10185513505511]]]},"properties":{"kind":"block","org":1}},{"type":"Feature","geometry":{"type":"Polygon","coordinates":[[[-70.89216728045825,41.10143754978673],[-70.8921254509258,41.10179291149625],[-70.89220452333971,41.1018610503526],[-70.89265332946884,41.10185639147975],[-70.89255362082919,41.10146205241199],[-70.89246820219525,41.10139234827882],[-70.89216728045825,41.10143754978673]]]},"properties":{"kind":"block","org":1}},{"type":"Feature","geometry":{"type":"Polygon","coordinates":[[[-70.89220558668927,41.10111212019334],[-70.89217825660174,41.101344302244],[-70.89289601522397,41.101236487593056],[-70.8928239143175,41.101033715555644],[-70.89220558668927,41.10111212019334]]]},"properties":{"kind":"block","org":1}},{"type":"Feature","geometry":{"type":"Polygon","coordinates":[[[-70.89284781889201,41.10078438290357],[-70.89224932067783,41.100740579226205],[-70.89222862698085,41.100916381992946],[-70.89284959304678,41.100790998572606],[-70.89284781889201,41.10078438290357]]]},"properties":{"kind":"block","org":1}},{"type":"Feature","geometry":{"type":"Polygon","coordinates":[[[-70.8922174134042,41.10101164664299],[-70.89221647185737,41.1010196455297],[-70.89279292073624,41.100946551164455],[-70.89277596494172,41.1008988657584],[-70.8922174134042,41.10101164664299]]]},"properties":{"kind":"block","org":1}},{"type":"Feature","geometry":{"type":"Polygon","coordinates":[[[-70.89109893669726,41.10240264091571],[-70.89106493497523,41.10206699848931],[-70.89078524793281,41.10212533541442],[-70.89086652708005,41.10220480801356],[-70.89109893669726,41.10240264091571]]]},"properties":{"kind":"block","org":1}},{"type":"Feature","geometry":{"type":"Polygon","coordinates":[[[-70.89141040070346,41.101994941492535],[-70.89118201689021,41.102042577626456],[-70.8912286229568,41.102502641774464],[-70.89159919397407,41.10245811439853],[-70.89141040070346,41.101994941492535]]]},"properties":{"kind":"block","org":1}},{"type":"Feature","geometry":{"type":"Polygon","coordinates":[[[-70.89193218278079,41.102418102856646],[-70.89199637984284,41.1018727183789],[-70.891525334887,41.101970968601975],[-70.89167320025653,41.10233373170619],[-70.89176792804972,41.10243783951121],[-70.89193218278079,41.102418102856646]]]},"properties":{"kind":"block","org":1}},{"type":"Feature","geometry":{"type":"Polygon","coordinates":[[[-70.89186585373396,41.10298159955605],[-70.89192132153335,41.10251037430308],[-70.89147452500943,41.10256406084589],[-70.89140688865191,41.102593438786045],[-70.89148795202871,41.10269860891296],[-70.89186585373396,41.10298159955605]]]},"properties":{"kind":"block","org":1}},{"type":"Feature","geometry":{"type":"Polygon","coordinates":[[[-70.89200762762208,41.101777163161636],[-70.89202563239917,41.10162420404421],[-70.89112207699897,41.10151210338408],[-70.8911877905328,41.1018682856114],[-70.89133072762762,41.1019183504828],[-70.89200762762208,41.101777163161636]]]},"properties":{"kind":"block","org":1}},{"type":"Feature","geometry":{"type":"Polygon","coordinates":[[[-70.89070668010598,41.10204851387263],[-70.89108608587263,41.101969377686686],[-70.89104886661637,41.10176764089339],[-70.89053259854202,41.1018344855327],[-70.89062447933551,41.1019681401347],[-70.89070668010598,41.10204851387263]]]},"properties":{"kind":"block","org":1}},{"type":"Feature","geometry":{"type":"Polygon","coordinates":[[[-70.89099890203211,41.101496821537395],[-70.89033347677132,41.10141426477222],[-70.89033561203836,41.10142351608197],[-70.89036392210147,41.10150076755031],[-70.89045424849579,41.101720513462475],[-70.89047506036968,41.101750787501445],[-70.89103244269614,41.101678619528215],[-70.89099890203211,41.101496821537395]]]},"properties":{"kind":"block","org":1}},{"type":"Feature","geometry":{"type":"Polygon","coordinates":[[[-70.89104437202712,41.100652389853735],[-70.8903331691429,41.1006003373982],[-70.89032277643858,41.10061672677617],[-70.890255236143,41.100868777787746],[-70.8902571702343,41.10089969176485],[-70.89106648730665,41.100905622682745],[-70.89104437202712,41.100652389853735]]]},"properties":{"kind":"block","org":1}},{"type":"Feature","geometry":{"type":"Polygon","coordinates":[[[-70.89031184445024,41.10132054005333],[-70.89111138575679,41.10141973608297],[-70.89107433785124,41.100995515990014],[-70.89026279326661,41.10098956874824],[-70.89027069000008,41.101115787938504],[-70.89028093521931,41.10118662196977],[-70.89031184445024,41.10132054005333]]]},"properties":{"kind":"block","org":1}},{"type":"Feature","geometry":{"type":"Polygon","coordinates":[[[-70.89152511348371,41.100687574994076],[-70.89116460739481,41.100661189798544],[-70.89119927820242,41.1010581907359],[-70.89141965880593,41.101092777191155],[-70.89152511348371,41.100687574994076]]]},"properties":{"kind":"block","org":1}},{"type":"Feature","geometry":{"type":"Polygon","coordinates":[[[-70.89198418024581,41.101181372989565],[-70.89208669399197,41.10110545686416],[-70.89213066586439,41.100731894961086],[-70.89164432267046,41.1006962998334],[-70.89154964733126,41.10106008317864],[-70.89160423123192,41.101121743923485],[-70.89198418024581,41.101181372989565]]]},"properties":{"kind":"block","org":1}},{"type":"Feature","geometry":{"type":"Polygon","coordinates":[[[-70.8917678703097,41.10150118360874],[-70.89188575812457,41.10150618916312],[-70.89204387952608,41.101469186050196],[-70.89206545557089,41.101285887320415],[-70.89120740303976,41.10115122485465],[-70.89123216120201,41.10143472023019],[-70.8917678703097,41.10150118360874]]]},"properties":{"kind":"block","org":1}},{"type":"Feature","geometry":{"type":"Polygon","coordinates":[[[-70.8943418206808,41.09842896760187],[-70.89384745023877,41.09849852884633],[-70.89416957401177,41.098904673286974],[-70.89443569317277,41.09882855553792],[-70.8943418206808,41.09842896760187]]]},"properties":{"kind":"block","org":1}},{"type":"Feature","geometry":{"type":"Polygon","coordinates":[[[-70.89372251505456,41.09851610806659],[-70.89344702280175,41.09855487167848],[-70.89350662271964,41.099094296461416],[-70.89405637603437,41.098937051170644],[-70.89372251505456,41.09851610806659]]]},"properties":{"kind":"block","org":1}},{"type":"Feature","geometry":{"type":"Polygon","coordinates":[[[-70.89351691372437,41.09918743791512],[-70.8935427457511,41.099421237489146],[-70.89455463350791,41.099334850002215],[-70.89445684450686,41.09891859062444],[-70.89351691372437,41.09918743791512]]]},"properties":{"kind":"block","org":1}},{"type":"Feature","geometry":{"type":"Polygon","coordinates":[[[-70.89464911446092,41.09838572930131],[-70.89445900952013,41.09841247834441],[-70.89451802155371,41.09866367543318],[-70.89469637409121,41.09869164746205],[-70.8946802933538,41.09855218058532],[-70.89464911446092,41.09838572930131]]]},"properties":{"kind":"block","org":1}},{"type":"Feature","geometry":{"type":"Polygon","coordinates":[[[-70.89455706820733,41.09882988569779],[-70.8946733157648,41.09932471778958],[-70.89474845415238,41.0993183030302],[-70.89474909048835,41.09929073329285],[-70.89455706820733,41.09882988569779]]]},"properties":{"kind":"block","org":1}},{"type":"Feature","geometry":{"type":"Polygon","coordinates":[[[-70.89391940670045,41.09991674145217],[-70.89434866494672,41.09994210795028],[-70.8941555345452,41.099459328303844],[-70.89412552492274,41.09946189030329],[-70.89391940670045,41.09991674145217]]]},"properties":{"kind":"block","org":1}},{"type":"Feature","geometry":{"type":"Polygon","coordinates":[[[-70.89355264120162,41.09951079887505],[-70.89359537731289,41.09989759332649],[-70.89379672414604,41.099909491674644],[-70.89399448764767,41.099473077295926],[-70.89355264120162,41.09951079887505]]]},"properties":{"kind":"block","org":1}},{"type":"Feature","geometry":{"type":"Polygon","coordinates":[[[-70.89416276391037,41.100911689044565],[-70.89455459577731,41.10090960368194],[-70.8944720536681,41.100611643663385],[-70.894281653278,41.100594842134676],[-70.8940656117783,41.10063846452188],[-70.89416276391037,41.100911689044565]]]},"properties":{"kind":"block","org":1}},{"type":"Feature","geometry":{"type":"Polygon","coordinates":[[[-70.8939107173992,41.100471664240345],[-70.8943655580166,41.100511800805656],[-70.89442593534535,41.10044516601422],[-70.89431092013405,41.10002998478344],[-70.89416942856623,41.10002162350997],[-70.8939107173992,41.100471664240345]]]},"properties":{"kind":"block","org":1}},{"type":"Feature","geometry":{"type":"Polygon","coordinates":[[[-70.89360539851215,41.09998829283449],[-70.89365632493366,41.10044921584982],[-70.89378707583438,41.10046075372016],[-70.89404378322875,41.100014198650356],[-70.89360539851215,41.09998829283449]]]},"properties":{"kind":"block","org":1}},{"type":"Feature","geometry":{"type":"Polygon","coordinates":[[[-70.89467619527481,41.10090895651904],[-70.89524432223752,41.100905932898876],[-70.89532227827031,41.10086622783305],[-70.89533010232415,41.100590283141095],[-70.89519808610012,41.10052811951729],[-70.89460718117216,41.10065982981872],[-70.89467619527481,41.10090895651904]]]},"properties":{"kind":"block","org":1}},{"type":"Feature","geometry":{"type":"Polygon","coordinates":[[[-70.89447657719873,41.10018837636644],[-70.89458273910233,41.10057159897931],[-70.89506305827139,41.10046453779308],[-70.89447657719873,41.10018837636644]]]},"properties":{"kind":"block","org":1}},{"type":"Feature","geometry":{"type":"Polygon","coordinates":[[[-70.8952418524901,41.100295463700284],[-70.89519058684107,41.100217398821265],[-70.89486169861968,41.100062532373464],[-70.89443472565792,41.100037300921485],[-70.89444283070232,41.1000665584629],[-70.89515398616722,41.100401426401355],[-70.8952418524901,41.100295463700284]]]},"properties":{"kind":"block","org":1}},{"type":"Feature","geometry":{"type":"Polygon","coordinates":[[[-70.89544776755179,41.10064568918682],[-70.89544041826993,41.10090488925906],[-70.89587984724858,41.10090255058054],[-70.89588337888414,41.10085080927101],[-70.89544776755179,41.10064568918682]]]},"properties":{"kind":"block","org":1}},{"type":"Feature","geometry":{"type":"Polygon","coordinates":[[[-70.89633766756482,41.10065160726696],[-70.89635051157575,41.100549562023964],[-70.89628888623938,41.10050619508753],[-70.89602771988407,41.10048491371951],[-70.89602634796051,41.10050501350619],[-70.89633766756482,41.10065160726696]]]},"properties":{"kind":"block","org":1}},{"type":"Feature","geometry":{"type":"Polygon","coordinates":[[[-70.89585528576575,41.09992178951423],[-70.89576282664966,41.09990674573844],[-70.89549668466668,41.099961755498185],[-70.89546668334914,41.0999785524334],[-70.89545932661748,41.10023801525113],[-70.89574240131122,41.10037130908602],[-70.89583675629252,41.10037899768389],[-70.89585528576575,41.09992178951423]]]},"properties":{"kind":"block","org":1}},{"type":"Feature","geometry":{"type":"Polygon","coordinates":[[[-70.89641800264887,41.10001334767508],[-70.89604196299155,41.09995216326696],[-70.89597098426867,41.100009780861626],[-70.89595562829437,41.100388684072534],[-70.89636654612366,41.1004221680699],[-70.89641800264887,41.10001334767508]]]},"properties":{"kind":"block","org":1}},{"type":"Feature","geometry":{"type":"Polygon","coordinates":[[[-70.89719858881251,41.10089553212543],[-70.89719858881251,41.10062147565161],[-70.89646727433033,41.100573247884675],[-70.89645071171157,41.100704837344274],[-70.89685952048666,41.10089733667599],[-70.89719858881251,41.10089553212543]]]},"properties":{"kind":"block","org":1}},{"type":"Feature","geometry":{"type":"Polygon","coordinates":[[[-70.89719858881251,41.10053130078981],[-70.89719858881251,41.10021549405509],[-70.89707617187796,41.10012043663216],[-70.89653534358465,41.100032439905284],[-70.89647853083181,41.10048381535186],[-70.89719858881251,41.10053130078981]]]},"properties":{"kind":"block","org":1}},{"type":"Feature","geometry":{"type":"Polygon","coordinates":[[[-70.89579804188985,41.099820573855986],[-70.89599512090192,41.09985264005557],[-70.89604181787524,41.099822066929775],[-70.8960884279658,41.09963045425297],[-70.89584479522294,41.09976685770899],[-70.89579804188985,41.099820573855986]]]},"properties":{"kind":"block","org":1}},{"type":"Feature","geometry":{"type":"Polygon","coordinates":[[[-70.89719858881251,41.100048453104456],[-70.89719858881251,41.09974301857176],[-70.89680119982631,41.099749684508694],[-70.8968264919417,41.0999879102166],[-70.89719858881251,41.100048453104456]]]},"properties":{"kind":"block","org":1}},{"type":"Feature","geometry":{"type":"Polygon","coordinates":[[[-70.89719858881251,41.099653164789956],[-70.89719858881251,41.09952822641369],[-70.89709989472202,41.099462437898545],[-70.89676244390702,41.09938464361878],[-70.89679167712555,41.09965999046389],[-70.89719858881251,41.099653164789956]]]},"properties":{"kind":"block","org":1}},{"type":"Feature","geometry":{"type":"Polygon","coordinates":[[[-70.89663985353852,41.09935638222778],[-70.89656790399702,41.09933979532826],[-70.89638528626593,41.0993739642683],[-70.89626081252109,41.09942001637704],[-70.89614946727141,41.09987775334105],[-70.89670479988806,41.099968110027625],[-70.89663985353852,41.09935638222778]]]},"properties":{"kind":"block","org":1}},{"type":"Feature","geometry":{"type":"Polygon","coordinates":[[[-70.8944472461606,41.101000008774534],[-70.89419464632421,41.10100135313241],[-70.8943149750003,41.10133975790432],[-70.89455207386055,41.10133360249606],[-70.8944472461606,41.101000008774534]]]},"properties":{"kind":"block","org":1}},{"type":"Feature","geometry":{"type":"Polygon","coordinates":[[[-70.89416884288363,41.101811156921606],[-70.89473269394692,41.101908390713405],[-70.89458009049358,41.10142275996949],[-70.89443065633432,41.101426639483115],[-70.89416884288363,41.101811156921606]]]},"properties":{"kind":"block","org":1}},{"type":"Feature","geometry":{"type":"Polygon","coordinates":[[[-70.89378823211648,41.10164307661298],[-70.89379977096323,41.10174751199016],[-70.89404893685702,41.10179047962154],[-70.89419842865178,41.101570925577064],[-70.8941859470599,41.1015627713231],[-70.89378823211648,41.10164307661298]]]},"properties":{"kind":"block","org":1}},{"type":"Feature","geometry":{"type":"Polygon","coordinates":[[[-70.89519201492924,41.101514418766094],[-70.89536709310204,41.10134758521914],[-70.89537812303985,41.101085449532505],[-70.89517358441137,41.10099614314039],[-70.89456954724746,41.10099935787771],[-70.89475604694171,41.10159285680109],[-70.89519201492924,41.101514418766094]]]},"properties":{"kind":"block","org":1}},{"type":"Feature","geometry":{"type":"Polygon","coordinates":[[[-70.89533909589515,41.10201296222993],[-70.89535743944221,41.10157701250957],[-70.89478351580546,41.1016802711056],[-70.89484022849189,41.10186074817539],[-70.89499546024607,41.10195370367863],[-70.89533909589515,41.10201296222993]]]},"properties":{"kind":"block","org":1}},{"type":"Feature","geometry":{"type":"Polygon","coordinates":[[[-70.89393918949531,41.1030093562018],[-70.89402051248769,41.1030093562018],[-70.89438238706028,41.10249543346241],[-70.89388389631877,41.10250891071777],[-70.89393918949531,41.1030093562018]]]},"properties":{"kind":"block","org":1}},{"type":"Feature","geometry":{"type":"Polygon","coordinates":[[[-70.89444691025288,41.10240379967985],[-70.89473105789743,41.10200026224744],[-70.89381015059416,41.10184145557876],[-70.89387399421406,41.10241928910646],[-70.89444691025288,41.10240379967985]]]},"properties":{"kind":"block","org":1}},{"type":"Feature","geometry":{"type":"Polygon","coordinates":[[[-70.89415546384922,41.1030093562018],[-70.89529717041873,41.1030093562018],[-70.89530730604235,41.10276847463913],[-70.89446538788344,41.102569211961956],[-70.89415546384922,41.1030093562018]]]},"properties":{"kind":"block","org":1}},{"type":"Feature","geometry":{"type":"Polygon","coordinates":[[[-70.89531122888299,41.10267524505421],[-70.89533524625938,41.10210445204012],[-70.89485139692619,41.10202101421693],[-70.89461797772248,41.10235250873376],[-70.89475460530582,41.102543505047194],[-70.89531122888299,41.10267524505421]]]},"properties":{"kind":"block","org":1}},{"type":"Feature","geometry":{"type":"Polygon","coordinates":[[[-70.89680325653029,41.10150588096838],[-70.89630242688884,41.101499417234514],[-70.89637858262711,41.101844846747],[-70.89659213204871,41.10183259446152],[-70.89671723517237,41.10173273977914],[-70.89680325653029,41.10150588096838]]]},"properties":{"kind":"block","org":1}},{"type":"Feature","geometry":{"type":"Polygon","coordinates":[[[-70.89719858881251,41.10179779932444],[-70.89719858881251,41.101590450734435],[-70.89712323850223,41.101510010672655],[-70.89692663280115,41.101507473269066],[-70.89680804925528,41.101820206325634],[-70.89719858881251,41.10179779932444]]]},"properties":{"kind":"block","org":1}},{"type":"Feature","geometry":{"type":"Polygon","coordinates":[[[-70.89619140780982,41.10099585352142],[-70.89626112697246,41.10131208781847],[-70.89633535471597,41.10140999750048],[-70.89646134471148,41.10141162353404],[-70.89654592741627,41.101162789241684],[-70.89619140780982,41.10099585352142]]]},"properties":{"kind":"block","org":1}},{"type":"Feature","geometry":{"type":"Polygon","coordinates":[[[-70.89709164983,41.10141975828527],[-70.8966520061687,41.101212739463385],[-70.89658386484064,41.10141320478531],[-70.89709164983,41.10141975828527]]]},"properties":{"kind":"block","org":1}},{"type":"Feature","geometry":{"type":"Polygon","coordinates":[[[-70.8959208220531,41.101871110518594],[-70.89625924915924,41.1018516934418],[-70.8961924086154,41.1015485160714],[-70.89582112387043,41.10149244138556],[-70.89578838920528,41.10152880868868],[-70.8959208220531,41.101871110518594]]]},"properties":{"kind":"block","org":1}},{"type":"Feature","geometry":{"type":"Polygon","coordinates":[[[-70.89548241927982,41.101441287241016],[-70.89546322881415,41.10189736468942],[-70.89579934653005,41.101878080112684],[-70.89563953671873,41.10146501649773],[-70.89548241927982,41.101441287241016]]]},"properties":{"kind":"block","org":1}},{"type":"Feature","geometry":{"type":"Polygon","coordinates":[[[-70.89606957741724,41.10099137458917],[-70.89550122307165,41.10099439941949],[-70.89548624996348,41.10135024784351],[-70.89617151418294,41.101453742469516],[-70.89606957741724,41.10099137458917]]]},"properties":{"kind":"block","org":1}},{"type":"Feature","geometry":{"type":"Polygon","coordinates":[[[-70.89719858881251,41.102381698907266],[-70.89719858881251,41.10188789085],[-70.896470615609,41.10192965792875],[-70.89649719084937,41.10224763747066],[-70.89719858881251,41.102381698907266]]]},"properties":{"kind":"block","org":1}},{"type":"Feature","geometry":{"type":"Polygon","coordinates":[[[-70.89656085173226,41.1030093562018],[-70.89699150734573,41.1030093562018],[-70.89719858881251,41.102840338877115],[-70.89719858881251,41.10247437499979],[-70.89650506201812,41.10234181801607],[-70.89656085173226,41.1030093562018]]]},"properties":{"kind":"block","org":1}},{"type":"Feature","geometry":{"type":"Polygon","coordinates":[[[-70.89638895202708,41.102381724254826],[-70.89635174045848,41.101936478327836],[-70.89589169683381,41.101962873088254],[-70.89609705416956,41.102426179796055],[-70.89638895202708,41.102381724254826]]]},"properties":{"kind":"block","org":1}},{"type":"Feature","geometry":{"type":"Polygon","coordinates":[[[-70.89576913089232,41.10196990524453],[-70.89545942884055,41.10198767423647],[-70.89543674630906,41.10252674354655],[-70.89597931900094,41.10244411065956],[-70.89576913089232,41.10196990524453]]]},"properties":{"kind":"block","org":1}},{"type":"Feature","geometry":{"type":"Polygon","coordinates":[[[-70.89609426299084,41.1030093562018],[-70.89644140656475,41.1030093562018],[-70.89639651525324,41.10247222018862],[-70.89599512705578,41.10253335092015],[-70.89609426299084,41.1030093562018]]]},"properties":{"kind":"block","org":1}},{"type":"Feature","geometry":{"type":"Polygon","coordinates":[[[-70.89541643931598,41.1030093562018],[-70.89597359482916,41.1030093562018],[-70.89587816865362,41.10255116348346],[-70.89543286515396,41.102618982439914],[-70.89541643931598,41.1030093562018]]]},"properties":{"kind":"block","org":1}},{"type":"Feature","geometry":{"type":"Polygon","coordinates":[[[-70.8933094514725,41.0973500339096],[-70.8937034584784,41.09731848014449],[-70.89360499255879,41.09723823673931],[-70.8935307971032,41.09724417862852],[-70.8933094514725,41.0973500339096]]]},"properties":{"kind":"block","org":1}},{"type":"Feature","geometry":{"type":"Polygon","coordinates":[[[-70.89159927318778,41.09872347836872],[-70.89192579808187,41.09867753412115],[-70.8918773607031,41.09821354401839],[-70.8918215790095,41.09825032676341],[-70.89156394217328,41.098616604741665],[-70.89159927318778,41.09872347836872]]]},"properties":{"kind":"block","org":1}},{"type":"Feature","geometry":{"type":"Polygon","coordinates":[[[-70.89204364433851,41.09866095236065],[-70.89244613333732,41.0986043194529],[-70.8922574464416,41.098015773788376],[-70.89204143647073,41.098058999346804],[-70.89199302661382,41.0981760763437],[-70.89204364433851,41.09866095236065]]]},"properties":{"kind":"block","org":1}},{"type":"Feature","geometry":{"type":"Polygon","coordinates":[[[-70.89222944487094,41.0979284322538],[-70.89217651817536,41.097763345128406],[-70.89211224186934,41.097837096240156],[-70.89203926643569,41.09794084419286],[-70.89206545014011,41.09796124908994],[-70.89222944487094,41.0979284322538]]]},"properties":{"kind":"block","org":1}},{"type":"Feature","geometry":{"type":"Polygon","coordinates":[[[-70.89096969375048,41.09881206442772],[-70.89148188140292,41.09873999618198],[-70.89142237603173,41.0985599969678],[-70.89114788653494,41.098694563159235],[-70.89096969375048,41.09881206442772]]]},"properties":{"kind":"block","org":1}},{"type":"Feature","geometry":{"type":"Polygon","coordinates":[[[-70.89252432509544,41.098465682545196],[-70.89273794170306,41.09856326005424],[-70.89311096590369,41.09851077304166],[-70.89296769490517,41.09814797773233],[-70.89244203992135,41.09820902146503],[-70.89252432509544,41.098465682545196]]]},"properties":{"kind":"block","org":1}},{"type":"Feature","geometry":{"type":"Polygon","coordinates":[[[-70.89293337481428,41.09806107132336],[-70.89270729868535,41.0974885942696],[-70.89241223025756,41.09751222461049],[-70.8923019380681,41.09761943741038],[-70.89226617559991,41.097660471532436],[-70.89241394604464,41.09812139201268],[-70.89293337481428,41.09806107132336]]]},"properties":{"kind":"block","org":1}},{"type":"Feature","geometry":{"type":"Polygon","coordinates":[[[-70.89353677205932,41.097983962408925],[-70.89373494441617,41.097918508429515],[-70.89375373976573,41.09777697027022],[-70.8935939916075,41.09777587973877],[-70.89317375937311,41.097914677462406],[-70.89353677205932,41.097983962408925]]]},"properties":{"kind":"block","org":1}},{"type":"Feature","geometry":{"type":"Polygon","coordinates":[[[-70.89322879416576,41.09849419381312],[-70.8936666789826,41.09843258047584],[-70.89370956732009,41.09810961035374],[-70.89302534737766,41.09797901948483],[-70.89322879416576,41.09849419381312]]]},"properties":{"kind":"block","org":1}},{"type":"Feature","geometry":{"type":"Polygon","coordinates":[[[-70.89286154652642,41.09756423783952],[-70.89298573028374,41.09787869983893],[-70.89314609857975,41.09782573209251],[-70.8932264415519,41.09771904309905],[-70.8932234135516,41.09752928456237],[-70.89302819926544,41.09748453862668],[-70.89286154652642,41.09756423783952]]]},"properties":{"kind":"block","org":1}},{"type":"Feature","geometry":{"type":"Polygon","coordinates":[[[-70.8937748412425,41.09761806584704],[-70.8938036940334,41.09740079024386],[-70.89334117182067,41.09743783099959],[-70.89334559449871,41.0977149911155],[-70.89340257052936,41.097741022448965],[-70.8937748412425,41.09761806584704]]]},"properties":{"kind":"block","org":1}},{"type":"Feature","geometry":{"type":"Polygon","coordinates":[[[-70.89378876450296,41.098415402222436],[-70.8945823952488,41.09830373304153],[-70.89442080294694,41.09801427447997],[-70.89383339396588,41.098079320575735],[-70.89378876450296,41.098415402222436]]]},"properties":{"kind":"block","org":1}},{"type":"Feature","geometry":{"type":"Polygon","coordinates":[[[-70.89399672409694,41.097712854794025],[-70.89391225563168,41.09767917969923],[-70.89388084736548,41.097721973306946],[-70.89384563106022,41.09798716928037],[-70.89414127050047,41.097954431967935],[-70.89399672409694,41.097712854794025]]]},"properties":{"kind":"block","org":1}},{"type":"Feature","geometry":{"type":"Polygon","coordinates":[[[-70.90704669098722,41.09769191371825],[-70.90721638296107,41.09830638944162],[-70.90827886031198,41.09812904214053],[-70.90816905784355,41.09804870508685],[-70.90787715529724,41.097922597510944],[-70.90759075788971,41.09782678970834],[-70.9071776015431,41.097723366270756],[-70.90704669098722,41.09769191371825]]]},"properties":{"kind":"block","org":0}},{"type":"Feature","geometry":{"type":"Polygon","coordinates":[[[-70.90817900880215,41.098292923499315],[-70.90725792802124,41.09844666907369],[-70.90743784413124,41.09901561815542],[-70.90887867462679,41.098759877568355],[-70.90879844214761,41.0986685406578],[-70.90817900880215,41.098292923499315]]]},"properties":{"kind":"block","org":0}},{"type":"Feature","geometry":{"type":"Polygon","coordinates":[[[-70.90912150220669,41.09886444051094],[-70.90748006590091,41.09915578767895],[-70.90770495154527,41.099941984700116],[-70.90997507714819,41.09955960931541],[-70.90991250797477,41.099478602857516],[-70.90965890898035,41.09923542388072],[-70.90936880686382,41.099014403171616],[-70.90912150220669,41.09886444051094]]]},"properties":{"kind":"block","org":0}},{"type":"Feature","geometry":{"type":"Polygon","coordinates":[[[-70.91007573764597,41.09968993148411],[-70.90774703105167,41.10008217413302],[-70.90794727993472,41.10071935330517],[-70.91006562880824,41.10035959449092],[-70.91023688317924,41.100146313881496],[-70.91025146652818,41.09998087071569],[-70.91011458776944,41.09974022958969],[-70.91007573764597,41.09968993148411]]]},"properties":{"kind":"block","org":0}},{"type":"Feature","geometry":{"type":"Polygon","coordinates":[[[-70.90986753383854,41.10054057228219],[-70.90799341815617,41.100858853016824],[-70.90820214574256,41.10146112018038],[-70.90933328334968,41.10127165930303],[-70.90985480403752,41.10062215617223],[-70.90986753383854,41.10054057228219]]]},"properties":{"kind":"block","org":0}},{"type":"Feature","geometry":{"type":"Polygon","coordinates":[[[-70.90965985580141,41.101364197892565],[-70.90824528304442,41.101601132986865],[-70.9084465873126,41.10234447271014],[-70.90961805379244,41.102139462368044],[-70.90967865911556,41.10175104953989],[-70.90965985580141,41.101364197892565]]]},"properties":{"kind":"block","org":0}},{"type":"Feature","geometry":{"type":"Polygon","coordinates":[[[-70.90970397949148,41.10227198053443],[-70.9084869225128,41.10248496935814],[-70.908675632619,41.10310581456684],[-70.90934666054413,41.102993812524566],[-70.90942142808629,41.102928018027555],[-70.90972061272,41.10261418573278],[-70.90970397949148,41.10227198053443]]]},"properties":{"kind":"block","org":0}},{"type":"Feature","geometry":{"type":"Polygon","coordinates":[[[-70.90918220982442,41.103168475151264],[-70.90872110355136,41.1032454389293],[-70.90882714021387,41.103551401402704],[-70.90912574887156,41.10323817328294],[-70.90918220982442,41.103168475151264]]]},"properties":{"kind":"block","org":0}},{"type":"Feature","geometry":{"type":"Polygon","coordinates":[[[-70.90534056260425,41.09724599002204],[-70.90534056260425,41.09770363927203],[-70.90626188881244,41.09755394032112],[-70.90611443852463,41.09744910027827],[-70.90534056260425,41.09724599002204]]]},"properties":{"kind":"block","org":0}},{"type":"Feature","geometry":{"type":"Polygon","coordinates":[[[-70.90676293044599,41.09761956365298],[-70.90534056260425,41.097850672864695],[-70.90534056260425,41.09862356802454],[-70.90703020235267,41.098337676008754],[-70.90683720137272,41.097638795477984],[-70.90678445853331,41.097624952675346],[-70.90676293044599,41.09761956365298]]]},"properties":{"kind":"block","org":0}},{"type":"Feature","geometry":{"type":"Polygon","coordinates":[[[-70.90707174662364,41.09847795571214],[-70.90534056260425,41.098770877140794],[-70.90534056260425,41.09936971274547],[-70.90725193507583,41.0990477660221],[-70.90707174662364,41.09847795571214]]]},"properties":{"kind":"block","org":0}},{"type":"Feature","geometry":{"type":"Polygon","coordinates":[[[-70.90729414587462,41.0991879333407],[-70.90534056260425,41.09951698994379],[-70.90534056260425,41.1003392970846],[-70.90751879466308,41.09997330231699],[-70.90729414587462,41.0991879333407]]]},"properties":{"kind":"block","org":0}},{"type":"Feature","geometry":{"type":"Polygon","coordinates":[[[-70.90756086377918,41.100113493711774],[-70.90534056260425,41.100486557090974],[-70.90534056260425,41.10114919083747],[-70.90776105715564,41.10075049626551],[-70.90756086377918,41.100113493711774]]]},"properties":{"kind":"block","org":0}},{"type":"Feature","geometry":{"type":"Polygon","coordinates":[[[-70.90780709398564,41.10089003725439],[-70.90534056260425,41.10129631483628],[-70.90534056260425,41.10168715200459],[-70.90541187796921,41.10193600341416],[-70.90801591745465,41.10149258107972],[-70.90780709398564,41.10089003725439]]]},"properties":{"kind":"block","org":0}},{"type":"Feature","geometry":{"type":"Polygon","coordinates":[[[-70.90799516630976,41.10164346900029],[-70.90551954603919,41.10206502379072],[-70.90576309751886,41.102786133956926],[-70.90819640775553,41.10238657674444],[-70.90799516630976,41.10164346900029]]]},"properties":{"kind":"block","org":0}},{"type":"Feature","geometry":{"type":"Polygon","coordinates":[[[-70.90823677690399,41.10252705113818],[-70.90580836480297,41.10292580406136],[-70.90600871323448,41.10356870970711],[-70.9084257050922,41.10314861382392],[-70.90823677690399,41.10252705113818]]]},"properties":{"kind":"block","org":0}},{"type":"Feature","geometry":{"type":"Polygon","coordinates":[[[-70.90853495479936,41.10327712929374],[-70.90598914453481,41.10371961502579],[-70.90622812394315,41.10446102305616],[-70.90632745402864,41.10444879896036],[-70.9064568733658,41.10442671944292],[-70.9072964093275,41.104247928115335],[-70.90803088661991,41.1040760556483],[-70.90829654123155,41.10397009678171],[-70.90861556754675,41.103769156299094],[-70.9086846704633,41.10370912492388],[-70.90853495479936,41.10327712929374]]]},"properties":{"kind":"block","org":0}},{"type":"Feature","geometry":{"type":"Polygon","coordinates":[[[-70.90534056260425,41.10231813395567],[-70.90534056260425,41.10286030571531],[-70.90551306776406,41.102828889318886],[-70.90534056260425,41.10231813395567]]]},"properties":{"kind":"block","org":0}},{"type":"Feature","geometry":{"type":"Polygon","coordinates":[[[-70.90555839925496,41.10296850196472],[-70.90534056260425,41.103008174068336],[-70.90534056260425,41.10368775253989],[-70.90575912517453,41.10361261894609],[-70.90555839925496,41.10296850196472]]]},"properties":{"kind":"block","org":0}},{"type":"Feature","geometry":{"type":"Polygon","coordinates":[[[-70.90580343724001,41.103752416751746],[-70.90552509846134,41.10380237963477],[-70.90585524560412,41.103913146655046],[-70.90580343724001,41.103752416751746]]]},"properties":{"kind":"block","org":0}},{"type":"Feature","geometry":{"type":"Polygon","coordinates":[[[-70.90534056260425,41.104232534369366],[-70.90534056260425,41.10449062330686],[-70.90557865222259,41.10448597901589],[-70.9060142410009,41.10440641285232],[-70.90591210830902,41.10408955710955],[-70.90550561634178,41.103953175786984],[-70.90534056260425,41.104232534369366]]]},"properties":{"kind":"block","org":0}},{"type":"Feature","geometry":{"type":"Polygon","coordinates":[[[-70.9051617491242,41.10235932649332],[-70.90515368562465,41.10235772823546],[-70.9049704202405,41.10281915975144],[-70.9051617491242,41.10285782716412],[-70.9051617491242,41.10235932649332]]]},"properties":{"kind":"block","org":0}},{"type":"Feature","geometry":{"type":"Polygon","coordinates":[[[-70.9051617491242,41.097051586397484],[-70.9047383115188,41.09696378401491],[-70.90458959018856,41.09736300387078],[-70.9051617491242,41.09748277904447],[-70.9051617491242,41.097051586397484]]]},"properties":{"kind":"block","org":0}},{"type":"Feature","geometry":{"type":"Polygon","coordinates":[[[-70.9051617491242,41.097613305752525],[-70.90454398549016,41.097483983737334],[-70.90432359918657,41.0980617401862],[-70.9051617491242,41.0982360162517],[-70.9051617491242,41.097613305752525]]]},"properties":{"kind":"block","org":0}},{"type":"Feature","geometry":{"type":"Polygon","coordinates":[[[-70.9051617491242,41.098366480191736],[-70.90427736478152,41.09818259063128],[-70.90408782743464,41.09867653068183],[-70.9051617491242,41.09889588556862],[-70.9051617491242,41.098366480191736]]]},"properties":{"kind":"block","org":0}},{"type":"Feature","geometry":{"type":"Polygon","coordinates":[[[-70.9051617491242,41.099026187775976],[-70.90404174142002,41.09879741954683],[-70.90390197180193,41.09916654236169],[-70.9042197581673,41.09939153258971],[-70.9051617491242,41.099590376124624],[-70.9051617491242,41.099026187775976]]]},"properties":{"kind":"block","org":0}},{"type":"Feature","geometry":{"type":"Polygon","coordinates":[[[-70.9051617491242,41.099720981291554],[-70.90380271890574,41.09943410553047],[-70.90360855746214,41.09999684167805],[-70.9051617491242,41.10030575357546],[-70.9051617491242,41.099720981291554]]]},"properties":{"kind":"block","org":0}},{"type":"Feature","geometry":{"type":"Polygon","coordinates":[[[-70.9051617491242,41.10043582430493],[-70.90356413154605,41.1001180766055],[-70.9033658609881,41.10062837732686],[-70.9051617491242,41.10101098321095],[-70.9051617491242,41.10043582430493]]]},"properties":{"kind":"block","org":0}},{"type":"Feature","geometry":{"type":"Polygon","coordinates":[[[-70.9051617491242,41.10114167685119],[-70.90332397317759,41.100750146957616],[-70.90317963393117,41.10122804948191],[-70.9051617491242,41.101632729724784],[-70.9051617491242,41.10114167685119]]]},"properties":{"kind":"block","org":0}},{"type":"Feature","geometry":{"type":"Polygon","coordinates":[[[-70.9051617491242,41.1017630279996],[-70.90313847503032,41.10134994451455],[-70.90298401591126,41.10176443277851],[-70.90504073222732,41.10220408251413],[-70.9051617491242,41.10190233857986],[-70.9051617491242,41.1017630279996]]]},"properties":{"kind":"block","org":0}},{"type":"Feature","geometry":{"type":"Polygon","coordinates":[[[-70.90492384503216,41.102309822628875],[-70.90300592198622,41.10189984175135],[-70.902810670364,41.1023817215503],[-70.9047400696152,41.102772538321936],[-70.90492384503216,41.102309822628875]]]},"properties":{"kind":"block","org":0}},{"type":"Feature","geometry":{"type":"Polygon","coordinates":[[[-70.90476472156016,41.102907760184216],[-70.9026971056095,41.10248894640562],[-70.90256814054925,41.10288185786956],[-70.90309247892412,41.10299138989612],[-70.90473654363394,41.10299138989612],[-70.90476472156016,41.102907760184216]]]},"properties":{"kind":"block","org":0}},{"type":"Feature","geometry":{"type":"Polygon","coordinates":[[[-70.9045772212825,41.09693089065737],[-70.90373192954705,41.09676090968374],[-70.90290408038882,41.09681192142967],[-70.90213847810125,41.09687980792319],[-70.90442843788281,41.097330277129245],[-70.9045772212825,41.09693089065737]]]},"properties":{"kind":"block","org":0}},{"type":"Feature","geometry":{"type":"Polygon","coordinates":[[[-70.90431358267205,41.0974376620296],[-70.9019772037557,41.09697806148815],[-70.90175687654643,41.09755639739965],[-70.90409315767029,41.0980155199281],[-70.90431358267205,41.0974376620296]]]},"properties":{"kind":"block","org":0}},{"type":"Feature","geometry":{"type":"Polygon","coordinates":[[[-70.90404690362959,41.098136400509645],[-70.90171173384564,41.09767749638008],[-70.90153460601498,41.09816407687899],[-70.90339853855642,41.09853796476218],[-70.90389491151916,41.09853249654004],[-70.90404690362959,41.098136400509645]]]},"properties":{"kind":"block","org":0}},{"type":"Feature","geometry":{"type":"Polygon","coordinates":[[[-70.9038114121047,41.098750926958985],[-70.90148862306052,41.098284996642555],[-70.90129292014446,41.098776898959876],[-70.90361695372508,41.09926447937073],[-70.9038114121047,41.098750926958985]]]},"properties":{"kind":"block","org":0}},{"type":"Feature","geometry":{"type":"Polygon","coordinates":[[[-70.90357303648275,41.09938581285547],[-70.9012478514978,41.09889799088089],[-70.90104868815095,41.099472608376686],[-70.9033783271477,41.09995013695128],[-70.90357303648275,41.09938581285547]]]},"properties":{"kind":"block","org":0}},{"type":"Feature","geometry":{"type":"Polygon","coordinates":[[[-70.90333385745807,41.10007135542739],[-70.90100883466995,41.099594773081606],[-70.90084668718484,41.10012169649919],[-70.90313576981627,41.10058118536657],[-70.90333385745807,41.10007135542739]]]},"properties":{"kind":"block","org":0}},{"type":"Feature","geometry":{"type":"Polygon","coordinates":[[[-70.90142557534985,41.1003680465759],[-70.90073349450971,41.10022912479256],[-70.90060549678957,41.100533634134514],[-70.90142557534985,41.1003680465759]]]},"properties":{"kind":"block","org":0}},{"type":"Feature","geometry":{"type":"Polygon","coordinates":[[[-70.90316289069511,41.100716778879985],[-70.90174893682857,41.10043295511069],[-70.90139872597148,41.100503668532106],[-70.90153339774486,41.10088241092531],[-70.90301856001498,41.10119465304157],[-70.90316289069511,41.100716778879985]]]},"properties":{"kind":"block","org":0}},{"type":"Feature","geometry":{"type":"Polygon","coordinates":[[[-70.90297755322638,41.10131659881585],[-70.90158357540791,41.101023527416984],[-70.90175822913868,41.101514712542944],[-70.90282315999067,41.10173091028301],[-70.90297755322638,41.10131659881585]]]},"properties":{"kind":"block","org":0}},{"type":"Feature","geometry":{"type":"Polygon","coordinates":[[[-70.90275386576884,41.10190668331584],[-70.90254888528199,41.10180547640845],[-70.90180814565208,41.10165509459384],[-70.9020075628229,41.102215922855216],[-70.90202276074929,41.10221907423155],[-70.90268115482755,41.10208613347038],[-70.90275386576884,41.10190668331584]]]},"properties":{"kind":"block","org":0}},{"type":"Feature","geometry":{"type":"Polygon","coordinates":[[[-70.90253601759004,41.10245593945331],[-70.90202217951455,41.10234939221081],[-70.90098922786194,41.10255796240226],[-70.90240714992586,41.1028485541854],[-70.90253601759004,41.10245593945331]]]},"properties":{"kind":"block","org":0}},{"type":"Feature","geometry":{"type":"Polygon","coordinates":[[[-70.89992164067576,41.10277352608643],[-70.8998230653728,41.10279343008654],[-70.89976859399366,41.10293714434072],[-70.90003023805966,41.10299138989612],[-70.90038431572185,41.10299138989612],[-70.89992164067576,41.10277352608643]]]},"properties":{"kind":"block","org":0}},{"type":"Feature","geometry":{"type":"Polygon","coordinates":[[[-70.90236580494776,41.10297041307129],[-70.90066889009428,41.10262264394796],[-70.90059864862215,41.10263682687439],[-70.90135163032507,41.10299138989612],[-70.90235844773419,41.10299138989612],[-70.90236580494776,41.10297041307129]]]},"properties":{"kind":"block","org":0}},{"type":"Feature","geometry":{"type":"Polygon","coordinates":[[[-70.90083713000446,41.09737051710697],[-70.90152629241464,41.09751055579571],[-70.90170325956868,41.09704603550029],[-70.90137412729035,41.0971413537524],[-70.90083713000446,41.09737051710697]]]},"properties":{"kind":"block","org":0}},{"type":"Feature","geometry":{"type":"Polygon","coordinates":[[[-70.89974425311722,41.0976262917882],[-70.89945315419548,41.09771483432785],[-70.90130465216872,41.09811663007582],[-70.90145309160155,41.09770885828176],[-70.89974425311722,41.0976262917882]]]},"properties":{"kind":"block","org":0}},{"type":"Feature","geometry":{"type":"Polygon","coordinates":[[[-70.90118987553053,41.09822259750935],[-70.89923432106546,41.097798220339975],[-70.899046356585,41.09833448692958],[-70.90099352557958,41.098716126158905],[-70.90118987553053,41.09822259750935]]]},"properties":{"kind":"block","org":0}},{"type":"Feature","geometry":{"type":"Polygon","coordinates":[[[-70.90094855957463,41.098837261377774],[-70.89900435115953,41.09845620241306],[-70.89881702202328,41.0990076103647],[-70.90074977302648,41.09941079175026],[-70.90094855957463,41.098837261377774]]]},"properties":{"kind":"block","org":0}},{"type":"Feature","geometry":{"type":"Polygon","coordinates":[[[-70.90070969897718,41.09953292607632],[-70.89877425561112,41.0991291830506],[-70.8986227245428,41.09954617540067],[-70.89902471800629,41.09975763522326],[-70.90054698553772,41.10006168865041],[-70.90070969897718,41.09953292607632]]]},"properties":{"kind":"block","org":0}},{"type":"Feature","geometry":{"type":"Polygon","coordinates":[[[-70.90057201886442,41.10019679568488],[-70.89846616530785,41.09977617842955],[-70.89830931655983,41.10023216942204],[-70.90022522461281,41.10061041743846],[-70.90041419541684,41.10057226107686],[-70.90057201886442,41.10019679568488]]]},"properties":{"kind":"block","org":0}},{"type":"Feature","geometry":{"type":"Polygon","coordinates":[[[-70.89989966724106,41.100676152909415],[-70.89826492226835,41.1003534134949],[-70.89810799147689,41.10075670702649],[-70.89878936606556,41.10090034126146],[-70.89989966724106,41.100676152909415]]]},"properties":{"kind":"block","org":0}},{"type":"Feature","geometry":{"type":"Polygon","coordinates":[[[-70.89847294563636,41.1009642318311],[-70.89806520022123,41.10087827881533],[-70.89800833662737,41.1010580441501],[-70.89847294563636,41.1009642318311]]]},"properties":{"kind":"block","org":0}},{"type":"Feature","geometry":{"type":"Polygon","coordinates":[[[-70.89778108752759,41.10176558527002],[-70.8977387614867,41.101895295616885],[-70.8982795970267,41.10200526545609],[-70.89827748607854,41.10199932875877],[-70.89778108752759,41.10176558527002]]]},"properties":{"kind":"block","org":0}},{"type":"Feature","geometry":{"type":"Polygon","coordinates":[[[-70.898329524901,41.10214567945767],[-70.89769639431613,41.10201694296855],[-70.89753140217324,41.10246272204996],[-70.89851660854222,41.102671821679074],[-70.898329524901,41.10214567945767]]]},"properties":{"kind":"block","org":0}},{"type":"Feature","geometry":{"type":"Polygon","coordinates":[[[-70.8985668593917,41.10281314399564],[-70.89748976480203,41.102584542063795],[-70.89736161504338,41.10299138989612],[-70.8986302393881,41.10299138989612],[-70.8985668593917,41.10281314399564]]]},"properties":{"kind":"block","org":0}},{"type":"Feature","geometry":{"type":"Polygon","coordinates":[[[-70.89895952223773,41.09787868862082],[-70.89871682670199,41.098268740511685],[-70.89881578463805,41.098288774995595],[-70.89895952223773,41.09787868862082]]]},"properties":{"kind":"block","org":0}},{"type":"Feature","geometry":{"type":"Polygon","coordinates":[[[-70.89837201814832,41.098822904921526],[-70.89831958283152,41.09890717715341],[-70.89858695443455,41.09896039823477],[-70.89869113460065,41.09865374133588],[-70.89837201814832,41.098822904921526]]]},"properties":{"kind":"block","org":0}},{"type":"Feature","geometry":{"type":"Polygon","coordinates":[[[-70.8985442172115,41.09908196900222],[-70.89851929003977,41.09907700717748],[-70.89760442388663,41.09922980652962],[-70.89734163959655,41.09936910844412],[-70.89734163959655,41.09941346513677],[-70.8983480175981,41.09962188295376],[-70.8985442172115,41.09908196900222]]]},"properties":{"kind":"block","org":0}},{"type":"Feature","geometry":{"type":"Polygon","coordinates":[[[-70.89830502968704,41.099743407340874],[-70.89734163959655,41.09954389218925],[-70.89734163959655,41.10003440797048],[-70.89814806983178,41.10019972134455],[-70.89830502968704,41.099743407340874]]]},"properties":{"kind":"block","org":0}},{"type":"Feature","geometry":{"type":"Polygon","coordinates":[[[-70.89810363604226,41.100320947170445],[-70.89734163959655,41.10016474245742],[-70.89734163959655,41.10060118534287],[-70.89794700587224,41.10072346814055],[-70.89810363604226,41.100320947170445]]]},"properties":{"kind":"block","org":0}},{"type":"Feature","geometry":{"type":"Polygon","coordinates":[[[-70.89790415345917,41.100845016169394],[-70.89734163959655,41.100731389474916],[-70.89734163959655,41.1011031708009],[-70.89776015608469,41.1013002412876],[-70.89790415345917,41.100845016169394]]]},"properties":{"kind":"block","org":0}},{"type":"Feature","geometry":{"type":"Polygon","coordinates":[[[-70.89734163959655,41.10155865861335],[-70.89734163959655,41.10181558450598],[-70.89751793044826,41.101850855756766],[-70.89759130161788,41.10182050748962],[-70.89763211372134,41.10169543668248],[-70.89734163959655,41.10155865861335]]]},"properties":{"kind":"block","org":0}},{"type":"Feature","geometry":{"type":"Polygon","coordinates":[[[-70.89753516725555,41.10198442576749],[-70.89734163959655,41.101945705876304],[-70.89734163959655,41.10242344024192],[-70.8973705082736,41.10242930470799],[-70.89753516725555,41.10198442576749]]]},"properties":{"kind":"block","org":0}},{"type":"Feature","geometry":{"type":"Polygon","coordinates":[[[-70.90467647206914,41.103108170883054],[-70.90477820176748,41.103290028305544],[-70.90517367002288,41.103158855948756],[-70.90517367002288,41.103108170883054],[-70.90467647206914,41.103108170883054]]]},"properties":{"kind":"block","org":0}},{"type":"Feature","geometry":{"type":"Polygon","coordinates":[[[-70.90517367002288,41.1032766342027],[-70.90483590142269,41.10338866823509],[-70.9049912140741,41.103642923701244],[-70.90517367002288,41.10370413913871],[-70.90517367002288,41.1032766342027]]]},"properties":{"kind":"block","org":0}},{"type":"Feature","geometry":{"type":"Polygon","coordinates":[[[-70.90258703603011,41.103108170883054],[-70.9027441246202,41.103381103409056],[-70.90297087321551,41.103381103409056],[-70.90377980382642,41.103108170883054],[-70.90258703603011,41.103108170883054]]]},"properties":{"kind":"block","org":0}},{"type":"Feature","geometry":{"type":"Polygon","coordinates":[[[-70.90412986310116,41.103108170883054],[-70.90376463794745,41.10323139755098],[-70.90435381942478,41.10342907267273],[-70.90464711015454,41.10333319907498],[-70.90452123104679,41.103108170883054],[-70.90412986310116,41.103108170883054]]]},"properties":{"kind":"block","org":0}},{"type":"Feature","geometry":{"type":"Polygon","coordinates":[[[-70.90358928031054,41.10329056307414],[-70.90284101380028,41.10354302758223],[-70.902991453219,41.10377414025693],[-70.90311714808256,41.10383332728693],[-70.90331872613801,41.10376743357997],[-70.90359862389612,41.103293697922204],[-70.90358928031054,41.10329056307414]]]},"properties":{"kind":"block","org":0}},{"type":"Feature","geometry":{"type":"Polygon","coordinates":[[[-70.90348113281732,41.104439022267016],[-70.90338167886942,41.1044719490062],[-70.90357913702879,41.10478143130889],[-70.90394364288063,41.10465680838983],[-70.90348113281732,41.104439022267016]]]},"properties":{"kind":"block","org":0}},{"type":"Feature","geometry":{"type":"Polygon","coordinates":[[[-70.90079829470243,41.103175731027484],[-70.90063667825854,41.10322950668608],[-70.9008475022478,41.10355547240203],[-70.90129229695954,41.103408346152584],[-70.90079829470243,41.103175731027484]]]},"properties":{"kind":"block","org":0}},{"type":"Feature","geometry":{"type":"Polygon","coordinates":[[[-70.90183405611117,41.10322914664779],[-70.9021997922093,41.103108170883054],[-70.90157714117149,41.103108170883054],[-70.90183405611117,41.10322914664779]]]},"properties":{"kind":"block","org":0}},{"type":"Feature","geometry":{"type":"Polygon","coordinates":[[[-70.90143915065369,41.10347749642456],[-70.90090815570396,41.10365313541792],[-70.90112033831136,41.10400861520119],[-70.90196111791674,41.10372327967442],[-70.90143915065369,41.10347749642456]]]},"properties":{"kind":"block","org":0}},{"type":"Feature","geometry":{"type":"Polygon","coordinates":[[[-70.90245103611053,41.103142791653575],[-70.90198090980532,41.10329829691976],[-70.90249712896211,41.103541373509],[-70.90265048800592,41.10348932802256],[-70.90245103611053,41.103142791653575]]]},"properties":{"kind":"block","org":0}},{"type":"Feature","geometry":{"type":"Polygon","coordinates":[[[-70.90210703014144,41.103791986628515],[-70.90117507583835,41.10410826412893],[-70.90133794441908,41.10443400652368],[-70.90257862088264,41.104014048648835],[-70.90210703014144,41.103791986628515]]]},"properties":{"kind":"block","org":0}},{"type":"Feature","geometry":{"type":"Polygon","coordinates":[[[-70.90272462786069,41.10408280022027],[-70.90139254056614,41.104533699842996],[-70.90163333356736,41.104935237132125],[-70.9028720463368,41.104523453031064],[-70.90304364424767,41.104233018231824],[-70.90272462786069,41.10408280022027]]]},"properties":{"kind":"block","org":0}},{"type":"Feature","geometry":{"type":"Polygon","coordinates":[[[-70.90325067926598,41.10451540540738],[-70.90169103292925,41.105033877147235],[-70.90186898311626,41.105345889213645],[-70.90344840070543,41.10482530035712],[-70.90325067926598,41.10451540540738]]]},"properties":{"kind":"block","org":0}},{"type":"Feature","geometry":{"type":"Polygon","coordinates":[[[-70.90350962002846,41.104922780636564],[-70.90242300005872,41.105280939398],[-70.90363697668332,41.105129040052596],[-70.90350962002846,41.104922780636564]]]},"properties":{"kind":"block","org":0}},{"type":"Feature","geometry":{"type":"Polygon","coordinates":[[[-70.8983909535623,41.103108170883054],[-70.89845831017008,41.10321539474344],[-70.89877364261068,41.103108170883054],[-70.8983909535623,41.103108170883054]]]},"properties":{"kind":"block","org":0}},{"type":"Feature","geometry":{"type":"Polygon","coordinates":[[[-70.89912144352877,41.103108170883054],[-70.8985156435954,41.10331416366753],[-70.89875530745651,41.1037638730055],[-70.90044866480261,41.10317514881337],[-70.90041387319107,41.103108170883054],[-70.89912144352877,41.103108170883054]]]},"properties":{"kind":"block","org":0}},{"type":"Feature","geometry":{"type":"Polygon","coordinates":[[[-70.90046291719422,41.103288911230884],[-70.89885436493026,41.10384815150836],[-70.8990158965958,41.10412098297283],[-70.89937779457648,41.10407469706014],[-70.90067408798157,41.103615413149036],[-70.90046291719422,41.103288911230884]]]},"properties":{"kind":"block","org":0}},{"type":"Feature","geometry":{"type":"Polygon","coordinates":[[[-70.90073476725199,41.10371303261356],[-70.89911306020782,41.10428761237381],[-70.89930252269485,41.104625641091246],[-70.90094643003995,41.10406764151817],[-70.90073476725199,41.10371303261356]]]},"properties":{"kind":"block","org":0}},{"type":"Feature","geometry":{"type":"Polygon","coordinates":[[[-70.90100082347958,41.104167407500725],[-70.89935882473449,41.1047247592283],[-70.8995450827814,41.10504807597956],[-70.90116381030239,41.10449338638343],[-70.90100082347958,41.104167407500725]]]},"properties":{"kind":"block","org":0}},{"type":"Feature","geometry":{"type":"Polygon","coordinates":[[[-70.90126218513603,41.10457809610372],[-70.89956102022097,41.10516103453372],[-70.89963078401662,41.1052709756264],[-70.900107286412,41.10531515315834],[-70.90092821868838,41.10517355610565],[-70.90150264779518,41.10497908252694],[-70.90126218513603,41.10457809610372]]]},"properties":{"kind":"block","org":0}},{"type":"Feature","geometry":{"type":"Polygon","coordinates":[[[-70.90156033962144,41.10507772804219],[-70.9006974309281,41.105369866688555],[-70.90101547190066,41.10539935293114],[-70.90153686890908,41.10539181693785],[-70.90172597885038,41.10536815447541],[-70.90156033962144,41.10507772804219]]]},"properties":{"kind":"block","org":0}},{"type":"Feature","geometry":{"type":"Polygon","coordinates":[[[-70.8962152979205,41.103108170883054],[-70.89611142942418,41.10314332957086],[-70.89622101688418,41.10334571682562],[-70.89692279335534,41.103108170883054],[-70.8962152979205,41.103108170883054]]]},"properties":{"kind":"block","org":0}},{"type":"Feature","geometry":{"type":"Polygon","coordinates":[[[-70.89727191117952,41.103108170883054],[-70.89627805987494,41.103444581912235],[-70.89653561403881,41.10386399456309],[-70.89832780161005,41.103259586454826],[-70.89823268435497,41.103108170883054],[-70.89727191117952,41.103108170883054]]]},"properties":{"kind":"block","org":0}},{"type":"Feature","geometry":{"type":"Polygon","coordinates":[[[-70.89834149551623,41.103373069000085],[-70.8966378781896,41.10394760714672],[-70.89690012900468,41.104398715164955],[-70.8985816274397,41.103823656618204],[-70.89834149551623,41.103373069000085]]]},"properties":{"kind":"block","org":0}},{"type":"Feature","geometry":{"type":"Polygon","coordinates":[[[-70.89863755527433,41.103922909460664],[-70.8969553556136,41.10449820782081],[-70.89712951383754,41.10482903418376],[-70.89883895830162,41.10426308476126],[-70.89863755527433,41.103922909460664]]]},"properties":{"kind":"block","org":0}},{"type":"Feature","geometry":{"type":"Polygon","coordinates":[[[-70.898895923983,41.10436196775992],[-70.89718589099145,41.104928112027466],[-70.89740732262102,41.10528880563014],[-70.89908563646269,41.10470044250073],[-70.898895923983,41.10436196775992]]]},"properties":{"kind":"block","org":0}},{"type":"Feature","geometry":{"type":"Polygon","coordinates":[[[-70.89918525726941,41.104784410592934],[-70.89742504685805,41.10540148403911],[-70.89747861181651,41.10548567788721],[-70.89767585642875,41.10550432548744],[-70.8981659973569,41.105524728820335],[-70.89937152980796,41.10510775249956],[-70.89918525726941,41.104784410592934]]]},"properties":{"kind":"block","org":0}},{"type":"Feature","geometry":{"type":"Polygon","coordinates":[[[-70.89943088369341,41.105205833826595],[-70.89851786318108,41.10552163447856],[-70.89869096104862,41.10551958522643],[-70.8992065465908,41.10547051567432],[-70.89956013845224,41.10540952700708],[-70.89943088369341,41.105205833826595]]]},"properties":{"kind":"block","org":0}},{"type":"Feature","geometry":{"type":"Polygon","coordinates":[[[-70.8941986188448,41.103108170883054],[-70.89419522477307,41.10310936288502],[-70.89438379081946,41.10343801460273],[-70.89535582881942,41.103108170883054],[-70.8941986188448,41.103108170883054]]]},"properties":{"kind":"block","org":0}},{"type":"Feature","geometry":{"type":"Polygon","coordinates":[[[-70.89570422783102,41.103108170883054],[-70.89444384514366,41.10353585921811],[-70.8946691087765,41.10388035163815],[-70.89609062735438,41.103390246102435],[-70.89593789092415,41.103108170883054],[-70.89570422783102,41.103108170883054]]]},"properties":{"kind":"block","org":0}},{"type":"Feature","geometry":{"type":"Polygon","coordinates":[[[-70.89610440605345,41.10350404039356],[-70.89501051651698,41.10388118728818],[-70.89481764394375,41.10403941304496],[-70.89502341598563,41.10439084596008],[-70.8963621489963,41.10392376046047],[-70.89610440605345,41.10350404039356]]]},"properties":{"kind":"block","org":0}},{"type":"Feature","geometry":{"type":"Polygon","coordinates":[[[-70.89646415077968,41.104006963499955],[-70.89503424686863,41.104505858632415],[-70.89525465711314,41.10495159943695],[-70.89526025969907,41.104952489034744],[-70.8956834400917,41.104810526429056],[-70.89672630808533,41.104457910668934],[-70.89646415077968,41.104006963499955]]]},"properties":{"kind":"block","org":0}},{"type":"Feature","geometry":{"type":"Polygon","coordinates":[[[-70.8967813493813,41.10455745199748],[-70.89553752116866,41.10497801666465],[-70.89570967175142,41.10502384822054],[-70.89629194353655,41.10511630333002],[-70.89695515811887,41.10488761448534],[-70.8967813493813,41.10455745199748]]]},"properties":{"kind":"block","org":0}},{"type":"Feature","geometry":{"type":"Polygon","coordinates":[[[-70.89701168476964,41.1049866704352],[-70.89638356414281,41.10520325822488],[-70.89709820156247,41.10539351575591],[-70.89723378097462,41.105348446575604],[-70.89701168476964,41.1049866704352]]]},"properties":{"kind":"block","org":0}},{"type":"Feature","geometry":{"type":"Polygon","coordinates":[[[-70.89241913905408,41.103108170883054],[-70.89241652016135,41.103109014932194],[-70.89263085395196,41.10350634278471],[-70.89384491804925,41.103108170883054],[-70.89241913905408,41.103108170883054]]]},"properties":{"kind":"block","org":0}},{"type":"Feature","geometry":{"type":"Polygon","coordinates":[[[-70.8940210520894,41.10316796961678],[-70.89273236276061,41.10359061606668],[-70.89294088671419,41.10392021568826],[-70.89420957603743,41.10349654796127],[-70.8940210520894,41.10316796961678]]]},"properties":{"kind":"block","org":0}},{"type":"Feature","geometry":{"type":"Polygon","coordinates":[[[-70.89431314848011,41.10357986928498],[-70.89295340440297,41.10403394395236],[-70.89311289695019,41.10435297875749],[-70.89320299499107,41.104387219656445],[-70.894539008212,41.1039252733107],[-70.89431314848011,41.10357986928498]]]},"properties":{"kind":"block","org":0}},{"type":"Feature","geometry":{"type":"Polygon","coordinates":[[[-70.89459952940959,41.104022950984614],[-70.8937366558995,41.10432130227229],[-70.89408871026205,41.10448956803802],[-70.89461140591155,41.10452839683029],[-70.89484965805312,41.1044501394284],[-70.89459952940959,41.104022950984614]]]},"properties":{"kind":"block","org":0}},{"type":"Feature","geometry":{"type":"Polygon","coordinates":[[[-70.8949034468104,41.10455006493292],[-70.89449558214122,41.10468403405119],[-70.89477119578743,41.104815764676225],[-70.89508095624245,41.104909046418705],[-70.8949034468104,41.10455006493292]]]},"properties":{"kind":"block","org":0}},{"type":"Feature","geometry":{"type":"Polygon","coordinates":[[[-70.89228505230723,41.10315155983651],[-70.89185309187609,41.103291898412635],[-70.8918780602147,41.103363458831474],[-70.89205950373612,41.10358162585852],[-70.89217386437262,41.10365886961188],[-70.89249984647302,41.10354974112366],[-70.89228505230723,41.10315155983651]]]},"properties":{"kind":"block","org":0}},{"type":"Feature","geometry":{"type":"Polygon","coordinates":[[[-70.8925575964967,41.103648364665034],[-70.89229850356321,41.103735100777556],[-70.89239401014486,41.103807564881976],[-70.89268537941776,41.10400436735649],[-70.89276616115374,41.10397802862381],[-70.8925575964967,41.103648364665034]]]},"properties":{"kind":"block","org":0}},{"type":"Feature","geometry":{"type":"LineString","coordinates":[[-70.89346843942286,41.0992900412592],[-70.89343772400166,41.09901204323501],[-70.89325931765276,41.09889998663324],[-70.89286158442643,41.098908877084924],[-70.8927877666998,41.09938498651015],[-70.89346843942286,41.0992900412592]]},"properties":{"kind":"centerline","cls":"lane"}},{"type":"Feature","geometry":{"type":"LineString","coordinates":[[-70.89342493407646,41.09889628464227],[-70.89339224443673,41.098600418432355],[-70.89328063954302,41.09853259087073],[-70.89291188047203,41.098584477750904],[-70.89286158442643,41.098908877084924],[-70.89342493407646,41.09889628464227]]},"properties":{"kind":"centerline","cls":"lane"}},{"type":"Feature","geometry":{"type":"LineString","coordinates":[[-70.89291188047203,41.098584477750904],[-70.89265268910172,41.09862094771905],[-70.89230587228707,41.09945220469651],[-70.8927877666998,41.09938498651015],[-70.89291188047203,41.098584477750904]]},"properties":{"kind":"centerline","cls":"lane"}},{"type":"Feature","geometry":{"type":"LineString","coordinates":[[-70.89353353109443,41.099879170607906],[-70.89346843942286,41.0992900412592],[-70.89230587228707,41.09945220469651],[-70.89221524534938,41.09966942102262],[-70.89353353109443,41.099879170607906]]},"properties":{"kind":"centerline","cls":"lane"}},{"type":"Feature","geometry":{"type":"LineString","coordinates":[[-70.89362217888302,41.10068150080903],[-70.89357048189787,41.10021360360414],[-70.8932871372298,41.100187916755615],[-70.89307541587168,41.10075591345668],[-70.89320623066182,41.100765487702226],[-70.89362217888302,41.10068150080903]]},"properties":{"kind":"centerline","cls":"lane"}},{"type":"Feature","geometry":{"type":"LineString","coordinates":[[-70.8932871372298,41.100187916755615],[-70.89269741780615,41.10013445524666],[-70.89263569520499,41.10072373060006],[-70.89307541587168,41.10075591345668],[-70.8932871372298,41.100187916755615]]},"properties":{"kind":"centerline","cls":"lane"}},{"type":"Feature","geometry":{"type":"LineString","coordinates":[[-70.89357048189787,41.10021360360414],[-70.89353353109443,41.099879170607906],[-70.89286382044943,41.09977261439991],[-70.89273107284635,41.0998131452997],[-70.89269741780615,41.10013445524666],[-70.89357048189787,41.10021360360414]]},"properties":{"kind":"centerline","cls":"lane"}},{"type":"Feature","geometry":{"type":"LineString","coordinates":[[-70.89205978155866,41.10004203952124],[-70.89180085916558,41.10066262951796],[-70.89263569520499,41.10072373060006],[-70.89268416035118,41.10026102624847],[-70.89205978155866,41.10004203952124]]},"properties":{"kind":"centerline","cls":"lane"}},{"type":"Feature","geometry":{"type":"LineString","coordinates":[[-70.89273742462895,41.099752503835084],[-70.89221524534938,41.09966942102262],[-70.89209243056948,41.09996378576623],[-70.89219090759038,41.100088029008525],[-70.89268416035118,41.10026102624847],[-70.89273742462895,41.099752503835084]]},"properties":{"kind":"centerline","cls":"lane"}},{"type":"Feature","geometry":{"type":"LineString","coordinates":[[-70.89133903670549,41.098805787441854],[-70.89070771181005,41.09889461909855],[-70.8906712257936,41.09896920186526],[-70.89072581741321,41.099233520806585],[-70.8912623033902,41.09935596542741],[-70.89133903670549,41.098805787441854]]},"properties":{"kind":"centerline","cls":"lane"}},{"type":"Feature","geometry":{"type":"LineString","coordinates":[[-70.89204768543875,41.098706075801395],[-70.89133903670549,41.098805787441854],[-70.89130954396998,41.09901725039962],[-70.8922098698965,41.09911003161019],[-70.89204768543875,41.098706075801395]]},"properties":{"kind":"centerline","cls":"lane"}},{"type":"Feature","geometry":{"type":"LineString","coordinates":[[-70.89265268910172,41.09862094771905],[-70.89204768543875,41.098706075801395],[-70.8922098698965,41.09911003161019],[-70.89243879102466,41.099133622599595],[-70.89265268910172,41.09862094771905]]},"properties":{"kind":"centerline","cls":"lane"}},{"type":"Feature","geometry":{"type":"LineString","coordinates":[[-70.89151877730387,41.099038812504446],[-70.89130079096597,41.09908000945151],[-70.8912623033902,41.09935596542741],[-70.89225180131194,41.09958180301315],[-70.89243879102466,41.099133622599595],[-70.89151877730387,41.099038812504446]]},"properties":{"kind":"centerline","cls":"lane"}},{"type":"Feature","geometry":{"type":"LineString","coordinates":[[-70.89053967238918,41.100186141398595],[-70.89095109172817,41.100201226763794],[-70.89113934818052,41.09968949753716],[-70.89069237974296,41.09978781834881],[-70.89060237678807,41.09998196875265],[-70.89053967238918,41.100186141398595]]},"properties":{"kind":"centerline","cls":"lane"}},{"type":"Feature","geometry":{"type":"LineString","coordinates":[[-70.89033652347818,41.10055545578464],[-70.89080808020157,41.100589968700596],[-70.89095109172817,41.100201226763794],[-70.89052998138345,41.10018578606197],[-70.89046446882925,41.1002890998847],[-70.89042532114271,41.10036390538],[-70.89033652347818,41.10055545578464]]},"properties":{"kind":"centerline","cls":"lane"}},{"type":"Feature","geometry":{"type":"LineString","coordinates":[[-70.89083387197857,41.09975669393313],[-70.89113934818052,41.09968949753716],[-70.89126206866223,41.09935591185438],[-70.8908252653546,41.09925621826],[-70.89076860786892,41.099440701469625],[-70.89083387197857,41.09975669393313]]},"properties":{"kind":"centerline","cls":"lane"}},{"type":"Feature","geometry":{"type":"LineString","coordinates":[[-70.89080808020157,41.100589968700596],[-70.89180085916558,41.10066262951796],[-70.89200599136588,41.10017096485354],[-70.890956737087,41.10018588123343],[-70.89080808020157,41.100589968700596]]},"properties":{"kind":"centerline","cls":"lane"}},{"type":"Feature","geometry":{"type":"LineString","coordinates":[[-70.89200599136588,41.10017096485354],[-70.89208654266137,41.09997789801363],[-70.8911234818609,41.099732626255275],[-70.890956737087,41.10018588123343],[-70.89200599136588,41.10017096485354]]},"properties":{"kind":"centerline","cls":"lane"}},{"type":"Feature","geometry":{"type":"LineString","coordinates":[[-70.8916333099279,41.099572804633276],[-70.89154532289155,41.09942056024817],[-70.89126206866223,41.09935591185438],[-70.8911234818609,41.099732626255275],[-70.89154127883918,41.099839030544025],[-70.8916333099279,41.099572804633276]]},"properties":{"kind":"centerline","cls":"lane"}},{"type":"Feature","geometry":{"type":"LineString","coordinates":[[-70.89208654266137,41.09997789801363],[-70.89225180131194,41.09958180301315],[-70.89167565596782,41.09945030675561],[-70.89154127883918,41.099839030544025],[-70.89208654266137,41.09997789801363]]},"properties":{"kind":"centerline","cls":"lane"}},{"type":"Feature","geometry":{"type":"LineString","coordinates":[[-70.89383577232337,41.10261468459975],[-70.89375568889086,41.10188986836308],[-70.89290020187948,41.10189874882384],[-70.89297921845838,41.10235338478339],[-70.89317177721053,41.1025007384119],[-70.89383577232337,41.10261468459975]]},"properties":{"kind":"centerline","cls":"lane"}},{"type":"Feature","geometry":{"type":"LineString","coordinates":[[-70.89310103395975,41.10305427196601],[-70.89388434141357,41.10305427196601],[-70.89383577232337,41.10261468459975],[-70.89299969637817,41.10247120814207],[-70.89310103395975,41.10305427196601]]},"properties":{"kind":"centerline","cls":"lane"}},{"type":"Feature","geometry":{"type":"LineString","coordinates":[[-70.8930105241533,41.1025335076747],[-70.89290020187948,41.10189874882384],[-70.89252661826703,41.10190262684252],[-70.89257469190271,41.102531491577324],[-70.8930105241533,41.1025335076747]]},"properties":{"kind":"centerline","cls":"lane"}},{"type":"Feature","geometry":{"type":"LineString","coordinates":[[-70.89252661826703,41.10190262684252],[-70.89205211805333,41.10190755243516],[-70.8919789987025,41.10252873598616],[-70.89257469190271,41.102531491577324],[-70.89252661826703,41.10190262684252]]},"properties":{"kind":"centerline","cls":"lane"}},{"type":"Feature","geometry":{"type":"LineString","coordinates":[[-70.89193492262804,41.102903183135076],[-70.89225750186483,41.10305427196601],[-70.89310103395975,41.10305427196601],[-70.8930105241533,41.1025335076747],[-70.8919789987025,41.10252873598616],[-70.89193492262804,41.102903183135076]]},"properties":{"kind":"centerline","cls":"lane"}},{"type":"Feature","geometry":{"type":"LineString","coordinates":[[-70.89363883484693,41.10189108137712],[-70.89374909398266,41.101830179406235],[-70.8937247010114,41.10160940438342],[-70.8931604326833,41.1017233395835],[-70.89320661998545,41.10189556802281],[-70.89363883484693,41.10189108137712]]},"properties":{"kind":"centerline","cls":"lane"}},{"type":"Feature","geometry":{"type":"LineString","coordinates":[[-70.89320623066182,41.100765487702226],[-70.89289750149828,41.10074289202466],[-70.89291910845023,41.100823462472384],[-70.89320623066182,41.100765487702226]]},"properties":{"kind":"centerline","cls":"lane"}},{"type":"Feature","geometry":{"type":"LineString","coordinates":[[-70.89272517573664,41.10190056569864],[-70.8931921291248,41.10189571844651],[-70.89297005306722,41.10127116576251],[-70.89258081544885,41.101329633214746],[-70.89272517573664,41.10190056569864]]},"properties":{"kind":"centerline","cls":"lane"}},{"type":"Feature","geometry":{"type":"LineString","coordinates":[[-70.89211185295146,41.10140007615531],[-70.89205211805333,41.10190755243516],[-70.89272517573664,41.10190056569864],[-70.89260897998449,41.10144102152334],[-70.89248932137407,41.10134337655607],[-70.89211185295146,41.10140007615531]]},"properties":{"kind":"centerline","cls":"lane"}},{"type":"Feature","geometry":{"type":"LineString","coordinates":[[-70.89215028408931,41.10107358541907],[-70.89211185295146,41.10140007615531],[-70.89297005306722,41.10127116576251],[-70.89286746245338,41.10098264639705],[-70.89215028408931,41.10107358541907]]},"properties":{"kind":"centerline","cls":"lane"}},{"type":"Feature","geometry":{"type":"LineString","coordinates":[[-70.89289750149828,41.10074289202466],[-70.89219525980019,41.100691495432244],[-70.89216172483331,41.10097639087477],[-70.89291910845023,41.100823462472384],[-70.89289750149828,41.10074289202466]]},"properties":{"kind":"centerline","cls":"lane"}},{"type":"Feature","geometry":{"type":"LineString","coordinates":[[-70.89216172483331,41.10097639087477],[-70.89215028408931,41.10107358541907],[-70.89286746245338,41.10098264639705],[-70.89281811168316,41.100843855406545],[-70.89216172483331,41.10097639087477]]},"properties":{"kind":"centerline","cls":"lane"}},{"type":"Feature","geometry":{"type":"LineString","coordinates":[[-70.89117107324651,41.102524637140206],[-70.89111885242352,41.10200914784444],[-70.89068394238518,41.102099861072034],[-70.89082055413006,41.10223343642077],[-70.89110103903745,41.102472192217135],[-70.89117107324651,41.102524637140206]]},"properties":{"kind":"centerline","cls":"lane"}},{"type":"Feature","geometry":{"type":"LineString","coordinates":[[-70.89145035986742,41.10194000225672],[-70.89111885242352,41.10200914784444],[-70.89117107324651,41.102524637140206],[-70.89120605910834,41.10255083620574],[-70.89167630924882,41.10249433150404],[-70.89145035986742,41.10194000225672]]},"properties":{"kind":"centerline","cls":"lane"}},{"type":"Feature","geometry":{"type":"LineString","coordinates":[[-70.89198744916521,41.102456945299025],[-70.89206334837259,41.1018121455487],[-70.89145035986742,41.10194000225672],[-70.89167630924882,41.10249433150404],[-70.89198744916521,41.102456945299025]]},"properties":{"kind":"centerline","cls":"lane"}},{"type":"Feature","geometry":{"type":"LineString","coordinates":[[-70.89187834010751,41.10305427196601],[-70.89191713800187,41.10305427196601],[-70.89198744916521,41.102456945299025],[-70.8912967247666,41.102539941927276],[-70.89144036027994,41.10272629198777],[-70.89187834010751,41.10305427196601]]},"properties":{"kind":"centerline","cls":"lane"}},{"type":"Feature","geometry":{"type":"LineString","coordinates":[[-70.89206334837259,41.1018121455487],[-70.89208989070092,41.101586655885946],[-70.89105189452629,41.10145787567351],[-70.89113322477719,41.10189870404217],[-70.89132549185481,41.1019660471383],[-70.89206334837259,41.1018121455487]]},"properties":{"kind":"centerline","cls":"lane"}},{"type":"Feature","geometry":{"type":"LineString","coordinates":[[-70.89068394238518,41.102099861072034],[-70.89115231337854,41.10200216858215],[-70.89109942846444,41.101715520377454],[-70.89044218850766,41.101800617577986],[-70.8905740101848,41.10199237227584],[-70.89068394238518,41.102099861072034]]},"properties":{"kind":"centerline","cls":"lane"}},{"type":"Feature","geometry":{"type":"LineString","coordinates":[[-70.89105189452629,41.10145787567351],[-70.89026037780165,41.10135967522303],[-70.89027738608569,41.101433365726905],[-70.8903067135966,41.10151339356969],[-70.89039888297218,41.10173762308381],[-70.89044218850766,41.101800617577986],[-70.89109942846444,41.101715520377454],[-70.89105189452629,41.10145787567351]]},"properties":{"kind":"centerline","cls":"lane"}},{"type":"Feature","geometry":{"type":"LineString","coordinates":[[-70.89110052332649,41.10061137241407],[-70.89029738570036,41.10055259131729],[-70.89026581275088,41.10060238211151],[-70.89019535026063,41.10086533834821],[-70.8902002836813,41.100944192771216],[-70.89113018425876,41.100951007361154],[-70.89110052332649,41.10061137241407]]},"properties":{"kind":"centerline","cls":"lane"}},{"type":"Feature","geometry":{"type":"LineString","coordinates":[[-70.89026037780165,41.10135967522303],[-70.89117579240624,41.101473247209256],[-70.89113018425876,41.100951007361154],[-70.8902002836813,41.100944192771216],[-70.89021123791522,41.10111928219776],[-70.8902218872102,41.10119290995302],[-70.89026037780165,41.10135967522303]]},"properties":{"kind":"centerline","cls":"lane"}},{"type":"Feature","geometry":{"type":"LineString","coordinates":[[-70.89159624297612,41.10064765379818],[-70.89110052332649,41.10061137241407],[-70.89114277712218,41.10109520298082],[-70.89146654354188,41.10114601477011],[-70.89159624297612,41.10064765379818]]},"properties":{"kind":"centerline","cls":"lane"}},{"type":"Feature","geometry":{"type":"LineString","coordinates":[[-70.89212951123217,41.10125006068881],[-70.89219525980019,41.100691495432244],[-70.89159624297612,41.10064765379818],[-70.89148642882627,41.10106960696067],[-70.89156818855784,41.101161966903554],[-70.89212951123217,41.10125006068881]]},"properties":{"kind":"centerline","cls":"lane"}},{"type":"Feature","geometry":{"type":"LineString","coordinates":[[-70.89186311248984,41.101558520381296],[-70.89209972013967,41.101503150143614],[-70.89212951123217,41.10125006068881],[-70.89114277712218,41.10109520298082],[-70.89117579240624,41.101473247209256],[-70.89186311248984,41.101558520381296]]},"properties":{"kind":"centerline","cls":"lane"}},{"type":"Feature","geometry":{"type":"LineString","coordinates":[[-70.89439002444205,41.09837649295792],[-70.89375238133395,41.0984662136296],[-70.89414403304845,41.09896002122733],[-70.89450298882535,41.09885734953076],[-70.89439002444205,41.09837649295792]]},"properties":{"kind":"centerline","cls":"lane"}},{"type":"Feature","geometry":{"type":"LineString","coordinates":[[-70.89375238133395,41.0984662136296],[-70.89338315654163,41.09851816603989],[-70.89345378976849,41.099157450696794],[-70.89414403304845,41.09896002122733],[-70.89375238133395,41.0984662136296]]},"properties":{"kind":"centerline","cls":"lane"}},{"type":"Feature","geometry":{"type":"LineString","coordinates":[[-70.89345378976849,41.099157450696794],[-70.8934884416468,41.09947107666474],[-70.89462438510103,41.09937409822059],[-70.89450298882535,41.09885734953076],[-70.89345378976849,41.099157450696794]]},"properties":{"kind":"centerline","cls":"lane"}},{"type":"Feature","geometry":{"type":"LineString","coordinates":[[-70.89469942498233,41.09833295822204],[-70.89439002444205,41.09837649295792],[-70.8944663648889,41.09870145206949],[-70.89476269223417,41.0987479267492],[-70.89473953592776,41.09854709406049],[-70.89469942498233,41.09833295822204]]},"properties":{"kind":"centerline","cls":"lane"}},{"type":"Feature","geometry":{"type":"LineString","coordinates":[[-70.8944663648889,41.09870145206949],[-70.89462438510103,41.09937409822059],[-70.89480713996926,41.099358495962655],[-70.89480885411258,41.09928422940679],[-70.8945729953164,41.09871817551754],[-70.8944663648889,41.09870145206949]]},"properties":{"kind":"centerline","cls":"lane"}},{"type":"Feature","geometry":{"type":"LineString","coordinates":[[-70.89383818158052,41.09995699521038],[-70.8944308857033,41.09999202034534],[-70.89419824673301,41.099410478760284],[-70.89408131466612,41.09942046155465],[-70.89383818158052,41.09995699521038]]},"properties":{"kind":"centerline","cls":"lane"}},{"type":"Feature","geometry":{"type":"LineString","coordinates":[[-70.8934884416468,41.09947107666474],[-70.89354018410208,41.09993938540896],[-70.89383818158052,41.09995699521038],[-70.89408131466612,41.09942046155465],[-70.8934884416468,41.09947107666474]]},"properties":{"kind":"centerline","cls":"lane"}},{"type":"Feature","geometry":{"type":"LineString","coordinates":[[-70.89360097107256,41.10048955392458],[-70.8936172166329,41.10063658865511],[-70.89377545394915,41.100650552013114],[-70.89427725036896,41.100549230934746],[-70.89360097107256,41.10048955392458]]},"properties":{"kind":"centerline","cls":"lane"}},{"type":"Feature","geometry":{"type":"LineString","coordinates":[[-70.89411711455946,41.100956848878695],[-70.89462782026766,41.10095413085934],[-70.89452162713286,41.10057079550829],[-70.89427725036896,41.100549230934746],[-70.89399261148077,41.10060670428042],[-70.89411711455946,41.100956848878695]]},"properties":{"kind":"centerline","cls":"lane"}},{"type":"Feature","geometry":{"type":"LineString","coordinates":[[-70.89382415492192,41.10050924836875],[-70.89452162713286,41.10057079550829],[-70.8943601342276,41.099987839372254],[-70.89413165459582,41.099974337644106],[-70.89382415492192,41.10050924836875]]},"properties":{"kind":"centerline","cls":"lane"}},{"type":"Feature","geometry":{"type":"LineString","coordinates":[[-70.89354018410208,41.09993938540896],[-70.89360097107256,41.10048955392458],[-70.89382415492192,41.10050924836875],[-70.89413165459582,41.099974337644106],[-70.89354018410208,41.09993938540896]]},"properties":{"kind":"centerline","cls":"lane"}},{"type":"Feature","geometry":{"type":"LineString","coordinates":[[-70.89462782026766,41.10095413085934],[-70.89526276663081,41.10095075162062],[-70.89538121028414,41.10089042514065],[-70.89539041686947,41.100565720274766],[-70.89520691355008,41.100479312476054],[-70.89453761186377,41.10062849709556],[-70.89462782026766,41.10095413085934]]},"properties":{"kind":"centerline","cls":"lane"}},{"type":"Feature","geometry":{"type":"LineString","coordinates":[[-70.89438968035141,41.10009449479555],[-70.89453761186377,41.10062849709556],[-70.89520691355008,41.100479312476054],[-70.89438968035141,41.10009449479555]]},"properties":{"kind":"centerline","cls":"lane"}},{"type":"Feature","geometry":{"type":"LineString","coordinates":[[-70.89539901207216,41.10026257811746],[-70.89540505114553,41.1000495874767],[-70.89488090777702,41.10001861385678],[-70.89539901207216,41.10026257811746]]},"properties":{"kind":"centerline","cls":"lane"}},{"type":"Feature","geometry":{"type":"LineString","coordinates":[[-70.8953100270149,41.10029800802885],[-70.89523650954769,41.100186059145095],[-70.89488090777702,41.10001861385678],[-70.8943601342276,41.099987839372254],[-70.89438968035141,41.10009449479555],[-70.89517294807506,41.100463318858395],[-70.8953100270149,41.10029800802885]]},"properties":{"kind":"centerline","cls":"lane"}},{"type":"Feature","geometry":{"type":"LineString","coordinates":[[-70.89716767876072,41.09943109388385],[-70.89725819330586,41.09942423361657],[-70.89725819330586,41.09927571309944],[-70.89690302748754,41.09928254449061],[-70.89668283577905,41.09931932052642],[-70.89716767876072,41.09943109388385]]},"properties":{"kind":"centerline","cls":"lane"}},{"type":"Feature","geometry":{"type":"LineString","coordinates":[[-70.89539041686947,41.100565720274766],[-70.89537951742284,41.10095013026295],[-70.89593648527762,41.100947166032505],[-70.895944706173,41.100826723284015],[-70.89539041686947,41.100565720274766]]},"properties":{"kind":"centerline","cls":"lane"}},{"type":"Feature","geometry":{"type":"LineString","coordinates":[[-70.89596502067165,41.10052909949318],[-70.89597013673334,41.10045414506281],[-70.89592108303452,41.10043104672242],[-70.89572240582417,41.10041485733682],[-70.89596502067165,41.10052909949318]]},"properties":{"kind":"centerline","cls":"lane"}},{"type":"Feature","geometry":{"type":"LineString","coordinates":[[-70.89593648527762,41.100947166032505],[-70.89619753860806,41.10094577668441],[-70.895944706173,41.100826723284015],[-70.89593648527762,41.100947166032505]]},"properties":{"kind":"centerline","cls":"lane"}},{"type":"Feature","geometry":{"type":"LineString","coordinates":[[-70.89638789630759,41.100728222609604],[-70.89641261773401,41.10053181169239],[-70.89631504689116,41.10046314921055],[-70.89597143328356,41.10043514955634],[-70.89596502067165,41.10052909949318],[-70.89638789630759,41.100728222609604]]},"properties":{"kind":"centerline","cls":"lane"}},{"type":"Feature","geometry":{"type":"LineString","coordinates":[[-70.89591637747262,41.0998857787526],[-70.89576113772479,41.099860520107924],[-70.89547012302761,41.09992067089059],[-70.89540771572464,41.09995561107025],[-70.89539901207216,41.10026257811746],[-70.89572240582417,41.10041485733682],[-70.8958943673879,41.10042886977468],[-70.89591637747262,41.0998857787526]]},"properties":{"kind":"centerline","cls":"lane"}},{"type":"Feature","geometry":{"type":"LineString","coordinates":[[-70.896482340689,41.09997786511567],[-70.89591637747262,41.0998857787526],[-70.8958943673879,41.10042886977468],[-70.89642018170251,41.10047171621226],[-70.896482340689,41.09997786511567]]},"properties":{"kind":"centerline","cls":"lane"}},{"type":"Feature","geometry":{"type":"LineString","coordinates":[[-70.89725819330586,41.10094013178962],[-70.89725819330586,41.10058031893955],[-70.89641352345592,41.100524615761714],[-70.89638789630759,41.100728222609604],[-70.89684262254043,41.10094234349268],[-70.89725819330586,41.10094013178962]]},"properties":{"kind":"centerline","cls":"lane"}},{"type":"Feature","geometry":{"type":"LineString","coordinates":[[-70.89725819330586,41.10058031893955],[-70.89725819330586,41.10019728260522],[-70.8971063834973,41.10007940145398],[-70.896482340689,41.09997786511567],[-70.89641352345592,41.100524615761714],[-70.89725819330586,41.10058031893955]]},"properties":{"kind":"centerline","cls":"lane"}},{"type":"Feature","geometry":{"type":"LineString","coordinates":[[-70.89570056979156,41.09985066526131],[-70.89608042468012,41.09991247043551],[-70.8961586407002,41.099590926735466],[-70.89611189800381,41.09956135824762],[-70.89580075656124,41.0997355580189],[-70.89570056979156,41.09985066526131]]},"properties":{"kind":"centerline","cls":"lane"}},{"type":"Feature","geometry":{"type":"LineString","coordinates":[[-70.89725819330586,41.1001041020224],[-70.89725819330586,41.09969709185497],[-70.89673674982944,41.09970583872379],[-70.89677061021045,41.10002476867944],[-70.89725819330586,41.1001041020224]]},"properties":{"kind":"centerline","cls":"lane"}},{"type":"Feature","geometry":{"type":"LineString","coordinates":[[-70.89725819330586,41.09969709185497],[-70.89725819330586,41.09950799119831],[-70.89712969914274,41.0994223382463],[-70.89669603679525,41.09932236382488],[-70.89673674982944,41.09970583872379],[-70.89725819330586,41.09969709185497]]},"properties":{"kind":"centerline","cls":"lane"}},{"type":"Feature","geometry":{"type":"LineString","coordinates":[[-70.89669603679525,41.09932236382488],[-70.89656955857015,41.09929320614622],[-70.89636473805038,41.099331529369366],[-70.89620759735172,41.09938966741729],[-70.89608042468012,41.09991247043551],[-70.89677061021045,41.10002476867944],[-70.89669603679525,41.09932236382488]]},"properties":{"kind":"centerline","cls":"lane"}},{"type":"Feature","geometry":{"type":"LineString","coordinates":[[-70.89449430569458,41.10095484143529],[-70.89411711455946,41.100956848878695],[-70.89426966659195,41.101385876583734],[-70.89462683932963,41.10137660389462],[-70.89449430569458,41.10095484143529]]},"properties":{"kind":"centerline","cls":"lane"}},{"type":"Feature","geometry":{"type":"LineString","coordinates":[[-70.89408081333671,41.10184205342109],[-70.89481276479056,41.10196827543237],[-70.89462683932963,41.10137660389462],[-70.89439360975527,41.101382658850966],[-70.89408081333671,41.10184205342109]]},"properties":{"kind":"centerline","cls":"lane"}},{"type":"Feature","geometry":{"type":"LineString","coordinates":[[-70.8937247010114,41.10160940438342],[-70.89374398832858,41.10178396933675],[-70.89408081333671,41.10184205342109],[-70.89427280993931,41.101560073860334],[-70.89420108349651,41.101513214802935],[-70.8937247010114,41.10160940438342]]},"properties":{"kind":"centerline","cls":"lane"}},{"type":"Feature","geometry":{"type":"LineString","coordinates":[[-70.89430731775305,41.10149176433217],[-70.8943212344012,41.10148895432847],[-70.8943763550531,41.10140800030637],[-70.8943640609897,41.10138342597703],[-70.89426966659195,41.101385876583734],[-70.89430731775305,41.10149176433217]]},"properties":{"kind":"centerline","cls":"lane"}},{"type":"Feature","geometry":{"type":"LineString","coordinates":[[-70.89522595203562,41.10155449111457],[-70.89542604437997,41.10136382134121],[-70.895443465666,41.10094978992495],[-70.89449430569458,41.10095484143529],[-70.8947118062812,41.101646994655724],[-70.89522595203562,41.10155449111457]]},"properties":{"kind":"centerline","cls":"lane"}},{"type":"Feature","geometry":{"type":"LineString","coordinates":[[-70.89539637593302,41.102068916768374],[-70.89541948666346,41.10151967095266],[-70.8947118062812,41.101646994655724],[-70.89481276479056,41.10196827543237],[-70.89539637593302,41.102068916768374]]},"properties":{"kind":"centerline","cls":"lane"}},{"type":"Feature","geometry":{"type":"LineString","coordinates":[[-70.89388434141357,41.10305427196601],[-70.89405636109353,41.10305427196601],[-70.89448343381882,41.102447756887244],[-70.89381931266804,41.102465712146184],[-70.89388434141357,41.10305427196601]]},"properties":{"kind":"centerline","cls":"lane"}},{"type":"Feature","geometry":{"type":"LineString","coordinates":[[-70.89448343381882,41.102447756887244],[-70.89482015898683,41.10196955053104],[-70.89374398832858,41.10178396933675],[-70.89381931266804,41.102465712146184],[-70.89448343381882,41.102447756887244]]},"properties":{"kind":"centerline","cls":"lane"}},{"type":"Feature","geometry":{"type":"LineString","coordinates":[[-70.89405636109353,41.10305427196601],[-70.8953549149374,41.10305427196601],[-70.89536831388521,41.10273583477773],[-70.89443596582406,41.10251516942119],[-70.89405636109353,41.10305427196601]]},"properties":{"kind":"centerline","cls":"lane"}},{"type":"Feature","geometry":{"type":"LineString","coordinates":[[-70.89536831388521,41.10273583477773],[-70.89539637593302,41.102068916768374],[-70.89482015898683,41.10196955053104],[-70.89455038435806,41.10235267586434],[-70.89471363317651,41.10258088690148],[-70.89536831388521,41.10273583477773]]},"properties":{"kind":"centerline","cls":"lane"}},{"type":"Feature","geometry":{"type":"LineString","coordinates":[[-70.89688189557364,41.101461973536885],[-70.89623190086192,41.10145358467072],[-70.8963287229373,41.1018927531832],[-70.89672722009433,41.10186988961891],[-70.89688189557364,41.101461973536885]]},"properties":{"kind":"centerline","cls":"lane"}},{"type":"Feature","geometry":{"type":"LineString","coordinates":[[-70.89725819330586,41.101839425310835],[-70.89725819330586,41.101466830055344],[-70.89688189557364,41.101461973536885],[-70.89672722009433,41.10186988961891],[-70.89725819330586,41.101839425310835]]},"properties":{"kind":"centerline","cls":"lane"}},{"type":"Feature","geometry":{"type":"LineString","coordinates":[[-70.89619753860806,41.10094577668441],[-70.89612003699757,41.10094618915459],[-70.89620407780858,41.10132738401966],[-70.8963004240916,41.101454469035154],[-70.89650740165528,41.10145714029855],[-70.89661448599979,41.10114210831709],[-70.89619753860806,41.10094577668441]]},"properties":{"kind":"centerline","cls":"lane"}},{"type":"Feature","geometry":{"type":"LineString","coordinates":[[-70.89725819330586,41.101466830055344],[-70.89725819330586,41.10144521635632],[-70.89661448599979,41.10114210831709],[-70.89650740165528,41.10145714029855],[-70.89725819330586,41.101466830055344]]},"properties":{"kind":"centerline","cls":"lane"}},{"type":"Feature","geometry":{"type":"LineString","coordinates":[[-70.89725819330586,41.10113802690141],[-70.89725819330586,41.10094013178962],[-70.89684262254043,41.10094234349268],[-70.89725819330586,41.10113802690141]]},"properties":{"kind":"centerline","cls":"lane"}},{"type":"Feature","geometry":{"type":"LineString","coordinates":[[-70.89587713355432,41.10191866288596],[-70.8963287229373,41.1018927531832],[-70.89624446400646,41.10151056896362],[-70.89579401940598,41.101442538860574],[-70.89572331621697,41.101521088138355],[-70.89587713355432,41.10191866288596]]},"properties":{"kind":"centerline","cls":"lane"}},{"type":"Feature","geometry":{"type":"LineString","coordinates":[[-70.89542507674909,41.10138681789746],[-70.89540155006337,41.101945949238015],[-70.89587713355432,41.10191866288596],[-70.8956866527756,41.10142632340828],[-70.89542507674909,41.10138681789746]]},"properties":{"kind":"centerline","cls":"lane"}},{"type":"Feature","geometry":{"type":"LineString","coordinates":[[-70.89612003699757,41.10094618915459],[-70.895443465666,41.10094978992495],[-70.89542507674909,41.10138681789746],[-70.89624446400646,41.10151056896362],[-70.89612003699757,41.10094618915459]]},"properties":{"kind":"centerline","cls":"lane"}},{"type":"Feature","geometry":{"type":"LineString","coordinates":[[-70.89725819330586,41.102439429436004],[-70.89725819330586,41.101839425310835],[-70.89640743128592,41.10188823733319],[-70.8964404343463,41.102283127384],[-70.89725819330586,41.102439429436004]]},"properties":{"kind":"centerline","cls":"lane"}},{"type":"Feature","geometry":{"type":"LineString","coordinates":[[-70.89650488299765,41.10305427196601],[-70.89701760030856,41.10305427196601],[-70.89725819330586,41.102857902945765],[-70.89725819330586,41.102439429436004],[-70.8964404343463,41.102283127384],[-70.89650488299765,41.10305427196601]]},"properties":{"kind":"centerline","cls":"lane"}},{"type":"Feature","geometry":{"type":"LineString","coordinates":[[-70.89645170560652,41.10241799089276],[-70.89640743128592,41.10188823733319],[-70.8958109428202,41.10192246054443],[-70.89605721329622,41.10247807139254],[-70.89645170560652,41.10241799089276]]},"properties":{"kind":"centerline","cls":"lane"}},{"type":"Feature","geometry":{"type":"LineString","coordinates":[[-70.8958109428202,41.10192246054443],[-70.89540155006337,41.101945949238015],[-70.89537478666351,41.10258200379397],[-70.89605721329622,41.10247807139254],[-70.8958109428202,41.10192246054443]]},"properties":{"kind":"centerline","cls":"lane"}},{"type":"Feature","geometry":{"type":"LineString","coordinates":[[-70.89604328335722,41.10305427196601],[-70.89650488299765,41.10305427196601],[-70.89645170560652,41.10241799089276],[-70.89592739767618,41.10249784208801],[-70.89604328335722,41.10305427196601]]},"properties":{"kind":"centerline","cls":"lane"}},{"type":"Feature","geometry":{"type":"LineString","coordinates":[[-70.8953549149374,41.10305427196601],[-70.89604328335722,41.10305427196601],[-70.89592739767618,41.10249784208801],[-70.89537478666351,41.10258200379397],[-70.8953549149374,41.10305427196601]]},"properties":{"kind":"centerline","cls":"lane"}},{"type":"Feature","geometry":{"type":"LineString","coordinates":[[-70.89238068039928,41.09746958256247],[-70.89296397497216,41.097422869839924],[-70.89278100066824,41.097380929485055],[-70.8926305229344,41.09736429417136],[-70.89254242108345,41.09737175801159],[-70.8924423673505,41.097409617928626],[-70.89238068039928,41.09746958256247]]},"properties":{"kind":"centerline","cls":"lane"}},{"type":"Feature","geometry":{"type":"LineString","coordinates":[[-70.89306239429062,41.09741498800023],[-70.89382784273835,41.097353687616824],[-70.8935921708708,41.09716163016964],[-70.89306239429062,41.09741498800023]]},"properties":{"kind":"centerline","cls":"lane"}},{"type":"Feature","geometry":{"type":"LineString","coordinates":[[-70.89155501108674,41.09877539839459],[-70.8919894220959,41.09871427384539],[-70.89192746938144,41.098120817983684],[-70.89177406026815,41.098221976767775],[-70.891500586878,41.09861076930968],[-70.89155501108674,41.09877539839459]]},"properties":{"kind":"centerline","cls":"lane"}},{"type":"Feature","geometry":{"type":"LineString","coordinates":[[-70.8919894220959,41.09871427384539],[-70.8925188223889,41.098639783665426],[-70.89230106817739,41.097960572230896],[-70.89199432304522,41.09802195471976],[-70.89193270535182,41.09817097425751],[-70.8919894220959,41.09871427384539]]},"properties":{"kind":"centerline","cls":"lane"}},{"type":"Feature","geometry":{"type":"LineString","coordinates":[[-70.89230106817739,41.097960572230896],[-70.89220216962768,41.097652091281816],[-70.8920608869399,41.0978142000889],[-70.89190171969938,41.09804048549092],[-70.89230106817739,41.097960572230896]]},"properties":{"kind":"centerline","cls":"lane"}},{"type":"Feature","geometry":{"type":"LineString","coordinates":[[-70.89077047995669,41.09888374295532],[-70.8907706428395,41.09888576427967],[-70.89155501108674,41.09877539839459],[-70.8914599916943,41.09848797197196],[-70.89111182750943,41.098658656566094],[-70.89077047995669,41.09888374295532]]},"properties":{"kind":"centerline","cls":"lane"}},{"type":"Feature","geometry":{"type":"LineString","coordinates":[[-70.89247221321266,41.09849440192868],[-70.89272650826878,41.098610560866014],[-70.89318697435193,41.09854577019276],[-70.89300999573712,41.09809761940183],[-70.8923688747246,41.098172072076906],[-70.89247221321266,41.09849440192868]]},"properties":{"kind":"centerline","cls":"lane"}},{"type":"Feature","geometry":{"type":"LineString","coordinates":[[-70.89300999573712,41.09809761940183],[-70.89275028932813,41.09743998269965],[-70.89238068039928,41.09746958256247],[-70.89225339951504,41.0975933097279],[-70.89220216962768,41.097652091281816],[-70.8923688747246,41.098172072076906],[-70.89300999573712,41.09809761940183]]},"properties":{"kind":"centerline","cls":"lane"}},{"type":"Feature","geometry":{"type":"LineString","coordinates":[[-70.89354196570255,41.098031287711116],[-70.89379078341435,41.097949106171555],[-70.89383068024068,41.09764866358908],[-70.8929907508236,41.09792608231511],[-70.89354196570255,41.098031287711116]]},"properties":{"kind":"centerline","cls":"lane"}},{"type":"Feature","geometry":{"type":"LineString","coordinates":[[-70.89318697435193,41.09854577019276],[-70.8937215386032,41.09847055340915],[-70.89377398957157,41.09807557200742],[-70.8929907508236,41.09792608231511],[-70.89294784997497,41.097940251956665],[-70.89318697435193,41.09854577019276]]},"properties":{"kind":"centerline","cls":"lane"}},{"type":"Feature","geometry":{"type":"LineString","coordinates":[[-70.89279156694745,41.09754450718001],[-70.89294784997497,41.097940251956665],[-70.89318816379806,41.0978608791507],[-70.89328623553179,41.09773064779033],[-70.89328248928015,41.09749587792259],[-70.89301936512523,41.097435566063524],[-70.89279156694745,41.09754450718001]]},"properties":{"kind":"centerline","cls":"lane"}},{"type":"Feature","geometry":{"type":"LineString","coordinates":[[-70.89383068024068,41.09764866358908],[-70.8938657373936,41.09738466611046],[-70.89386562437612,41.09738447722687],[-70.89382784273835,41.097353687616824],[-70.89328091925347,41.09739748758718],[-70.89328639225067,41.09774046904009],[-70.89339814242018,41.09779152570187],[-70.89383068024068,41.09764866358908]]},"properties":{"kind":"centerline","cls":"lane"}},{"type":"Feature","geometry":{"type":"LineString","coordinates":[[-70.8946659999345,41.09833766135096],[-70.89471459956077,41.09833082305685],[-70.89468921042021,41.098110625186166],[-70.89444422968124,41.097840447897816],[-70.8943947480999,41.097820721045466],[-70.8943790267877,41.09782360942328],[-70.8946659999345,41.09833766135096]]},"properties":{"kind":"centerline","cls":"lane"}},{"type":"Feature","geometry":{"type":"LineString","coordinates":[[-70.8937215386032,41.09847055340915],[-70.8946659999345,41.09833766135096],[-70.89445783391061,41.09796477577941],[-70.89377871634095,41.09803997712616],[-70.8937215386032,41.09847055340915]]},"properties":{"kind":"centerline","cls":"lane"}},{"type":"Feature","geometry":{"type":"LineString","coordinates":[[-70.89404266075299,41.097680354167146],[-70.89388841346543,41.097618860306504],[-70.89382275903361,41.097708314145905],[-70.89377871634095,41.09803997712616],[-70.89422806659847,41.09799021881326],[-70.89404266075299,41.097680354167146]]},"properties":{"kind":"centerline","cls":"lane"}},{"type":"Feature","geometry":{"type":"LineString","coordinates":[[-70.90692004752964,41.09758605686413],[-70.90714269644036,41.09839229623632],[-70.90847224898063,41.09817036910115],[-70.90822688980553,41.097990851887175],[-70.90792033260541,41.09785841321587],[-70.90762521858055,41.09775968946525],[-70.90720711951347,41.09765502874026],[-70.90692004752964,41.09758605686413]]},"properties":{"kind":"centerline","cls":"grid"}},{"type":"Feature","geometry":{"type":"LineString","coordinates":[[-70.90820310839325,41.09821529368871],[-70.90714269644036,41.09839229623632],[-70.9073671235573,41.09910200256607],[-70.90903372369341,41.09880618893739],[-70.90886978124979,41.098619556335926],[-70.90820310839325,41.09821529368871]]},"properties":{"kind":"centerline","cls":"grid"}},{"type":"Feature","geometry":{"type":"LineString","coordinates":[[-70.90914498997678,41.09878643969921],[-70.9073671235573,41.09910200256607],[-70.90763197387608,41.100027915521856],[-70.91012304941314,41.099608323775215],[-70.909991592053,41.099438129819866],[-70.90973053457785,41.09918779882057],[-70.90943280765028,41.09896096898064],[-70.90914498997678,41.09878643969921]]},"properties":{"kind":"centerline","cls":"grid"}},{"type":"Feature","geometry":{"type":"LineString","coordinates":[[-70.91012304941314,41.099608323775215],[-70.90763197387608,41.100027915521856],[-70.90787621939499,41.10080508918287],[-70.91012620354226,41.10042297477338],[-70.9103305011814,41.10016854199758],[-70.9103481416159,41.099968417229334],[-70.91019994411515,41.09970787707118],[-70.91012304941314,41.099608323775215]]},"properties":{"kind":"centerline","cls":"grid"}},{"type":"Feature","geometry":{"type":"LineString","coordinates":[[-70.90997797931891,41.100448147666995],[-70.90787621939499,41.10080508918287],[-70.90813310196405,41.1015463037913],[-70.90939377202525,41.1013351467629],[-70.90994710369029,41.10064602616386],[-70.90997797931891,41.100448147666995]]},"properties":{"kind":"centerline","cls":"grid"}},{"type":"Feature","geometry":{"type":"LineString","coordinates":[[-70.90975096684949,41.10127531810513],[-70.90813310196405,41.1015463037913],[-70.90837273443424,41.10243117491548],[-70.90970493868592,41.10219803495452],[-70.90977423111102,41.10175394744826],[-70.90975096684949,41.10127531810513]]},"properties":{"kind":"centerline","cls":"grid"}},{"type":"Feature","geometry":{"type":"LineString","coordinates":[[-70.9097897496498,41.10218319276738],[-70.90837273443424,41.10243117491548],[-70.90860381275954,41.10319140908616],[-70.90939838091928,41.10305878680133],[-70.90949650918105,41.10297243516477],[-70.9098105371273,41.10264303284964],[-70.90981669265534,41.10262753378725],[-70.90979662357978,41.10221464088558],[-70.9097897496498,41.10218319276738]]},"properties":{"kind":"centerline","cls":"grid"}},{"type":"Feature","geometry":{"type":"LineString","coordinates":[[-70.90938036166753,41.103061794415346],[-70.90860381275954,41.10319140908616],[-70.9087861602189,41.10371756181824],[-70.90920528634413,41.10327791586434],[-70.90938036166753,41.103061794415346]]},"properties":{"kind":"centerline","cls":"grid"}},{"type":"Feature","geometry":{"type":"LineString","coordinates":[[-70.90524519541489,41.09714486077466],[-70.90524519541489,41.09779265152271],[-70.90645916640604,41.09759540305394],[-70.90616505854587,41.09738628660445],[-70.90524519541489,41.09714486077466]]},"properties":{"kind":"centerline","cls":"grid"}},{"type":"Feature","geometry":{"type":"LineString","coordinates":[[-70.90676828361184,41.097545177063395],[-70.90524519541489,41.09779265152271],[-70.90524519541489,41.09871335899165],[-70.90714269644036,41.09839229623632],[-70.90691956607682,41.09758431346367],[-70.90681517604999,41.0975569154215],[-70.90676828361184,41.097545177063395]]},"properties":{"kind":"centerline","cls":"grid"}},{"type":"Feature","geometry":{"type":"LineString","coordinates":[[-70.90714269644036,41.09839229623632],[-70.90524519541489,41.09871335899165],[-70.90524519541489,41.09945941475173],[-70.9073671235573,41.09910200256607],[-70.90714269644036,41.09839229623632]]},"properties":{"kind":"centerline","cls":"grid"}},{"type":"Feature","geometry":{"type":"LineString","coordinates":[[-70.9073671235573,41.09910200256607],[-70.90524519541489,41.09945941475173],[-70.90524519541489,41.10042895104271],[-70.90763197387608,41.100027915521856],[-70.9073671235573,41.09910200256607]]},"properties":{"kind":"centerline","cls":"grid"}},{"type":"Feature","geometry":{"type":"LineString","coordinates":[[-70.90763197387608,41.100027915521856],[-70.90524519541489,41.10042895104271],[-70.90524519541489,41.101238461354264],[-70.90787621939499,41.10080508918287],[-70.90763197387608,41.100027915521856]]},"properties":{"kind":"centerline","cls":"grid"}},{"type":"Feature","geometry":{"type":"LineString","coordinates":[[-70.90787621939499,41.10080508918287],[-70.90524519541489,41.101238461354264],[-70.90524519541489,41.10169482340081],[-70.90533898377362,41.10202209320143],[-70.90813310196405,41.1015463037913],[-70.90787621939499,41.10080508918287]]},"properties":{"kind":"centerline","cls":"grid"}},{"type":"Feature","geometry":{"type":"LineString","coordinates":[[-70.90813310196405,41.1015463037913],[-70.90533898377362,41.10202209320143],[-70.90562929696121,41.10288165599793],[-70.90837273443424,41.10243117491548],[-70.90813310196405,41.1015463037913]]},"properties":{"kind":"centerline","cls":"grid"}},{"type":"Feature","geometry":{"type":"LineString","coordinates":[[-70.90837273443424,41.10243117491548],[-70.90562929696121,41.10288165599793],[-70.9058736994639,41.10366592841583],[-70.90860381275954,41.10319140908616],[-70.90837273443424,41.10243117491548]]},"properties":{"kind":"centerline","cls":"grid"}},{"type":"Feature","geometry":{"type":"LineString","coordinates":[[-70.90860381275954,41.10319140908616],[-70.9058736994639,41.10366592841583],[-70.90615630404048,41.10454267886041],[-70.90634568526474,41.104519372586026],[-70.90648038663703,41.10449639192977],[-70.90732352293792,41.10431683385788],[-70.90806765074672,41.10414270310719],[-70.90835001238656,41.104030080483625],[-70.90868259643578,41.103820600587525],[-70.90878964179389,41.103727607695504],[-70.90860381275954,41.10319140908616]]},"properties":{"kind":"centerline","cls":"grid"}},{"type":"Feature","geometry":{"type":"LineString","coordinates":[[-70.90524519541489,41.102039063690576],[-70.90533898377362,41.10202209320143],[-70.90524519541489,41.10169482340081],[-70.90524519541489,41.102039063690576]]},"properties":{"kind":"centerline","cls":"grid"}},{"type":"Feature","geometry":{"type":"LineString","coordinates":[[-70.90533898377362,41.10202209320143],[-70.90524519541489,41.102039063690576],[-70.90524519541489,41.102951608029855],[-70.90562929696121,41.10288165599793],[-70.90533898377362,41.10202209320143]]},"properties":{"kind":"centerline","cls":"grid"}},{"type":"Feature","geometry":{"type":"LineString","coordinates":[[-70.90562929696121,41.10288165599793],[-70.90524519541489,41.102951608029855],[-70.90524519541489,41.10377874731383],[-70.9058736994639,41.10366592841583],[-70.90562929696121,41.10288165599793]]},"properties":{"kind":"centerline","cls":"grid"}},{"type":"Feature","geometry":{"type":"LineString","coordinates":[[-70.9058736994639,41.10366592841583],[-70.90524519541489,41.10377874731383],[-70.90524519541489,41.103787136192665],[-70.90599371744393,41.10403827135037],[-70.9058736994639,41.10366592841583]]},"properties":{"kind":"centerline","cls":"grid"}},{"type":"Feature","geometry":{"type":"LineString","coordinates":[[-70.90524519541489,41.104217258944715],[-70.90524519541489,41.10456437288123],[-70.90559126035504,41.10455762237154],[-70.9061294340799,41.10445931768429],[-70.90599371744393,41.10403827135037],[-70.90545728340959,41.10385829341975],[-70.90524519541489,41.104217258944715]]},"properties":{"kind":"centerline","cls":"grid"}},{"type":"Feature","geometry":{"type":"LineString","coordinates":[[-70.90524519541489,41.10191163317619],[-70.90509687828828,41.102281447594315],[-70.90524519541489,41.10231084537785],[-70.90524519541489,41.10191163317619]]},"properties":{"kind":"centerline","cls":"grid"}},{"type":"Feature","geometry":{"type":"LineString","coordinates":[[-70.90524519541489,41.10231084537785],[-70.90509687828828,41.102281447594315],[-70.90486585281394,41.10286313101119],[-70.90524519541489,41.102939795844094],[-70.90524519541489,41.10231084537785]]},"properties":{"kind":"centerline","cls":"grid"}},{"type":"Feature","geometry":{"type":"LineString","coordinates":[[-70.90524519541489,41.102939795844094],[-70.90486585281394,41.10286313101119],[-70.90480145039525,41.10305427196601],[-70.90524519541489,41.10305427196601],[-70.90524519541489,41.102939795844094]]},"properties":{"kind":"centerline","cls":"grid"}},{"type":"Feature","geometry":{"type":"LineString","coordinates":[[-70.90470821461172,41.09679938100742],[-70.90468040844675,41.09688655819728],[-70.90524519541489,41.0970036702365],[-70.90524519541489,41.09690046643891],[-70.9049483783521,41.09684073629144],[-70.90470821461172,41.09679938100742]]},"properties":{"kind":"centerline","cls":"grid"}},{"type":"Feature","geometry":{"type":"LineString","coordinates":[[-70.90524519541489,41.0970036702365],[-70.90468040844675,41.09688655819728],[-70.90448663463289,41.097406714612774],[-70.90524519541489,41.097565510960706],[-70.90524519541489,41.0970036702365]]},"properties":{"kind":"centerline","cls":"grid"}},{"type":"Feature","geometry":{"type":"LineString","coordinates":[[-70.90524519541489,41.097565510960706],[-70.90448663463289,41.097406714612774],[-70.90422010005685,41.09810545163788],[-70.90524519541489,41.09831859916403],[-70.90524519541489,41.097565510960706]]},"properties":{"kind":"centerline","cls":"grid"}},{"type":"Feature","geometry":{"type":"LineString","coordinates":[[-70.90524519541489,41.09831859916403],[-70.90422010005685,41.09810545163788],[-70.90398409290938,41.098720493392285],[-70.90524519541489,41.09897808107304],[-70.90524519541489,41.09831859916403]]},"properties":{"kind":"centerline","cls":"grid"}},{"type":"Feature","geometry":{"type":"LineString","coordinates":[[-70.90524519541489,41.09897808107304],[-70.90398409290938,41.098720493392285],[-70.90374335333159,41.09935627155217],[-70.90524519541489,41.09967329326722],[-70.90524519541489,41.09897808107304]]},"properties":{"kind":"centerline","cls":"grid"}},{"type":"Feature","geometry":{"type":"LineString","coordinates":[[-70.90524519541489,41.09967329326722],[-70.90374335333159,41.09935627155217],[-70.90350687523684,41.10004165362161],[-70.90524519541489,41.10038738544443],[-70.90524519541489,41.09967329326722]]},"properties":{"kind":"centerline","cls":"grid"}},{"type":"Feature","geometry":{"type":"LineString","coordinates":[[-70.90524519541489,41.10038738544443],[-70.90350687523684,41.10004165362161],[-70.90326210999858,41.10067162046565],[-70.90524519541489,41.101094107887704],[-70.90524519541489,41.10038738544443]]},"properties":{"kind":"centerline","cls":"grid"}},{"type":"Feature","geometry":{"type":"LineString","coordinates":[[-70.90524519541489,41.101094107887704],[-70.90326210999858,41.10067162046565],[-70.90308049043448,41.101272956902555],[-70.90524519541489,41.10171491574547],[-70.90524519541489,41.101094107887704]]},"properties":{"kind":"centerline","cls":"grid"}},{"type":"Feature","geometry":{"type":"LineString","coordinates":[[-70.90524519541489,41.10171491574547],[-70.90308049043448,41.101272956902555],[-70.90288117636184,41.1018078126265],[-70.90509687828828,41.102281447594315],[-70.90524519541489,41.10191163317619],[-70.90524519541489,41.10171491574547]]},"properties":{"kind":"centerline","cls":"grid"}},{"type":"Feature","geometry":{"type":"LineString","coordinates":[[-70.90509687828828,41.102281447594315],[-70.90288117636184,41.1018078126265],[-70.90263654357456,41.10241156483618],[-70.90486585281394,41.10286313101119],[-70.90509687828828,41.102281447594315]]},"properties":{"kind":"centerline","cls":"grid"}},{"type":"Feature","geometry":{"type":"LineString","coordinates":[[-70.90486585281394,41.10286313101119],[-70.90263654357456,41.10241156483618],[-70.90246765160906,41.10292611962553],[-70.90308112688251,41.10305427196601],[-70.90480145039525,41.10305427196601],[-70.90486585281394,41.10286313101119]]},"properties":{"kind":"centerline","cls":"grid"}},{"type":"Feature","geometry":{"type":"LineString","coordinates":[[-70.90308112688251,41.10305427196601],[-70.90246765160906,41.10292611962553],[-70.90242270466652,41.10305427196601],[-70.90308112688251,41.10305427196601]]},"properties":{"kind":"centerline","cls":"grid"}},{"type":"Feature","geometry":{"type":"LineString","coordinates":[[-70.90369678356203,41.096688759604696],[-70.90468040844675,41.09688655819728],[-70.90470821461172,41.09679938100742],[-70.90448802726976,41.096761465583356],[-70.90403956932127,41.09669773396419],[-70.90369678356203,41.096688759604696]]},"properties":{"kind":"centerline","cls":"grid"}},{"type":"Feature","geometry":{"type":"LineString","coordinates":[[-70.90468040844675,41.09688655819728],[-70.90373950658005,41.09669735084],[-70.90289580151956,41.096749339620516],[-70.90205033359464,41.0968243078563],[-70.90185846967077,41.09686533196845],[-70.90185024567508,41.09688809762647],[-70.90448663463289,41.097406714612774],[-70.90468040844675,41.09688655819728]]},"properties":{"kind":"centerline","cls":"grid"}},{"type":"Feature","geometry":{"type":"LineString","coordinates":[[-70.90448663463289,41.097406714612774],[-70.90185024567508,41.09688809762647],[-70.90158384248349,41.09758737817901],[-70.90422010005685,41.09810545163788],[-70.90448663463289,41.097406714612774]]},"properties":{"kind":"centerline","cls":"grid"}},{"type":"Feature","geometry":{"type":"LineString","coordinates":[[-70.90422010005685,41.09810545163788],[-70.90158384248349,41.09758737817901],[-70.90136276908528,41.09819467971932],[-70.90398409290938,41.098720493392285],[-70.90422010005685,41.09810545163788]]},"properties":{"kind":"centerline","cls":"grid"}},{"type":"Feature","geometry":{"type":"LineString","coordinates":[[-70.90398409290938,41.098720493392285],[-70.90136276908528,41.09819467971932],[-70.90111962894106,41.09880581624594],[-70.90374335333159,41.09935627155217],[-70.90398409290938,41.098720493392285]]},"properties":{"kind":"centerline","cls":"grid"}},{"type":"Feature","geometry":{"type":"LineString","coordinates":[[-70.90374335333159,41.09935627155217],[-70.90111962894106,41.09880581624594],[-70.90087805369774,41.09950279871569],[-70.90350687523684,41.10004165362161],[-70.90374335333159,41.09935627155217]]},"properties":{"kind":"centerline","cls":"grid"}},{"type":"Feature","geometry":{"type":"LineString","coordinates":[[-70.90350687523684,41.10004165362161],[-70.90087805369774,41.09950279871569],[-70.9006779981649,41.10015291021755],[-70.90326210999858,41.10067162046565],[-70.90350687523684,41.10004165362161]]},"properties":{"kind":"centerline","cls":"grid"}},{"type":"Feature","geometry":{"type":"LineString","coordinates":[[-70.90174887338048,41.10036786761279],[-70.9006779981649,41.10015291021755],[-70.90047994386515,41.10062408567612],[-70.90174887338048,41.10036786761279]]},"properties":{"kind":"centerline","cls":"grid"}},{"type":"Feature","geometry":{"type":"LineString","coordinates":[[-70.90326210999858,41.10067162046565],[-70.90174887338048,41.10036786761279],[-70.90129652555491,41.100459204194074],[-70.90146511658506,41.10093333896354],[-70.90308049043448,41.101272956902555],[-70.90326210999858,41.10067162046565]]},"properties":{"kind":"centerline","cls":"grid"}},{"type":"Feature","geometry":{"type":"LineString","coordinates":[[-70.90308049043448,41.101272956902555],[-70.90146511658506,41.10093333896354],[-70.90169007594962,41.10156600047801],[-70.90288117636184,41.1018078126265],[-70.90308049043448,41.101272956902555]]},"properties":{"kind":"centerline","cls":"grid"}},{"type":"Feature","geometry":{"type":"LineString","coordinates":[[-70.90202247013193,41.102284233221184],[-70.90263654357456,41.10241156483618],[-70.90274745034667,41.102137847606905],[-70.90202247013193,41.102284233221184]]},"properties":{"kind":"centerline","cls":"grid"}},{"type":"Feature","geometry":{"type":"LineString","coordinates":[[-70.90288117636184,41.1018078126265],[-70.90169007594962,41.10156600047801],[-70.90193933261409,41.10226699418481],[-70.90202247013193,41.102284233221184],[-70.90274745034667,41.102137847606905],[-70.90288117636184,41.1018078126265]]},"properties":{"kind":"centerline","cls":"grid"}},{"type":"Feature","geometry":{"type":"LineString","coordinates":[[-70.90263654357456,41.10241156483618],[-70.90202247013193,41.102284233221184],[-70.90066905180905,41.10255751098592],[-70.90246765160906,41.10292611962553],[-70.90263654357456,41.10241156483618]]},"properties":{"kind":"centerline","cls":"grid"}},{"type":"Feature","geometry":{"type":"LineString","coordinates":[[-70.89993509033673,41.10270571006611],[-70.89975580957525,41.10274190984627],[-70.8996652149049,41.1029809297809],[-70.90001896826556,41.10305427196601],[-70.9006753275213,41.10305427196601],[-70.89993509033673,41.10270571006611]]},"properties":{"kind":"centerline","cls":"grid"}},{"type":"Feature","geometry":{"type":"LineString","coordinates":[[-70.90246765160906,41.10292611962553],[-70.90066905180905,41.10255751098592],[-70.90039167709126,41.10261351757427],[-70.90132770248626,41.10305427196601],[-70.90242270466652,41.10305427196601],[-70.90246765160906,41.10292611962553]]},"properties":{"kind":"centerline","cls":"grid"}},{"type":"Feature","geometry":{"type":"LineString","coordinates":[[-70.90001896826556,41.10305427196601],[-70.8996652149049,41.1029809297809],[-70.89963850880783,41.10305427196601],[-70.90001896826556,41.10305427196601]]},"properties":{"kind":"centerline","cls":"grid"}},{"type":"Feature","geometry":{"type":"LineString","coordinates":[[-70.90061902816102,41.09739132666691],[-70.90158384248349,41.09758737817901],[-70.90182968975326,41.09694205477424],[-70.90133840335722,41.09708433361966],[-70.90061902816102,41.09739132666691]]},"properties":{"kind":"centerline","cls":"grid"}},{"type":"Feature","geometry":{"type":"LineString","coordinates":[[-70.89973063504867,41.09756262260271],[-70.89919748520548,41.097724788923536],[-70.90136276908528,41.09819467971932],[-70.90156066619383,41.09765104480068],[-70.89973063504867,41.09756262260271]]},"properties":{"kind":"centerline","cls":"grid"}},{"type":"Feature","geometry":{"type":"LineString","coordinates":[[-70.90136276908528,41.09819467971932],[-70.89910667991917,41.09770508316179],[-70.89887506396941,41.09836588830525],[-70.90111962894106,41.09880581624594],[-70.90136276908528,41.09819467971932]]},"properties":{"kind":"centerline","cls":"grid"}},{"type":"Feature","geometry":{"type":"LineString","coordinates":[[-70.90111962894106,41.09880581624594],[-70.89887506396941,41.09836588830525],[-70.89864693982776,41.09903737736554],[-70.90087805369774,41.09950279871569],[-70.90111962894106,41.09880581624594]]},"properties":{"kind":"centerline","cls":"grid"}},{"type":"Feature","geometry":{"type":"LineString","coordinates":[[-70.90087805369774,41.09950279871569],[-70.89864693982776,41.09903737736554],[-70.89840644126478,41.099699195843314],[-70.9006779981649,41.10015291021755],[-70.90087805369774,41.09950279871569]]},"properties":{"kind":"centerline","cls":"grid"}},{"type":"Feature","geometry":{"type":"LineString","coordinates":[[-70.9006779981649,41.10015291021755],[-70.89840644126478,41.099699195843314],[-70.89820765643853,41.10027710348595],[-70.9002254650153,41.100675469206315],[-70.90047994386515,41.10062408567612],[-70.9006779981649,41.10015291021755]]},"properties":{"kind":"centerline","cls":"grid"}},{"type":"Feature","geometry":{"type":"LineString","coordinates":[[-70.9002254650153,41.100675469206315],[-70.89820765643853,41.10027710348595],[-70.89800414195541,41.100800111583055],[-70.89878889165269,41.10096553736247],[-70.9002254650153,41.100675469206315]]},"properties":{"kind":"centerline","cls":"grid"}},{"type":"Feature","geometry":{"type":"LineString","coordinates":[[-70.89878889165269,41.10096553736247],[-70.89800414195541,41.100800111583055],[-70.89789470188227,41.10114608921224],[-70.89878889165269,41.10096553736247]]},"properties":{"kind":"centerline","cls":"grid"}},{"type":"Feature","geometry":{"type":"LineString","coordinates":[[-70.89804937905565,41.10111485730746],[-70.89789470188227,41.10114608921224],[-70.89781230084151,41.101406587180755],[-70.89818053176047,41.1014837028944],[-70.89804937905565,41.10111485730746]]},"properties":{"kind":"centerline","cls":"grid"}},{"type":"Feature","geometry":{"type":"LineString","coordinates":[[-70.89772757379264,41.101666237614985],[-70.89763824562861,41.10193998840516],[-70.89839768373999,41.10209440741208],[-70.89834958152856,41.10195912778951],[-70.89772757379264,41.101666237614985]]},"properties":{"kind":"centerline","cls":"grid"}},{"type":"Feature","geometry":{"type":"LineString","coordinates":[[-70.89818053176047,41.1014837028944],[-70.8978415327038,41.10141270898043],[-70.89821838573991,41.10159016103633],[-70.89818053176047,41.1014837028944]]},"properties":{"kind":"centerline","cls":"grid"}},{"type":"Feature","geometry":{"type":"LineString","coordinates":[[-70.89839768373999,41.10209440741208],[-70.89763824562861,41.10193998840516],[-70.89742866219541,41.10250624512926],[-70.89863517571918,41.102762314860726],[-70.89839768373999,41.10209440741208]]},"properties":{"kind":"centerline","cls":"grid"}},{"type":"Feature","geometry":{"type":"LineString","coordinates":[[-70.8991322580194,41.10286781532021],[-70.8996652149049,41.1029809297809],[-70.89975580957525,41.10274190984627],[-70.8991322580194,41.10286781532021]]},"properties":{"kind":"centerline","cls":"grid"}},{"type":"Feature","geometry":{"type":"LineString","coordinates":[[-70.89863517571918,41.102762314860726],[-70.89742866219541,41.10250624512926],[-70.89725819330586,41.1030474470708],[-70.89725819330586,41.10305427196601],[-70.8987389887114,41.10305427196601],[-70.89863517571918,41.102762314860726]]},"properties":{"kind":"centerline","cls":"grid"}},{"type":"Feature","geometry":{"type":"LineString","coordinates":[[-70.8996652149049,41.1029809297809],[-70.8991322580194,41.10286781532021],[-70.8987034744451,41.10295439388559],[-70.8987389887114,41.10305427196601],[-70.89963850880783,41.10305427196601],[-70.8996652149049,41.1029809297809]]},"properties":{"kind":"centerline","cls":"grid"}},{"type":"Feature","geometry":{"type":"LineString","coordinates":[[-70.89889310316072,41.0976620783127],[-70.89910667991917,41.09770508316179],[-70.89916496189595,41.09753529079274],[-70.89912653593144,41.09753343415317],[-70.8989506339453,41.09759657538696],[-70.89889310316072,41.0976620783127]]},"properties":{"kind":"centerline","cls":"grid"}},{"type":"Feature","geometry":{"type":"LineString","coordinates":[[-70.89910667991917,41.09770508316179],[-70.89898999701519,41.09768158842054],[-70.8986026075829,41.09830418734928],[-70.89860122511361,41.098310448384325],[-70.89887506396941,41.09836588830525],[-70.89910667991917,41.09770508316179]]},"properties":{"kind":"centerline","cls":"grid"}},{"type":"Feature","geometry":{"type":"LineString","coordinates":[[-70.89830587551843,41.098781084884564],[-70.89820156772213,41.098948724775646],[-70.89864693982776,41.09903737736554],[-70.8988280478544,41.09850428140411],[-70.89830587551843,41.098781084884564]]},"properties":{"kind":"centerline","cls":"grid"}},{"type":"Feature","geometry":{"type":"LineString","coordinates":[[-70.89864693982776,41.09903737736554],[-70.89852101326345,41.099012311323186],[-70.89757006744667,41.099171136637935],[-70.89725819330586,41.099336461075275],[-70.89725819330586,41.09946139719053],[-70.89840644126478,41.099699195843314],[-70.89864693982776,41.09903737736554]]},"properties":{"kind":"centerline","cls":"grid"}},{"type":"Feature","geometry":{"type":"LineString","coordinates":[[-70.89840644126478,41.099699195843314],[-70.89725819330586,41.09946139719053],[-70.89725819330586,41.100082469223544],[-70.89820765643853,41.10027710348595],[-70.89840644126478,41.099699195843314]]},"properties":{"kind":"centerline","cls":"grid"}},{"type":"Feature","geometry":{"type":"LineString","coordinates":[[-70.89820765643853,41.10027710348595],[-70.89725819330586,41.100082469223544],[-70.89725819330586,41.10064943142221],[-70.89800414195541,41.100800111583055],[-70.89820765643853,41.10027710348595]]},"properties":{"kind":"centerline","cls":"grid"}},{"type":"Feature","geometry":{"type":"LineString","coordinates":[[-70.89800414195541,41.100800111583055],[-70.89725819330586,41.10064943142221],[-70.89725819330586,41.10113802690141],[-70.89781440502485,41.10139993513509],[-70.89800414195541,41.100800111583055]]},"properties":{"kind":"centerline","cls":"grid"}},{"type":"Feature","geometry":{"type":"LineString","coordinates":[[-70.89725819330586,41.10144521635632],[-70.89725819330586,41.10186394974145],[-70.89763824562861,41.10193998840516],[-70.89772757379264,41.101666237614985],[-70.89725819330586,41.10144521635632]]},"properties":{"kind":"centerline","cls":"grid"}},{"type":"Feature","geometry":{"type":"LineString","coordinates":[[-70.89763824562861,41.10193998840516],[-70.89725819330586,41.10186394974145],[-70.89725819330586,41.10247161558887],[-70.89742866219541,41.10250624512926],[-70.89763824562861,41.10193998840516]]},"properties":{"kind":"centerline","cls":"grid"}},{"type":"Feature","geometry":{"type":"LineString","coordinates":[[-70.89742866219541,41.10250624512926],[-70.89725819330586,41.10247161558887],[-70.89725819330586,41.1030474470708],[-70.89742866219541,41.10250624512926]]},"properties":{"kind":"centerline","cls":"grid"}},{"type":"Feature","geometry":{"type":"LineString","coordinates":[[-70.90456870090205,41.10305427196601],[-70.90474051581015,41.10336141743921],[-70.90524519541489,41.10319402091048],[-70.90524519541489,41.10305427196601],[-70.90456870090205,41.10305427196601]]},"properties":{"kind":"centerline","cls":"grid"}},{"type":"Feature","geometry":{"type":"LineString","coordinates":[[-70.90524519541489,41.10319402091048],[-70.90474051581015,41.10336141743921],[-70.90493750796851,41.103683904581075],[-70.90524519541489,41.103787136192665],[-70.90524519541489,41.10319402091048]]},"properties":{"kind":"centerline","cls":"grid"}},{"type":"Feature","geometry":{"type":"LineString","coordinates":[[-70.90253829926573,41.10305427196601],[-70.90248806979267,41.103071679115175],[-70.90274417435108,41.103516646276745],[-70.90411458167898,41.10305427196601],[-70.90253829926573,41.10305427196601]]},"properties":{"kind":"centerline","cls":"grid"}},{"type":"Feature","geometry":{"type":"LineString","coordinates":[[-70.90411458167898,41.10305427196601],[-70.90358919835806,41.10323153586845],[-70.9043534449705,41.10348794675028],[-70.90474051581015,41.10336141743921],[-70.90456870090205,41.10305427196601],[-70.90411458167898,41.10305427196601]]},"properties":{"kind":"centerline","cls":"grid"}},{"type":"Feature","geometry":{"type":"LineString","coordinates":[[-70.90358919835806,41.10323153586845],[-70.90274417435108,41.103516646276745],[-70.90293623126004,41.103811693853366],[-70.90311112532062,41.10389404773575],[-70.90337274018887,41.10380852863781],[-70.90369305759094,41.10326638147595],[-70.90358919835806,41.10323153586845]]},"properties":{"kind":"centerline","cls":"grid"}},{"type":"Feature","geometry":{"type":"LineString","coordinates":[[-70.90474051581015,41.10336141743921],[-70.9043534449705,41.10348794675028],[-70.90493750796851,41.103683904581075],[-70.90474051581015,41.10336141743921]]},"properties":{"kind":"centerline","cls":"grid"}},{"type":"Feature","geometry":{"type":"LineString","coordinates":[[-70.90337274018887,41.10380852863781],[-70.90311112532062,41.10389404773575],[-70.90327626842345,41.103971810100134],[-70.90337274018887,41.10380852863781]]},"properties":{"kind":"centerline","cls":"grid"}},{"type":"Feature","geometry":{"type":"LineString","coordinates":[[-70.90317908538172,41.10424443401267],[-70.90328514550947,41.10444503734763],[-70.9034869747685,41.104378216678256],[-70.90326179075814,41.10427218233127],[-70.90317908538172,41.10424443401267]]},"properties":{"kind":"centerline","cls":"grid"}},{"type":"Feature","geometry":{"type":"LineString","coordinates":[[-70.9034869747685,41.104378216678256],[-70.90328514550947,41.10444503734763],[-70.90354498651571,41.104852294222724],[-70.90409466077269,41.10466436305482],[-70.9034869747685,41.104378216678256]]},"properties":{"kind":"centerline","cls":"grid"}},{"type":"Feature","geometry":{"type":"LineString","coordinates":[[-70.90409466077269,41.10466436305482],[-70.90354498651571,41.104852294222724],[-70.90358888143737,41.10492338387971],[-70.90434963041646,41.104784422821204],[-70.90409466077269,41.10466436305482]]},"properties":{"kind":"centerline","cls":"grid"}},{"type":"Feature","geometry":{"type":"LineString","coordinates":[[-70.90524519541489,41.10427100041089],[-70.90520540565406,41.104284604352],[-70.90502408396131,41.1045914969544],[-70.90524519541489,41.10448869717863],[-70.90524519541489,41.10427100041089]]},"properties":{"kind":"centerline","cls":"grid"}},{"type":"Feature","geometry":{"type":"LineString","coordinates":[[-70.90046268531938,41.10305427196601],[-70.9005398422887,41.1032028081759],[-70.90080406498545,41.103114891691725],[-70.9006753275213,41.10305427196601],[-70.90046268531938,41.10305427196601]]},"properties":{"kind":"centerline","cls":"grid"}},{"type":"Feature","geometry":{"type":"LineString","coordinates":[[-70.90080406498545,41.103114891691725],[-70.9005398422887,41.1032028081759],[-70.90081331773926,41.10362564250965],[-70.90144500563369,41.1034166969708],[-70.90080406498545,41.103114891691725]]},"properties":{"kind":"centerline","cls":"grid"}},{"type":"Feature","geometry":{"type":"LineString","coordinates":[[-70.90182820113118,41.103289946101555],[-70.90248806979267,41.103071679115175],[-70.90247858777589,41.10305427196601],[-70.90132770248626,41.10305427196601],[-70.90182820113118,41.103289946101555]]},"properties":{"kind":"centerline","cls":"grid"}},{"type":"Feature","geometry":{"type":"LineString","coordinates":[[-70.90144500563369,41.1034166969708],[-70.90081331773926,41.10362564250965],[-70.90108446177933,41.10407990323244],[-70.90211251466987,41.103731012737015],[-70.90144500563369,41.1034166969708]]},"properties":{"kind":"centerline","cls":"grid"}},{"type":"Feature","geometry":{"type":"LineString","coordinates":[[-70.90248806979267,41.103071679115175],[-70.90182820113118,41.103289946101555],[-70.90249164443367,41.103602347400496],[-70.90274417435108,41.103516646276745],[-70.90248806979267,41.103071679115175]]},"properties":{"kind":"centerline","cls":"grid"}},{"type":"Feature","geometry":{"type":"LineString","coordinates":[[-70.90211251466987,41.103731012737015],[-70.90108446177933,41.10407990323244],[-70.90129784076697,41.104506668064005],[-70.90273015021435,41.104021844139865],[-70.90211251466987,41.103731012737015]]},"properties":{"kind":"centerline","cls":"grid"}},{"type":"Feature","geometry":{"type":"LineString","coordinates":[[-70.90274417435108,41.103516646276745],[-70.90249164443367,41.103602347400496],[-70.90293623126004,41.103811693853366],[-70.90274417435108,41.103516646276745]]},"properties":{"kind":"centerline","cls":"grid"}},{"type":"Feature","geometry":{"type":"LineString","coordinates":[[-70.90273015021435,41.104021844139865],[-70.90129784076697,41.104506668064005],[-70.90159734563844,41.10500611104431],[-70.90292616362822,41.10456437335103],[-70.90313427523256,41.10421213799037],[-70.90273015021435,41.104021844139865]]},"properties":{"kind":"centerline","cls":"grid"}},{"type":"Feature","geometry":{"type":"LineString","coordinates":[[-70.90292616362822,41.10456437335103],[-70.90328514550947,41.10444503734763],[-70.90317908538172,41.10424443401267],[-70.90312576363296,41.10422654413733],[-70.90292616362822,41.10456437335103]]},"properties":{"kind":"centerline","cls":"grid"}},{"type":"Feature","geometry":{"type":"LineString","coordinates":[[-70.90328514550947,41.10444503734763],[-70.90159734563844,41.10500611104431],[-70.90182773011722,41.10541005969144],[-70.90186810604439,41.10540500763625],[-70.90354498651571,41.104852294222724],[-70.90328514550947,41.10444503734763]]},"properties":{"kind":"centerline","cls":"grid"}},{"type":"Feature","geometry":{"type":"LineString","coordinates":[[-70.90354498651571,41.104852294222724],[-70.90203503879872,41.10534998524554],[-70.90239802518622,41.10533870127653],[-70.9037415243057,41.10517059537344],[-70.90354498651571,41.104852294222724]]},"properties":{"kind":"centerline","cls":"grid"}},{"type":"Feature","geometry":{"type":"LineString","coordinates":[[-70.89827796037339,41.10305427196601],[-70.89842371194274,41.10328629145801],[-70.89910605328376,41.10305427196601],[-70.89827796037339,41.10305427196601]]},"properties":{"kind":"centerline","cls":"grid"}},{"type":"Feature","geometry":{"type":"LineString","coordinates":[[-70.89910605328376,41.10305427196601],[-70.89842371194274,41.10328629145801],[-70.89871696755534,41.10383656126837],[-70.9005398422887,41.1032028081759],[-70.90046268531938,41.10305427196601],[-70.89910605328376,41.10305427196601]]},"properties":{"kind":"centerline","cls":"grid"}},{"type":"Feature","geometry":{"type":"LineString","coordinates":[[-70.9005398422887,41.1032028081759],[-70.89871696755534,41.10383656126837],[-70.89897724310411,41.104276173891044],[-70.90081331773926,41.10362564250965],[-70.9005398422887,41.1032028081759]]},"properties":{"kind":"centerline","cls":"grid"}},{"type":"Feature","geometry":{"type":"LineString","coordinates":[[-70.90081331773926,41.10362564250965],[-70.89897724310411,41.104276173891044],[-70.89922163830603,41.104712210585966],[-70.90108446177933,41.10407990323244],[-70.90081331773926,41.10362564250965]]},"properties":{"kind":"centerline","cls":"grid"}},{"type":"Feature","geometry":{"type":"LineString","coordinates":[[-70.90108446177933,41.10407990323244],[-70.89922163830603,41.104712210585966],[-70.89946503702318,41.10513471519069],[-70.90129784076697,41.104506668064005],[-70.90108446177933,41.10407990323244]]},"properties":{"kind":"centerline","cls":"grid"}},{"type":"Feature","geometry":{"type":"LineString","coordinates":[[-70.90129784076697,41.104506668064005],[-70.89946503702318,41.10513471519069],[-70.89958315991457,41.105320865609094],[-70.90011101001407,41.10536980369389],[-70.90095107547906,41.10522490648699],[-70.90159734563844,41.10500611104431],[-70.90129784076697,41.104506668064005]]},"properties":{"kind":"centerline","cls":"grid"}},{"type":"Feature","geometry":{"type":"LineString","coordinates":[[-70.90159734563844,41.10500611104431],[-70.90043449659895,41.10539979481056],[-70.90101177218223,41.10545331523515],[-70.90154344741927,41.10544563068585],[-70.90182773011722,41.10541005969144],[-70.90159734563844,41.10500611104431]]},"properties":{"kind":"centerline","cls":"grid"}},{"type":"Feature","geometry":{"type":"LineString","coordinates":[[-70.89598595654596,41.10305427196601],[-70.8961827703951,41.10341774981858],[-70.89725658458853,41.10305427196601],[-70.89598595654596,41.10305427196601]]},"properties":{"kind":"centerline","cls":"grid"}},{"type":"Feature","geometry":{"type":"LineString","coordinates":[[-70.89725658458853,41.10305427196601],[-70.8961827703951,41.10341774981858],[-70.89650036375268,41.1039349329617],[-70.89842371194274,41.10328629145801],[-70.89827796037339,41.10305427196601],[-70.89725658458853,41.10305427196601]]},"properties":{"kind":"centerline","cls":"grid"}},{"type":"Feature","geometry":{"type":"LineString","coordinates":[[-70.89842371194274,41.10328629145801],[-70.89650036375268,41.1039349329617],[-70.89682026988343,41.104485216172904],[-70.89871696755534,41.10383656126837],[-70.89842371194274,41.10328629145801]]},"properties":{"kind":"centerline","cls":"grid"}},{"type":"Feature","geometry":{"type":"LineString","coordinates":[[-70.89871696755534,41.10383656126837],[-70.89682026988343,41.104485216172904],[-70.8970466937547,41.10491532497923],[-70.89897724310411,41.104276173891044],[-70.89871696755534,41.10383656126837]]},"properties":{"kind":"centerline","cls":"grid"}},{"type":"Feature","geometry":{"type":"LineString","coordinates":[[-70.89897724310411,41.104276173891044],[-70.8970466937547,41.10491532497923],[-70.89732926813828,41.10537561501382],[-70.89922163830603,41.104712210585966],[-70.89897724310411,41.104276173891044]]},"properties":{"kind":"centerline","cls":"grid"}},{"type":"Feature","geometry":{"type":"LineString","coordinates":[[-70.89922163830603,41.104712210585966],[-70.89732926813828,41.10537561501382],[-70.89743098651451,41.105535496805246],[-70.89766942426883,41.105558038824874],[-70.89817973727668,41.10557928187067],[-70.89946503702318,41.10513471519069],[-70.89922163830603,41.104712210585966]]},"properties":{"kind":"centerline","cls":"grid"}},{"type":"Feature","geometry":{"type":"LineString","coordinates":[[-70.89946503702318,41.10513471519069],[-70.89817973727668,41.10557928187067],[-70.89818462156202,41.10557948519117],[-70.89869601919384,41.10557343091273],[-70.89921903789234,41.105523653928735],[-70.89966322416949,41.10544703924382],[-70.89946503702318,41.10513471519069]]},"properties":{"kind":"centerline","cls":"grid"}},{"type":"Feature","geometry":{"type":"LineString","coordinates":[[-70.8941827698677,41.10305427196601],[-70.89410197248954,41.10308264809996],[-70.89434695385145,41.10350962605775],[-70.89568886656406,41.10305427196601],[-70.8941827698677,41.10305427196601]]},"properties":{"kind":"centerline","cls":"grid"}},{"type":"Feature","geometry":{"type":"LineString","coordinates":[[-70.89568886656406,41.10305427196601],[-70.89434695385145,41.10350962605775],[-70.89463566864542,41.10395115342204],[-70.8961827703951,41.10341774981858],[-70.89598595654596,41.10305427196601],[-70.89568886656406,41.10305427196601]]},"properties":{"kind":"centerline","cls":"grid"}},{"type":"Feature","geometry":{"type":"LineString","coordinates":[[-70.8961827703951,41.10341774981858],[-70.89463566864542,41.10395115342204],[-70.89494409979775,41.104477915259984],[-70.89650036375268,41.1039349329617],[-70.8961827703951,41.10341774981858]]},"properties":{"kind":"centerline","cls":"grid"}},{"type":"Feature","geometry":{"type":"LineString","coordinates":[[-70.89650036375268,41.1039349329617],[-70.89494409979775,41.104477915259984],[-70.89520138177899,41.104998222642045],[-70.89527055781755,41.105009206650514],[-70.89682026988343,41.104485216172904],[-70.89650036375268,41.1039349329617]]},"properties":{"kind":"centerline","cls":"grid"}},{"type":"Feature","geometry":{"type":"LineString","coordinates":[[-70.89682026988343,41.104485216172904],[-70.89534518290104,41.10498397432898],[-70.89569030080429,41.1050758548804],[-70.89630026608769,41.10517270725844],[-70.8970466937547,41.10491532497923],[-70.89682026988343,41.104485216172904]]},"properties":{"kind":"centerline","cls":"grid"}},{"type":"Feature","geometry":{"type":"LineString","coordinates":[[-70.8970466937547,41.10491532497923],[-70.89619963211639,41.10520740774188],[-70.89623389877475,41.10522057667202],[-70.89710111882444,41.105451456193535],[-70.89732926813828,41.10537561501382],[-70.8970466937547,41.10491532497923]]},"properties":{"kind":"centerline","cls":"grid"}},{"type":"Feature","geometry":{"type":"LineString","coordinates":[[-70.89732926813828,41.10537561501382],[-70.89702457562151,41.10547690061286],[-70.89717083160008,41.10551090163488],[-70.89743098651451,41.105535496805246],[-70.89732926813828,41.10537561501382]]},"properties":{"kind":"centerline","cls":"grid"}},{"type":"Feature","geometry":{"type":"LineString","coordinates":[[-70.89240448564098,41.10305427196601],[-70.89232380712713,41.10308027403518],[-70.8925921939338,41.10357780432767],[-70.89410197248954,41.10308264809996],[-70.8940861086272,41.10305427196601],[-70.89240448564098,41.10305427196601]]},"properties":{"kind":"centerline","cls":"grid"}},{"type":"Feature","geometry":{"type":"LineString","coordinates":[[-70.89410197248954,41.10308264809996],[-70.8925921939338,41.10357780432767],[-70.89286265028726,41.104005296278736],[-70.89434695385145,41.10350962605775],[-70.89410197248954,41.10308264809996]]},"properties":{"kind":"centerline","cls":"grid"}},{"type":"Feature","geometry":{"type":"LineString","coordinates":[[-70.89434695385145,41.10350962605775],[-70.89286265028726,41.104005296278736],[-70.89305579328587,41.104391642474894],[-70.8932015296777,41.104447028197114],[-70.89463566864542,41.10395115342204],[-70.89434695385145,41.10350962605775]]},"properties":{"kind":"centerline","cls":"grid"}},{"type":"Feature","geometry":{"type":"LineString","coordinates":[[-70.89463566864542,41.10395115342204],[-70.89358717776389,41.10431368466325],[-70.89406476515875,41.10454194943497],[-70.89462291783275,41.104583412175764],[-70.89494409979775,41.104477915259984],[-70.89463566864542,41.10395115342204]]},"properties":{"kind":"centerline","cls":"grid"}},{"type":"Feature","geometry":{"type":"LineString","coordinates":[[-70.89494409979775,41.104477915259984],[-70.89434352381367,41.10467518322928],[-70.89473849061785,41.10486395916508],[-70.89516532986154,41.104992498195045],[-70.89520138177899,41.104998222642045],[-70.89494409979775,41.104477915259984]]},"properties":{"kind":"centerline","cls":"grid"}},{"type":"Feature","geometry":{"type":"LineString","coordinates":[[-70.89183548766823,41.103238922959044],[-70.89232380712713,41.10308027403518],[-70.89230715037078,41.10305427196601],[-70.89169622459984,41.10305427196601],[-70.89169875774869,41.10306153208831],[-70.89183548766823,41.103238922959044]]},"properties":{"kind":"centerline","cls":"grid"}},{"type":"Feature","geometry":{"type":"LineString","coordinates":[[-70.89232380712713,41.10308027403518],[-70.89176827116363,41.10326076076609],[-70.8918116600929,41.1033851154538],[-70.89200425331849,41.10361668884439],[-70.89216059669447,41.10372228942114],[-70.8925921939338,41.10357780432767],[-70.89232380712713,41.10308027403518]]},"properties":{"kind":"centerline","cls":"grid"}},{"type":"Feature","geometry":{"type":"LineString","coordinates":[[-70.8925921939338,41.10357780432767],[-70.89217462204032,41.10371759417933],[-70.89234472439017,41.103846656640044],[-70.8926717461308,41.10406754021895],[-70.89286265028726,41.104005296278736],[-70.8925921939338,41.10357780432767]]},"properties":{"kind":"centerline","cls":"grid"}},{"type":"Feature","geometry":{"type":"LineString","coordinates":[[-70.89286265028726,41.104005296278736],[-70.89265122881746,41.104074229850276],[-70.89269962081204,41.104115928672705],[-70.89305138471279,41.104382823954644],[-70.89286265028726,41.104005296278736]]},"properties":{"kind":"centerline","cls":"grid"}},{"type":"Feature","geometry":{"type":"LineString","coordinates":[[-70.89340456613455,41.09925327201002],[-70.89338039527998,41.09903450731297],[-70.89323850654903,41.098945387339846],[-70.89291481185795,41.09895262282288],[-70.89285634187961,41.099329742371914],[-70.89340456613455,41.09925327201002]]},"properties":{"kind":"street","cls":"lane"}},{"type":"Feature","geometry":{"type":"LineString","coordinates":[[-70.89336031809694,41.098852793470265],[-70.89333496280302,41.09862330869245],[-70.89326459184588,41.09858054094031],[-70.8929659864999,41.09862255671978],[-70.89292879424715,41.09886243923703],[-70.89336031809694,41.098852793470265]]},"properties":{"kind":"street","cls":"lane"}},{"type":"Feature","geometry":{"type":"LineString","coordinates":[[-70.89284328993323,41.098639820951504],[-70.89269881426901,41.09866014964866],[-70.89239244990335,41.099394449445676],[-70.89273366902171,41.09934685368677],[-70.89284328993323,41.098639820951504]]},"properties":{"kind":"street","cls":"lane"}},{"type":"Feature","geometry":{"type":"LineString","coordinates":[[-70.89346748728587,41.099822756492465],[-70.89341450683482,41.09934324294076],[-70.89235197842376,41.09949145223902],[-70.8922917974816,41.099635695037996],[-70.89346748728587,41.099822756492465]]},"properties":{"kind":"street","cls":"lane"}},{"type":"Feature","geometry":{"type":"LineString","coordinates":[[-70.89355864777794,41.10064782857946],[-70.89351511502343,41.10025382389833],[-70.89333071285785,41.10023710676535],[-70.89315205741734,41.100716395684216],[-70.89320123947438,41.10071999528553],[-70.89355864777794,41.10064782857946]]},"properties":{"kind":"street","cls":"lane"}},{"type":"Feature","geometry":{"type":"LineString","coordinates":[[-70.89321093779358,41.10022624845644],[-70.89275195130897,41.10018463865172],[-70.8926997210118,41.10068328949025],[-70.89303152324746,41.100707573870274],[-70.89321093779358,41.10022624845644]]},"properties":{"kind":"street","cls":"lane"}},{"type":"Feature","geometry":{"type":"LineString","coordinates":[[-70.89350501701468,41.100162429205625],[-70.89347781292784,41.0999162114396],[-70.89286932501737,41.099819396248094],[-70.89278759418188,41.09984435055405],[-70.89276133925334,41.10009501047444],[-70.89350501701468,41.100162429205625]]},"properties":{"kind":"street","cls":"lane"}},{"type":"Feature","geometry":{"type":"LineString","coordinates":[[-70.89209625529405,41.10010437418195],[-70.89187975879315,41.10062327701298],[-70.89258105099721,41.10067460411257],[-70.89262148376085,41.10028858617693],[-70.89209625529405,41.10010437418195]]},"properties":{"kind":"street","cls":"lane"}},{"type":"Feature","geometry":{"type":"LineString","coordinates":[[-70.89267388532122,41.099788300261984],[-70.89225587623714,41.099721791743356],[-70.89215730696358,41.09995804440745],[-70.89223267872201,41.100053136963666],[-70.89263149445055,41.100193012552346],[-70.89267388532122,41.099788300261984]]},"properties":{"kind":"street","cls":"lane"}},{"type":"Feature","geometry":{"type":"LineString","coordinates":[[-70.89127140400521,41.09886099586814],[-70.89075192838928,41.09893408957933],[-70.89073249887568,41.098973806353605],[-70.8907789512472,41.09919871709535],[-70.8911459920606,41.099282488480156],[-70.89121966509325,41.09923196394436],[-70.89127140400521,41.09886099586814]]},"properties":{"kind":"street","cls":"lane"}},{"type":"Feature","geometry":{"type":"LineString","coordinates":[[-70.89200610652252,41.09875761828512],[-70.89139366894067,41.09884379236983],[-70.89137486067575,41.09897864765736],[-70.89212592276198,41.09905604679419],[-70.89200610652252,41.09875761828512]]},"properties":{"kind":"street","cls":"lane"}},{"type":"Feature","geometry":{"type":"LineString","coordinates":[[-70.8925660588052,41.09867882923483],[-70.89212399234385,41.098741030957605],[-70.89223133198806,41.099008383781594],[-70.89228208896982,41.09907214017703],[-70.8923970201702,41.099083984172175],[-70.8925660588052,41.09867882923483]]},"properties":{"kind":"street","cls":"lane"}},{"type":"Feature","geometry":{"type":"LineString","coordinates":[[-70.89152210883618,41.0990844896477],[-70.89135571299235,41.09911593657614],[-70.89132673075116,41.0993237392889],[-70.8922126307135,41.09952593224384],[-70.89236075125027,41.09917091419255],[-70.89152210883618,41.0990844896477]]},"properties":{"kind":"street","cls":"lane"}},{"type":"Feature","geometry":{"type":"LineString","coordinates":[[-70.89061382782367,41.10014389152593],[-70.89090638557963,41.10015461863614],[-70.89105332063056,41.099755211555845],[-70.89073853198771,41.0998244564337],[-70.89065971564102,41.0999944755798],[-70.89061382782367,41.10014389152593]]},"properties":{"kind":"street","cls":"lane"}},{"type":"Feature","geometry":{"type":"LineString","coordinates":[[-70.89041782155971,41.10051627882086],[-70.89076401565616,41.100541616531395],[-70.89087373936076,41.10024335941567],[-70.89056667276546,41.10023210031506],[-70.89051915031541,41.10030704359943],[-70.89048120223914,41.10037955681523],[-70.89041782155971,41.10051627882086]]},"properties":{"kind":"street","cls":"lane"}},{"type":"Feature","geometry":{"type":"LineString","coordinates":[[-70.89088232863133,41.09969924448257],[-70.89109077860267,41.09965339119933],[-70.891189079603,41.09938618391776],[-70.89086896878324,41.099313123577645],[-70.89082927487034,41.09944237146728],[-70.89088232863133,41.09969924448257]]},"properties":{"kind":"street","cls":"lane"}},{"type":"Feature","geometry":{"type":"LineString","coordinates":[[-70.89088447718433,41.10055043302874],[-70.89175849959564,41.10061440213476],[-70.89192428266618,41.10021705019473],[-70.89100230118213,41.100230157242606],[-70.89088447718433,41.10055043302874]]},"properties":{"kind":"street","cls":"lane"}},{"type":"Feature","geometry":{"type":"LineString","coordinates":[[-70.89196199248843,41.100126666592956],[-70.89201218198507,41.10000637147601],[-70.89116408795275,41.09979037938657],[-70.89103552832336,41.1001398373674],[-70.89196199248843,41.100126666592956]]},"properties":{"kind":"street","cls":"lane"}},{"type":"Feature","geometry":{"type":"LineString","coordinates":[[-70.89157043696288,41.099576505398716],[-70.89150167681736,41.09945752939374],[-70.89130320240989,41.099412230682105],[-70.89119598342944,41.09970367931641],[-70.89149973252262,41.09978103795685],[-70.89157043696288,41.099576505398716]]},"properties":{"kind":"street","cls":"lane"}},{"type":"Feature","geometry":{"type":"LineString","coordinates":[[-70.89204794410614,41.09992065616057],[-70.89217687472302,41.09961163286537],[-70.8917177084005,41.09950683525897],[-70.89161295203195,41.09980987263491],[-70.89204794410614,41.09992065616057]]},"properties":{"kind":"street","cls":"lane"}},{"type":"Feature","geometry":{"type":"LineString","coordinates":[[-70.89376961756219,41.10255726627833],[-70.89370090411424,41.10193535708705],[-70.8929680002718,41.10194296506207],[-70.89303572098949,41.10233260827244],[-70.89320201272507,41.10245986133341],[-70.89376961756219,41.10255726627833]]},"properties":{"kind":"street","cls":"lane"}},{"type":"Feature","geometry":{"type":"LineString","coordinates":[[-70.89313016159491,41.10287598911567],[-70.89333843816375,41.1030093562018],[-70.89381956803382,41.1030093562018],[-70.89377999370578,41.10265117830378],[-70.89306991038673,41.10252932305862],[-70.89313016159491,41.10287598911567]]},"properties":{"kind":"street","cls":"lane"}},{"type":"Feature","geometry":{"type":"LineString","coordinates":[[-70.89294254938447,41.10248827662271],[-70.8928479897357,41.10194421084236],[-70.89258970543048,41.10194689198609],[-70.89263098146225,41.10248683535426],[-70.89294254938447,41.10248827662271]]},"properties":{"kind":"street","cls":"lane"}},{"type":"Feature","geometry":{"type":"LineString","coordinates":[[-70.89247039349081,41.101948130514536],[-70.89210673578425,41.10195190549644],[-70.89204408890063,41.10248412047359],[-70.89251153260314,41.102486282801],[-70.89247039349081,41.101948130514536]]},"properties":{"kind":"street","cls":"lane"}},{"type":"Feature","geometry":{"type":"LineString","coordinates":[[-70.89199753426607,41.10287962416569],[-70.89227451609814,41.1030093562018],[-70.89303311398854,41.1030093562018],[-70.89295817512887,41.10257818212611],[-70.89203352041068,41.10257390480623],[-70.89199753426607,41.10287962416569]]},"properties":{"kind":"street","cls":"lane"}},{"type":"Feature","geometry":{"type":"LineString","coordinates":[[-70.89361896377248,41.101846367625],[-70.89368692433439,41.10180882940076],[-70.89367122109536,41.10166670309251],[-70.89322994808676,41.10175580348327],[-70.89325195515927,41.10183786594581],[-70.89330258122918,41.10184965186278],[-70.89361896377248,41.101846367625]]},"properties":{"kind":"street","cls":"lane"}},{"type":"Feature","geometry":{"type":"LineString","coordinates":[[-70.89277436541352,41.10185513505511],[-70.89311473518953,41.10185160181568],[-70.89292693416394,41.10132344206781],[-70.89265042868965,41.101364976004525],[-70.89277436541352,41.10185513505511]]},"properties":{"kind":"street","cls":"lane"}},{"type":"Feature","geometry":{"type":"LineString","coordinates":[[-70.89216728045825,41.10143754978673],[-70.8921254509258,41.10179291149625],[-70.89220452333971,41.1018610503526],[-70.89265332946884,41.10185639147975],[-70.89255362082919,41.10146205241199],[-70.89246820219525,41.10139234827882],[-70.89216728045825,41.10143754978673]]},"properties":{"kind":"street","cls":"lane"}},{"type":"Feature","geometry":{"type":"LineString","coordinates":[[-70.89220558668927,41.10111212019334],[-70.89217825660174,41.101344302244],[-70.89289601522397,41.101236487593056],[-70.8928239143175,41.101033715555644],[-70.89220558668927,41.10111212019334]]},"properties":{"kind":"street","cls":"lane"}},{"type":"Feature","geometry":{"type":"LineString","coordinates":[[-70.89284781889201,41.10078438290357],[-70.89224932067783,41.100740579226205],[-70.89222862698085,41.100916381992946],[-70.89284959304678,41.100790998572606],[-70.89284781889201,41.10078438290357]]},"properties":{"kind":"street","cls":"lane"}},{"type":"Feature","geometry":{"type":"LineString","coordinates":[[-70.8922174134042,41.10101164664299],[-70.89221647185737,41.1010196455297],[-70.89279292073624,41.100946551164455],[-70.89277596494172,41.1008988657584],[-70.8922174134042,41.10101164664299]]},"properties":{"kind":"street","cls":"lane"}},{"type":"Feature","geometry":{"type":"LineString","coordinates":[[-70.89109893669726,41.10240264091571],[-70.89106493497523,41.10206699848931],[-70.89078524793281,41.10212533541442],[-70.89086652708005,41.10220480801356],[-70.89109893669726,41.10240264091571]]},"properties":{"kind":"street","cls":"lane"}},{"type":"Feature","geometry":{"type":"LineString","coordinates":[[-70.89141040070346,41.101994941492535],[-70.89118201689021,41.102042577626456],[-70.8912286229568,41.102502641774464],[-70.89159919397407,41.10245811439853],[-70.89141040070346,41.101994941492535]]},"properties":{"kind":"street","cls":"lane"}},{"type":"Feature","geometry":{"type":"LineString","coordinates":[[-70.89193218278079,41.102418102856646],[-70.89199637984284,41.1018727183789],[-70.891525334887,41.101970968601975],[-70.89167320025653,41.10233373170619],[-70.89176792804972,41.10243783951121],[-70.89193218278079,41.102418102856646]]},"properties":{"kind":"street","cls":"lane"}},{"type":"Feature","geometry":{"type":"LineString","coordinates":[[-70.89186585373396,41.10298159955605],[-70.89192132153335,41.10251037430308],[-70.89147452500943,41.10256406084589],[-70.89140688865191,41.102593438786045],[-70.89148795202871,41.10269860891296],[-70.89186585373396,41.10298159955605]]},"properties":{"kind":"street","cls":"lane"}},{"type":"Feature","geometry":{"type":"LineString","coordinates":[[-70.89200762762208,41.101777163161636],[-70.89202563239917,41.10162420404421],[-70.89112207699897,41.10151210338408],[-70.8911877905328,41.1018682856114],[-70.89133072762762,41.1019183504828],[-70.89200762762208,41.101777163161636]]},"properties":{"kind":"street","cls":"lane"}},{"type":"Feature","geometry":{"type":"LineString","coordinates":[[-70.89070668010598,41.10204851387263],[-70.89108608587263,41.101969377686686],[-70.89104886661637,41.10176764089339],[-70.89053259854202,41.1018344855327],[-70.89062447933551,41.1019681401347],[-70.89070668010598,41.10204851387263]]},"properties":{"kind":"street","cls":"lane"}},{"type":"Feature","geometry":{"type":"LineString","coordinates":[[-70.89099890203211,41.101496821537395],[-70.89033347677132,41.10141426477222],[-70.89033561203836,41.10142351608197],[-70.89036392210147,41.10150076755031],[-70.89045424849579,41.101720513462475],[-70.89047506036968,41.101750787501445],[-70.89103244269614,41.101678619528215],[-70.89099890203211,41.101496821537395]]},"properties":{"kind":"street","cls":"lane"}},{"type":"Feature","geometry":{"type":"LineString","coordinates":[[-70.89104437202712,41.100652389853735],[-70.8903331691429,41.1006003373982],[-70.89032277643858,41.10061672677617],[-70.890255236143,41.100868777787746],[-70.8902571702343,41.10089969176485],[-70.89106648730665,41.100905622682745],[-70.89104437202712,41.100652389853735]]},"properties":{"kind":"street","cls":"lane"}},{"type":"Feature","geometry":{"type":"LineString","coordinates":[[-70.89031184445024,41.10132054005333],[-70.89111138575679,41.10141973608297],[-70.89107433785124,41.100995515990014],[-70.89026279326661,41.10098956874824],[-70.89027069000008,41.101115787938504],[-70.89028093521931,41.10118662196977],[-70.89031184445024,41.10132054005333]]},"properties":{"kind":"street","cls":"lane"}},{"type":"Feature","geometry":{"type":"LineString","coordinates":[[-70.89152511348371,41.100687574994076],[-70.89116460739481,41.100661189798544],[-70.89119927820242,41.1010581907359],[-70.89141965880593,41.101092777191155],[-70.89152511348371,41.100687574994076]]},"properties":{"kind":"street","cls":"lane"}},{"type":"Feature","geometry":{"type":"LineString","coordinates":[[-70.89198418024581,41.101181372989565],[-70.89208669399197,41.10110545686416],[-70.89213066586439,41.100731894961086],[-70.89164432267046,41.1006962998334],[-70.89154964733126,41.10106008317864],[-70.89160423123192,41.101121743923485],[-70.89198418024581,41.101181372989565]]},"properties":{"kind":"street","cls":"lane"}},{"type":"Feature","geometry":{"type":"LineString","coordinates":[[-70.8917678703097,41.10150118360874],[-70.89188575812457,41.10150618916312],[-70.89204387952608,41.101469186050196],[-70.89206545557089,41.101285887320415],[-70.89120740303976,41.10115122485465],[-70.89123216120201,41.10143472023019],[-70.8917678703097,41.10150118360874]]},"properties":{"kind":"street","cls":"lane"}},{"type":"Feature","geometry":{"type":"LineString","coordinates":[[-70.8943418206808,41.09842896760187],[-70.89384745023877,41.09849852884633],[-70.89416957401177,41.098904673286974],[-70.89443569317277,41.09882855553792],[-70.8943418206808,41.09842896760187]]},"properties":{"kind":"street","cls":"lane"}},{"type":"Feature","geometry":{"type":"LineString","coordinates":[[-70.89372251505456,41.09851610806659],[-70.89344702280175,41.09855487167848],[-70.89350662271964,41.099094296461416],[-70.89405637603437,41.098937051170644],[-70.89372251505456,41.09851610806659]]},"properties":{"kind":"street","cls":"lane"}},{"type":"Feature","geometry":{"type":"LineString","coordinates":[[-70.89351691372437,41.09918743791512],[-70.8935427457511,41.099421237489146],[-70.89455463350791,41.099334850002215],[-70.89445684450686,41.09891859062444],[-70.89351691372437,41.09918743791512]]},"properties":{"kind":"street","cls":"lane"}},{"type":"Feature","geometry":{"type":"LineString","coordinates":[[-70.89464911446092,41.09838572930131],[-70.89445900952013,41.09841247834441],[-70.89451802155371,41.09866367543318],[-70.89469637409121,41.09869164746205],[-70.8946802933538,41.09855218058532],[-70.89464911446092,41.09838572930131]]},"properties":{"kind":"street","cls":"lane"}},{"type":"Feature","geometry":{"type":"LineString","coordinates":[[-70.89455706820733,41.09882988569779],[-70.8946733157648,41.09932471778958],[-70.89474845415238,41.0993183030302],[-70.89474909048835,41.09929073329285],[-70.89455706820733,41.09882988569779]]},"properties":{"kind":"street","cls":"lane"}},{"type":"Feature","geometry":{"type":"LineString","coordinates":[[-70.89391940670045,41.09991674145217],[-70.89434866494672,41.09994210795028],[-70.8941555345452,41.099459328303844],[-70.89412552492274,41.09946189030329],[-70.89391940670045,41.09991674145217]]},"properties":{"kind":"street","cls":"lane"}},{"type":"Feature","geometry":{"type":"LineString","coordinates":[[-70.89355264120162,41.09951079887505],[-70.89359537731289,41.09989759332649],[-70.89379672414604,41.099909491674644],[-70.89399448764767,41.099473077295926],[-70.89355264120162,41.09951079887505]]},"properties":{"kind":"street","cls":"lane"}},{"type":"Feature","geometry":{"type":"LineString","coordinates":[[-70.89416276391037,41.100911689044565],[-70.89455459577731,41.10090960368194],[-70.8944720536681,41.100611643663385],[-70.894281653278,41.100594842134676],[-70.8940656117783,41.10063846452188],[-70.89416276391037,41.100911689044565]]},"properties":{"kind":"street","cls":"lane"}},{"type":"Feature","geometry":{"type":"LineString","coordinates":[[-70.8939107173992,41.100471664240345],[-70.8943655580166,41.100511800805656],[-70.89442593534535,41.10044516601422],[-70.89431092013405,41.10002998478344],[-70.89416942856623,41.10002162350997],[-70.8939107173992,41.100471664240345]]},"properties":{"kind":"street","cls":"lane"}},{"type":"Feature","geometry":{"type":"LineString","coordinates":[[-70.89360539851215,41.09998829283449],[-70.89365632493366,41.10044921584982],[-70.89378707583438,41.10046075372016],[-70.89404378322875,41.100014198650356],[-70.89360539851215,41.09998829283449]]},"properties":{"kind":"street","cls":"lane"}},{"type":"Feature","geometry":{"type":"LineString","coordinates":[[-70.89467619527481,41.10090895651904],[-70.89524432223752,41.100905932898876],[-70.89532227827031,41.10086622783305],[-70.89533010232415,41.100590283141095],[-70.89519808610012,41.10052811951729],[-70.89460718117216,41.10065982981872],[-70.89467619527481,41.10090895651904]]},"properties":{"kind":"street","cls":"lane"}},{"type":"Feature","geometry":{"type":"LineString","coordinates":[[-70.89447657719873,41.10018837636644],[-70.89458273910233,41.10057159897931],[-70.89506305827139,41.10046453779308],[-70.89447657719873,41.10018837636644]]},"properties":{"kind":"street","cls":"lane"}},{"type":"Feature","geometry":{"type":"LineString","coordinates":[[-70.8952418524901,41.100295463700284],[-70.89519058684107,41.100217398821265],[-70.89486169861968,41.100062532373464],[-70.89443472565792,41.100037300921485],[-70.89444283070232,41.1000665584629],[-70.89515398616722,41.100401426401355],[-70.8952418524901,41.100295463700284]]},"properties":{"kind":"street","cls":"lane"}},{"type":"Feature","geometry":{"type":"LineString","coordinates":[[-70.89544776755179,41.10064568918682],[-70.89544041826993,41.10090488925906],[-70.89587984724858,41.10090255058054],[-70.89588337888414,41.10085080927101],[-70.89544776755179,41.10064568918682]]},"properties":{"kind":"street","cls":"lane"}},{"type":"Feature","geometry":{"type":"LineString","coordinates":[[-70.89633766756482,41.10065160726696],[-70.89635051157575,41.100549562023964],[-70.89628888623938,41.10050619508753],[-70.89602771988407,41.10048491371951],[-70.89602634796051,41.10050501350619],[-70.89633766756482,41.10065160726696]]},"properties":{"kind":"street","cls":"lane"}},{"type":"Feature","geometry":{"type":"LineString","coordinates":[[-70.89585528576575,41.09992178951423],[-70.89576282664966,41.09990674573844],[-70.89549668466668,41.099961755498185],[-70.89546668334914,41.0999785524334],[-70.89545932661748,41.10023801525113],[-70.89574240131122,41.10037130908602],[-70.89583675629252,41.10037899768389],[-70.89585528576575,41.09992178951423]]},"properties":{"kind":"street","cls":"lane"}},{"type":"Feature","geometry":{"type":"LineString","coordinates":[[-70.89641800264887,41.10001334767508],[-70.89604196299155,41.09995216326696],[-70.89597098426867,41.100009780861626],[-70.89595562829437,41.100388684072534],[-70.89636654612366,41.1004221680699],[-70.89641800264887,41.10001334767508]]},"properties":{"kind":"street","cls":"lane"}},{"type":"Feature","geometry":{"type":"LineString","coordinates":[[-70.89719858881251,41.10089553212543],[-70.89719858881251,41.10062147565161],[-70.89646727433033,41.100573247884675],[-70.89645071171157,41.100704837344274],[-70.89685952048666,41.10089733667599],[-70.89719858881251,41.10089553212543]]},"properties":{"kind":"street","cls":"lane"}},{"type":"Feature","geometry":{"type":"LineString","coordinates":[[-70.89719858881251,41.10053130078981],[-70.89719858881251,41.10021549405509],[-70.89707617187796,41.10012043663216],[-70.89653534358465,41.100032439905284],[-70.89647853083181,41.10048381535186],[-70.89719858881251,41.10053130078981]]},"properties":{"kind":"street","cls":"lane"}},{"type":"Feature","geometry":{"type":"LineString","coordinates":[[-70.89579804188985,41.099820573855986],[-70.89599512090192,41.09985264005557],[-70.89604181787524,41.099822066929775],[-70.8960884279658,41.09963045425297],[-70.89584479522294,41.09976685770899],[-70.89579804188985,41.099820573855986]]},"properties":{"kind":"street","cls":"lane"}},{"type":"Feature","geometry":{"type":"LineString","coordinates":[[-70.89719858881251,41.100048453104456],[-70.89719858881251,41.09974301857176],[-70.89680119982631,41.099749684508694],[-70.8968264919417,41.0999879102166],[-70.89719858881251,41.100048453104456]]},"properties":{"kind":"street","cls":"lane"}},{"type":"Feature","geometry":{"type":"LineString","coordinates":[[-70.89719858881251,41.099653164789956],[-70.89719858881251,41.09952822641369],[-70.89709989472202,41.099462437898545],[-70.89676244390702,41.09938464361878],[-70.89679167712555,41.09965999046389],[-70.89719858881251,41.099653164789956]]},"properties":{"kind":"street","cls":"lane"}},{"type":"Feature","geometry":{"type":"LineString","coordinates":[[-70.89663985353852,41.09935638222778],[-70.89656790399702,41.09933979532826],[-70.89638528626593,41.0993739642683],[-70.89626081252109,41.09942001637704],[-70.89614946727141,41.09987775334105],[-70.89670479988806,41.099968110027625],[-70.89663985353852,41.09935638222778]]},"properties":{"kind":"street","cls":"lane"}},{"type":"Feature","geometry":{"type":"LineString","coordinates":[[-70.8944472461606,41.101000008774534],[-70.89419464632421,41.10100135313241],[-70.8943149750003,41.10133975790432],[-70.89455207386055,41.10133360249606],[-70.8944472461606,41.101000008774534]]},"properties":{"kind":"street","cls":"lane"}},{"type":"Feature","geometry":{"type":"LineString","coordinates":[[-70.89416884288363,41.101811156921606],[-70.89473269394692,41.101908390713405],[-70.89458009049358,41.10142275996949],[-70.89443065633432,41.101426639483115],[-70.89416884288363,41.101811156921606]]},"properties":{"kind":"street","cls":"lane"}},{"type":"Feature","geometry":{"type":"LineString","coordinates":[[-70.89378823211648,41.10164307661298],[-70.89379977096323,41.10174751199016],[-70.89404893685702,41.10179047962154],[-70.89419842865178,41.101570925577064],[-70.8941859470599,41.1015627713231],[-70.89378823211648,41.10164307661298]]},"properties":{"kind":"street","cls":"lane"}},{"type":"Feature","geometry":{"type":"LineString","coordinates":[[-70.89519201492924,41.101514418766094],[-70.89536709310204,41.10134758521914],[-70.89537812303985,41.101085449532505],[-70.89517358441137,41.10099614314039],[-70.89456954724746,41.10099935787771],[-70.89475604694171,41.10159285680109],[-70.89519201492924,41.101514418766094]]},"properties":{"kind":"street","cls":"lane"}},{"type":"Feature","geometry":{"type":"LineString","coordinates":[[-70.89533909589515,41.10201296222993],[-70.89535743944221,41.10157701250957],[-70.89478351580546,41.1016802711056],[-70.89484022849189,41.10186074817539],[-70.89499546024607,41.10195370367863],[-70.89533909589515,41.10201296222993]]},"properties":{"kind":"street","cls":"lane"}},{"type":"Feature","geometry":{"type":"LineString","coordinates":[[-70.89393918949531,41.1030093562018],[-70.89402051248769,41.1030093562018],[-70.89438238706028,41.10249543346241],[-70.89388389631877,41.10250891071777],[-70.89393918949531,41.1030093562018]]},"properties":{"kind":"street","cls":"lane"}},{"type":"Feature","geometry":{"type":"LineString","coordinates":[[-70.89444691025288,41.10240379967985],[-70.89473105789743,41.10200026224744],[-70.89381015059416,41.10184145557876],[-70.89387399421406,41.10241928910646],[-70.89444691025288,41.10240379967985]]},"properties":{"kind":"street","cls":"lane"}},{"type":"Feature","geometry":{"type":"LineString","coordinates":[[-70.89415546384922,41.1030093562018],[-70.89529717041873,41.1030093562018],[-70.89530730604235,41.10276847463913],[-70.89446538788344,41.102569211961956],[-70.89415546384922,41.1030093562018]]},"properties":{"kind":"street","cls":"lane"}},{"type":"Feature","geometry":{"type":"LineString","coordinates":[[-70.89531122888299,41.10267524505421],[-70.89533524625938,41.10210445204012],[-70.89485139692619,41.10202101421693],[-70.89461797772248,41.10235250873376],[-70.89475460530582,41.102543505047194],[-70.89531122888299,41.10267524505421]]},"properties":{"kind":"street","cls":"lane"}},{"type":"Feature","geometry":{"type":"LineString","coordinates":[[-70.89680325653029,41.10150588096838],[-70.89630242688884,41.101499417234514],[-70.89637858262711,41.101844846747],[-70.89659213204871,41.10183259446152],[-70.89671723517237,41.10173273977914],[-70.89680325653029,41.10150588096838]]},"properties":{"kind":"street","cls":"lane"}},{"type":"Feature","geometry":{"type":"LineString","coordinates":[[-70.89719858881251,41.10179779932444],[-70.89719858881251,41.101590450734435],[-70.89712323850223,41.101510010672655],[-70.89692663280115,41.101507473269066],[-70.89680804925528,41.101820206325634],[-70.89719858881251,41.10179779932444]]},"properties":{"kind":"street","cls":"lane"}},{"type":"Feature","geometry":{"type":"LineString","coordinates":[[-70.89619140780982,41.10099585352142],[-70.89626112697246,41.10131208781847],[-70.89633535471597,41.10140999750048],[-70.89646134471148,41.10141162353404],[-70.89654592741627,41.101162789241684],[-70.89619140780982,41.10099585352142]]},"properties":{"kind":"street","cls":"lane"}},{"type":"Feature","geometry":{"type":"LineString","coordinates":[[-70.89709164983,41.10141975828527],[-70.8966520061687,41.101212739463385],[-70.89658386484064,41.10141320478531],[-70.89709164983,41.10141975828527]]},"properties":{"kind":"street","cls":"lane"}},{"type":"Feature","geometry":{"type":"LineString","coordinates":[[-70.8959208220531,41.101871110518594],[-70.89625924915924,41.1018516934418],[-70.8961924086154,41.1015485160714],[-70.89582112387043,41.10149244138556],[-70.89578838920528,41.10152880868868],[-70.8959208220531,41.101871110518594]]},"properties":{"kind":"street","cls":"lane"}},{"type":"Feature","geometry":{"type":"LineString","coordinates":[[-70.89548241927982,41.101441287241016],[-70.89546322881415,41.10189736468942],[-70.89579934653005,41.101878080112684],[-70.89563953671873,41.10146501649773],[-70.89548241927982,41.101441287241016]]},"properties":{"kind":"street","cls":"lane"}},{"type":"Feature","geometry":{"type":"LineString","coordinates":[[-70.89606957741724,41.10099137458917],[-70.89550122307165,41.10099439941949],[-70.89548624996348,41.10135024784351],[-70.89617151418294,41.101453742469516],[-70.89606957741724,41.10099137458917]]},"properties":{"kind":"street","cls":"lane"}},{"type":"Feature","geometry":{"type":"LineString","coordinates":[[-70.89719858881251,41.102381698907266],[-70.89719858881251,41.10188789085],[-70.896470615609,41.10192965792875],[-70.89649719084937,41.10224763747066],[-70.89719858881251,41.102381698907266]]},"properties":{"kind":"street","cls":"lane"}},{"type":"Feature","geometry":{"type":"LineString","coordinates":[[-70.89656085173226,41.1030093562018],[-70.89699150734573,41.1030093562018],[-70.89719858881251,41.102840338877115],[-70.89719858881251,41.10247437499979],[-70.89650506201812,41.10234181801607],[-70.89656085173226,41.1030093562018]]},"properties":{"kind":"street","cls":"lane"}},{"type":"Feature","geometry":{"type":"LineString","coordinates":[[-70.89638895202708,41.102381724254826],[-70.89635174045848,41.101936478327836],[-70.89589169683381,41.101962873088254],[-70.89609705416956,41.102426179796055],[-70.89638895202708,41.102381724254826]]},"properties":{"kind":"street","cls":"lane"}},{"type":"Feature","geometry":{"type":"LineString","coordinates":[[-70.89576913089232,41.10196990524453],[-70.89545942884055,41.10198767423647],[-70.89543674630906,41.10252674354655],[-70.89597931900094,41.10244411065956],[-70.89576913089232,41.10196990524453]]},"properties":{"kind":"street","cls":"lane"}},{"type":"Feature","geometry":{"type":"LineString","coordinates":[[-70.89609426299084,41.1030093562018],[-70.89644140656475,41.1030093562018],[-70.89639651525324,41.10247222018862],[-70.89599512705578,41.10253335092015],[-70.89609426299084,41.1030093562018]]},"properties":{"kind":"street","cls":"lane"}},{"type":"Feature","geometry":{"type":"LineString","coordinates":[[-70.89541643931598,41.1030093562018],[-70.89597359482916,41.1030093562018],[-70.89587816865362,41.10255116348346],[-70.89543286515396,41.102618982439914],[-70.89541643931598,41.1030093562018]]},"properties":{"kind":"street","cls":"lane"}},{"type":"Feature","geometry":{"type":"LineString","coordinates":[[-70.8933094514725,41.0973500339096],[-70.8937034584784,41.09731848014449],[-70.89360499255879,41.09723823673931],[-70.8935307971032,41.09724417862852],[-70.8933094514725,41.0973500339096]]},"properties":{"kind":"street","cls":"lane"}},{"type":"Feature","geometry":{"type":"LineString","coordinates":[[-70.89159927318778,41.09872347836872],[-70.89192579808187,41.09867753412115],[-70.8918773607031,41.09821354401839],[-70.8918215790095,41.09825032676341],[-70.89156394217328,41.098616604741665],[-70.89159927318778,41.09872347836872]]},"properties":{"kind":"street","cls":"lane"}},{"type":"Feature","geometry":{"type":"LineString","coordinates":[[-70.89204364433851,41.09866095236065],[-70.89244613333732,41.0986043194529],[-70.8922574464416,41.098015773788376],[-70.89204143647073,41.098058999346804],[-70.89199302661382,41.0981760763437],[-70.89204364433851,41.09866095236065]]},"properties":{"kind":"street","cls":"lane"}},{"type":"Feature","geometry":{"type":"LineString","coordinates":[[-70.89222944487094,41.0979284322538],[-70.89217651817536,41.097763345128406],[-70.89211224186934,41.097837096240156],[-70.89203926643569,41.09794084419286],[-70.89206545014011,41.09796124908994],[-70.89222944487094,41.0979284322538]]},"properties":{"kind":"street","cls":"lane"}},{"type":"Feature","geometry":{"type":"LineString","coordinates":[[-70.89096969375048,41.09881206442772],[-70.89148188140292,41.09873999618198],[-70.89142237603173,41.0985599969678],[-70.89114788653494,41.098694563159235],[-70.89096969375048,41.09881206442772]]},"properties":{"kind":"street","cls":"lane"}},{"type":"Feature","geometry":{"type":"LineString","coordinates":[[-70.89252432509544,41.098465682545196],[-70.89273794170306,41.09856326005424],[-70.89311096590369,41.09851077304166],[-70.89296769490517,41.09814797773233],[-70.89244203992135,41.09820902146503],[-70.89252432509544,41.098465682545196]]},"properties":{"kind":"street","cls":"lane"}},{"type":"Feature","geometry":{"type":"LineString","coordinates":[[-70.89293337481428,41.09806107132336],[-70.89270729868535,41.0974885942696],[-70.89241223025756,41.09751222461049],[-70.8923019380681,41.09761943741038],[-70.89226617559991,41.097660471532436],[-70.89241394604464,41.09812139201268],[-70.89293337481428,41.09806107132336]]},"properties":{"kind":"street","cls":"lane"}},{"type":"Feature","geometry":{"type":"LineString","coordinates":[[-70.89353677205932,41.097983962408925],[-70.89373494441617,41.097918508429515],[-70.89375373976573,41.09777697027022],[-70.8935939916075,41.09777587973877],[-70.89317375937311,41.097914677462406],[-70.89353677205932,41.097983962408925]]},"properties":{"kind":"street","cls":"lane"}},{"type":"Feature","geometry":{"type":"LineString","coordinates":[[-70.89322879416576,41.09849419381312],[-70.8936666789826,41.09843258047584],[-70.89370956732009,41.09810961035374],[-70.89302534737766,41.09797901948483],[-70.89322879416576,41.09849419381312]]},"properties":{"kind":"street","cls":"lane"}},{"type":"Feature","geometry":{"type":"LineString","coordinates":[[-70.89286154652642,41.09756423783952],[-70.89298573028374,41.09787869983893],[-70.89314609857975,41.09782573209251],[-70.8932264415519,41.09771904309905],[-70.8932234135516,41.09752928456237],[-70.89302819926544,41.09748453862668],[-70.89286154652642,41.09756423783952]]},"properties":{"kind":"street","cls":"lane"}},{"type":"Feature","geometry":{"type":"LineString","coordinates":[[-70.8937748412425,41.09761806584704],[-70.8938036940334,41.09740079024386],[-70.89334117182067,41.09743783099959],[-70.89334559449871,41.0977149911155],[-70.89340257052936,41.097741022448965],[-70.8937748412425,41.09761806584704]]},"properties":{"kind":"street","cls":"lane"}},{"type":"Feature","geometry":{"type":"LineString","coordinates":[[-70.89378876450296,41.098415402222436],[-70.8945823952488,41.09830373304153],[-70.89442080294694,41.09801427447997],[-70.89383339396588,41.098079320575735],[-70.89378876450296,41.098415402222436]]},"properties":{"kind":"street","cls":"lane"}},{"type":"Feature","geometry":{"type":"LineString","coordinates":[[-70.89399672409694,41.097712854794025],[-70.89391225563168,41.09767917969923],[-70.89388084736548,41.097721973306946],[-70.89384563106022,41.09798716928037],[-70.89414127050047,41.097954431967935],[-70.89399672409694,41.097712854794025]]},"properties":{"kind":"street","cls":"lane"}},{"type":"Feature","geometry":{"type":"LineString","coordinates":[[-70.90704669098722,41.09769191371825],[-70.90721638296107,41.09830638944162],[-70.90827886031198,41.09812904214053],[-70.90816905784355,41.09804870508685],[-70.90787715529724,41.097922597510944],[-70.90759075788971,41.09782678970834],[-70.9071776015431,41.097723366270756],[-70.90704669098722,41.09769191371825]]},"properties":{"kind":"street","cls":"grid"}},{"type":"Feature","geometry":{"type":"LineString","coordinates":[[-70.90817900880215,41.098292923499315],[-70.90725792802124,41.09844666907369],[-70.90743784413124,41.09901561815542],[-70.90887867462679,41.098759877568355],[-70.90879844214761,41.0986685406578],[-70.90817900880215,41.098292923499315]]},"properties":{"kind":"street","cls":"grid"}},{"type":"Feature","geometry":{"type":"LineString","coordinates":[[-70.90912150220669,41.09886444051094],[-70.90748006590091,41.09915578767895],[-70.90770495154527,41.099941984700116],[-70.90997507714819,41.09955960931541],[-70.90991250797477,41.099478602857516],[-70.90965890898035,41.09923542388072],[-70.90936880686382,41.099014403171616],[-70.90912150220669,41.09886444051094]]},"properties":{"kind":"street","cls":"grid"}},{"type":"Feature","geometry":{"type":"LineString","coordinates":[[-70.91007573764597,41.09968993148411],[-70.90774703105167,41.10008217413302],[-70.90794727993472,41.10071935330517],[-70.91006562880824,41.10035959449092],[-70.91023688317924,41.100146313881496],[-70.91025146652818,41.09998087071569],[-70.91011458776944,41.09974022958969],[-70.91007573764597,41.09968993148411]]},"properties":{"kind":"street","cls":"grid"}},{"type":"Feature","geometry":{"type":"LineString","coordinates":[[-70.90986753383854,41.10054057228219],[-70.90799341815617,41.100858853016824],[-70.90820214574256,41.10146112018038],[-70.90933328334968,41.10127165930303],[-70.90985480403752,41.10062215617223],[-70.90986753383854,41.10054057228219]]},"properties":{"kind":"street","cls":"grid"}},{"type":"Feature","geometry":{"type":"LineString","coordinates":[[-70.90965985580141,41.101364197892565],[-70.90824528304442,41.101601132986865],[-70.9084465873126,41.10234447271014],[-70.90961805379244,41.102139462368044],[-70.90967865911556,41.10175104953989],[-70.90965985580141,41.101364197892565]]},"properties":{"kind":"street","cls":"grid"}},{"type":"Feature","geometry":{"type":"LineString","coordinates":[[-70.90970397949148,41.10227198053443],[-70.9084869225128,41.10248496935814],[-70.908675632619,41.10310581456684],[-70.90934666054413,41.102993812524566],[-70.90942142808629,41.102928018027555],[-70.90972061272,41.10261418573278],[-70.90970397949148,41.10227198053443]]},"properties":{"kind":"street","cls":"grid"}},{"type":"Feature","geometry":{"type":"LineString","coordinates":[[-70.90918220982442,41.103168475151264],[-70.90872110355136,41.1032454389293],[-70.90882714021387,41.103551401402704],[-70.90912574887156,41.10323817328294],[-70.90918220982442,41.103168475151264]]},"properties":{"kind":"street","cls":"grid"}},{"type":"Feature","geometry":{"type":"LineString","coordinates":[[-70.90534056260425,41.09724599002204],[-70.90534056260425,41.09770363927203],[-70.90626188881244,41.09755394032112],[-70.90611443852463,41.09744910027827],[-70.90534056260425,41.09724599002204]]},"properties":{"kind":"street","cls":"grid"}},{"type":"Feature","geometry":{"type":"LineString","coordinates":[[-70.90676293044599,41.09761956365298],[-70.90534056260425,41.097850672864695],[-70.90534056260425,41.09862356802454],[-70.90703020235267,41.098337676008754],[-70.90683720137272,41.097638795477984],[-70.90678445853331,41.097624952675346],[-70.90676293044599,41.09761956365298]]},"properties":{"kind":"street","cls":"grid"}},{"type":"Feature","geometry":{"type":"LineString","coordinates":[[-70.90707174662364,41.09847795571214],[-70.90534056260425,41.098770877140794],[-70.90534056260425,41.09936971274547],[-70.90725193507583,41.0990477660221],[-70.90707174662364,41.09847795571214]]},"properties":{"kind":"street","cls":"grid"}},{"type":"Feature","geometry":{"type":"LineString","coordinates":[[-70.90729414587462,41.0991879333407],[-70.90534056260425,41.09951698994379],[-70.90534056260425,41.1003392970846],[-70.90751879466308,41.09997330231699],[-70.90729414587462,41.0991879333407]]},"properties":{"kind":"street","cls":"grid"}},{"type":"Feature","geometry":{"type":"LineString","coordinates":[[-70.90756086377918,41.100113493711774],[-70.90534056260425,41.100486557090974],[-70.90534056260425,41.10114919083747],[-70.90776105715564,41.10075049626551],[-70.90756086377918,41.100113493711774]]},"properties":{"kind":"street","cls":"grid"}},{"type":"Feature","geometry":{"type":"LineString","coordinates":[[-70.90780709398564,41.10089003725439],[-70.90534056260425,41.10129631483628],[-70.90534056260425,41.10168715200459],[-70.90541187796921,41.10193600341416],[-70.90801591745465,41.10149258107972],[-70.90780709398564,41.10089003725439]]},"properties":{"kind":"street","cls":"grid"}},{"type":"Feature","geometry":{"type":"LineString","coordinates":[[-70.90799516630976,41.10164346900029],[-70.90551954603919,41.10206502379072],[-70.90576309751886,41.102786133956926],[-70.90819640775553,41.10238657674444],[-70.90799516630976,41.10164346900029]]},"properties":{"kind":"street","cls":"grid"}},{"type":"Feature","geometry":{"type":"LineString","coordinates":[[-70.90823677690399,41.10252705113818],[-70.90580836480297,41.10292580406136],[-70.90600871323448,41.10356870970711],[-70.9084257050922,41.10314861382392],[-70.90823677690399,41.10252705113818]]},"properties":{"kind":"street","cls":"grid"}},{"type":"Feature","geometry":{"type":"LineString","coordinates":[[-70.90853495479936,41.10327712929374],[-70.90598914453481,41.10371961502579],[-70.90622812394315,41.10446102305616],[-70.90632745402864,41.10444879896036],[-70.9064568733658,41.10442671944292],[-70.9072964093275,41.104247928115335],[-70.90803088661991,41.1040760556483],[-70.90829654123155,41.10397009678171],[-70.90861556754675,41.103769156299094],[-70.9086846704633,41.10370912492388],[-70.90853495479936,41.10327712929374]]},"properties":{"kind":"street","cls":"grid"}},{"type":"Feature","geometry":{"type":"LineString","coordinates":[[-70.90534056260425,41.10231813395567],[-70.90534056260425,41.10286030571531],[-70.90551306776406,41.102828889318886],[-70.90534056260425,41.10231813395567]]},"properties":{"kind":"street","cls":"grid"}},{"type":"Feature","geometry":{"type":"LineString","coordinates":[[-70.90555839925496,41.10296850196472],[-70.90534056260425,41.103008174068336],[-70.90534056260425,41.10368775253989],[-70.90575912517453,41.10361261894609],[-70.90555839925496,41.10296850196472]]},"properties":{"kind":"street","cls":"grid"}},{"type":"Feature","geometry":{"type":"LineString","coordinates":[[-70.90580343724001,41.103752416751746],[-70.90552509846134,41.10380237963477],[-70.90585524560412,41.103913146655046],[-70.90580343724001,41.103752416751746]]},"properties":{"kind":"street","cls":"grid"}},{"type":"Feature","geometry":{"type":"LineString","coordinates":[[-70.90534056260425,41.104232534369366],[-70.90534056260425,41.10449062330686],[-70.90557865222259,41.10448597901589],[-70.9060142410009,41.10440641285232],[-70.90591210830902,41.10408955710955],[-70.90550561634178,41.103953175786984],[-70.90534056260425,41.104232534369366]]},"properties":{"kind":"street","cls":"grid"}},{"type":"Feature","geometry":{"type":"LineString","coordinates":[[-70.9051617491242,41.10235932649332],[-70.90515368562465,41.10235772823546],[-70.9049704202405,41.10281915975144],[-70.9051617491242,41.10285782716412],[-70.9051617491242,41.10235932649332]]},"properties":{"kind":"street","cls":"grid"}},{"type":"Feature","geometry":{"type":"LineString","coordinates":[[-70.9051617491242,41.097051586397484],[-70.9047383115188,41.09696378401491],[-70.90458959018856,41.09736300387078],[-70.9051617491242,41.09748277904447],[-70.9051617491242,41.097051586397484]]},"properties":{"kind":"street","cls":"grid"}},{"type":"Feature","geometry":{"type":"LineString","coordinates":[[-70.9051617491242,41.097613305752525],[-70.90454398549016,41.097483983737334],[-70.90432359918657,41.0980617401862],[-70.9051617491242,41.0982360162517],[-70.9051617491242,41.097613305752525]]},"properties":{"kind":"street","cls":"grid"}},{"type":"Feature","geometry":{"type":"LineString","coordinates":[[-70.9051617491242,41.098366480191736],[-70.90427736478152,41.09818259063128],[-70.90408782743464,41.09867653068183],[-70.9051617491242,41.09889588556862],[-70.9051617491242,41.098366480191736]]},"properties":{"kind":"street","cls":"grid"}},{"type":"Feature","geometry":{"type":"LineString","coordinates":[[-70.9051617491242,41.099026187775976],[-70.90404174142002,41.09879741954683],[-70.90390197180193,41.09916654236169],[-70.9042197581673,41.09939153258971],[-70.9051617491242,41.099590376124624],[-70.9051617491242,41.099026187775976]]},"properties":{"kind":"street","cls":"grid"}},{"type":"Feature","geometry":{"type":"LineString","coordinates":[[-70.9051617491242,41.099720981291554],[-70.90380271890574,41.09943410553047],[-70.90360855746214,41.09999684167805],[-70.9051617491242,41.10030575357546],[-70.9051617491242,41.099720981291554]]},"properties":{"kind":"street","cls":"grid"}},{"type":"Feature","geometry":{"type":"LineString","coordinates":[[-70.9051617491242,41.10043582430493],[-70.90356413154605,41.1001180766055],[-70.9033658609881,41.10062837732686],[-70.9051617491242,41.10101098321095],[-70.9051617491242,41.10043582430493]]},"properties":{"kind":"street","cls":"grid"}},{"type":"Feature","geometry":{"type":"LineString","coordinates":[[-70.9051617491242,41.10114167685119],[-70.90332397317759,41.100750146957616],[-70.90317963393117,41.10122804948191],[-70.9051617491242,41.101632729724784],[-70.9051617491242,41.10114167685119]]},"properties":{"kind":"street","cls":"grid"}},{"type":"Feature","geometry":{"type":"LineString","coordinates":[[-70.9051617491242,41.1017630279996],[-70.90313847503032,41.10134994451455],[-70.90298401591126,41.10176443277851],[-70.90504073222732,41.10220408251413],[-70.9051617491242,41.10190233857986],[-70.9051617491242,41.1017630279996]]},"properties":{"kind":"street","cls":"grid"}},{"type":"Feature","geometry":{"type":"LineString","coordinates":[[-70.90492384503216,41.102309822628875],[-70.90300592198622,41.10189984175135],[-70.902810670364,41.1023817215503],[-70.9047400696152,41.102772538321936],[-70.90492384503216,41.102309822628875]]},"properties":{"kind":"street","cls":"grid"}},{"type":"Feature","geometry":{"type":"LineString","coordinates":[[-70.90476472156016,41.102907760184216],[-70.9026971056095,41.10248894640562],[-70.90256814054925,41.10288185786956],[-70.90309247892412,41.10299138989612],[-70.90473654363394,41.10299138989612],[-70.90476472156016,41.102907760184216]]},"properties":{"kind":"street","cls":"grid"}},{"type":"Feature","geometry":{"type":"LineString","coordinates":[[-70.9045772212825,41.09693089065737],[-70.90373192954705,41.09676090968374],[-70.90290408038882,41.09681192142967],[-70.90213847810125,41.09687980792319],[-70.90442843788281,41.097330277129245],[-70.9045772212825,41.09693089065737]]},"properties":{"kind":"street","cls":"grid"}},{"type":"Feature","geometry":{"type":"LineString","coordinates":[[-70.90431358267205,41.0974376620296],[-70.9019772037557,41.09697806148815],[-70.90175687654643,41.09755639739965],[-70.90409315767029,41.0980155199281],[-70.90431358267205,41.0974376620296]]},"properties":{"kind":"street","cls":"grid"}},{"type":"Feature","geometry":{"type":"LineString","coordinates":[[-70.90404690362959,41.098136400509645],[-70.90171173384564,41.09767749638008],[-70.90153460601498,41.09816407687899],[-70.90339853855642,41.09853796476218],[-70.90389491151916,41.09853249654004],[-70.90404690362959,41.098136400509645]]},"properties":{"kind":"street","cls":"grid"}},{"type":"Feature","geometry":{"type":"LineString","coordinates":[[-70.9038114121047,41.098750926958985],[-70.90148862306052,41.098284996642555],[-70.90129292014446,41.098776898959876],[-70.90361695372508,41.09926447937073],[-70.9038114121047,41.098750926958985]]},"properties":{"kind":"street","cls":"grid"}},{"type":"Feature","geometry":{"type":"LineString","coordinates":[[-70.90357303648275,41.09938581285547],[-70.9012478514978,41.09889799088089],[-70.90104868815095,41.099472608376686],[-70.9033783271477,41.09995013695128],[-70.90357303648275,41.09938581285547]]},"properties":{"kind":"street","cls":"grid"}},{"type":"Feature","geometry":{"type":"LineString","coordinates":[[-70.90333385745807,41.10007135542739],[-70.90100883466995,41.099594773081606],[-70.90084668718484,41.10012169649919],[-70.90313576981627,41.10058118536657],[-70.90333385745807,41.10007135542739]]},"properties":{"kind":"street","cls":"grid"}},{"type":"Feature","geometry":{"type":"LineString","coordinates":[[-70.90142557534985,41.1003680465759],[-70.90073349450971,41.10022912479256],[-70.90060549678957,41.100533634134514],[-70.90142557534985,41.1003680465759]]},"properties":{"kind":"street","cls":"grid"}},{"type":"Feature","geometry":{"type":"LineString","coordinates":[[-70.90316289069511,41.100716778879985],[-70.90174893682857,41.10043295511069],[-70.90139872597148,41.100503668532106],[-70.90153339774486,41.10088241092531],[-70.90301856001498,41.10119465304157],[-70.90316289069511,41.100716778879985]]},"properties":{"kind":"street","cls":"grid"}},{"type":"Feature","geometry":{"type":"LineString","coordinates":[[-70.90297755322638,41.10131659881585],[-70.90158357540791,41.101023527416984],[-70.90175822913868,41.101514712542944],[-70.90282315999067,41.10173091028301],[-70.90297755322638,41.10131659881585]]},"properties":{"kind":"street","cls":"grid"}},{"type":"Feature","geometry":{"type":"LineString","coordinates":[[-70.90275386576884,41.10190668331584],[-70.90254888528199,41.10180547640845],[-70.90180814565208,41.10165509459384],[-70.9020075628229,41.102215922855216],[-70.90202276074929,41.10221907423155],[-70.90268115482755,41.10208613347038],[-70.90275386576884,41.10190668331584]]},"properties":{"kind":"street","cls":"grid"}},{"type":"Feature","geometry":{"type":"LineString","coordinates":[[-70.90253601759004,41.10245593945331],[-70.90202217951455,41.10234939221081],[-70.90098922786194,41.10255796240226],[-70.90240714992586,41.1028485541854],[-70.90253601759004,41.10245593945331]]},"properties":{"kind":"street","cls":"grid"}},{"type":"Feature","geometry":{"type":"LineString","coordinates":[[-70.89992164067576,41.10277352608643],[-70.8998230653728,41.10279343008654],[-70.89976859399366,41.10293714434072],[-70.90003023805966,41.10299138989612],[-70.90038431572185,41.10299138989612],[-70.89992164067576,41.10277352608643]]},"properties":{"kind":"street","cls":"grid"}},{"type":"Feature","geometry":{"type":"LineString","coordinates":[[-70.90236580494776,41.10297041307129],[-70.90066889009428,41.10262264394796],[-70.90059864862215,41.10263682687439],[-70.90135163032507,41.10299138989612],[-70.90235844773419,41.10299138989612],[-70.90236580494776,41.10297041307129]]},"properties":{"kind":"street","cls":"grid"}},{"type":"Feature","geometry":{"type":"LineString","coordinates":[[-70.90083713000446,41.09737051710697],[-70.90152629241464,41.09751055579571],[-70.90170325956868,41.09704603550029],[-70.90137412729035,41.0971413537524],[-70.90083713000446,41.09737051710697]]},"properties":{"kind":"street","cls":"grid"}},{"type":"Feature","geometry":{"type":"LineString","coordinates":[[-70.89974425311722,41.0976262917882],[-70.89945315419548,41.09771483432785],[-70.90130465216872,41.09811663007582],[-70.90145309160155,41.09770885828176],[-70.89974425311722,41.0976262917882]]},"properties":{"kind":"street","cls":"grid"}},{"type":"Feature","geometry":{"type":"LineString","coordinates":[[-70.90118987553053,41.09822259750935],[-70.89923432106546,41.097798220339975],[-70.899046356585,41.09833448692958],[-70.90099352557958,41.098716126158905],[-70.90118987553053,41.09822259750935]]},"properties":{"kind":"street","cls":"grid"}},{"type":"Feature","geometry":{"type":"LineString","coordinates":[[-70.90094855957463,41.098837261377774],[-70.89900435115953,41.09845620241306],[-70.89881702202328,41.0990076103647],[-70.90074977302648,41.09941079175026],[-70.90094855957463,41.098837261377774]]},"properties":{"kind":"street","cls":"grid"}},{"type":"Feature","geometry":{"type":"LineString","coordinates":[[-70.90070969897718,41.09953292607632],[-70.89877425561112,41.0991291830506],[-70.8986227245428,41.09954617540067],[-70.89902471800629,41.09975763522326],[-70.90054698553772,41.10006168865041],[-70.90070969897718,41.09953292607632]]},"properties":{"kind":"street","cls":"grid"}},{"type":"Feature","geometry":{"type":"LineString","coordinates":[[-70.90057201886442,41.10019679568488],[-70.89846616530785,41.09977617842955],[-70.89830931655983,41.10023216942204],[-70.90022522461281,41.10061041743846],[-70.90041419541684,41.10057226107686],[-70.90057201886442,41.10019679568488]]},"properties":{"kind":"street","cls":"grid"}},{"type":"Feature","geometry":{"type":"LineString","coordinates":[[-70.89989966724106,41.100676152909415],[-70.89826492226835,41.1003534134949],[-70.89810799147689,41.10075670702649],[-70.89878936606556,41.10090034126146],[-70.89989966724106,41.100676152909415]]},"properties":{"kind":"street","cls":"grid"}},{"type":"Feature","geometry":{"type":"LineString","coordinates":[[-70.89847294563636,41.1009642318311],[-70.89806520022123,41.10087827881533],[-70.89800833662737,41.1010580441501],[-70.89847294563636,41.1009642318311]]},"properties":{"kind":"street","cls":"grid"}},{"type":"Feature","geometry":{"type":"LineString","coordinates":[[-70.89778108752759,41.10176558527002],[-70.8977387614867,41.101895295616885],[-70.8982795970267,41.10200526545609],[-70.89827748607854,41.10199932875877],[-70.89778108752759,41.10176558527002]]},"properties":{"kind":"street","cls":"grid"}},{"type":"Feature","geometry":{"type":"LineString","coordinates":[[-70.898329524901,41.10214567945767],[-70.89769639431613,41.10201694296855],[-70.89753140217324,41.10246272204996],[-70.89851660854222,41.102671821679074],[-70.898329524901,41.10214567945767]]},"properties":{"kind":"street","cls":"grid"}},{"type":"Feature","geometry":{"type":"LineString","coordinates":[[-70.8985668593917,41.10281314399564],[-70.89748976480203,41.102584542063795],[-70.89736161504338,41.10299138989612],[-70.8986302393881,41.10299138989612],[-70.8985668593917,41.10281314399564]]},"properties":{"kind":"street","cls":"grid"}},{"type":"Feature","geometry":{"type":"LineString","coordinates":[[-70.89895952223773,41.09787868862082],[-70.89871682670199,41.098268740511685],[-70.89881578463805,41.098288774995595],[-70.89895952223773,41.09787868862082]]},"properties":{"kind":"street","cls":"grid"}},{"type":"Feature","geometry":{"type":"LineString","coordinates":[[-70.89837201814832,41.098822904921526],[-70.89831958283152,41.09890717715341],[-70.89858695443455,41.09896039823477],[-70.89869113460065,41.09865374133588],[-70.89837201814832,41.098822904921526]]},"properties":{"kind":"street","cls":"grid"}},{"type":"Feature","geometry":{"type":"LineString","coordinates":[[-70.8985442172115,41.09908196900222],[-70.89851929003977,41.09907700717748],[-70.89760442388663,41.09922980652962],[-70.89734163959655,41.09936910844412],[-70.89734163959655,41.09941346513677],[-70.8983480175981,41.09962188295376],[-70.8985442172115,41.09908196900222]]},"properties":{"kind":"street","cls":"grid"}},{"type":"Feature","geometry":{"type":"LineString","coordinates":[[-70.89830502968704,41.099743407340874],[-70.89734163959655,41.09954389218925],[-70.89734163959655,41.10003440797048],[-70.89814806983178,41.10019972134455],[-70.89830502968704,41.099743407340874]]},"properties":{"kind":"street","cls":"grid"}},{"type":"Feature","geometry":{"type":"LineString","coordinates":[[-70.89810363604226,41.100320947170445],[-70.89734163959655,41.10016474245742],[-70.89734163959655,41.10060118534287],[-70.89794700587224,41.10072346814055],[-70.89810363604226,41.100320947170445]]},"properties":{"kind":"street","cls":"grid"}},{"type":"Feature","geometry":{"type":"LineString","coordinates":[[-70.89790415345917,41.100845016169394],[-70.89734163959655,41.100731389474916],[-70.89734163959655,41.1011031708009],[-70.89776015608469,41.1013002412876],[-70.89790415345917,41.100845016169394]]},"properties":{"kind":"street","cls":"grid"}},{"type":"Feature","geometry":{"type":"LineString","coordinates":[[-70.89734163959655,41.10155865861335],[-70.89734163959655,41.10181558450598],[-70.89751793044826,41.101850855756766],[-70.89759130161788,41.10182050748962],[-70.89763211372134,41.10169543668248],[-70.89734163959655,41.10155865861335]]},"properties":{"kind":"street","cls":"grid"}},{"type":"Feature","geometry":{"type":"LineString","coordinates":[[-70.89753516725555,41.10198442576749],[-70.89734163959655,41.101945705876304],[-70.89734163959655,41.10242344024192],[-70.8973705082736,41.10242930470799],[-70.89753516725555,41.10198442576749]]},"properties":{"kind":"street","cls":"grid"}},{"type":"Feature","geometry":{"type":"LineString","coordinates":[[-70.90467647206914,41.103108170883054],[-70.90477820176748,41.103290028305544],[-70.90517367002288,41.103158855948756],[-70.90517367002288,41.103108170883054],[-70.90467647206914,41.103108170883054]]},"properties":{"kind":"street","cls":"grid"}},{"type":"Feature","geometry":{"type":"LineString","coordinates":[[-70.90517367002288,41.1032766342027],[-70.90483590142269,41.10338866823509],[-70.9049912140741,41.103642923701244],[-70.90517367002288,41.10370413913871],[-70.90517367002288,41.1032766342027]]},"properties":{"kind":"street","cls":"grid"}},{"type":"Feature","geometry":{"type":"LineString","coordinates":[[-70.90258703603011,41.103108170883054],[-70.9027441246202,41.103381103409056],[-70.90297087321551,41.103381103409056],[-70.90377980382642,41.103108170883054],[-70.90258703603011,41.103108170883054]]},"properties":{"kind":"street","cls":"grid"}},{"type":"Feature","geometry":{"type":"LineString","coordinates":[[-70.90412986310116,41.103108170883054],[-70.90376463794745,41.10323139755098],[-70.90435381942478,41.10342907267273],[-70.90464711015454,41.10333319907498],[-70.90452123104679,41.103108170883054],[-70.90412986310116,41.103108170883054]]},"properties":{"kind":"street","cls":"grid"}},{"type":"Feature","geometry":{"type":"LineString","coordinates":[[-70.90358928031054,41.10329056307414],[-70.90284101380028,41.10354302758223],[-70.902991453219,41.10377414025693],[-70.90311714808256,41.10383332728693],[-70.90331872613801,41.10376743357997],[-70.90359862389612,41.103293697922204],[-70.90358928031054,41.10329056307414]]},"properties":{"kind":"street","cls":"grid"}},{"type":"Feature","geometry":{"type":"LineString","coordinates":[[-70.90348113281732,41.104439022267016],[-70.90338167886942,41.1044719490062],[-70.90357913702879,41.10478143130889],[-70.90394364288063,41.10465680838983],[-70.90348113281732,41.104439022267016]]},"properties":{"kind":"street","cls":"grid"}},{"type":"Feature","geometry":{"type":"LineString","coordinates":[[-70.90079829470243,41.103175731027484],[-70.90063667825854,41.10322950668608],[-70.9008475022478,41.10355547240203],[-70.90129229695954,41.103408346152584],[-70.90079829470243,41.103175731027484]]},"properties":{"kind":"street","cls":"grid"}},{"type":"Feature","geometry":{"type":"LineString","coordinates":[[-70.90183405611117,41.10322914664779],[-70.9021997922093,41.103108170883054],[-70.90157714117149,41.103108170883054],[-70.90183405611117,41.10322914664779]]},"properties":{"kind":"street","cls":"grid"}},{"type":"Feature","geometry":{"type":"LineString","coordinates":[[-70.90143915065369,41.10347749642456],[-70.90090815570396,41.10365313541792],[-70.90112033831136,41.10400861520119],[-70.90196111791674,41.10372327967442],[-70.90143915065369,41.10347749642456]]},"properties":{"kind":"street","cls":"grid"}},{"type":"Feature","geometry":{"type":"LineString","coordinates":[[-70.90245103611053,41.103142791653575],[-70.90198090980532,41.10329829691976],[-70.90249712896211,41.103541373509],[-70.90265048800592,41.10348932802256],[-70.90245103611053,41.103142791653575]]},"properties":{"kind":"street","cls":"grid"}},{"type":"Feature","geometry":{"type":"LineString","coordinates":[[-70.90210703014144,41.103791986628515],[-70.90117507583835,41.10410826412893],[-70.90133794441908,41.10443400652368],[-70.90257862088264,41.104014048648835],[-70.90210703014144,41.103791986628515]]},"properties":{"kind":"street","cls":"grid"}},{"type":"Feature","geometry":{"type":"LineString","coordinates":[[-70.90272462786069,41.10408280022027],[-70.90139254056614,41.104533699842996],[-70.90163333356736,41.104935237132125],[-70.9028720463368,41.104523453031064],[-70.90304364424767,41.104233018231824],[-70.90272462786069,41.10408280022027]]},"properties":{"kind":"street","cls":"grid"}},{"type":"Feature","geometry":{"type":"LineString","coordinates":[[-70.90325067926598,41.10451540540738],[-70.90169103292925,41.105033877147235],[-70.90186898311626,41.105345889213645],[-70.90344840070543,41.10482530035712],[-70.90325067926598,41.10451540540738]]},"properties":{"kind":"street","cls":"grid"}},{"type":"Feature","geometry":{"type":"LineString","coordinates":[[-70.90350962002846,41.104922780636564],[-70.90242300005872,41.105280939398],[-70.90363697668332,41.105129040052596],[-70.90350962002846,41.104922780636564]]},"properties":{"kind":"street","cls":"grid"}},{"type":"Feature","geometry":{"type":"LineString","coordinates":[[-70.8983909535623,41.103108170883054],[-70.89845831017008,41.10321539474344],[-70.89877364261068,41.103108170883054],[-70.8983909535623,41.103108170883054]]},"properties":{"kind":"street","cls":"grid"}},{"type":"Feature","geometry":{"type":"LineString","coordinates":[[-70.89912144352877,41.103108170883054],[-70.8985156435954,41.10331416366753],[-70.89875530745651,41.1037638730055],[-70.90044866480261,41.10317514881337],[-70.90041387319107,41.103108170883054],[-70.89912144352877,41.103108170883054]]},"properties":{"kind":"street","cls":"grid"}},{"type":"Feature","geometry":{"type":"LineString","coordinates":[[-70.90046291719422,41.103288911230884],[-70.89885436493026,41.10384815150836],[-70.8990158965958,41.10412098297283],[-70.89937779457648,41.10407469706014],[-70.90067408798157,41.103615413149036],[-70.90046291719422,41.103288911230884]]},"properties":{"kind":"street","cls":"grid"}},{"type":"Feature","geometry":{"type":"LineString","coordinates":[[-70.90073476725199,41.10371303261356],[-70.89911306020782,41.10428761237381],[-70.89930252269485,41.104625641091246],[-70.90094643003995,41.10406764151817],[-70.90073476725199,41.10371303261356]]},"properties":{"kind":"street","cls":"grid"}},{"type":"Feature","geometry":{"type":"LineString","coordinates":[[-70.90100082347958,41.104167407500725],[-70.89935882473449,41.1047247592283],[-70.8995450827814,41.10504807597956],[-70.90116381030239,41.10449338638343],[-70.90100082347958,41.104167407500725]]},"properties":{"kind":"street","cls":"grid"}},{"type":"Feature","geometry":{"type":"LineString","coordinates":[[-70.90126218513603,41.10457809610372],[-70.89956102022097,41.10516103453372],[-70.89963078401662,41.1052709756264],[-70.900107286412,41.10531515315834],[-70.90092821868838,41.10517355610565],[-70.90150264779518,41.10497908252694],[-70.90126218513603,41.10457809610372]]},"properties":{"kind":"street","cls":"grid"}},{"type":"Feature","geometry":{"type":"LineString","coordinates":[[-70.90156033962144,41.10507772804219],[-70.9006974309281,41.105369866688555],[-70.90101547190066,41.10539935293114],[-70.90153686890908,41.10539181693785],[-70.90172597885038,41.10536815447541],[-70.90156033962144,41.10507772804219]]},"properties":{"kind":"street","cls":"grid"}},{"type":"Feature","geometry":{"type":"LineString","coordinates":[[-70.8962152979205,41.103108170883054],[-70.89611142942418,41.10314332957086],[-70.89622101688418,41.10334571682562],[-70.89692279335534,41.103108170883054],[-70.8962152979205,41.103108170883054]]},"properties":{"kind":"street","cls":"grid"}},{"type":"Feature","geometry":{"type":"LineString","coordinates":[[-70.89727191117952,41.103108170883054],[-70.89627805987494,41.103444581912235],[-70.89653561403881,41.10386399456309],[-70.89832780161005,41.103259586454826],[-70.89823268435497,41.103108170883054],[-70.89727191117952,41.103108170883054]]},"properties":{"kind":"street","cls":"grid"}},{"type":"Feature","geometry":{"type":"LineString","coordinates":[[-70.89834149551623,41.103373069000085],[-70.8966378781896,41.10394760714672],[-70.89690012900468,41.104398715164955],[-70.8985816274397,41.103823656618204],[-70.89834149551623,41.103373069000085]]},"properties":{"kind":"street","cls":"grid"}},{"type":"Feature","geometry":{"type":"LineString","coordinates":[[-70.89863755527433,41.103922909460664],[-70.8969553556136,41.10449820782081],[-70.89712951383754,41.10482903418376],[-70.89883895830162,41.10426308476126],[-70.89863755527433,41.103922909460664]]},"properties":{"kind":"street","cls":"grid"}},{"type":"Feature","geometry":{"type":"LineString","coordinates":[[-70.898895923983,41.10436196775992],[-70.89718589099145,41.104928112027466],[-70.89740732262102,41.10528880563014],[-70.89908563646269,41.10470044250073],[-70.898895923983,41.10436196775992]]},"properties":{"kind":"street","cls":"grid"}},{"type":"Feature","geometry":{"type":"LineString","coordinates":[[-70.89918525726941,41.104784410592934],[-70.89742504685805,41.10540148403911],[-70.89747861181651,41.10548567788721],[-70.89767585642875,41.10550432548744],[-70.8981659973569,41.105524728820335],[-70.89937152980796,41.10510775249956],[-70.89918525726941,41.104784410592934]]},"properties":{"kind":"street","cls":"grid"}},{"type":"Feature","geometry":{"type":"LineString","coordinates":[[-70.89943088369341,41.105205833826595],[-70.89851786318108,41.10552163447856],[-70.89869096104862,41.10551958522643],[-70.8992065465908,41.10547051567432],[-70.89956013845224,41.10540952700708],[-70.89943088369341,41.105205833826595]]},"properties":{"kind":"street","cls":"grid"}},{"type":"Feature","geometry":{"type":"LineString","coordinates":[[-70.8941986188448,41.103108170883054],[-70.89419522477307,41.10310936288502],[-70.89438379081946,41.10343801460273],[-70.89535582881942,41.103108170883054],[-70.8941986188448,41.103108170883054]]},"properties":{"kind":"street","cls":"grid"}},{"type":"Feature","geometry":{"type":"LineString","coordinates":[[-70.89570422783102,41.103108170883054],[-70.89444384514366,41.10353585921811],[-70.8946691087765,41.10388035163815],[-70.89609062735438,41.103390246102435],[-70.89593789092415,41.103108170883054],[-70.89570422783102,41.103108170883054]]},"properties":{"kind":"street","cls":"grid"}},{"type":"Feature","geometry":{"type":"LineString","coordinates":[[-70.89610440605345,41.10350404039356],[-70.89501051651698,41.10388118728818],[-70.89481764394375,41.10403941304496],[-70.89502341598563,41.10439084596008],[-70.8963621489963,41.10392376046047],[-70.89610440605345,41.10350404039356]]},"properties":{"kind":"street","cls":"grid"}},{"type":"Feature","geometry":{"type":"LineString","coordinates":[[-70.89646415077968,41.104006963499955],[-70.89503424686863,41.104505858632415],[-70.89525465711314,41.10495159943695],[-70.89526025969907,41.104952489034744],[-70.8956834400917,41.104810526429056],[-70.89672630808533,41.104457910668934],[-70.89646415077968,41.104006963499955]]},"properties":{"kind":"street","cls":"grid"}},{"type":"Feature","geometry":{"type":"LineString","coordinates":[[-70.8967813493813,41.10455745199748],[-70.89553752116866,41.10497801666465],[-70.89570967175142,41.10502384822054],[-70.89629194353655,41.10511630333002],[-70.89695515811887,41.10488761448534],[-70.8967813493813,41.10455745199748]]},"properties":{"kind":"street","cls":"grid"}},{"type":"Feature","geometry":{"type":"LineString","coordinates":[[-70.89701168476964,41.1049866704352],[-70.89638356414281,41.10520325822488],[-70.89709820156247,41.10539351575591],[-70.89723378097462,41.105348446575604],[-70.89701168476964,41.1049866704352]]},"properties":{"kind":"street","cls":"grid"}},{"type":"Feature","geometry":{"type":"LineString","coordinates":[[-70.89241913905408,41.103108170883054],[-70.89241652016135,41.103109014932194],[-70.89263085395196,41.10350634278471],[-70.89384491804925,41.103108170883054],[-70.89241913905408,41.103108170883054]]},"properties":{"kind":"street","cls":"grid"}},{"type":"Feature","geometry":{"type":"LineString","coordinates":[[-70.8940210520894,41.10316796961678],[-70.89273236276061,41.10359061606668],[-70.89294088671419,41.10392021568826],[-70.89420957603743,41.10349654796127],[-70.8940210520894,41.10316796961678]]},"properties":{"kind":"street","cls":"grid"}},{"type":"Feature","geometry":{"type":"LineString","coordinates":[[-70.89431314848011,41.10357986928498],[-70.89295340440297,41.10403394395236],[-70.89311289695019,41.10435297875749],[-70.89320299499107,41.104387219656445],[-70.894539008212,41.1039252733107],[-70.89431314848011,41.10357986928498]]},"properties":{"kind":"street","cls":"grid"}},{"type":"Feature","geometry":{"type":"LineString","coordinates":[[-70.89459952940959,41.104022950984614],[-70.8937366558995,41.10432130227229],[-70.89408871026205,41.10448956803802],[-70.89461140591155,41.10452839683029],[-70.89484965805312,41.1044501394284],[-70.89459952940959,41.104022950984614]]},"properties":{"kind":"street","cls":"grid"}},{"type":"Feature","geometry":{"type":"LineString","coordinates":[[-70.8949034468104,41.10455006493292],[-70.89449558214122,41.10468403405119],[-70.89477119578743,41.104815764676225],[-70.89508095624245,41.104909046418705],[-70.8949034468104,41.10455006493292]]},"properties":{"kind":"street","cls":"grid"}},{"type":"Feature","geometry":{"type":"LineString","coordinates":[[-70.89228505230723,41.10315155983651],[-70.89185309187609,41.103291898412635],[-70.8918780602147,41.103363458831474],[-70.89205950373612,41.10358162585852],[-70.89217386437262,41.10365886961188],[-70.89249984647302,41.10354974112366],[-70.89228505230723,41.10315155983651]]},"properties":{"kind":"street","cls":"grid"}},{"type":"Feature","geometry":{"type":"LineString","coordinates":[[-70.8925575964967,41.103648364665034],[-70.89229850356321,41.103735100777556],[-70.89239401014486,41.103807564881976],[-70.89268537941776,41.10400436735649],[-70.89276616115374,41.10397802862381],[-70.8925575964967,41.103648364665034]]},"properties":{"kind":"street","cls":"grid"}},{"type":"Feature","geometry":{"type":"LineString","coordinates":[[-70.9103305011814,41.10016854199758],[-70.91011533232351,41.1004365138156],[-70.9099461192026,41.10079189195685],[-70.90986785793639,41.10115390345596],[-70.90981381114786,41.101500283359776],[-70.9097791056932,41.10185423509608],[-70.90979662357978,41.10221464088558],[-70.90986196010746,41.10251355444031],[-70.90977814140331,41.10272460235027],[-70.90949650918105,41.10297243516477],[-70.90920528634413,41.10327791586434],[-70.9089629962281,41.103577010505056],[-70.90868259643578,41.103820600587525],[-70.90835001238656,41.104030080483625],[-70.90798342058338,41.10417629910835],[-70.90754186179696,41.10427033543941],[-70.90705769270753,41.104379039862046],[-70.9065825825708,41.10449021872647],[-70.90611843673919,41.104547339014644],[-70.90559126035504,41.10455762237154],[-70.90504017835259,41.10465828492974],[-70.90454427001823,41.10483898797474],[-70.90408314856943,41.105028959355025],[-70.90367557955412,41.105218447519036],[-70.90324156681612,41.10531247853668],[-70.90269007301613,41.10532962253756],[-70.90209990130829,41.105376004154515],[-70.90154344741927,41.10544563068585],[-70.90101177218223,41.10545331523515],[-70.90042686233853,41.10539908702234],[-70.8997996810613,41.105423502718025],[-70.89921903789234,41.105523653928735],[-70.89869601919384,41.10557343091273],[-70.89818462156202,41.10557948519117],[-70.89766942426883,41.105558038824874],[-70.89717083160008,41.10551090163488],[-70.8967114713771,41.105404111353806],[-70.89623389877475,41.10522057667202],[-70.89569030080429,41.1050758548804],[-70.89516532986154,41.104992498195045],[-70.89473849061785,41.10486395916508],[-70.89431014452374,41.10465922946652],[-70.89378346200503,41.10452105264402],[-70.89330224836205,41.104485305370055],[-70.89299102419774,41.10436702760225],[-70.89269962081204,41.104115928672705],[-70.89234472439017,41.103846656640044],[-70.89200425331849,41.10361668884439],[-70.8918116600929,41.1033851154538],[-70.89169875774869,41.10306153208831],[-70.89144036027994,41.10272629198777],[-70.89110103903745,41.102472192217135],[-70.89082055413006,41.10223343642077],[-70.8905740101848,41.10199237227584],[-70.89039888297218,41.10173762308381],[-70.89028195488335,41.10145316061044],[-70.89021359720898,41.10115699249274],[-70.89019535026063,41.10086533834821],[-70.89026581275088,41.10060238211151],[-70.89044784864066,41.10031531005522],[-70.89060237678807,41.09998196875265],[-70.89071051130453,41.09962987048299],[-70.89073236932956,41.09926524354355],[-70.8906712257936,41.09896920186526],[-70.89073206862446,41.098844830199006],[-70.89098746450176,41.09871962449562],[-70.89129769722858,41.0985360930861],[-70.89160977870905,41.098330304900365],[-70.89187634614413,41.09807655864976],[-70.8920608869399,41.0978142000889],[-70.89225339951504,41.0975933097279],[-70.8924423673505,41.097409617928626],[-70.89257760596134,41.09735844419991],[-70.89278100066824,41.097380929485055],[-70.89301936512523,41.097435566063524],[-70.8935921708708,41.09716163016964],[-70.89386562437612,41.09738447722687],[-70.8939986775794,41.097606846072075],[-70.89414038635057,41.09771931449101],[-70.89444422968124,41.097840447897816],[-70.89468921042021,41.098110625186166],[-70.89472111421355,41.098387324089835],[-70.89474979575641,41.09860186706541],[-70.8947922445651,41.09882848379418],[-70.89481370148235,41.09907421344505],[-70.89480885411258,41.09928422940679],[-70.89486992904034,41.0994308073634],[-70.89496936437729,41.099548218172146],[-70.89503270692197,41.10001108186076],[-70.89547012302761,41.09992067089059],[-70.89580075656124,41.0997355580189],[-70.8959852082537,41.099523636567156],[-70.89615149270074,41.099410424706235],[-70.89636473805038,41.099331529369366],[-70.89659486112691,41.099288471876775],[-70.89690302748754,41.09928254449061],[-70.89729344987377,41.09921733682338],[-70.89771783384644,41.099092805690596],[-70.89809473296245,41.098893011523224],[-70.8984047270665,41.09862221408736],[-70.8986026075829,41.09830418734928],[-70.8986689592435,41.09800368875848],[-70.89878920020958,41.097780379277],[-70.8989506339453,41.09759657538696],[-70.89912653593144,41.09753343415317],[-70.89950190551112,41.09755157100476],[-70.89996259180307,41.09749206912899],[-70.90037249540211,41.09736739018667],[-70.90074817606245,41.097255266213594],[-70.90113273534054,41.0971438960423],[-70.90151600881097,41.09700854057072],[-70.90184467918654,41.09686828063311],[-70.90220060266195,41.096792177506074],[-70.90265843085488,41.096763966309354],[-70.90314475540231,41.09672726470457],[-70.90360585190406,41.09668637895333],[-70.90403956932127,41.09669773396419],[-70.90448802726976,41.096761465583356],[-70.9049483783521,41.09684073629144],[-70.90538017931881,41.09692763000023],[-70.90570002727041,41.0970556402587],[-70.90599380500042,41.09726452197918],[-70.90639416075331,41.09744641640928],[-70.90681517604999,41.0975569154215],[-70.90720711951347,41.09765502874026],[-70.90758057653063,41.09774475547285],[-70.90792033260541,41.09785841321587],[-70.90822688980553,41.097990851887175],[-70.90848052125996,41.098176421520165],[-70.90873072760176,41.09846125721886],[-70.90906906417216,41.098740399176535],[-70.90943280765028,41.09896096898064],[-70.90973053457785,41.09918779882057],[-70.909991592053,41.099438129819866],[-70.91019994411515,41.09970787707118],[-70.9103481416159,41.099968417229334],[-70.9103305011814,41.10016854199758]]},"properties":{"kind":"street","cls":"shore"}},{"type":"Feature","geometry":{"type":"Polygon","coordinates":[[[-70.89931402094992,41.10189521654323],[-70.89945694555125,41.101945139543325],[-70.89961736522235,41.10188446002375],[-70.89972741763704,41.10174603832051],[-70.89978523340481,41.10160604331485],[-70.89984251164971,41.101480690156976],[-70.89990256172602,41.101333265058756],[-70.8998987269482,41.10117206387895],[-70.89979279951672,41.10106921580131],[-70.8996358512335,41.10106341756045],[-70.89949482158296,41.101105381112696],[-70.89936671859378,41.10113802940552],[-70.89921848003074,41.101182966063384],[-70.89907939020723,41.10129424424309],[-70.8990248979676,41.1014577718403],[-70.89907179383616,41.101601991784406],[-70.8991550077189,41.10170002323782],[-70.89922583246319,41.10179272810288],[-70.89931402094992,41.10189521654323]]]},"properties":{"kind":"pond"}},{"type":"Feature","geometry":{"type":"Polygon","coordinates":[[[-70.90429207821575,41.10405752889285],[-70.9043653161635,41.10399819749917],[-70.90435482505956,41.10390993723753],[-70.9042697471442,41.10383134209741],[-70.90417035206949,41.10377800734364],[-70.90408277672022,41.10372821234371],[-70.903979049881,41.10367278015432],[-70.90384954463332,41.103644694427814],[-70.90374242956237,41.103676183867336],[-70.90370128156319,41.10375068483759],[-70.90370319359809,41.10382679817882],[-70.90370123833455,41.103894655939705],[-70.90370352846456,41.10397402197215],[-70.90375979576447,41.10406143909233],[-70.90387740193938,41.104118209914446],[-70.90400362785391,41.104122304084314],[-70.90410111089372,41.104099525496856],[-70.90419064150653,41.104081462735905],[-70.90429207821575,41.10405752889285]]]},"properties":{"kind":"pond"}},{"type":"Feature","geometry":{"type":"LineString","coordinates":[[-70.90118694402717,41.100602231108894],[-70.89823917982926,41.10119743393523],[-70.89881305597284,41.10281136697076],[-70.90176082017075,41.10221616414443],[-70.90118694402717,41.100602231108894]]},"properties":{"kind":"parkpath"}},{"type":"Feature","geometry":{"type":"LineString","coordinates":[[-70.90118694402717,41.100602231108894],[-70.9,41.10170679903983]]},"properties":{"kind":"parkpath"}},{"type":"Feature","geometry":{"type":"LineString","coordinates":[[-70.89823917982926,41.10119743393523],[-70.89902822660389,41.10142568716606]]},"properties":{"kind":"parkpath"}},{"type":"Feature","geometry":{"type":"LineString","coordinates":[[-70.8997757446009,41.10164192706896],[-70.9,41.10170679903983]]},"properties":{"kind":"parkpath"}},{"type":"Feature","geometry":{"type":"LineString","coordinates":[[-70.89881305597284,41.10281136697076],[-70.9,41.10170679903983]]},"properties":{"kind":"parkpath"}},{"type":"Feature","geometry":{"type":"LineString","coordinates":[[-70.90176082017075,41.10221616414443],[-70.9,41.10170679903983]]},"properties":{"kind":"parkpath"}},{"type":"Feature","geometry":{"type":"LineString","coordinates":[[-70.89388302995303,41.10074973119525],[-70.89300791245677,41.10092643203432],[-70.89324239948317,41.10158588854346],[-70.89411751697943,41.10140918770439],[-70.89388302995303,41.10074973119525]]},"properties":{"kind":"parkpath"}},{"type":"Feature","geometry":{"type":"LineString","coordinates":[[-70.89388302995303,41.10074973119525],[-70.8935627147181,41.10116780986936]]},"properties":{"kind":"parkpath"}},{"type":"Feature","geometry":{"type":"LineString","coordinates":[[-70.89300791245677,41.10092643203432],[-70.8935627147181,41.10116780986936]]},"properties":{"kind":"parkpath"}},{"type":"Feature","geometry":{"type":"LineString","coordinates":[[-70.89324239948317,41.10158588854346],[-70.8935627147181,41.10116780986936]]},"properties":{"kind":"parkpath"}},{"type":"Feature","geometry":{"type":"LineString","coordinates":[[-70.89411751697943,41.10140918770439],[-70.8935627147181,41.10116780986936]]},"properties":{"kind":"parkpath"}},{"type":"Feature","geometry":{"type":"LineString","coordinates":[[-70.90525267707079,41.1039174790533],[-70.90377159860574,41.1034205653227],[-70.90333036997175,41.10416735850378],[-70.9048114484368,41.10466427223438],[-70.90525267707079,41.1039174790533]]},"properties":{"kind":"parkpath"}},{"type":"Feature","geometry":{"type":"LineString","coordinates":[[-70.90525267707079,41.1039174790533],[-70.9043177367999,41.10403901133149]]},"properties":{"kind":"parkpath"}},{"type":"Feature","geometry":{"type":"LineString","coordinates":[[-70.90377159860574,41.1034205653227],[-70.9039842951621,41.10367495991827]]},"properties":{"kind":"parkpath"}},{"type":"Feature","geometry":{"type":"LineString","coordinates":[[-70.90333036997175,41.10416735850378],[-70.90384589778468,41.10410034537842]]},"properties":{"kind":"parkpath"}},{"type":"Feature","geometry":{"type":"LineString","coordinates":[[-70.9048114484368,41.10466427223438],[-70.90429625011141,41.10404807199178]]},"properties":{"kind":"parkpath"}},{"type":"Feature","geometry":{"type":"LineString","coordinates":[[-70.91047238976745,41.100202843428626],[-70.91025027488882,41.10048414266889],[-70.91009046237652,41.100819777832804],[-70.9100154502894,41.10116936243768],[-70.90996213821522,41.10151103131788],[-70.90992808958215,41.101856386187286],[-70.90994499942227,41.10220428227924],[-70.91001066538553,41.102520746449756],[-70.90990852996255,41.102778959146825],[-70.90961426401019,41.10304124564509],[-70.90932940904034,41.10334004671571],[-70.90908322672078,41.103643345386736],[-70.90878682110353,41.10390085266995],[-70.90843315489828,41.1041232657513],[-70.90803892614963,41.10428050763438],[-70.90758365524296,41.10437811780804],[-70.9071009735235,41.10448648838006],[-70.90661671561907,41.10459952252554],[-70.90613222270957,41.104659146834805],[-70.90561049736623,41.10466897213034],[-70.90509079598698,41.10476389732379],[-70.90461265821504,41.104938753057894],[-70.9041576815375,41.10512619293443],[-70.90373524872835,41.1053213411776],[-70.90326489809233,41.105423382996506],[-70.90270111095982,41.10544160345593],[-70.90211976312501,41.10548729160437],[-70.9015570524513,41.10555745109097],[-70.90100394715331,41.10556544971321],[-70.90042144060175,41.10551130208106],[-70.8998204186955,41.1055346994121],[-70.89924528620547,41.10563418750959],[-70.89870672286598,41.10568543025667],[-70.89818172697515,41.10569175341393],[-70.89765589141088,41.10566986420319],[-70.89713941831609,41.10562066753498],[-70.89665540202137,41.105508148346914],[-70.89617512011414,41.105323760984184],[-70.89565001872975,41.1051839635286],[-70.89512242406613,41.10510003208822],[-70.89467069762904,41.10496395466584],[-70.89424502014376,41.104760227099476],[-70.8937512716688,41.10463069062739],[-70.89326135485435,41.104593283585814],[-70.89289968186793,41.10445574645601],[-70.89259116835953,41.10419293390404],[-70.89224179703407,41.10392785395067],[-70.89189052708474,41.10368924526597],[-70.89167494006364,41.10342977310612],[-70.8915609424884,41.10310423528113],[-70.89132285293685,41.10279534229705],[-70.89099295708438,41.10254949268635],[-70.89070558903016,41.10230487555576],[-70.89044830108773,41.10205266474387],[-70.89026101257187,41.10178022508486],[-70.89013711467817,41.1014795424616],[-70.89006544427582,41.10116902725791],[-70.8900467715206,41.10085678928255],[-70.8901244736036,41.10056681589023],[-70.89030998250529,41.10027270021724],[-70.8904592772821,41.0999506538724],[-70.89056291498979,41.0996144329953],[-70.8905835270961,41.09927058997958],[-70.89052275106629,41.09895968179071],[-70.89061562744605,41.0987747617707],[-70.8908984395752,41.098629577894954],[-70.89120275098061,41.09844954949582],[-70.89150206761435,41.09825271103825],[-70.89175141785053,41.09801535153706],[-70.89193254539218,41.09775714386955],[-70.8921329257345,41.09752722597398],[-70.89234680061794,41.097323463031266],[-70.89255220845284,41.09724779780615],[-70.89281009189953,41.09727080077028],[-70.893076578382,41.09733188332342],[-70.89350140366948,41.097250683582715],[-70.89374093033203,41.097445954991215],[-70.8938746343388,41.097669066967356],[-70.89405150356716,41.09780944079397],[-70.89434827751292,41.09792635917811],[-70.89454767281242,41.09814574037717],[-70.89457258228873,41.09839632325804],[-70.8946018664284,41.09861537376351],[-70.89464401998958,41.09884000673422],[-70.89466475481245,41.099077518591486],[-70.8946614146992,41.099300496029684],[-70.89473661328819,41.09948097034081],[-70.89487656963526,41.0996360769535],[-70.8950309089788,41.09989880062432],[-70.89540471449543,41.09981977758393],[-70.89569144839979,41.09965924294044],[-70.89587141105729,41.09945114335459],[-70.89606779879367,41.099317520157],[-70.89631317568293,41.09922617681429],[-70.89657504030374,41.099177180276705],[-70.89688397543468,41.099171176675306],[-70.8972496344474,41.099110011415796],[-70.8976478701223,41.09899366290595],[-70.89799454970773,41.098809888107404],[-70.89827996312603,41.098560816903216],[-70.89846016616842,41.09827121267653],[-70.89852545120081,41.0979734541521],[-70.89865830906817,41.09772671277571],[-70.89885239150256,41.09751214678843],[-70.89909980083506,41.09742296684294],[-70.89949303673723,41.09743948065382],[-70.8999214196786,41.09738415105316],[-70.9003168999566,41.09726320887139],[-70.900694040117,41.097150649338445],[-70.90107439093806,41.0970405718706],[-70.901447966523,41.09690864126917],[-70.90178810822817,41.096764397951276],[-70.90217458919021,41.09668161240332],[-70.90264473521789,41.09665215218519],[-70.90312875435741,41.09661562456334],[-70.90359978440867,41.09657418266857],[-70.90405595091701,41.096586125168464],[-70.90451831369033,41.09665151998612],[-70.9049844683125,41.09673179004172],[-70.9054341931588,41.096822977291176],[-70.9057863555724,41.09696411480562],[-70.9060838969501,41.09717508004123],[-70.90645707095048,41.097344624931345],[-70.906862918334,41.09745054541221],[-70.90725332104608,41.097548273070984],[-70.90763357178015,41.09763980746132],[-70.90798808065371,41.09775840042091],[-70.9083170987006,41.09790147690869],[-70.90859555296716,41.098105043297096],[-70.90884819376988,41.09839216713816],[-70.90917098939283,41.09865848715794],[-70.9095325781756,41.09887756415017],[-70.90984230952161,41.09911354047378],[-70.91011485697993,41.09937503669053],[-70.91033362589332,41.099658270331005],[-70.91049489168759,41.09994892972261],[-70.91047238976745,41.100202843428626]]},"properties":{"kind":"parkpath"}},{"type":"Feature","geometry":{"type":"Point","coordinates":[-70.89642373039895,41.09901185318747]},"properties":{"kind":"pile"}},{"type":"Feature","geometry":{"type":"Point","coordinates":[-70.89644255287054,41.09895511748532]},"properties":{"kind":"pile"}},{"type":"Feature","geometry":{"type":"Point","coordinates":[-70.89646137534211,41.09889838178316]},"properties":{"kind":"pile"}},{"type":"Feature","geometry":{"type":"Point","coordinates":[-70.8964801978137,41.098841646081006]},"properties":{"kind":"pile"}},{"type":"Feature","geometry":{"type":"Point","coordinates":[-70.89649902028529,41.09878491037885]},"properties":{"kind":"pile"}},{"type":"Feature","geometry":{"type":"Point","coordinates":[-70.89651784275686,41.098728174676694]},"properties":{"kind":"pile"}},{"type":"Feature","geometry":{"type":"Point","coordinates":[-70.89653666522845,41.09867143897454]},"properties":{"kind":"pile"}},{"type":"Feature","geometry":{"type":"Point","coordinates":[-70.89655548770004,41.09861470327238]},"properties":{"kind":"pile"}},{"type":"Feature","geometry":{"type":"Point","coordinates":[-70.89657431017163,41.09855796757023]},"properties":{"kind":"pile"}},{"type":"Feature","geometry":{"type":"Point","coordinates":[-70.8965931326432,41.09850123186808]},"properties":{"kind":"pile"}},{"type":"Feature","geometry":{"type":"Point","coordinates":[-70.89661195511479,41.09844449616592]},"properties":{"kind":"pile"}},{"type":"Feature","geometry":{"type":"Point","coordinates":[-70.89663077758638,41.098387760463766]},"properties":{"kind":"pile"}},{"type":"Feature","geometry":{"type":"Point","coordinates":[-70.89664960005796,41.09833102476161]},"properties":{"kind":"pile"}},{"type":"Feature","geometry":{"type":"Point","coordinates":[-70.89666842252954,41.098274289059454]},"properties":{"kind":"pile"}},{"type":"Feature","geometry":{"type":"Point","coordinates":[-70.89668724500113,41.0982175533573]},"properties":{"kind":"pile"}},{"type":"Feature","geometry":{"type":"Point","coordinates":[-70.89670606747272,41.09816081765515]},"properties":{"kind":"pile"}},{"type":"Feature","geometry":{"type":"Point","coordinates":[-70.8967248899443,41.09810408195299]},"properties":{"kind":"pile"}},{"type":"Feature","geometry":{"type":"Point","coordinates":[-70.89674371241588,41.09804734625084]},"properties":{"kind":"pile"}},{"type":"Feature","geometry":{"type":"Point","coordinates":[-70.89676253488747,41.097990610548685]},"properties":{"kind":"pile"}},{"type":"Feature","geometry":{"type":"Point","coordinates":[-70.89678135735906,41.097933874846525]},"properties":{"kind":"pile"}},{"type":"Feature","geometry":{"type":"Point","coordinates":[-70.89634028410826,41.09784404331811]},"properties":{"kind":"pile"}},{"type":"Feature","geometry":{"type":"Point","coordinates":[-70.89632372730455,41.09790393100372]},"properties":{"kind":"pile"}},{"type":"Feature","geometry":{"type":"Point","coordinates":[-70.89630717050083,41.09796381868933]},"properties":{"kind":"pile"}},{"type":"Feature","geometry":{"type":"Point","coordinates":[-70.89629061369713,41.09802370637494]},"properties":{"kind":"pile"}},{"type":"Feature","geometry":{"type":"Point","coordinates":[-70.89627405689342,41.09808359406055]},"properties":{"kind":"pile"}},{"type":"Feature","geometry":{"type":"Point","coordinates":[-70.89625750008972,41.098143481746156]},"properties":{"kind":"pile"}},{"type":"Feature","geometry":{"type":"Point","coordinates":[-70.896240943286,41.098203369431765]},"properties":{"kind":"pile"}},{"type":"Feature","geometry":{"type":"Point","coordinates":[-70.8962243864823,41.098263257117374]},"properties":{"kind":"pile"}},{"type":"Feature","geometry":{"type":"Point","coordinates":[-70.89620782967859,41.098323144802976]},"properties":{"kind":"pile"}},{"type":"Feature","geometry":{"type":"Point","coordinates":[-70.89619127287487,41.098383032488584]},"properties":{"kind":"pile"}},{"type":"Feature","geometry":{"type":"Point","coordinates":[-70.89617471607117,41.09844292017419]},"properties":{"kind":"pile"}},{"type":"Feature","geometry":{"type":"Point","coordinates":[-70.89615815926746,41.0985028078598]},"properties":{"kind":"pile"}},{"type":"Feature","geometry":{"type":"Point","coordinates":[-70.89614160246376,41.09856269554541]},"properties":{"kind":"pile"}},{"type":"Feature","geometry":{"type":"Point","coordinates":[-70.89612504566004,41.09862258323102]},"properties":{"kind":"pile"}},{"type":"Feature","geometry":{"type":"Point","coordinates":[-70.89610848885634,41.09868247091663]},"properties":{"kind":"pile"}},{"type":"Feature","geometry":{"type":"Point","coordinates":[-70.89609193205263,41.09874235860224]},"properties":{"kind":"pile"}},{"type":"Feature","geometry":{"type":"Point","coordinates":[-70.89607537524891,41.09880224628784]},"properties":{"kind":"pile"}},{"type":"Feature","geometry":{"type":"Point","coordinates":[-70.89605881844521,41.09886213397345]},"properties":{"kind":"pile"}},{"type":"Feature","geometry":{"type":"Point","coordinates":[-70.8960422616415,41.09892202165906]},"properties":{"kind":"pile"}},{"type":"Feature","geometry":{"type":"Point","coordinates":[-70.89487401357182,41.09946101082953]},"properties":{"kind":"pile"}},{"type":"Feature","geometry":{"type":"Point","coordinates":[-70.89481440907848,41.09942108570579]},"properties":{"kind":"pile"}},{"type":"Feature","geometry":{"type":"Point","coordinates":[-70.89475480458512,41.099381160582055]},"properties":{"kind":"pile"}},{"type":"Feature","geometry":{"type":"Point","coordinates":[-70.89469520009177,41.09934123545831]},"properties":{"kind":"pile"}},{"type":"Feature","geometry":{"type":"Point","coordinates":[-70.89463559559842,41.099301310334575]},"properties":{"kind":"pile"}},{"type":"Feature","geometry":{"type":"Point","coordinates":[-70.89457599110507,41.09926138521084]},"properties":{"kind":"pile"}},{"type":"Feature","geometry":{"type":"Point","coordinates":[-70.89451638661171,41.0992214600871]},"properties":{"kind":"pile"}},{"type":"Feature","geometry":{"type":"Point","coordinates":[-70.89445678211837,41.09918153496336]},"properties":{"kind":"pile"}},{"type":"Feature","geometry":{"type":"Point","coordinates":[-70.89439717762501,41.09914160983962]},"properties":{"kind":"pile"}},{"type":"Feature","geometry":{"type":"Point","coordinates":[-70.89433757313166,41.09910168471588]},"properties":{"kind":"pile"}},{"type":"Feature","geometry":{"type":"Point","coordinates":[-70.8942779686383,41.099061759592146]},"properties":{"kind":"pile"}},{"type":"Feature","geometry":{"type":"Point","coordinates":[-70.89421836414496,41.0990218344684]},"properties":{"kind":"pile"}},{"type":"Feature","geometry":{"type":"Point","coordinates":[-70.89415875965162,41.098981909344666]},"properties":{"kind":"pile"}},{"type":"Feature","geometry":{"type":"Point","coordinates":[-70.89409915515826,41.09894198422093]},"properties":{"kind":"pile"}},{"type":"Feature","geometry":{"type":"Point","coordinates":[-70.89403955066491,41.09890205909719]},"properties":{"kind":"pile"}},{"type":"Feature","geometry":{"type":"Point","coordinates":[-70.89397994617156,41.09886213397345]},"properties":{"kind":"pile"}},{"type":"Feature","geometry":{"type":"Point","coordinates":[-70.89392034167821,41.09882220884971]},"properties":{"kind":"pile"}},{"type":"Feature","geometry":{"type":"Point","coordinates":[-70.89386073718485,41.098782283725974]},"properties":{"kind":"pile"}},{"type":"Feature","geometry":{"type":"Point","coordinates":[-70.89380113269151,41.09874235860224]},"properties":{"kind":"pile"}},{"type":"Feature","geometry":{"type":"Point","coordinates":[-70.89349118932608,41.09901185318747]},"properties":{"kind":"pile"}},{"type":"Feature","geometry":{"type":"Point","coordinates":[-70.89355079381943,41.09905177831121]},"properties":{"kind":"pile"}},{"type":"Feature","geometry":{"type":"Point","coordinates":[-70.89361039831279,41.09909170343495]},"properties":{"kind":"pile"}},{"type":"Feature","geometry":{"type":"Point","coordinates":[-70.89367000280613,41.09913162855869]},"properties":{"kind":"pile"}},{"type":"Feature","geometry":{"type":"Point","coordinates":[-70.89372960729948,41.099171553682424]},"properties":{"kind":"pile"}},{"type":"Feature","geometry":{"type":"Point","coordinates":[-70.89378921179284,41.09921147880616]},"properties":{"kind":"pile"}},{"type":"Feature","geometry":{"type":"Point","coordinates":[-70.89384881628618,41.099251403929905]},"properties":{"kind":"pile"}},{"type":"Feature","geometry":{"type":"Point","coordinates":[-70.89390842077954,41.09929132905364]},"properties":{"kind":"pile"}},{"type":"Feature","geometry":{"type":"Point","coordinates":[-70.89396802527288,41.09933125417738]},"properties":{"kind":"pile"}},{"type":"Feature","geometry":{"type":"Point","coordinates":[-70.89402762976624,41.099371179301116]},"properties":{"kind":"pile"}},{"type":"Feature","geometry":{"type":"Point","coordinates":[-70.89408723425959,41.09941110442486]},"properties":{"kind":"pile"}},{"type":"Feature","geometry":{"type":"Point","coordinates":[-70.89414683875295,41.0994510295486]},"properties":{"kind":"pile"}},{"type":"Feature","geometry":{"type":"Point","coordinates":[-70.89420644324629,41.09949095467233]},"properties":{"kind":"pile"}},{"type":"Feature","geometry":{"type":"Point","coordinates":[-70.89426604773965,41.09953087979607]},"properties":{"kind":"pile"}},{"type":"Feature","geometry":{"type":"Point","coordinates":[-70.894325652233,41.099570804919814]},"properties":{"kind":"pile"}},{"type":"Feature","geometry":{"type":"Point","coordinates":[-70.89438525672634,41.09961073004355]},"properties":{"kind":"pile"}},{"type":"Feature","geometry":{"type":"Point","coordinates":[-70.8944448612197,41.09965065516729]},"properties":{"kind":"pile"}},{"type":"Feature","geometry":{"type":"Point","coordinates":[-70.89450446571304,41.099690580291025]},"properties":{"kind":"pile"}},{"type":"Feature","geometry":{"type":"Point","coordinates":[-70.8945640702064,41.09973050541477]},"properties":{"kind":"pile"}},{"type":"Feature","geometry":{"type":"Point","coordinates":[-70.90452994149467,41.09703555956241]},"properties":{"kind":"pile"}},{"type":"Feature","geometry":{"type":"Point","coordinates":[-70.90454045993468,41.096977433279314]},"properties":{"kind":"pile"}},{"type":"Feature","geometry":{"type":"Point","coordinates":[-70.90455097837469,41.09691930699623]},"properties":{"kind":"pile"}},{"type":"Feature","geometry":{"type":"Point","coordinates":[-70.9045614968147,41.096861180713134]},"properties":{"kind":"pile"}},{"type":"Feature","geometry":{"type":"Point","coordinates":[-70.90457201525469,41.09680305443005]},"properties":{"kind":"pile"}},{"type":"Feature","geometry":{"type":"Point","coordinates":[-70.9045825336947,41.096744928146954]},"properties":{"kind":"pile"}},{"type":"Feature","geometry":{"type":"Point","coordinates":[-70.9045930521347,41.09668680186387]},"properties":{"kind":"pile"}},{"type":"Feature","geometry":{"type":"Point","coordinates":[-70.90460357057471,41.096628675580774]},"properties":{"kind":"pile"}},{"type":"Feature","geometry":{"type":"Point","coordinates":[-70.9046140890147,41.09657054929769]},"properties":{"kind":"pile"}},{"type":"Feature","geometry":{"type":"Point","coordinates":[-70.9046246074547,41.096512423014595]},"properties":{"kind":"pile"}},{"type":"Feature","geometry":{"type":"Point","coordinates":[-70.90463512589471,41.09645429673151]},"properties":{"kind":"pile"}},{"type":"Feature","geometry":{"type":"Point","coordinates":[-70.9046456443347,41.096396170448415]},"properties":{"kind":"pile"}},{"type":"Feature","geometry":{"type":"Point","coordinates":[-70.90465616277471,41.09633804416533]},"properties":{"kind":"pile"}},{"type":"Feature","geometry":{"type":"Point","coordinates":[-70.90466668121472,41.096279917882235]},"properties":{"kind":"pile"}},{"type":"Feature","geometry":{"type":"Point","coordinates":[-70.90467719965473,41.09622179159915]},"properties":{"kind":"pile"}},{"type":"Feature","geometry":{"type":"Point","coordinates":[-70.90468771809472,41.096163665316055]},"properties":{"kind":"pile"}},{"type":"Feature","geometry":{"type":"Point","coordinates":[-70.90469823653473,41.09610553903297]},"properties":{"kind":"pile"}},{"type":"Feature","geometry":{"type":"Point","coordinates":[-70.90470875497473,41.096047412749876]},"properties":{"kind":"pile"}},{"type":"Feature","geometry":{"type":"Point","coordinates":[-70.90425576082527,41.09599351383283]},"properties":{"kind":"pile"}},{"type":"Feature","geometry":{"type":"Point","coordinates":[-70.90424533003893,41.096054150114504]},"properties":{"kind":"pile"}},{"type":"Feature","geometry":{"type":"Point","coordinates":[-70.90423489925259,41.096114786396186]},"properties":{"kind":"pile"}},{"type":"Feature","geometry":{"type":"Point","coordinates":[-70.90422446846625,41.09617542267786]},"properties":{"kind":"pile"}},{"type":"Feature","geometry":{"type":"Point","coordinates":[-70.90421403767992,41.09623605895954]},"properties":{"kind":"pile"}},{"type":"Feature","geometry":{"type":"Point","coordinates":[-70.90420360689359,41.09629669524122]},"properties":{"kind":"pile"}},{"type":"Feature","geometry":{"type":"Point","coordinates":[-70.90419317610724,41.096357331522896]},"properties":{"kind":"pile"}},{"type":"Feature","geometry":{"type":"Point","coordinates":[-70.90418274532091,41.09641796780458]},"properties":{"kind":"pile"}},{"type":"Feature","geometry":{"type":"Point","coordinates":[-70.90417231453458,41.09647860408625]},"properties":{"kind":"pile"}},{"type":"Feature","geometry":{"type":"Point","coordinates":[-70.90416188374823,41.09653924036793]},"properties":{"kind":"pile"}},{"type":"Feature","geometry":{"type":"Point","coordinates":[-70.9041514529619,41.096599876649606]},"properties":{"kind":"pile"}},{"type":"Feature","geometry":{"type":"Point","coordinates":[-70.90414102217557,41.09666051293129]},"properties":{"kind":"pile"}},{"type":"Feature","geometry":{"type":"Point","coordinates":[-70.90413059138923,41.09672114921297]},"properties":{"kind":"pile"}},{"type":"Feature","geometry":{"type":"Point","coordinates":[-70.90412016060289,41.09678178549464]},"properties":{"kind":"pile"}},{"type":"Feature","geometry":{"type":"Point","coordinates":[-70.90410972981655,41.09684242177632]},"properties":{"kind":"pile"}},{"type":"Feature","geometry":{"type":"Point","coordinates":[-70.90409929903022,41.096903058058]},"properties":{"kind":"pile"}},{"type":"Feature","geometry":{"type":"Point","coordinates":[-70.90408886824389,41.09696369433968]},"properties":{"kind":"pile"}},{"type":"Feature","geometry":{"type":"Point","coordinates":[-70.91037118184308,41.10170679903983]},"properties":{"kind":"pile"}},{"type":"Feature","geometry":{"type":"Point","coordinates":[-70.91044734314013,41.10171777844886]},"properties":{"kind":"pile"}},{"type":"Feature","geometry":{"type":"Point","coordinates":[-70.9105235044372,41.101728757857884]},"properties":{"kind":"pile"}},{"type":"Feature","geometry":{"type":"Point","coordinates":[-70.91059966573425,41.10173973726691]},"properties":{"kind":"pile"}},{"type":"Feature","geometry":{"type":"Point","coordinates":[-70.91067582703131,41.101750716675944]},"properties":{"kind":"pile"}},{"type":"Feature","geometry":{"type":"Point","coordinates":[-70.91075198832837,41.10176169608497]},"properties":{"kind":"pile"}},{"type":"Feature","geometry":{"type":"Point","coordinates":[-70.91082814962543,41.101772675494]},"properties":{"kind":"pile"}},{"type":"Feature","geometry":{"type":"Point","coordinates":[-70.91090431092249,41.10178365490302]},"properties":{"kind":"pile"}},{"type":"Feature","geometry":{"type":"Point","coordinates":[-70.91098047221955,41.10179463431206]},"properties":{"kind":"pile"}},{"type":"Feature","geometry":{"type":"Point","coordinates":[-70.91105663351661,41.10180561372108]},"properties":{"kind":"pile"}},{"type":"Feature","geometry":{"type":"Point","coordinates":[-70.91113279481367,41.10181659313011]},"properties":{"kind":"pile"}},{"type":"Feature","geometry":{"type":"Point","coordinates":[-70.91120895611073,41.101827572539136]},"properties":{"kind":"pile"}},{"type":"Feature","geometry":{"type":"Point","coordinates":[-70.91128511740779,41.10183855194816]},"properties":{"kind":"pile"}},{"type":"Feature","geometry":{"type":"Point","coordinates":[-70.91136127870485,41.101849531357196]},"properties":{"kind":"pile"}},{"type":"Feature","geometry":{"type":"Point","coordinates":[-70.9114374400019,41.10186051076622]},"properties":{"kind":"pile"}},{"type":"Feature","geometry":{"type":"Point","coordinates":[-70.91151360129896,41.10187149017525]},"properties":{"kind":"pile"}},{"type":"Feature","geometry":{"type":"Point","coordinates":[-70.91158976259602,41.101882469584275]},"properties":{"kind":"pile"}},{"type":"Feature","geometry":{"type":"Point","coordinates":[-70.91166592389308,41.10189344899331]},"properties":{"kind":"pile"}},{"type":"Feature","geometry":{"type":"Point","coordinates":[-70.91174208519014,41.101904428402335]},"properties":{"kind":"pile"}},{"type":"Feature","geometry":{"type":"Point","coordinates":[-70.91165863889945,41.10222782190462]},"properties":{"kind":"pile"}},{"type":"Feature","geometry":{"type":"Point","coordinates":[-70.9115824776024,41.10221684249559]},"properties":{"kind":"pile"}},{"type":"Feature","geometry":{"type":"Point","coordinates":[-70.91150631630533,41.10220586308656]},"properties":{"kind":"pile"}},{"type":"Feature","geometry":{"type":"Point","coordinates":[-70.91143015500828,41.102194883677534]},"properties":{"kind":"pile"}},{"type":"Feature","geometry":{"type":"Point","coordinates":[-70.91135399371122,41.10218390426851]},"properties":{"kind":"pile"}},{"type":"Feature","geometry":{"type":"Point","coordinates":[-70.91127783241416,41.102172924859474]},"properties":{"kind":"pile"}},{"type":"Feature","geometry":{"type":"Point","coordinates":[-70.9112016711171,41.10216194545045]},"properties":{"kind":"pile"}},{"type":"Feature","geometry":{"type":"Point","coordinates":[-70.91112550982004,41.10215096604142]},"properties":{"kind":"pile"}},{"type":"Feature","geometry":{"type":"Point","coordinates":[-70.91104934852298,41.102139986632395]},"properties":{"kind":"pile"}},{"type":"Feature","geometry":{"type":"Point","coordinates":[-70.91097318722592,41.10212900722336]},"properties":{"kind":"pile"}},{"type":"Feature","geometry":{"type":"Point","coordinates":[-70.91089702592886,41.102118027814335]},"properties":{"kind":"pile"}},{"type":"Feature","geometry":{"type":"Point","coordinates":[-70.9108208646318,41.10210704840531]},"properties":{"kind":"pile"}},{"type":"Feature","geometry":{"type":"Point","coordinates":[-70.91074470333474,41.10209606899628]},"properties":{"kind":"pile"}},{"type":"Feature","geometry":{"type":"Point","coordinates":[-70.91066854203768,41.102085089587256]},"properties":{"kind":"pile"}},{"type":"Feature","geometry":{"type":"Point","coordinates":[-70.91059238074062,41.10207411017822]},"properties":{"kind":"pile"}},{"type":"Feature","geometry":{"type":"Point","coordinates":[-70.91051621944356,41.102063130769196]},"properties":{"kind":"pile"}},{"type":"Feature","geometry":{"type":"Point","coordinates":[-70.9104400581465,41.10205215136017]},"properties":{"kind":"pile"}},{"type":"Feature","geometry":{"type":"Point","coordinates":[-70.91036389684945,41.10204117195114]},"properties":{"kind":"pile"}},{"type":"Feature","geometry":{"type":"Point","coordinates":[-70.91028773555239,41.10203019254211]},"properties":{"kind":"pile"}},{"type":"Feature","geometry":{"type":"Point","coordinates":[-70.89645831421075,41.09889421389913]},"properties":{"kind":"bollard"}},{"type":"Feature","geometry":{"type":"Point","coordinates":[-70.89652658400531,41.098679160400245]},"properties":{"kind":"bollard"}},{"type":"Feature","geometry":{"type":"Point","coordinates":[-70.8965902681499,41.09846938969394]},"properties":{"kind":"bollard"}},{"type":"Feature","geometry":{"type":"Point","coordinates":[-70.89666368227446,41.09826329971744]},"properties":{"kind":"bollard"}},{"type":"Feature","geometry":{"type":"Point","coordinates":[-70.89673811819493,41.0980497906569]},"properties":{"kind":"bollard"}},{"type":"Feature","geometry":{"type":"Point","coordinates":[-70.89631238931587,41.09796161751804]},"properties":{"kind":"bollard"}},{"type":"Feature","geometry":{"type":"Point","coordinates":[-70.8962563127232,41.09817642943638]},"properties":{"kind":"bollard"}},{"type":"Feature","geometry":{"type":"Point","coordinates":[-70.89620411241268,41.09838503995906]},"properties":{"kind":"bollard"}},{"type":"Feature","geometry":{"type":"Point","coordinates":[-70.89614141197889,41.09859201511617]},"properties":{"kind":"bollard"}},{"type":"Feature","geometry":{"type":"Point","coordinates":[-70.89607899127172,41.098805833789925]},"properties":{"kind":"bollard"}},{"type":"Feature","geometry":{"type":"Point","coordinates":[-70.89475433690117,41.09938590673129]},"properties":{"kind":"bollard"}},{"type":"Feature","geometry":{"type":"Point","coordinates":[-70.89453904313645,41.09924509657002]},"properties":{"kind":"bollard"}},{"type":"Feature","geometry":{"type":"Point","coordinates":[-70.89432898503502,41.09910915203346]},"properties":{"kind":"bollard"}},{"type":"Feature","geometry":{"type":"Point","coordinates":[-70.89412508496875,41.09896770966209]},"properties":{"kind":"bollard"}},{"type":"Feature","geometry":{"type":"Point","coordinates":[-70.8939141846312,41.09882309952487]},"properties":{"kind":"bollard"}},{"type":"Feature","geometry":{"type":"Point","coordinates":[-70.89361086599673,41.09908695728571]},"properties":{"kind":"bollard"}},{"type":"Feature","geometry":{"type":"Point","coordinates":[-70.89382615976146,41.099227767446976]},"properties":{"kind":"bollard"}},{"type":"Feature","geometry":{"type":"Point","coordinates":[-70.89403621786288,41.099363711983536]},"properties":{"kind":"bollard"}},{"type":"Feature","geometry":{"type":"Point","coordinates":[-70.89424011792916,41.09950515435491]},"properties":{"kind":"bollard"}},{"type":"Feature","geometry":{"type":"Point","coordinates":[-70.8944510182667,41.09964976449213]},"properties":{"kind":"bollard"}},{"type":"Feature","geometry":{"type":"Point","coordinates":[-70.90454445507123,41.096927194863625]},"properties":{"kind":"bollard"}},{"type":"Feature","geometry":{"type":"Point","coordinates":[-70.90457675304698,41.09673068141291]},"properties":{"kind":"bollard"}},{"type":"Feature","geometry":{"type":"Point","coordinates":[-70.90460648055219,41.0965395837682]},"properties":{"kind":"bollard"}},{"type":"Feature","geometry":{"type":"Point","coordinates":[-70.90464510188296,41.09635024074465]},"properties":{"kind":"bollard"}},{"type":"Feature","geometry":{"type":"Point","coordinates":[-70.90468403287389,41.09615465773341]},"properties":{"kind":"bollard"}},{"type":"Feature","geometry":{"type":"Point","coordinates":[-70.90423878055459,41.096124225088666]},"properties":{"kind":"bollard"}},{"type":"Feature","geometry":{"type":"Point","coordinates":[-70.90420251546772,41.09636426786064]},"properties":{"kind":"bollard"}},{"type":"Feature","geometry":{"type":"Point","coordinates":[-70.90416321114498,41.09659550237158]},"properties":{"kind":"bollard"}},{"type":"Feature","geometry":{"type":"Point","coordinates":[-70.90411686143884,41.096834129482026]},"properties":{"kind":"bollard"}},{"type":"Feature","geometry":{"type":"Point","coordinates":[-70.91051936402258,41.10173183268995]},"properties":{"kind":"bollard"}},{"type":"Feature","geometry":{"type":"Point","coordinates":[-70.91079106277557,41.10177354087632]},"properties":{"kind":"bollard"}},{"type":"Feature","geometry":{"type":"Point","coordinates":[-70.91105413064496,41.101815313522266]},"properties":{"kind":"bollard"}},{"type":"Feature","geometry":{"type":"Point","coordinates":[-70.91131914785376,41.10184965136583]},"properties":{"kind":"bollard"}},{"type":"Feature","geometry":{"type":"Point","coordinates":[-70.9115921026469,41.10188647110016]},"properties":{"kind":"bollard"}},{"type":"Feature","geometry":{"type":"Point","coordinates":[-70.91151045671995,41.102202788254495]},"properties":{"kind":"bollard"}},{"type":"Feature","geometry":{"type":"Point","coordinates":[-70.91123875796697,41.10216108006812]},"properties":{"kind":"bollard"}},{"type":"Feature","geometry":{"type":"Point","coordinates":[-70.91097569009757,41.10211930742218]},"properties":{"kind":"bollard"}},{"type":"Feature","geometry":{"type":"Point","coordinates":[-70.91071067288877,41.10208496957862]},"properties":{"kind":"bollard"}},{"type":"Feature","geometry":{"type":"Point","coordinates":[-70.91043771809562,41.102048149844286]},"properties":{"kind":"bollard"}},{"type":"Feature","geometry":{"type":"Point","coordinates":[-70.90107088783567,41.1006498449072]},"properties":{"kind":"bench","rot":195}},{"type":"Feature","geometry":{"type":"Point","coordinates":[-70.90080766282011,41.100702994434336]},"properties":{"kind":"bench","rot":195}},{"type":"Feature","geometry":{"type":"Point","coordinates":[-70.90043679918381,41.10077787799682]},"properties":{"kind":"bench","rot":195}},{"type":"Feature","geometry":{"type":"Point","coordinates":[-70.90014874063391,41.10083604182932]},"properties":{"kind":"bench","rot":195}},{"type":"Feature","geometry":{"type":"Point","coordinates":[-70.89987602742971,41.100842746950576]},"properties":{"kind":"bench","rot":15}},{"type":"Feature","geometry":{"type":"Point","coordinates":[-70.89961124574606,41.100944571024634]},"properties":{"kind":"bench","rot":195}},{"type":"Feature","geometry":{"type":"Point","coordinates":[-70.89930270917547,41.10100686971154]},"properties":{"kind":"bench","rot":195}},{"type":"Feature","geometry":{"type":"Point","coordinates":[-70.89898004757762,41.10102366024773]},"properties":{"kind":"bench","rot":15}},{"type":"Feature","geometry":{"type":"Point","coordinates":[-70.89856689066683,41.101107083528746]},"properties":{"kind":"bench","rot":15}},{"type":"Feature","geometry":{"type":"Point","coordinates":[-70.89830299704487,41.10128666802635]},"properties":{"kind":"bench","rot":285}},{"type":"Feature","geometry":{"type":"Point","coordinates":[-70.89837680601016,41.10149424370056]},"properties":{"kind":"bench","rot":285}},{"type":"Feature","geometry":{"type":"Point","coordinates":[-70.89841938973916,41.101794486325645]},"properties":{"kind":"bench","rot":105}},{"type":"Feature","geometry":{"type":"Point","coordinates":[-70.89849437040212,41.102005357208384]},"properties":{"kind":"bench","rot":105}},{"type":"Feature","geometry":{"type":"Point","coordinates":[-70.89863853325446,41.10223030887874]},"properties":{"kind":"bench","rot":285}},{"type":"Feature","geometry":{"type":"Point","coordinates":[-70.89874519408461,41.102530275063636]},"properties":{"kind":"bench","rot":285}},{"type":"Feature","geometry":{"type":"Point","coordinates":[-70.89875718902344,41.10274449170641]},"properties":{"kind":"bench","rot":105}},{"type":"Feature","geometry":{"type":"Point","coordinates":[-70.89889989811459,41.10276965197705]},"properties":{"kind":"bench","rot":15}},{"type":"Feature","geometry":{"type":"Point","coordinates":[-70.89925838841967,41.10274562702644]},"properties":{"kind":"bench","rot":-165}},{"type":"Feature","geometry":{"type":"Point","coordinates":[-70.89959600576537,41.10267745644531]},"properties":{"kind":"bench","rot":-165}},{"type":"Feature","geometry":{"type":"Point","coordinates":[-70.90000763023964,41.10259434258884]},"properties":{"kind":"bench","rot":-165}},{"type":"Feature","geometry":{"type":"Point","coordinates":[-70.90030946991807,41.102533396116314]},"properties":{"kind":"bench","rot":-165}},{"type":"Feature","geometry":{"type":"Point","coordinates":[-70.90062709791745,41.10242090148844]},"properties":{"kind":"bench","rot":15}},{"type":"Feature","geometry":{"type":"Point","coordinates":[-70.90102122196764,41.10238968148953]},"properties":{"kind":"bench","rot":-165}},{"type":"Feature","geometry":{"type":"Point","coordinates":[-70.9013446074202,41.10232438456534]},"properties":{"kind":"bench","rot":-165}},{"type":"Feature","geometry":{"type":"Point","coordinates":[-70.90169047744065,41.10225454763135]},"properties":{"kind":"bench","rot":-165}},{"type":"Feature","geometry":{"type":"Point","coordinates":[-70.901761345775,41.10212740090358]},"properties":{"kind":"bench","rot":-75}},{"type":"Feature","geometry":{"type":"Point","coordinates":[-70.901586858361,41.10181716635051]},"properties":{"kind":"bench","rot":105}},{"type":"Feature","geometry":{"type":"Point","coordinates":[-70.90157348415858,41.10159907075389]},"properties":{"kind":"bench","rot":-75}},{"type":"Feature","geometry":{"type":"Point","coordinates":[-70.90141540077008,41.10133496984644]},"properties":{"kind":"bench","rot":105}},{"type":"Feature","geometry":{"type":"Point","coordinates":[-70.90134713535292,41.101142984497066]},"properties":{"kind":"bench","rot":105}},{"type":"Feature","geometry":{"type":"Point","coordinates":[-70.90126222983812,41.100904201587596]},"properties":{"kind":"bench","rot":105}},{"type":"Feature","geometry":{"type":"Point","coordinates":[-70.90116217167049,41.10066239818264]},"properties":{"kind":"bench","rot":231}},{"type":"Feature","geometry":{"type":"Point","coordinates":[-70.90092300679177,41.10088496457936]},"properties":{"kind":"bench","rot":231}},{"type":"Feature","geometry":{"type":"Point","coordinates":[-70.90070841449602,41.10101043584727]},"properties":{"kind":"bench","rot":51}},{"type":"Feature","geometry":{"type":"Point","coordinates":[-70.9005218003859,41.10125832652354]},"properties":{"kind":"bench","rot":231}},{"type":"Feature","geometry":{"type":"Point","coordinates":[-70.90023676656928,41.1015235784696]},"properties":{"kind":"bench","rot":231}},{"type":"Feature","geometry":{"type":"Point","coordinates":[-70.89836099055445,41.10120765299963]},"properties":{"kind":"bench","rot":339}},{"type":"Feature","geometry":{"type":"Point","coordinates":[-70.8987382154975,41.10131677556977]},"properties":{"kind":"bench","rot":339}},{"type":"Feature","geometry":{"type":"Point","coordinates":[-70.89896233000086,41.10143164278159]},"properties":{"kind":"bench","rot":159}},{"type":"Feature","geometry":{"type":"Point","coordinates":[-70.89990791105224,41.10165514180869]},"properties":{"kind":"bench","rot":339}},{"type":"Feature","geometry":{"type":"Point","coordinates":[-70.89883385643607,41.10275489613377]},"properties":{"kind":"bench","rot":51}},{"type":"Feature","geometry":{"type":"Point","coordinates":[-70.89906177045734,41.10254279976432]},"properties":{"kind":"bench","rot":51}},{"type":"Feature","geometry":{"type":"Point","coordinates":[-70.89925083112954,41.10236686025013]},"properties":{"kind":"bench","rot":51}},{"type":"Feature","geometry":{"type":"Point","coordinates":[-70.8995027839036,41.102132393461495]},"properties":{"kind":"bench","rot":51}},{"type":"Feature","geometry":{"type":"Point","coordinates":[-70.89969723187528,41.1019514405363]},"properties":{"kind":"bench","rot":51}},{"type":"Feature","geometry":{"type":"Point","coordinates":[-70.89992917930985,41.10173559067984]},"properties":{"kind":"bench","rot":51}},{"type":"Feature","geometry":{"type":"Point","coordinates":[-70.90170198188854,41.10217412557226]},"properties":{"kind":"bench","rot":-21}},{"type":"Feature","geometry":{"type":"Point","coordinates":[-70.90128148227836,41.10205248462819]},"properties":{"kind":"bench","rot":-21}},{"type":"Feature","geometry":{"type":"Point","coordinates":[-70.90096324172636,41.10196042489673]},"properties":{"kind":"bench","rot":-21}},{"type":"Feature","geometry":{"type":"Point","coordinates":[-70.90058282850727,41.10190041602995]},"properties":{"kind":"bench","rot":159}},{"type":"Feature","geometry":{"type":"Point","coordinates":[-70.90032271580202,41.10177513535958]},"properties":{"kind":"bench","rot":-21}},{"type":"Feature","geometry":{"type":"Point","coordinates":[-70.8937628054963,41.10079818663592]},"properties":{"kind":"bench","rot":195}},{"type":"Feature","geometry":{"type":"Point","coordinates":[-70.89348444883623,41.10080603126518]},"properties":{"kind":"bench","rot":15}},{"type":"Feature","geometry":{"type":"Point","coordinates":[-70.8931434703762,41.10087488051143]},"properties":{"kind":"bench","rot":15}},{"type":"Feature","geometry":{"type":"Point","coordinates":[-70.89300752210958,41.101015575663595]},"properties":{"kind":"bench","rot":105}},{"type":"Feature","geometry":{"type":"Point","coordinates":[-70.8930804864198,41.101220775883164]},"properties":{"kind":"bench","rot":105}},{"type":"Feature","geometry":{"type":"Point","coordinates":[-70.89325334731492,41.10152643611727]},"properties":{"kind":"bench","rot":285}},{"type":"Feature","geometry":{"type":"Point","coordinates":[-70.89334859019641,41.10154026675]},"properties":{"kind":"bench","rot":15}},{"type":"Feature","geometry":{"type":"Point","coordinates":[-70.89378264461449,41.101500984142874]},"properties":{"kind":"bench","rot":-165}},{"type":"Feature","geometry":{"type":"Point","coordinates":[-70.8941287080104,41.1013504192363]},"properties":{"kind":"bench","rot":-75}},{"type":"Feature","geometry":{"type":"Point","coordinates":[-70.89399639000224,41.10115877925793]},"properties":{"kind":"bench","rot":105}},{"type":"Feature","geometry":{"type":"Point","coordinates":[-70.89391350747688,41.100925685676245]},"properties":{"kind":"bench","rot":105}},{"type":"Feature","geometry":{"type":"Point","coordinates":[-70.89384016845194,41.10085238685338]},"properties":{"kind":"bench","rot":240}},{"type":"Feature","geometry":{"type":"Point","coordinates":[-70.89364287229446,41.101109899787296]},"properties":{"kind":"bench","rot":240}},{"type":"Feature","geometry":{"type":"Point","coordinates":[-70.89313601815066,41.10095519756837]},"properties":{"kind":"bench","rot":330}},{"type":"Feature","geometry":{"type":"Point","coordinates":[-70.89336328307265,41.10105407372421]},"properties":{"kind":"bench","rot":330}},{"type":"Feature","geometry":{"type":"Point","coordinates":[-70.89332786149802,41.10152105505481]},"properties":{"kind":"bench","rot":-120}},{"type":"Feature","geometry":{"type":"Point","coordinates":[-70.8934252467191,41.101300522092856]},"properties":{"kind":"bench","rot":60}},{"type":"Feature","geometry":{"type":"Point","coordinates":[-70.89403614991457,41.10134681791956]},"properties":{"kind":"bench","rot":-30}},{"type":"Feature","geometry":{"type":"Point","coordinates":[-70.89380451727462,41.101246041500545]},"properties":{"kind":"bench","rot":-30}},{"type":"Feature","geometry":{"type":"Point","coordinates":[-70.90515526874663,41.103910364318516]},"properties":{"kind":"bench","rot":156}},{"type":"Feature","geometry":{"type":"Point","coordinates":[-70.90486230651108,41.10381207313353]},"properties":{"kind":"bench","rot":156}},{"type":"Feature","geometry":{"type":"Point","coordinates":[-70.90458110431238,41.103666594453465]},"properties":{"kind":"bench","rot":-24}},{"type":"Feature","geometry":{"type":"Point","coordinates":[-70.90419568003915,41.10358841459355]},"properties":{"kind":"bench","rot":156}},{"type":"Feature","geometry":{"type":"Point","coordinates":[-70.90389331800097,41.103435836617244]},"properties":{"kind":"bench","rot":-24}},{"type":"Feature","geometry":{"type":"Point","coordinates":[-70.90370549634193,41.10347502206814]},"properties":{"kind":"bench","rot":66}},{"type":"Feature","geometry":{"type":"Point","coordinates":[-70.90365512032956,41.10367513181776]},"properties":{"kind":"bench","rot":246}},{"type":"Feature","geometry":{"type":"Point","coordinates":[-70.90344332646382,41.10391875273786]},"properties":{"kind":"bench","rot":66}},{"type":"Feature","geometry":{"type":"Point","coordinates":[-70.90338060637465,41.10420977976176]},"properties":{"kind":"bench","rot":156}},{"type":"Feature","geometry":{"type":"Point","coordinates":[-70.90369089461201,41.104313883959634]},"properties":{"kind":"bench","rot":156}},{"type":"Feature","geometry":{"type":"Point","coordinates":[-70.90400163660432,41.104418140395936]},"properties":{"kind":"bench","rot":156}},{"type":"Feature","geometry":{"type":"Point","coordinates":[-70.90428368939993,41.10451277137613]},"properties":{"kind":"bench","rot":156}},{"type":"Feature","geometry":{"type":"Point","coordinates":[-70.90463843353035,41.1045806578015]},"properties":{"kind":"bench","rot":336}},{"type":"Feature","geometry":{"type":"Point","coordinates":[-70.90481610334174,41.10459897027179]},"properties":{"kind":"bench","rot":66}},{"type":"Feature","geometry":{"type":"Point","coordinates":[-70.90492363053585,41.10441697715268]},"properties":{"kind":"bench","rot":66}},{"type":"Feature","geometry":{"type":"Point","coordinates":[-70.90512009926401,41.104199294504426]},"properties":{"kind":"bench","rot":-114}},{"type":"Feature","geometry":{"type":"Point","coordinates":[-70.90512073429525,41.103910929064185]},"properties":{"kind":"bench","rot":9.8}},{"type":"Feature","geometry":{"type":"Point","coordinates":[-70.90469561285737,41.103966190323604]},"properties":{"kind":"bench","rot":9.8}},{"type":"Feature","geometry":{"type":"Point","coordinates":[-70.9043648282489,41.10400918879988]},"properties":{"kind":"bench","rot":9.8}},{"type":"Feature","geometry":{"type":"Point","coordinates":[-70.90379374850147,41.10349087245268]},"properties":{"kind":"bench","rot":122.2}},{"type":"Feature","geometry":{"type":"Point","coordinates":[-70.90347605718095,41.104172121862895]},"properties":{"kind":"bench","rot":-170.2}},{"type":"Feature","geometry":{"type":"Point","coordinates":[-70.90478927881111,41.104593941506465]},"properties":{"kind":"bench","rot":-57.8}},{"type":"Feature","geometry":{"type":"Point","coordinates":[-70.90463409676869,41.10440833684227]},"properties":{"kind":"bench","rot":-57.8}},{"type":"Feature","geometry":{"type":"Point","coordinates":[-70.90440923607972,41.10413939339997]},"properties":{"kind":"bench","rot":-57.8}},{"type":"Feature","geometry":{"type":"Point","coordinates":[-70.91039749394432,41.10025201969529]},"properties":{"kind":"bench","rot":59.2}},{"type":"Feature","geometry":{"type":"Point","coordinates":[-70.9102556266527,41.10054206008632]},"properties":{"kind":"bench","rot":250.3}},{"type":"Feature","geometry":{"type":"Point","coordinates":[-70.91010129640813,41.10091560856964]},"properties":{"kind":"bench","rot":260.8}},{"type":"Feature","geometry":{"type":"Point","coordinates":[-70.91003674222681,41.101232912038554]},"properties":{"kind":"bench","rot":263.3}},{"type":"Feature","geometry":{"type":"Point","coordinates":[-70.90992104307338,41.101612617243646]},"properties":{"kind":"bench","rot":85.8}},{"type":"Feature","geometry":{"type":"Point","coordinates":[-70.90990098863686,41.10193691481534]},"properties":{"kind":"bench","rot":92.1}},{"type":"Feature","geometry":{"type":"Point","coordinates":[-70.90997357005098,41.102153990313056]},"properties":{"kind":"bench","rot":272.1}},{"type":"Feature","geometry":{"type":"Point","coordinates":[-70.90999062363898,41.10227297310177]},"properties":{"kind":"bench","rot":278.9}},{"type":"Feature","geometry":{"type":"Point","coordinates":[-70.90995352323489,41.10258344496427]},"properties":{"kind":"bench","rot":73.4}},{"type":"Feature","geometry":{"type":"Point","coordinates":[-70.90982936327836,41.10281334628466]},"properties":{"kind":"bench","rot":49.8}},{"type":"Feature","geometry":{"type":"Point","coordinates":[-70.90958639789446,41.10311050762849]},"properties":{"kind":"bench","rot":234.3}},{"type":"Feature","geometry":{"type":"Point","coordinates":[-70.9092882071412,41.103435569698654]},"properties":{"kind":"bench","rot":238.5}},{"type":"Feature","geometry":{"type":"Point","coordinates":[-70.90897870292619,41.103698507151364]},"properties":{"kind":"bench","rot":49.1}},{"type":"Feature","geometry":{"type":"Point","coordinates":[-70.90873979570141,41.10396084693574]},"properties":{"kind":"bench","rot":219.8}},{"type":"Feature","geometry":{"type":"Point","coordinates":[-70.90831903700618,41.104142356623534]},"properties":{"kind":"bench","rot":27.9}},{"type":"Feature","geometry":{"type":"Point","coordinates":[-70.90790614546917,41.10428469270621]},"properties":{"kind":"bench","rot":15.9}},{"type":"Feature","geometry":{"type":"Point","coordinates":[-70.90749414841777,41.10437384285845]},"properties":{"kind":"bench","rot":16.6}},{"type":"Feature","geometry":{"type":"Point","coordinates":[-70.90699805767017,41.10453496171849]},"properties":{"kind":"bench","rot":197.2}},{"type":"Feature","geometry":{"type":"Point","coordinates":[-70.90648488310885,41.10459208093548]},"properties":{"kind":"bench","rot":9.3}},{"type":"Feature","geometry":{"type":"Point","coordinates":[-70.90607164316013,41.10468365117772]},"properties":{"kind":"bench","rot":181.4}},{"type":"Feature","geometry":{"type":"Point","coordinates":[-70.90573645381298,41.10468996356879]},"properties":{"kind":"bench","rot":181.4}},{"type":"Feature","geometry":{"type":"Point","coordinates":[-70.90554024627457,41.10465777122068]},"properties":{"kind":"bench","rot":13.6}},{"type":"Feature","geometry":{"type":"Point","coordinates":[-70.905225952098,41.10471517810222]},"properties":{"kind":"bench","rot":13.6}},{"type":"Feature","geometry":{"type":"Point","coordinates":[-70.90502103874641,41.10481536891334]},"properties":{"kind":"bench","rot":205.9}},{"type":"Feature","geometry":{"type":"Point","coordinates":[-70.90469731199583,41.104933756294436]},"properties":{"kind":"bench","rot":205.9}},{"type":"Feature","geometry":{"type":"Point","coordinates":[-70.90455005540217,41.10499116272376]},"properties":{"kind":"bench","rot":208.7}},{"type":"Feature","geometry":{"type":"Point","coordinates":[-70.90427981646789,41.1051024949194]},"properties":{"kind":"bench","rot":208.7}},{"type":"Feature","geometry":{"type":"Point","coordinates":[-70.90406025686842,41.10519859519457]},"properties":{"kind":"bench","rot":211.5}},{"type":"Feature","geometry":{"type":"Point","coordinates":[-70.90362412284564,41.105369754624874]},"properties":{"kind":"bench","rot":196.1}},{"type":"Feature","geometry":{"type":"Point","coordinates":[-70.9033355481524,41.10543236044345]},"properties":{"kind":"bench","rot":196.1}},{"type":"Feature","geometry":{"type":"Point","coordinates":[-70.90315275369726,41.10545038494331]},"properties":{"kind":"bench","rot":182.5}},{"type":"Feature","geometry":{"type":"Point","coordinates":[-70.90276834320026,41.10541605297909]},"properties":{"kind":"bench","rot":2.5}},{"type":"Feature","geometry":{"type":"Point","coordinates":[-70.90260687464553,41.105425526618916]},"properties":{"kind":"bench","rot":6}},{"type":"Feature","geometry":{"type":"Point","coordinates":[-70.90224603700631,41.10550085060777]},"properties":{"kind":"bench","rot":186}},{"type":"Feature","geometry":{"type":"Point","coordinates":[-70.90204024113545,41.105520880241045]},"properties":{"kind":"bench","rot":189.4}},{"type":"Feature","geometry":{"type":"Point","coordinates":[-70.90173754340108,41.10551127351517]},"properties":{"kind":"bench","rot":9.4}},{"type":"Feature","geometry":{"type":"Point","coordinates":[-70.90147652372106,41.10553525514341]},"properties":{"kind":"bench","rot":1.1}},{"type":"Feature","geometry":{"type":"Point","coordinates":[-70.90087630676352,41.105530051512105]},"properties":{"kind":"bench","rot":-7}},{"type":"Feature","geometry":{"type":"Point","coordinates":[-70.90059241055451,41.10555072803642]},"properties":{"kind":"bench","rot":173}},{"type":"Feature","geometry":{"type":"Point","coordinates":[-70.90032552240017,41.10549164876168]},"properties":{"kind":"bench","rot":3}},{"type":"Feature","geometry":{"type":"Point","coordinates":[-70.89991584069986,41.10555437204807]},"properties":{"kind":"bench","rot":183}},{"type":"Feature","geometry":{"type":"Point","coordinates":[-70.89968867186818,41.10558145303425]},"properties":{"kind":"bench","rot":192.9}},{"type":"Feature","geometry":{"type":"Point","coordinates":[-70.89931242739627,41.10564653690162]},"properties":{"kind":"bench","rot":192.9}},{"type":"Feature","geometry":{"type":"Point","coordinates":[-70.8991720904,41.105617610241914]},"properties":{"kind":"bench","rot":7.2}},{"type":"Feature","geometry":{"type":"Point","coordinates":[-70.89859612490244,41.10571012150147]},"properties":{"kind":"bench","rot":180.9}},{"type":"Feature","geometry":{"type":"Point","coordinates":[-70.89809739871039,41.105664851234]},"properties":{"kind":"bench","rot":-3.2}},{"type":"Feature","geometry":{"type":"Point","coordinates":[-70.89758238835375,41.10568640472269]},"properties":{"kind":"bench","rot":172.8}},{"type":"Feature","geometry":{"type":"Point","coordinates":[-70.89728586378766,41.105658159261615]},"properties":{"kind":"bench","rot":172.8}},{"type":"Feature","geometry":{"type":"Point","coordinates":[-70.89699399563695,41.10561130348008]},"properties":{"kind":"bench","rot":162.9}},{"type":"Feature","geometry":{"type":"Point","coordinates":[-70.89656079167212,41.105445613385726]},"properties":{"kind":"bench","rot":-27}},{"type":"Feature","geometry":{"type":"Point","coordinates":[-70.89607504137767,41.10527234610684]},"properties":{"kind":"bench","rot":-19.5}},{"type":"Feature","geometry":{"type":"Point","coordinates":[-70.89568626518657,41.105218384372904]},"properties":{"kind":"bench","rot":160.5}},{"type":"Feature","geometry":{"type":"Point","coordinates":[-70.89556177664177,41.105193796672985]},"properties":{"kind":"bench","rot":168.1}},{"type":"Feature","geometry":{"type":"Point","coordinates":[-70.8952078376622,41.105137490932215]},"properties":{"kind":"bench","rot":168.1}},{"type":"Feature","geometry":{"type":"Point","coordinates":[-70.8949814340457,41.10508271370201]},"properties":{"kind":"bench","rot":158.2}},{"type":"Feature","geometry":{"type":"Point","coordinates":[-70.89460139309013,41.10495845440809]},"properties":{"kind":"bench","rot":147.6}},{"type":"Feature","geometry":{"type":"Point","coordinates":[-70.89435137450488,41.104783459256076]},"properties":{"kind":"bench","rot":-32.4}},{"type":"Feature","geometry":{"type":"Point","coordinates":[-70.89416611361032,41.10471479451352]},"properties":{"kind":"bench","rot":-19.2}},{"type":"Feature","geometry":{"type":"Point","coordinates":[-70.89367526379183,41.10464836291677]},"properties":{"kind":"bench","rot":174.2}},{"type":"Feature","geometry":{"type":"Point","coordinates":[-70.89322163263724,41.10455201630973]},"properties":{"kind":"bench","rot":-26.8}},{"type":"Feature","geometry":{"type":"Point","coordinates":[-70.89283609228445,41.10436632556525]},"properties":{"kind":"bench","rot":-48.5}},{"type":"Feature","geometry":{"type":"Point","coordinates":[-70.8924849483885,41.10414548535391]},"properties":{"kind":"bench","rot":134.8}},{"type":"Feature","geometry":{"type":"Point","coordinates":[-70.89218379621107,41.10385701078629]},"properties":{"kind":"bench","rot":-42}},{"type":"Feature","geometry":{"type":"Point","coordinates":[-70.89182335050577,41.10365240629184]},"properties":{"kind":"bench","rot":122.1}},{"type":"Feature","geometry":{"type":"Point","coordinates":[-70.89168411954327,41.10336444757372]},"properties":{"kind":"bench","rot":-75.2}},{"type":"Feature","geometry":{"type":"Point","coordinates":[-70.89147636947489,41.10304101423605]},"properties":{"kind":"bench","rot":120.1}},{"type":"Feature","geometry":{"type":"Point","coordinates":[-70.89124334820364,41.10270324405632]},"properties":{"kind":"bench","rot":-44.7}},{"type":"Feature","geometry":{"type":"Point","coordinates":[-70.89105270798949,41.10256117248409]},"properties":{"kind":"bench","rot":-44.7}},{"type":"Feature","geometry":{"type":"Point","coordinates":[-70.89094347733605,41.102472137615784]},"properties":{"kind":"bench","rot":-48.5}},{"type":"Feature","geometry":{"type":"Point","coordinates":[-70.89060805202315,41.10224758586935]},"properties":{"kind":"bench","rot":127.6}},{"type":"Feature","geometry":{"type":"Point","coordinates":[-70.89041159999482,41.101948500870684]},"properties":{"kind":"bench","rot":-62.6}},{"type":"Feature","geometry":{"type":"Point","coordinates":[-70.89021364553992,41.10174403360923]},"properties":{"kind":"bench","rot":107.3}},{"type":"Feature","geometry":{"type":"Point","coordinates":[-70.89014321737027,41.101369682257136]},"properties":{"kind":"bench","rot":-80.1}},{"type":"Feature","geometry":{"type":"Point","coordinates":[-70.89009133033406,41.10108308276193]},"properties":{"kind":"bench","rot":-87.4}},{"type":"Feature","geometry":{"type":"Point","coordinates":[-70.890089889738,41.100813879204495]},"properties":{"kind":"bench","rot":-101.4}},{"type":"Feature","geometry":{"type":"Point","coordinates":[-70.890204480731,41.100494376593666]},"properties":{"kind":"bench","rot":-115.4}},{"type":"Feature","geometry":{"type":"Point","coordinates":[-70.89037893418066,41.10019478398575]},"properties":{"kind":"bench","rot":-109.3}},{"type":"Feature","geometry":{"type":"Point","coordinates":[-70.89046990488126,41.099998549514325]},"properties":{"kind":"bench","rot":-109.3}},{"type":"Feature","geometry":{"type":"Point","coordinates":[-70.89051560633719,41.09987114008043]},"properties":{"kind":"bench","rot":-103.1}},{"type":"Feature","geometry":{"type":"Point","coordinates":[-70.89051640652025,41.09966208689803]},"properties":{"kind":"bench","rot":76.9}},{"type":"Feature","geometry":{"type":"Point","coordinates":[-70.89053811900438,41.09951050728048]},"properties":{"kind":"bench","rot":87.4}},{"type":"Feature","geometry":{"type":"Point","coordinates":[-70.89060516202501,41.099220999614936]},"properties":{"kind":"bench","rot":-81.6}},{"type":"Feature","geometry":{"type":"Point","coordinates":[-70.89052685633449,41.09888552524926]},"properties":{"kind":"bench","rot":69.3}},{"type":"Feature","geometry":{"type":"Point","coordinates":[-70.89064820160132,41.0987297786756]},"properties":{"kind":"bench","rot":34.3}},{"type":"Feature","geometry":{"type":"Point","coordinates":[-70.89100056702279,41.09859885384345]},"properties":{"kind":"bench","rot":-141.9}},{"type":"Feature","geometry":{"type":"Point","coordinates":[-70.89130680796163,41.09841211834988]},"properties":{"kind":"bench","rot":-138.9}},{"type":"Feature","geometry":{"type":"Point","coordinates":[-70.89157424226558,41.0982216367731]},"properties":{"kind":"bench","rot":-128.4}},{"type":"Feature","geometry":{"type":"Point","coordinates":[-70.89177721293892,41.097928601614676]},"properties":{"kind":"bench","rot":62.1}},{"type":"Feature","geometry":{"type":"Point","coordinates":[-70.89194685096821,41.097698182531914]},"properties":{"kind":"bench","rot":56.7}},{"type":"Feature","geometry":{"type":"Point","coordinates":[-70.89222087463787,41.09748108456964]},"properties":{"kind":"bench","rot":-128.3}},{"type":"Feature","geometry":{"type":"Point","coordinates":[-70.89244302182304,41.097314015844525]},"properties":{"kind":"bench","rot":-153.9}},{"type":"Feature","geometry":{"type":"Point","coordinates":[-70.89267202237059,41.09728200435098]},"properties":{"kind":"bench","rot":173.2}},{"type":"Feature","geometry":{"type":"Point","coordinates":[-70.89295502320064,41.09727960834081]},"properties":{"kind":"bench","rot":343.1}},{"type":"Feature","geometry":{"type":"Point","coordinates":[-70.89320567544472,41.09728311232504]},"properties":{"kind":"bench","rot":14.2}},{"type":"Feature","geometry":{"type":"Point","coordinates":[-70.89357343441272,41.097274996927155]},"properties":{"kind":"bench","rot":312.7}},{"type":"Feature","geometry":{"type":"Point","coordinates":[-70.89381655496614,41.097515400438155]},"properties":{"kind":"bench","rot":294.3}},{"type":"Feature","geometry":{"type":"Point","coordinates":[-70.89390688204578,41.09772858142445]},"properties":{"kind":"bench","rot":133.5}},{"type":"Feature","geometry":{"type":"Point","coordinates":[-70.89415376028607,41.097823370806736]},"properties":{"kind":"bench","rot":332.4}},{"type":"Feature","geometry":{"type":"Point","coordinates":[-70.89437509412382,41.09799719634479]},"properties":{"kind":"bench","rot":124.4}},{"type":"Feature","geometry":{"type":"Point","coordinates":[-70.89458723349442,41.0982310420251]},"properties":{"kind":"bench","rot":274.3}},{"type":"Feature","geometry":{"type":"Point","coordinates":[-70.89455046817686,41.09846392239565]},"properties":{"kind":"bench","rot":95.8}},{"type":"Feature","geometry":{"type":"Point","coordinates":[-70.89465226483273,41.0987171332681]},"properties":{"kind":"bench","rot":278}},{"type":"Feature","geometry":{"type":"Point","coordinates":[-70.89462196345231,41.09894315426566]},"properties":{"kind":"bench","rot":93.8}},{"type":"Feature","geometry":{"type":"Point","coordinates":[-70.89463251080706,41.09916081147656]},"properties":{"kind":"bench","rot":89.4}},{"type":"Feature","geometry":{"type":"Point","coordinates":[-70.89467445308519,41.099409753829086]},"properties":{"kind":"bench","rot":107.4}},{"type":"Feature","geometry":{"type":"Point","coordinates":[-70.89479735834574,41.099506753134776]},"properties":{"kind":"bench","rot":304.2}},{"type":"Feature","geometry":{"type":"Point","coordinates":[-70.89494724288042,41.09969868164465]},"properties":{"kind":"bench","rot":293.9}},{"type":"Feature","geometry":{"type":"Point","coordinates":[-70.89515526640938,41.09989676914217]},"properties":{"kind":"bench","rot":-164.3}},{"type":"Feature","geometry":{"type":"Point","coordinates":[-70.89544729636057,41.09976684014202]},"properties":{"kind":"bench","rot":36.6}},{"type":"Feature","geometry":{"type":"Point","coordinates":[-70.89572386413923,41.09957898011908]},"properties":{"kind":"bench","rot":56.9}},{"type":"Feature","geometry":{"type":"Point","coordinates":[-70.89589665561836,41.099402498665945]},"properties":{"kind":"bench","rot":42.1}},{"type":"Feature","geometry":{"type":"Point","coordinates":[-70.89617386877453,41.09925198421874]},"properties":{"kind":"bench","rot":26.3}},{"type":"Feature","geometry":{"type":"Point","coordinates":[-70.896416494878,41.099230910527616]},"properties":{"kind":"bench","rot":-166.1}},{"type":"Feature","geometry":{"type":"Point","coordinates":[-70.89664702018901,41.09919914543898]},"properties":{"kind":"bench","rot":-178.5}},{"type":"Feature","geometry":{"type":"Point","coordinates":[-70.89699477523119,41.09912871804131]},"properties":{"kind":"bench","rot":12.5}},{"type":"Feature","geometry":{"type":"Point","coordinates":[-70.8973315221241,41.0991111372765]},"properties":{"kind":"bench","rot":-158.8}},{"type":"Feature","geometry":{"type":"Point","coordinates":[-70.89756553725441,41.09899266711226]},"properties":{"kind":"bench","rot":21.2}},{"type":"Feature","geometry":{"type":"Point","coordinates":[-70.89775495390384,41.09896545406763]},"properties":{"kind":"bench","rot":-144.9}},{"type":"Feature","geometry":{"type":"Point","coordinates":[-70.89811054585377,41.09874439841347]},"properties":{"kind":"bench","rot":-130.8}},{"type":"Feature","geometry":{"type":"Point","coordinates":[-70.89835646850483,41.09849288010646]},"properties":{"kind":"bench","rot":-115.1}},{"type":"Feature","geometry":{"type":"Point","coordinates":[-70.89850774527292,41.098197487696694]},"properties":{"kind":"bench","rot":-99.4}},{"type":"Feature","geometry":{"type":"Point","coordinates":[-70.89859986731703,41.09789736995968]},"properties":{"kind":"bench","rot":-112.1}},{"type":"Feature","geometry":{"type":"Point","coordinates":[-70.89870943066707,41.097628727284636]},"properties":{"kind":"bench","rot":55.7}},{"type":"Feature","geometry":{"type":"Point","coordinates":[-70.89894604083567,41.09745249973853]},"properties":{"kind":"bench","rot":25.6}},{"type":"Feature","geometry":{"type":"Point","coordinates":[-70.89920082949145,41.09740381707071]},"properties":{"kind":"bench","rot":356.8}},{"type":"Feature","geometry":{"type":"Point","coordinates":[-70.89955065860315,41.09740834147481]},"properties":{"kind":"bench","rot":9.7}},{"type":"Feature","geometry":{"type":"Point","coordinates":[-70.89999006012594,41.09738836624831]},"properties":{"kind":"bench","rot":-157.9}},{"type":"Feature","geometry":{"type":"Point","coordinates":[-70.90045813598714,41.097246177562695]},"properties":{"kind":"bench","rot":-158.4}},{"type":"Feature","geometry":{"type":"Point","coordinates":[-70.90079034289582,41.09709775883762]},"properties":{"kind":"bench","rot":21}},{"type":"Feature","geometry":{"type":"Point","coordinates":[-70.90112287250486,41.09699765642965]},"properties":{"kind":"bench","rot":25.1}},{"type":"Feature","geometry":{"type":"Point","coordinates":[-70.90151536139611,41.09685326069404]},"properties":{"kind":"bench","rot":29.4}},{"type":"Feature","geometry":{"type":"Point","coordinates":[-70.9019029031887,41.096764089941345]},"properties":{"kind":"bench","rot":-164.1}},{"type":"Feature","geometry":{"type":"Point","coordinates":[-70.9022963335198,41.096697420486464]},"properties":{"kind":"bench","rot":-175.2}},{"type":"Feature","geometry":{"type":"Point","coordinates":[-70.90273280066081,41.096668979153584]},"properties":{"kind":"bench","rot":-174.3}},{"type":"Feature","geometry":{"type":"Point","coordinates":[-70.9029906672266,41.09660257259713]},"properties":{"kind":"bench","rot":5.7}},{"type":"Feature","geometry":{"type":"Point","coordinates":[-70.90321710056531,41.096631366586244]},"properties":{"kind":"bench","rot":-173.3}},{"type":"Feature","geometry":{"type":"Point","coordinates":[-70.90350573142852,41.09660597243182]},"properties":{"kind":"bench","rot":-173.3}},{"type":"Feature","geometry":{"type":"Point","coordinates":[-70.90370372540954,41.096553533569306]},"properties":{"kind":"bench","rot":358}},{"type":"Feature","geometry":{"type":"Point","coordinates":[-70.90397356167131,41.09656059791855]},"properties":{"kind":"bench","rot":358}},{"type":"Feature","geometry":{"type":"Point","coordinates":[-70.90417725637798,41.096627046174255]},"properties":{"kind":"bench","rot":169.4}},{"type":"Feature","geometry":{"type":"Point","coordinates":[-70.90459421155674,41.09668854753804]},"properties":{"kind":"bench","rot":167.1}},{"type":"Feature","geometry":{"type":"Point","coordinates":[-70.90508702123864,41.096728396998614]},"properties":{"kind":"bench","rot":344.9}},{"type":"Feature","geometry":{"type":"Point","coordinates":[-70.90552522238535,41.0968859133757]},"properties":{"kind":"bench","rot":152}},{"type":"Feature","geometry":{"type":"Point","coordinates":[-70.90586395083479,41.09698706257552]},"properties":{"kind":"bench","rot":316.7}},{"type":"Feature","geometry":{"type":"Point","coordinates":[-70.90606744955562,41.09713134891284]},"properties":{"kind":"bench","rot":316.7}},{"type":"Feature","geometry":{"type":"Point","coordinates":[-70.90619197137961,41.09719690889201]},"properties":{"kind":"bench","rot":328.9}},{"type":"Feature","geometry":{"type":"Point","coordinates":[-70.90659018304251,41.09735464801477]},"properties":{"kind":"bench","rot":340.9}},{"type":"Feature","geometry":{"type":"Point","coordinates":[-70.90700251749769,41.09746087945577]},"properties":{"kind":"bench","rot":341.6}},{"type":"Feature","geometry":{"type":"Point","coordinates":[-70.90738947165256,41.09755652846147]},"properties":{"kind":"bench","rot":342.3}},{"type":"Feature","geometry":{"type":"Point","coordinates":[-70.90771725125823,41.09769335474074]},"properties":{"kind":"bench","rot":156.1}},{"type":"Feature","geometry":{"type":"Point","coordinates":[-70.90807368846401,41.09776866160989]},"properties":{"kind":"bench","rot":330}},{"type":"Feature","geometry":{"type":"Point","coordinates":[-70.90842245032022,41.097945953949605]},"properties":{"kind":"bench","rot":315.9}},{"type":"Feature","geometry":{"type":"Point","coordinates":[-70.90862305843086,41.098178567587496]},"properties":{"kind":"bench","rot":123.5}},{"type":"Feature","geometry":{"type":"Point","coordinates":[-70.9089096991422,41.09847754431901]},"properties":{"kind":"bench","rot":132.4}},{"type":"Feature","geometry":{"type":"Point","coordinates":[-70.90928323008553,41.0986965216583]},"properties":{"kind":"bench","rot":321.2}},{"type":"Feature","geometry":{"type":"Point","coordinates":[-70.90960304785588,41.09896446647486]},"properties":{"kind":"bench","rot":134.7}},{"type":"Feature","geometry":{"type":"Point","coordinates":[-70.90987360750503,41.099181382555045]},"properties":{"kind":"bench","rot":128.1}},{"type":"Feature","geometry":{"type":"Point","coordinates":[-70.91020983068994,41.099451566565705]},"properties":{"kind":"bench","rot":300.2}},{"type":"Feature","geometry":{"type":"Point","coordinates":[-70.91041369648897,41.09974203748931]},"properties":{"kind":"bench","rot":292.7}},{"type":"Feature","geometry":{"type":"Point","coordinates":[-70.91045775974372,41.10001740803184]},"properties":{"kind":"bench","rot":86.2}},{"type":"Feature","geometry":{"type":"Point","coordinates":[-70.90989751915268,41.10220759703327]},"properties":{"kind":"bench","rot":-264.7}},{"type":"Feature","geometry":{"type":"Point","coordinates":[-70.90928968977755,41.10332016484327]},"properties":{"kind":"bench","rot":56.4}},{"type":"Feature","geometry":{"type":"Point","coordinates":[-70.90802116436844,41.10424716090605]},"properties":{"kind":"bench","rot":21.9}},{"type":"Feature","geometry":{"type":"Point","coordinates":[-70.90708712366238,41.104452104854296]},"properties":{"kind":"bench","rot":16.9}},{"type":"Feature","geometry":{"type":"Point","coordinates":[-70.90507459834397,41.104730101357696]},"properties":{"kind":"bench","rot":19.9}},{"type":"Feature","geometry":{"type":"Point","coordinates":[-70.90325743208393,41.10538789356936]},"properties":{"kind":"bench","rot":9}},{"type":"Feature","geometry":{"type":"Point","coordinates":[-70.90100645116256,41.10552956668023]},"properties":{"kind":"bench","rot":-3}},{"type":"Feature","geometry":{"type":"Point","coordinates":[-70.89981378265256,41.10549911646999]},"properties":{"kind":"bench","rot":8}},{"type":"Feature","geometry":{"type":"Point","coordinates":[-70.89469239138546,41.1049319561056]},"properties":{"kind":"bench","rot":-27.1}},{"type":"Feature","geometry":{"type":"Point","coordinates":[-70.8937615725764,41.10459560647271]},"properties":{"kind":"bench","rot":-12.5}},{"type":"Feature","geometry":{"type":"Point","coordinates":[-70.89227473378803,41.10390187081127]},"properties":{"kind":"bench","rot":-43.7}},{"type":"Feature","geometry":{"type":"Point","coordinates":[-70.891718690473,41.103415482657375]},"properties":{"kind":"bench","rot":-66.6}},{"type":"Feature","geometry":{"type":"Point","coordinates":[-70.89074237786213,41.102282015032564]},"properties":{"kind":"bench","rot":-50.5}},{"type":"Feature","geometry":{"type":"Point","coordinates":[-70.89030513109996,41.10176659244452]},"properties":{"kind":"bench","rot":-67.7}},{"type":"Feature","geometry":{"type":"Point","coordinates":[-70.89016970213073,41.10057819708104]},"properties":{"kind":"bench","rot":-108.5}},{"type":"Feature","geometry":{"type":"Point","coordinates":[-70.89063115661081,41.099268879120054]},"properties":{"kind":"bench","rot":-87.3}},{"type":"Feature","geometry":{"type":"Point","coordinates":[-70.89305827013983,41.097365061800254]},"properties":{"kind":"bench","rot":-202.6}},{"type":"Feature","geometry":{"type":"Point","coordinates":[-70.89464920381336,41.09861105162012]},"properties":{"kind":"bench","rot":-83.1}},{"type":"Feature","geometry":{"type":"Point","coordinates":[-70.89471241774682,41.09907646094463]},"properties":{"kind":"bench","rot":-88.3}},{"type":"Feature","geometry":{"type":"Point","coordinates":[-70.89477927432888,41.09946491818804]},"properties":{"kind":"bench","rot":-63.5}},{"type":"Feature","geometry":{"type":"Point","coordinates":[-70.89503148432061,41.09993473061998]},"properties":{"kind":"bench","rot":-179.3}},{"type":"Feature","geometry":{"type":"Point","coordinates":[-70.90218291350116,41.09671699323621]},"properties":{"kind":"bench","rot":-169.9}},{"type":"Feature","geometry":{"type":"Point","coordinates":[-70.90405070880637,41.096621839983094]},"properties":{"kind":"bench","rot":-186.3}},{"type":"Feature","geometry":{"type":"Point","coordinates":[-70.90723853655564,41.097582434885155]},"properties":{"kind":"bench","rot":-198.1}},{"type":"Feature","geometry":{"type":"Point","coordinates":[-70.90796640127826,41.097790404515294]},"properties":{"kind":"bench","rot":-207}},{"type":"Feature","geometry":{"type":"Point","coordinates":[-70.90855874282086,41.09812788432848]},"properties":{"kind":"bench","rot":-230.5}},{"type":"Feature","geometry":{"type":"Point","coordinates":[-70.90913837332222,41.09868469900389]},"properties":{"kind":"bench","rot":-223.2}},{"type":"Feature","geometry":{"type":"Point","coordinates":[-70.91048657862606,41.10020627357173]},"properties":{"kind":"rail","rot":58.8}},{"type":"Feature","geometry":{"type":"Point","coordinates":[-70.91046612928461,41.100232213392125]},"properties":{"kind":"rail","rot":58.8}},{"type":"Feature","geometry":{"type":"Point","coordinates":[-70.91044567994317,41.10025815321253]},"properties":{"kind":"rail","rot":58.8}},{"type":"Feature","geometry":{"type":"Point","coordinates":[-70.91042523060173,41.100284093032926]},"properties":{"kind":"rail","rot":58.8}},{"type":"Feature","geometry":{"type":"Point","coordinates":[-70.91040478126028,41.10031003285332]},"properties":{"kind":"rail","rot":58.8}},{"type":"Feature","geometry":{"type":"Point","coordinates":[-70.91038433191883,41.100335972673726]},"properties":{"kind":"rail","rot":58.8}},{"type":"Feature","geometry":{"type":"Point","coordinates":[-70.9103638825774,41.10036191249412]},"properties":{"kind":"rail","rot":58.8}},{"type":"Feature","geometry":{"type":"Point","coordinates":[-70.91034343323595,41.10038785231452]},"properties":{"kind":"rail","rot":58.8}},{"type":"Feature","geometry":{"type":"Point","coordinates":[-70.91032298389452,41.10041379213492]},"properties":{"kind":"rail","rot":58.8}},{"type":"Feature","geometry":{"type":"Point","coordinates":[-70.91030253455307,41.10043973195532]},"properties":{"kind":"rail","rot":58.8}},{"type":"Feature","geometry":{"type":"Point","coordinates":[-70.91028208521162,41.10046567177572]},"properties":{"kind":"rail","rot":58.8}},{"type":"Feature","geometry":{"type":"Point","coordinates":[-70.91026376914536,41.100488905554215]},"properties":{"kind":"rail","rot":70.3}},{"type":"Feature","geometry":{"type":"Point","coordinates":[-70.9102516732236,41.10051430917639]},"properties":{"kind":"rail","rot":70.3}},{"type":"Feature","geometry":{"type":"Point","coordinates":[-70.91023957730184,41.10053971279856]},"properties":{"kind":"rail","rot":70.3}},{"type":"Feature","geometry":{"type":"Point","coordinates":[-70.91022748138009,41.10056511642073]},"properties":{"kind":"rail","rot":70.3}},{"type":"Feature","geometry":{"type":"Point","coordinates":[-70.91021538545833,41.10059052004291]},"properties":{"kind":"rail","rot":70.3}},{"type":"Feature","geometry":{"type":"Point","coordinates":[-70.91020328953658,41.10061592366508]},"properties":{"kind":"rail","rot":70.3}},{"type":"Feature","geometry":{"type":"Point","coordinates":[-70.91019119361482,41.10064132728725]},"properties":{"kind":"rail","rot":70.3}},{"type":"Feature","geometry":{"type":"Point","coordinates":[-70.91017909769306,41.100666730909424]},"properties":{"kind":"rail","rot":70.3}},{"type":"Feature","geometry":{"type":"Point","coordinates":[-70.91016700177131,41.1006921345316]},"properties":{"kind":"rail","rot":70.3}},{"type":"Feature","geometry":{"type":"Point","coordinates":[-70.91015490584955,41.100717538153766]},"properties":{"kind":"rail","rot":70.3}},{"type":"Feature","geometry":{"type":"Point","coordinates":[-70.9101428099278,41.10074294177594]},"properties":{"kind":"rail","rot":70.3}},{"type":"Feature","geometry":{"type":"Point","coordinates":[-70.91013071400604,41.100768345398116]},"properties":{"kind":"rail","rot":70.3}},{"type":"Feature","geometry":{"type":"Point","coordinates":[-70.91011861808428,41.10079374902028]},"properties":{"kind":"rail","rot":70.3}},{"type":"Feature","geometry":{"type":"Point","coordinates":[-70.91010652216254,41.10081915264246]},"properties":{"kind":"rail","rot":70.3}},{"type":"Feature","geometry":{"type":"Point","coordinates":[-70.91010489669391,41.1008225664204]},"properties":{"kind":"rail","rot":80.7}},{"type":"Feature","geometry":{"type":"Point","coordinates":[-70.9100990432074,41.10084986715656]},"properties":{"kind":"rail","rot":80.7}},{"type":"Feature","geometry":{"type":"Point","coordinates":[-70.9100931897209,41.10087716789272]},"properties":{"kind":"rail","rot":80.7}},{"type":"Feature","geometry":{"type":"Point","coordinates":[-70.91008733623438,41.10090446862888]},"properties":{"kind":"rail","rot":80.7}},{"type":"Feature","geometry":{"type":"Point","coordinates":[-70.91008148274788,41.10093176936505]},"properties":{"kind":"rail","rot":80.7}},{"type":"Feature","geometry":{"type":"Point","coordinates":[-70.91007562926137,41.10095907010121]},"properties":{"kind":"rail","rot":80.7}},{"type":"Feature","geometry":{"type":"Point","coordinates":[-70.91006977577487,41.100986370837376]},"properties":{"kind":"rail","rot":80.7}},{"type":"Feature","geometry":{"type":"Point","coordinates":[-70.91006392228836,41.10101367157354]},"properties":{"kind":"rail","rot":80.7}},{"type":"Feature","geometry":{"type":"Point","coordinates":[-70.91005806880186,41.1010409723097]},"properties":{"kind":"rail","rot":80.7}},{"type":"Feature","geometry":{"type":"Point","coordinates":[-70.91005221531535,41.10106827304586]},"properties":{"kind":"rail","rot":80.7}},{"type":"Feature","geometry":{"type":"Point","coordinates":[-70.91004636182885,41.101095573782025]},"properties":{"kind":"rail","rot":80.7}},{"type":"Feature","geometry":{"type":"Point","coordinates":[-70.91004050834233,41.10112287451819]},"properties":{"kind":"rail","rot":80.7}},{"type":"Feature","geometry":{"type":"Point","coordinates":[-70.91003465485583,41.101150175254354]},"properties":{"kind":"rail","rot":80.7}},{"type":"Feature","geometry":{"type":"Point","coordinates":[-70.91003020952469,41.10117090833585]},"properties":{"kind":"rail","rot":83.3}},{"type":"Feature","geometry":{"type":"Point","coordinates":[-70.9100258214787,41.10119903062799]},"properties":{"kind":"rail","rot":83.3}},{"type":"Feature","geometry":{"type":"Point","coordinates":[-70.91002143343272,41.101227152920124]},"properties":{"kind":"rail","rot":83.3}},{"type":"Feature","geometry":{"type":"Point","coordinates":[-70.91001704538674,41.10125527521226]},"properties":{"kind":"rail","rot":83.3}},{"type":"Feature","geometry":{"type":"Point","coordinates":[-70.91001265734076,41.1012833975044]},"properties":{"kind":"rail","rot":83.3}},{"type":"Feature","geometry":{"type":"Point","coordinates":[-70.91000826929476,41.10131151979654]},"properties":{"kind":"rail","rot":83.3}},{"type":"Feature","geometry":{"type":"Point","coordinates":[-70.91000388124878,41.101339642088675]},"properties":{"kind":"rail","rot":83.3}},{"type":"Feature","geometry":{"type":"Point","coordinates":[-70.9099994932028,41.10136776438081]},"properties":{"kind":"rail","rot":83.3}},{"type":"Feature","geometry":{"type":"Point","coordinates":[-70.90999510515681,41.10139588667295]},"properties":{"kind":"rail","rot":83.3}},{"type":"Feature","geometry":{"type":"Point","coordinates":[-70.90999071711083,41.10142400896508]},"properties":{"kind":"rail","rot":83.3}},{"type":"Feature","geometry":{"type":"Point","coordinates":[-70.90998632906485,41.101452131257226]},"properties":{"kind":"rail","rot":83.3}},{"type":"Feature","geometry":{"type":"Point","coordinates":[-70.90998194101887,41.10148025354936]},"properties":{"kind":"rail","rot":83.3}},{"type":"Feature","geometry":{"type":"Point","coordinates":[-70.90997755297288,41.1015083758415]},"properties":{"kind":"rail","rot":83.3}},{"type":"Feature","geometry":{"type":"Point","coordinates":[-70.90997697092196,41.10151210611369]},"properties":{"kind":"rail","rot":85.8}},{"type":"Feature","geometry":{"type":"Point","coordinates":[-70.90997421850939,41.10154000813066]},"properties":{"kind":"rail","rot":85.8}},{"type":"Feature","geometry":{"type":"Point","coordinates":[-70.9099714660968,41.10156791014763]},"properties":{"kind":"rail","rot":85.8}},{"type":"Feature","geometry":{"type":"Point","coordinates":[-70.90996871368424,41.101595812164604]},"properties":{"kind":"rail","rot":85.8}},{"type":"Feature","geometry":{"type":"Point","coordinates":[-70.90996596127167,41.10162371418157]},"properties":{"kind":"rail","rot":85.8}},{"type":"Feature","geometry":{"type":"Point","coordinates":[-70.90996320885908,41.101651616198545]},"properties":{"kind":"rail","rot":85.8}},{"type":"Feature","geometry":{"type":"Point","coordinates":[-70.90996045644651,41.10167951821551]},"properties":{"kind":"rail","rot":85.8}},{"type":"Feature","geometry":{"type":"Point","coordinates":[-70.90995770403393,41.101707420232486]},"properties":{"kind":"rail","rot":85.8}},{"type":"Feature","geometry":{"type":"Point","coordinates":[-70.90995495162136,41.10173532224945]},"properties":{"kind":"rail","rot":85.8}},{"type":"Feature","geometry":{"type":"Point","coordinates":[-70.90995219920877,41.10176322426643]},"properties":{"kind":"rail","rot":85.8}},{"type":"Feature","geometry":{"type":"Point","coordinates":[-70.9099494467962,41.101791126283395]},"properties":{"kind":"rail","rot":85.8}},{"type":"Feature","geometry":{"type":"Point","coordinates":[-70.90994669438362,41.10181902830037]},"properties":{"kind":"rail","rot":85.8}},{"type":"Feature","geometry":{"type":"Point","coordinates":[-70.90994394197105,41.101846930317336]},"properties":{"kind":"rail","rot":85.8}},{"type":"Feature","geometry":{"type":"Point","coordinates":[-70.90994298797104,41.101856601296404]},"properties":{"kind":"rail","rot":92.1}},{"type":"Feature","geometry":{"type":"Point","coordinates":[-70.90994433095531,41.10188423130212]},"properties":{"kind":"rail","rot":92.1}},{"type":"Feature","geometry":{"type":"Point","coordinates":[-70.90994567393959,41.10191186130784]},"properties":{"kind":"rail","rot":92.1}},{"type":"Feature","geometry":{"type":"Point","coordinates":[-70.90994701692385,41.10193949131355]},"properties":{"kind":"rail","rot":92.1}},{"type":"Feature","geometry":{"type":"Point","coordinates":[-70.90994835990813,41.10196712131927]},"properties":{"kind":"rail","rot":92.1}},{"type":"Feature","geometry":{"type":"Point","coordinates":[-70.90994970289239,41.10199475132499]},"properties":{"kind":"rail","rot":92.1}},{"type":"Feature","geometry":{"type":"Point","coordinates":[-70.90995104587667,41.1020223813307]},"properties":{"kind":"rail","rot":92.1}},{"type":"Feature","geometry":{"type":"Point","coordinates":[-70.90995238886093,41.102050011336416]},"properties":{"kind":"rail","rot":92.1}},{"type":"Feature","geometry":{"type":"Point","coordinates":[-70.9099537318452,41.102077641342134]},"properties":{"kind":"rail","rot":92.1}},{"type":"Feature","geometry":{"type":"Point","coordinates":[-70.90995507482947,41.102105271347845]},"properties":{"kind":"rail","rot":92.1}},{"type":"Feature","geometry":{"type":"Point","coordinates":[-70.90995641781375,41.10213290135356]},"properties":{"kind":"rail","rot":92.1}},{"type":"Feature","geometry":{"type":"Point","coordinates":[-70.90995776079802,41.10216053135928]},"properties":{"kind":"rail","rot":92.1}},{"type":"Feature","geometry":{"type":"Point","coordinates":[-70.90995910378228,41.10218816136499]},"properties":{"kind":"rail","rot":92.1}},{"type":"Feature","geometry":{"type":"Point","coordinates":[-70.90995983700653,41.102203246418604]},"properties":{"kind":"rail","rot":99.4}},{"type":"Feature","geometry":{"type":"Point","coordinates":[-70.90996607117383,41.102233442232034]},"properties":{"kind":"rail","rot":99.4}},{"type":"Feature","geometry":{"type":"Point","coordinates":[-70.90997230534113,41.102263638045464]},"properties":{"kind":"rail","rot":99.4}},{"type":"Feature","geometry":{"type":"Point","coordinates":[-70.90997853950843,41.102293833858894]},"properties":{"kind":"rail","rot":99.4}},{"type":"Feature","geometry":{"type":"Point","coordinates":[-70.90998477367575,41.102324029672324]},"properties":{"kind":"rail","rot":99.4}},{"type":"Feature","geometry":{"type":"Point","coordinates":[-70.90999100784305,41.102354225485755]},"properties":{"kind":"rail","rot":99.4}},{"type":"Feature","geometry":{"type":"Point","coordinates":[-70.90999724201035,41.102384421299185]},"properties":{"kind":"rail","rot":99.4}},{"type":"Feature","geometry":{"type":"Point","coordinates":[-70.91000347617766,41.102414617112615]},"properties":{"kind":"rail","rot":99.4}},{"type":"Feature","geometry":{"type":"Point","coordinates":[-70.91000971034497,41.102444812926045]},"properties":{"kind":"rail","rot":99.4}},{"type":"Feature","geometry":{"type":"Point","coordinates":[-70.91001594451227,41.102475008739475]},"properties":{"kind":"rail","rot":99.4}},{"type":"Feature","geometry":{"type":"Point","coordinates":[-70.91002217867958,41.102505204552905]},"properties":{"kind":"rail","rot":99.4}},{"type":"Feature","geometry":{"type":"Point","coordinates":[-70.91002553591333,41.1025214656507]},"properties":{"kind":"rail","rot":73.3}},{"type":"Feature","geometry":{"type":"Point","coordinates":[-70.91001196946442,41.10255577472934]},"properties":{"kind":"rail","rot":73.3}},{"type":"Feature","geometry":{"type":"Point","coordinates":[-70.90999840301549,41.10259008380797]},"properties":{"kind":"rail","rot":73.3}},{"type":"Feature","geometry":{"type":"Point","coordinates":[-70.90998483656658,41.102624392886604]},"properties":{"kind":"rail","rot":73.3}},{"type":"Feature","geometry":{"type":"Point","coordinates":[-70.90997127011765,41.10265870196524]},"properties":{"kind":"rail","rot":73.3}},{"type":"Feature","geometry":{"type":"Point","coordinates":[-70.90995770366872,41.102693011043876]},"properties":{"kind":"rail","rot":73.3}},{"type":"Feature","geometry":{"type":"Point","coordinates":[-70.90994413721981,41.10272732012251]},"properties":{"kind":"rail","rot":73.3}},{"type":"Feature","geometry":{"type":"Point","coordinates":[-70.90993057077088,41.10276162920115]},"properties":{"kind":"rail","rot":73.3}},{"type":"Feature","geometry":{"type":"Point","coordinates":[-70.90992156881848,41.10278439482648]},"properties":{"kind":"rail","rot":49.4}},{"type":"Feature","geometry":{"type":"Point","coordinates":[-70.90989553231736,41.10280762993193]},"properties":{"kind":"rail","rot":49.4}},{"type":"Feature","geometry":{"type":"Point","coordinates":[-70.90986949581624,41.10283086503738]},"properties":{"kind":"rail","rot":49.4}},{"type":"Feature","geometry":{"type":"Point","coordinates":[-70.90984345931513,41.10285410014284]},"properties":{"kind":"rail","rot":49.4}},{"type":"Feature","geometry":{"type":"Point","coordinates":[-70.90981742281402,41.102877335248294]},"properties":{"kind":"rail","rot":49.4}},{"type":"Feature","geometry":{"type":"Point","coordinates":[-70.9097913863129,41.102900570353746]},"properties":{"kind":"rail","rot":49.4}},{"type":"Feature","geometry":{"type":"Point","coordinates":[-70.90976534981179,41.1029238054592]},"properties":{"kind":"rail","rot":49.4}},{"type":"Feature","geometry":{"type":"Point","coordinates":[-70.90973931331067,41.10294704056465]},"properties":{"kind":"rail","rot":49.4}},{"type":"Feature","geometry":{"type":"Point","coordinates":[-70.90971327680955,41.10297027567011]},"properties":{"kind":"rail","rot":49.4}},{"type":"Feature","geometry":{"type":"Point","coordinates":[-70.90968724030844,41.10299351077556]},"properties":{"kind":"rail","rot":49.4}},{"type":"Feature","geometry":{"type":"Point","coordinates":[-70.90966120380733,41.103016745881014]},"properties":{"kind":"rail","rot":49.4}},{"type":"Feature","geometry":{"type":"Point","coordinates":[-70.90963516730622,41.103039980986466]},"properties":{"kind":"rail","rot":49.4}},{"type":"Feature","geometry":{"type":"Point","coordinates":[-70.9096260394931,41.10304812669312]},"properties":{"kind":"rail","rot":54.3}},{"type":"Feature","geometry":{"type":"Point","coordinates":[-70.90960431824415,41.10307091138402]},"properties":{"kind":"rail","rot":54.3}},{"type":"Feature","geometry":{"type":"Point","coordinates":[-70.90958259699521,41.10309369607493]},"properties":{"kind":"rail","rot":54.3}},{"type":"Feature","geometry":{"type":"Point","coordinates":[-70.90956087574627,41.10311648076583]},"properties":{"kind":"rail","rot":54.3}},{"type":"Feature","geometry":{"type":"Point","coordinates":[-70.90953915449732,41.10313926545673]},"properties":{"kind":"rail","rot":54.3}},{"type":"Feature","geometry":{"type":"Point","coordinates":[-70.90951743324837,41.10316205014763]},"properties":{"kind":"rail","rot":54.3}},{"type":"Feature","geometry":{"type":"Point","coordinates":[-70.90949571199943,41.10318483483854]},"properties":{"kind":"rail","rot":54.3}},{"type":"Feature","geometry":{"type":"Point","coordinates":[-70.90947399075048,41.10320761952944]},"properties":{"kind":"rail","rot":54.3}},{"type":"Feature","geometry":{"type":"Point","coordinates":[-70.90945226950154,41.10323040422034]},"properties":{"kind":"rail","rot":54.3}},{"type":"Feature","geometry":{"type":"Point","coordinates":[-70.90943054825259,41.103253188911246]},"properties":{"kind":"rail","rot":54.3}},{"type":"Feature","geometry":{"type":"Point","coordinates":[-70.90940882700365,41.10327597360215]},"properties":{"kind":"rail","rot":54.3}},{"type":"Feature","geometry":{"type":"Point","coordinates":[-70.9093871057547,41.10329875829305]},"properties":{"kind":"rail","rot":54.3}},{"type":"Feature","geometry":{"type":"Point","coordinates":[-70.90936538450575,41.103321542983956]},"properties":{"kind":"rail","rot":54.3}},{"type":"Feature","geometry":{"type":"Point","coordinates":[-70.9093436632568,41.103344327674854]},"properties":{"kind":"rail","rot":54.3}},{"type":"Feature","geometry":{"type":"Point","coordinates":[-70.90934182130997,41.103346259800844]},"properties":{"kind":"rail","rot":58.6}},{"type":"Feature","geometry":{"type":"Point","coordinates":[-70.90932159418387,41.1033711749391]},"properties":{"kind":"rail","rot":58.6}},{"type":"Feature","geometry":{"type":"Point","coordinates":[-70.90930136705778,41.103396090077354]},"properties":{"kind":"rail","rot":58.6}},{"type":"Feature","geometry":{"type":"Point","coordinates":[-70.9092811399317,41.10342100521561]},"properties":{"kind":"rail","rot":58.6}},{"type":"Feature","geometry":{"type":"Point","coordinates":[-70.9092609128056,41.10344592035386]},"properties":{"kind":"rail","rot":58.6}},{"type":"Feature","geometry":{"type":"Point","coordinates":[-70.90924068567952,41.10347083549212]},"properties":{"kind":"rail","rot":58.6}},{"type":"Feature","geometry":{"type":"Point","coordinates":[-70.90922045855343,41.10349575063037]},"properties":{"kind":"rail","rot":58.6}},{"type":"Feature","geometry":{"type":"Point","coordinates":[-70.90920023142733,41.10352066576863]},"properties":{"kind":"rail","rot":58.6}},{"type":"Feature","geometry":{"type":"Point","coordinates":[-70.90918000430125,41.10354558090688]},"properties":{"kind":"rail","rot":58.6}},{"type":"Feature","geometry":{"type":"Point","coordinates":[-70.90915977717516,41.10357049604514]},"properties":{"kind":"rail","rot":58.6}},{"type":"Feature","geometry":{"type":"Point","coordinates":[-70.90913955004908,41.10359541118339]},"properties":{"kind":"rail","rot":58.6}},{"type":"Feature","geometry":{"type":"Point","coordinates":[-70.90911932292299,41.103620326321646]},"properties":{"kind":"rail","rot":58.6}},{"type":"Feature","geometry":{"type":"Point","coordinates":[-70.9090990957969,41.1036452414599]},"properties":{"kind":"rail","rot":58.6}},{"type":"Feature","geometry":{"type":"Point","coordinates":[-70.90909524977006,41.103649978874905]},"properties":{"kind":"rail","rot":49.1}},{"type":"Feature","geometry":{"type":"Point","coordinates":[-70.90906868402183,41.10367305841399]},"properties":{"kind":"rail","rot":49.1}},{"type":"Feature","geometry":{"type":"Point","coordinates":[-70.90904211827362,41.10369613795307]},"properties":{"kind":"rail","rot":49.1}},{"type":"Feature","geometry":{"type":"Point","coordinates":[-70.9090155525254,41.10371921749216]},"properties":{"kind":"rail","rot":49.1}},{"type":"Feature","geometry":{"type":"Point","coordinates":[-70.90898898677719,41.103742297031246]},"properties":{"kind":"rail","rot":49.1}},{"type":"Feature","geometry":{"type":"Point","coordinates":[-70.90896242102897,41.10376537657033]},"properties":{"kind":"rail","rot":49.1}},{"type":"Feature","geometry":{"type":"Point","coordinates":[-70.90893585528076,41.10378845610942]},"properties":{"kind":"rail","rot":49.1}},{"type":"Feature","geometry":{"type":"Point","coordinates":[-70.90890928953255,41.103811535648504]},"properties":{"kind":"rail","rot":49.1}},{"type":"Feature","geometry":{"type":"Point","coordinates":[-70.90888272378433,41.10383461518759]},"properties":{"kind":"rail","rot":49.1}},{"type":"Feature","geometry":{"type":"Point","coordinates":[-70.90885615803612,41.10385769472668]},"properties":{"kind":"rail","rot":49.1}},{"type":"Feature","geometry":{"type":"Point","coordinates":[-70.9088295922879,41.10388077426576]},"properties":{"kind":"rail","rot":49.1}},{"type":"Feature","geometry":{"type":"Point","coordinates":[-70.90880302653969,41.103903853804844]},"properties":{"kind":"rail","rot":49.1}},{"type":"Feature","geometry":{"type":"Point","coordinates":[-70.9087972435703,41.1039088778782]},"properties":{"kind":"rail","rot":39.9}},{"type":"Feature","geometry":{"type":"Point","coordinates":[-70.9087659335102,41.103928565243045]},"properties":{"kind":"rail","rot":39.9}},{"type":"Feature","geometry":{"type":"Point","coordinates":[-70.9087346234501,41.103948252607886]},"properties":{"kind":"rail","rot":39.9}},{"type":"Feature","geometry":{"type":"Point","coordinates":[-70.90870331338999,41.10396793997273]},"properties":{"kind":"rail","rot":39.9}},{"type":"Feature","geometry":{"type":"Point","coordinates":[-70.90867200332988,41.10398762733758]},"properties":{"kind":"rail","rot":39.9}},{"type":"Feature","geometry":{"type":"Point","coordinates":[-70.90864069326977,41.10400731470242]},"properties":{"kind":"rail","rot":39.9}},{"type":"Feature","geometry":{"type":"Point","coordinates":[-70.90860938320967,41.10402700206727]},"properties":{"kind":"rail","rot":39.9}},{"type":"Feature","geometry":{"type":"Point","coordinates":[-70.90857807314957,41.10404668943212]},"properties":{"kind":"rail","rot":39.9}},{"type":"Feature","geometry":{"type":"Point","coordinates":[-70.90854676308946,41.10406637679696]},"properties":{"kind":"rail","rot":39.9}},{"type":"Feature","geometry":{"type":"Point","coordinates":[-70.90851545302935,41.104086064161805]},"properties":{"kind":"rail","rot":39.9}},{"type":"Feature","geometry":{"type":"Point","coordinates":[-70.90848414296924,41.10410575152665]},"properties":{"kind":"rail","rot":39.9}},{"type":"Feature","geometry":{"type":"Point","coordinates":[-70.90845283290913,41.104125438891494]},"properties":{"kind":"rail","rot":39.9}},{"type":"Feature","geometry":{"type":"Point","coordinates":[-70.90844146914945,41.10413258427807]},"properties":{"kind":"rail","rot":27.9}},{"type":"Feature","geometry":{"type":"Point","coordinates":[-70.90840495787644,41.10414714714631]},"properties":{"kind":"rail","rot":27.9}},{"type":"Feature","geometry":{"type":"Point","coordinates":[-70.90836844660343,41.10416171001454]},"properties":{"kind":"rail","rot":27.9}},{"type":"Feature","geometry":{"type":"Point","coordinates":[-70.90833193533042,41.104176272882775]},"properties":{"kind":"rail","rot":27.9}},{"type":"Feature","geometry":{"type":"Point","coordinates":[-70.90829542405743,41.10419083575101]},"properties":{"kind":"rail","rot":27.9}},{"type":"Feature","geometry":{"type":"Point","coordinates":[-70.90825891278442,41.10420539861924]},"properties":{"kind":"rail","rot":27.9}},{"type":"Feature","geometry":{"type":"Point","coordinates":[-70.90822240151141,41.10421996148748]},"properties":{"kind":"rail","rot":27.9}},{"type":"Feature","geometry":{"type":"Point","coordinates":[-70.9081858902384,41.10423452435572]},"properties":{"kind":"rail","rot":27.9}},{"type":"Feature","geometry":{"type":"Point","coordinates":[-70.90814937896539,41.104249087223955]},"properties":{"kind":"rail","rot":27.9}},{"type":"Feature","geometry":{"type":"Point","coordinates":[-70.90811286769238,41.104263650092186]},"properties":{"kind":"rail","rot":27.9}},{"type":"Feature","geometry":{"type":"Point","coordinates":[-70.90807635641939,41.10427821296042]},"properties":{"kind":"rail","rot":27.9}},{"type":"Feature","geometry":{"type":"Point","coordinates":[-70.90804447670625,41.10429092848698]},"properties":{"kind":"rail","rot":15.8}},{"type":"Feature","geometry":{"type":"Point","coordinates":[-70.90800651366438,41.104299073041226]},"properties":{"kind":"rail","rot":15.8}},{"type":"Feature","geometry":{"type":"Point","coordinates":[-70.90796855062248,41.10430721759546]},"properties":{"kind":"rail","rot":15.8}},{"type":"Feature","geometry":{"type":"Point","coordinates":[-70.90793058758061,41.104315362149705]},"properties":{"kind":"rail","rot":15.8}},{"type":"Feature","geometry":{"type":"Point","coordinates":[-70.90789262453872,41.10432350670395]},"properties":{"kind":"rail","rot":15.8}},{"type":"Feature","geometry":{"type":"Point","coordinates":[-70.90785466149684,41.10433165125819]},"properties":{"kind":"rail","rot":15.8}},{"type":"Feature","geometry":{"type":"Point","coordinates":[-70.90781669845495,41.10433979581243]},"properties":{"kind":"rail","rot":15.8}},{"type":"Feature","geometry":{"type":"Point","coordinates":[-70.90777873541307,41.10434794036667]},"properties":{"kind":"rail","rot":15.8}},{"type":"Feature","geometry":{"type":"Point","coordinates":[-70.90774077237118,41.104356084920916]},"properties":{"kind":"rail","rot":15.8}},{"type":"Feature","geometry":{"type":"Point","coordinates":[-70.9077028093293,41.10436422947516]},"properties":{"kind":"rail","rot":15.8}},{"type":"Feature","geometry":{"type":"Point","coordinates":[-70.90766484628742,41.104372374029396]},"properties":{"kind":"rail","rot":15.8}},{"type":"Feature","geometry":{"type":"Point","coordinates":[-70.90762688324553,41.10438051858364]},"properties":{"kind":"rail","rot":15.8}},{"type":"Feature","geometry":{"type":"Point","coordinates":[-70.90758892020365,41.10438866313788]},"properties":{"kind":"rail","rot":15.8}},{"type":"Feature","geometry":{"type":"Point","coordinates":[-70.90758783458757,41.1043888960449]},"properties":{"kind":"rail","rot":16.6}},{"type":"Feature","geometry":{"type":"Point","coordinates":[-70.9075513993949,41.10439707638992]},"properties":{"kind":"rail","rot":16.6}},{"type":"Feature","geometry":{"type":"Point","coordinates":[-70.90751496420225,41.104405256734935]},"properties":{"kind":"rail","rot":16.6}},{"type":"Feature","geometry":{"type":"Point","coordinates":[-70.90747852900958,41.104413437079955]},"properties":{"kind":"rail","rot":16.6}},{"type":"Feature","geometry":{"type":"Point","coordinates":[-70.90744209381693,41.104421617424975]},"properties":{"kind":"rail","rot":16.6}},{"type":"Feature","geometry":{"type":"Point","coordinates":[-70.90740565862427,41.10442979776999]},"properties":{"kind":"rail","rot":16.6}},{"type":"Feature","geometry":{"type":"Point","coordinates":[-70.9073692234316,41.10443797811501]},"properties":{"kind":"rail","rot":16.6}},{"type":"Feature","geometry":{"type":"Point","coordinates":[-70.90733278823895,41.10444615846003]},"properties":{"kind":"rail","rot":16.6}},{"type":"Feature","geometry":{"type":"Point","coordinates":[-70.90729635304629,41.10445433880504]},"properties":{"kind":"rail","rot":16.6}},{"type":"Feature","geometry":{"type":"Point","coordinates":[-70.90725991785362,41.10446251915006]},"properties":{"kind":"rail","rot":16.6}},{"type":"Feature","geometry":{"type":"Point","coordinates":[-70.90722348266097,41.10447069949508]},"properties":{"kind":"rail","rot":16.6}},{"type":"Feature","geometry":{"type":"Point","coordinates":[-70.90718704746831,41.104478879840094]},"properties":{"kind":"rail","rot":16.6}},{"type":"Feature","geometry":{"type":"Point","coordinates":[-70.90715061227564,41.104487060185114]},"properties":{"kind":"rail","rot":16.6}},{"type":"Feature","geometry":{"type":"Point","coordinates":[-70.90711417708299,41.104495240530134]},"properties":{"kind":"rail","rot":16.6}},{"type":"Feature","geometry":{"type":"Point","coordinates":[-70.90710530160509,41.10449723323186]},"properties":{"kind":"rail","rot":17.3}},{"type":"Feature","geometry":{"type":"Point","coordinates":[-70.90706809925452,41.104505914755265]},"properties":{"kind":"rail","rot":17.3}},{"type":"Feature","geometry":{"type":"Point","coordinates":[-70.90703089690396,41.10451459627867]},"properties":{"kind":"rail","rot":17.3}},{"type":"Feature","geometry":{"type":"Point","coordinates":[-70.90699369455339,41.10452327780208]},"properties":{"kind":"rail","rot":17.3}},{"type":"Feature","geometry":{"type":"Point","coordinates":[-70.90695649220282,41.104531959325485]},"properties":{"kind":"rail","rot":17.3}},{"type":"Feature","geometry":{"type":"Point","coordinates":[-70.90691928985225,41.10454064084889]},"properties":{"kind":"rail","rot":17.3}},{"type":"Feature","geometry":{"type":"Point","coordinates":[-70.90688208750169,41.1045493223723]},"properties":{"kind":"rail","rot":17.3}},{"type":"Feature","geometry":{"type":"Point","coordinates":[-70.90684488515112,41.104558003895704]},"properties":{"kind":"rail","rot":17.3}},{"type":"Feature","geometry":{"type":"Point","coordinates":[-70.90680768280055,41.10456668541911]},"properties":{"kind":"rail","rot":17.3}},{"type":"Feature","geometry":{"type":"Point","coordinates":[-70.90677048044998,41.10457536694251]},"properties":{"kind":"rail","rot":17.3}},{"type":"Feature","geometry":{"type":"Point","coordinates":[-70.90673327809941,41.104584048465924]},"properties":{"kind":"rail","rot":17.3}},{"type":"Feature","geometry":{"type":"Point","coordinates":[-70.90669607574885,41.10459272998933]},"properties":{"kind":"rail","rot":17.3}},{"type":"Feature","geometry":{"type":"Point","coordinates":[-70.90665887339829,41.10460141151273]},"properties":{"kind":"rail","rot":17.3}},{"type":"Feature","geometry":{"type":"Point","coordinates":[-70.90662167104772,41.104610093036136]},"properties":{"kind":"rail","rot":17.3}},{"type":"Feature","geometry":{"type":"Point","coordinates":[-70.90662012892389,41.10461045290545]},"properties":{"kind":"rail","rot":9.3}},{"type":"Feature","geometry":{"type":"Point","coordinates":[-70.9065806653456,41.10461530950613]},"properties":{"kind":"rail","rot":9.3}},{"type":"Feature","geometry":{"type":"Point","coordinates":[-70.90654120176733,41.10462016610682]},"properties":{"kind":"rail","rot":9.3}},{"type":"Feature","geometry":{"type":"Point","coordinates":[-70.90650173818904,41.1046250227075]},"properties":{"kind":"rail","rot":9.3}},{"type":"Feature","geometry":{"type":"Point","coordinates":[-70.90646227461075,41.104629879308185]},"properties":{"kind":"rail","rot":9.3}},{"type":"Feature","geometry":{"type":"Point","coordinates":[-70.90642281103247,41.104634735908874]},"properties":{"kind":"rail","rot":9.3}},{"type":"Feature","geometry":{"type":"Point","coordinates":[-70.90638334745418,41.10463959250956]},"properties":{"kind":"rail","rot":9.3}},{"type":"Feature","geometry":{"type":"Point","coordinates":[-70.9063438838759,41.104644449110246]},"properties":{"kind":"rail","rot":9.3}},{"type":"Feature","geometry":{"type":"Point","coordinates":[-70.90630442029762,41.10464930571093]},"properties":{"kind":"rail","rot":9.3}},{"type":"Feature","geometry":{"type":"Point","coordinates":[-70.90626495671934,41.10465416231162]},"properties":{"kind":"rail","rot":9.3}},{"type":"Feature","geometry":{"type":"Point","coordinates":[-70.90622549314105,41.1046590189123]},"properties":{"kind":"rail","rot":9.3}},{"type":"Feature","geometry":{"type":"Point","coordinates":[-70.90618602956276,41.10466387551299]},"properties":{"kind":"rail","rot":9.3}},{"type":"Feature","geometry":{"type":"Point","coordinates":[-70.90614656598449,41.10466873211367]},"properties":{"kind":"rail","rot":9.3}},{"type":"Feature","geometry":{"type":"Point","coordinates":[-70.90613360130662,41.10467032761682]},"properties":{"kind":"rail","rot":1.5}},{"type":"Feature","geometry":{"type":"Point","coordinates":[-70.90609590094515,41.10467103503099]},"properties":{"kind":"rail","rot":1.5}},{"type":"Feature","geometry":{"type":"Point","coordinates":[-70.90605820058369,41.104671742445156]},"properties":{"kind":"rail","rot":1.5}},{"type":"Feature","geometry":{"type":"Point","coordinates":[-70.90602050022223,41.10467244985933]},"properties":{"kind":"rail","rot":1.5}},{"type":"Feature","geometry":{"type":"Point","coordinates":[-70.90598279986077,41.104673157273496]},"properties":{"kind":"rail","rot":1.5}},{"type":"Feature","geometry":{"type":"Point","coordinates":[-70.90594509949929,41.10467386468766]},"properties":{"kind":"rail","rot":1.5}},{"type":"Feature","geometry":{"type":"Point","coordinates":[-70.90590739913783,41.10467457210183]},"properties":{"kind":"rail","rot":1.5}},{"type":"Feature","geometry":{"type":"Point","coordinates":[-70.90586969877637,41.104675279515995]},"properties":{"kind":"rail","rot":1.5}},{"type":"Feature","geometry":{"type":"Point","coordinates":[-70.9058319984149,41.10467598693017]},"properties":{"kind":"rail","rot":1.5}},{"type":"Feature","geometry":{"type":"Point","coordinates":[-70.90579429805344,41.104676694344334]},"properties":{"kind":"rail","rot":1.5}},{"type":"Feature","geometry":{"type":"Point","coordinates":[-70.90575659769198,41.1046774017585]},"properties":{"kind":"rail","rot":1.5}},{"type":"Feature","geometry":{"type":"Point","coordinates":[-70.9057188973305,41.10467810917267]},"properties":{"kind":"rail","rot":1.5}},{"type":"Feature","geometry":{"type":"Point","coordinates":[-70.90568119696904,41.10467881658684]},"properties":{"kind":"rail","rot":1.5}},{"type":"Feature","geometry":{"type":"Point","coordinates":[-70.90564349660758,41.10467952400101]},"properties":{"kind":"rail","rot":1.5}},{"type":"Feature","geometry":{"type":"Point","coordinates":[-70.90561242106735,41.104680107106226]},"properties":{"kind":"rail","rot":13.6}},{"type":"Feature","geometry":{"type":"Point","coordinates":[-70.9055776700084,41.10468645446566]},"properties":{"kind":"rail","rot":13.6}},{"type":"Feature","geometry":{"type":"Point","coordinates":[-70.90554291894945,41.10469280182509]},"properties":{"kind":"rail","rot":13.6}},{"type":"Feature","geometry":{"type":"Point","coordinates":[-70.9055081678905,41.104699149184526]},"properties":{"kind":"rail","rot":13.6}},{"type":"Feature","geometry":{"type":"Point","coordinates":[-70.90547341683155,41.10470549654396]},"properties":{"kind":"rail","rot":13.6}},{"type":"Feature","geometry":{"type":"Point","coordinates":[-70.90543866577262,41.104711843903395]},"properties":{"kind":"rail","rot":13.6}},{"type":"Feature","geometry":{"type":"Point","coordinates":[-70.90540391471367,41.104718191262826]},"properties":{"kind":"rail","rot":13.6}},{"type":"Feature","geometry":{"type":"Point","coordinates":[-70.90536916365473,41.10472453862226]},"properties":{"kind":"rail","rot":13.6}},{"type":"Feature","geometry":{"type":"Point","coordinates":[-70.90533441259578,41.104730885981695]},"properties":{"kind":"rail","rot":13.6}},{"type":"Feature","geometry":{"type":"Point","coordinates":[-70.90529966153683,41.104737233341126]},"properties":{"kind":"rail","rot":13.6}},{"type":"Feature","geometry":{"type":"Point","coordinates":[-70.90526491047788,41.104743580700564]},"properties":{"kind":"rail","rot":13.6}},{"type":"Feature","geometry":{"type":"Point","coordinates":[-70.90523015941895,41.104749928059995]},"properties":{"kind":"rail","rot":13.6}},{"type":"Feature","geometry":{"type":"Point","coordinates":[-70.90519540836,41.104756275419426]},"properties":{"kind":"rail","rot":13.6}},{"type":"Feature","geometry":{"type":"Point","coordinates":[-70.90516065730105,41.104762622778864]},"properties":{"kind":"rail","rot":13.6}},{"type":"Feature","geometry":{"type":"Point","coordinates":[-70.9051259062421,41.104768970138295]},"properties":{"kind":"rail","rot":13.6}},{"type":"Feature","geometry":{"type":"Point","coordinates":[-70.90509585775041,41.1047744585632]},"properties":{"kind":"rail","rot":25.8}},{"type":"Feature","geometry":{"type":"Point","coordinates":[-70.9050628689175,41.104786527142345]},"properties":{"kind":"rail","rot":25.8}},{"type":"Feature","geometry":{"type":"Point","coordinates":[-70.9050298800846,41.10479859572149]},"properties":{"kind":"rail","rot":25.8}},{"type":"Feature","geometry":{"type":"Point","coordinates":[-70.90499689125168,41.104810664300636]},"properties":{"kind":"rail","rot":25.8}},{"type":"Feature","geometry":{"type":"Point","coordinates":[-70.90496390241877,41.10482273287978]},"properties":{"kind":"rail","rot":25.8}},{"type":"Feature","geometry":{"type":"Point","coordinates":[-70.90493091358586,41.10483480145893]},"properties":{"kind":"rail","rot":25.8}},{"type":"Feature","geometry":{"type":"Point","coordinates":[-70.90489792475294,41.104846870038074]},"properties":{"kind":"rail","rot":25.8}},{"type":"Feature","geometry":{"type":"Point","coordinates":[-70.90486493592005,41.10485893861722]},"properties":{"kind":"rail","rot":25.8}},{"type":"Feature","geometry":{"type":"Point","coordinates":[-70.90483194708713,41.104871007196365]},"properties":{"kind":"rail","rot":25.8}},{"type":"Feature","geometry":{"type":"Point","coordinates":[-70.90479895825422,41.10488307577551]},"properties":{"kind":"rail","rot":25.8}},{"type":"Feature","geometry":{"type":"Point","coordinates":[-70.9047659694213,41.104895144354664]},"properties":{"kind":"rail","rot":25.8}},{"type":"Feature","geometry":{"type":"Point","coordinates":[-70.90473298058839,41.10490721293381]},"properties":{"kind":"rail","rot":25.8}},{"type":"Feature","geometry":{"type":"Point","coordinates":[-70.90469999175548,41.104919281512956]},"properties":{"kind":"rail","rot":25.8}},{"type":"Feature","geometry":{"type":"Point","coordinates":[-70.90466700292258,41.1049313500921]},"properties":{"kind":"rail","rot":25.8}},{"type":"Feature","geometry":{"type":"Point","coordinates":[-70.90463401408967,41.10494341867125]},"properties":{"kind":"rail","rot":25.8}},{"type":"Feature","geometry":{"type":"Point","coordinates":[-70.90461949703472,41.10494872956621]},"properties":{"kind":"rail","rot":28.7}},{"type":"Feature","geometry":{"type":"Point","coordinates":[-70.90458651630475,41.10496231686477]},"properties":{"kind":"rail","rot":28.7}},{"type":"Feature","geometry":{"type":"Point","coordinates":[-70.90455353557476,41.104975904163325]},"properties":{"kind":"rail","rot":28.7}},{"type":"Feature","geometry":{"type":"Point","coordinates":[-70.90452055484478,41.104989491461886]},"properties":{"kind":"rail","rot":28.7}},{"type":"Feature","geometry":{"type":"Point","coordinates":[-70.90448757411481,41.10500307876045]},"properties":{"kind":"rail","rot":28.7}},{"type":"Feature","geometry":{"type":"Point","coordinates":[-70.90445459338483,41.10501666605901]},"properties":{"kind":"rail","rot":28.7}},{"type":"Feature","geometry":{"type":"Point","coordinates":[-70.90442161265486,41.10503025335756]},"properties":{"kind":"rail","rot":28.7}},{"type":"Feature","geometry":{"type":"Point","coordinates":[-70.90438863192487,41.10504384065612]},"properties":{"kind":"rail","rot":28.7}},{"type":"Feature","geometry":{"type":"Point","coordinates":[-70.90435565119489,41.105057427954684]},"properties":{"kind":"rail","rot":28.7}},{"type":"Feature","geometry":{"type":"Point","coordinates":[-70.90432267046492,41.105071015253245]},"properties":{"kind":"rail","rot":28.7}},{"type":"Feature","geometry":{"type":"Point","coordinates":[-70.90428968973494,41.1050846025518]},"properties":{"kind":"rail","rot":28.7}},{"type":"Feature","geometry":{"type":"Point","coordinates":[-70.90425670900495,41.10509818985036]},"properties":{"kind":"rail","rot":28.7}},{"type":"Feature","geometry":{"type":"Point","coordinates":[-70.90422372827499,41.10511177714892]},"properties":{"kind":"rail","rot":28.7}},{"type":"Feature","geometry":{"type":"Point","coordinates":[-70.904190747545,41.105125364447474]},"properties":{"kind":"rail","rot":28.7}},{"type":"Feature","geometry":{"type":"Point","coordinates":[-70.90416513483432,41.10513591629237]},"properties":{"kind":"rail","rot":31.7}},{"type":"Feature","geometry":{"type":"Point","coordinates":[-70.90413136728192,41.105151506035426]},"properties":{"kind":"rail","rot":31.7}},{"type":"Feature","geometry":{"type":"Point","coordinates":[-70.90409759972952,41.10516709577849]},"properties":{"kind":"rail","rot":31.7}},{"type":"Feature","geometry":{"type":"Point","coordinates":[-70.90406383217712,41.105182685521555]},"properties":{"kind":"rail","rot":31.7}},{"type":"Feature","geometry":{"type":"Point","coordinates":[-70.90403006462472,41.10519827526461]},"properties":{"kind":"rail","rot":31.7}},{"type":"Feature","geometry":{"type":"Point","coordinates":[-70.90399629707233,41.10521386500768]},"properties":{"kind":"rail","rot":31.7}},{"type":"Feature","geometry":{"type":"Point","coordinates":[-70.90396252951993,41.10522945475074]},"properties":{"kind":"rail","rot":31.7}},{"type":"Feature","geometry":{"type":"Point","coordinates":[-70.90392876196753,41.1052450444938]},"properties":{"kind":"rail","rot":31.7}},{"type":"Feature","geometry":{"type":"Point","coordinates":[-70.90389499441514,41.10526063423686]},"properties":{"kind":"rail","rot":31.7}},{"type":"Feature","geometry":{"type":"Point","coordinates":[-70.90386122686274,41.10527622397993]},"properties":{"kind":"rail","rot":31.7}},{"type":"Feature","geometry":{"type":"Point","coordinates":[-70.90382745931035,41.10529181372299]},"properties":{"kind":"rail","rot":31.7}},{"type":"Feature","geometry":{"type":"Point","coordinates":[-70.90379369175794,41.10530740346605]},"properties":{"kind":"rail","rot":31.7}},{"type":"Feature","geometry":{"type":"Point","coordinates":[-70.90375992420554,41.105322993209114]},"properties":{"kind":"rail","rot":31.7}},{"type":"Feature","geometry":{"type":"Point","coordinates":[-70.90374121564577,41.10533163054346]},"properties":{"kind":"rail","rot":16}},{"type":"Feature","geometry":{"type":"Point","coordinates":[-70.90370117745582,41.10534031784056]},"properties":{"kind":"rail","rot":16}},{"type":"Feature","geometry":{"type":"Point","coordinates":[-70.90366113926586,41.105349005137654]},"properties":{"kind":"rail","rot":16}},{"type":"Feature","geometry":{"type":"Point","coordinates":[-70.9036211010759,41.10535769243475]},"properties":{"kind":"rail","rot":16}},{"type":"Feature","geometry":{"type":"Point","coordinates":[-70.90358106288595,41.10536637973185]},"properties":{"kind":"rail","rot":16}},{"type":"Feature","geometry":{"type":"Point","coordinates":[-70.903541024696,41.105375067028945]},"properties":{"kind":"rail","rot":16}},{"type":"Feature","geometry":{"type":"Point","coordinates":[-70.90350098650605,41.10538375432604]},"properties":{"kind":"rail","rot":16}},{"type":"Feature","geometry":{"type":"Point","coordinates":[-70.90346094831608,41.10539244162314]},"properties":{"kind":"rail","rot":16}},{"type":"Feature","geometry":{"type":"Point","coordinates":[-70.90342091012613,41.10540112892024]},"properties":{"kind":"rail","rot":16}},{"type":"Feature","geometry":{"type":"Point","coordinates":[-70.90338087193618,41.10540981621734]},"properties":{"kind":"rail","rot":16}},{"type":"Feature","geometry":{"type":"Point","coordinates":[-70.90334083374621,41.105418503514436]},"properties":{"kind":"rail","rot":16}},{"type":"Feature","geometry":{"type":"Point","coordinates":[-70.90330079555626,41.10542719081153]},"properties":{"kind":"rail","rot":16}},{"type":"Feature","geometry":{"type":"Point","coordinates":[-70.90326723121996,41.105434473442486]},"properties":{"kind":"rail","rot":2.4}},{"type":"Feature","geometry":{"type":"Point","coordinates":[-70.9032281821925,41.10543574012183]},"properties":{"kind":"rail","rot":2.4}},{"type":"Feature","geometry":{"type":"Point","coordinates":[-70.90318913316506,41.105437006801175]},"properties":{"kind":"rail","rot":2.4}},{"type":"Feature","geometry":{"type":"Point","coordinates":[-70.90315008413762,41.105438273480516]},"properties":{"kind":"rail","rot":2.4}},{"type":"Feature","geometry":{"type":"Point","coordinates":[-70.90311103511017,41.10543954015986]},"properties":{"kind":"rail","rot":2.4}},{"type":"Feature","geometry":{"type":"Point","coordinates":[-70.90307198608274,41.105440806839205]},"properties":{"kind":"rail","rot":2.4}},{"type":"Feature","geometry":{"type":"Point","coordinates":[-70.90303293705529,41.105442073518546]},"properties":{"kind":"rail","rot":2.4}},{"type":"Feature","geometry":{"type":"Point","coordinates":[-70.90299388802785,41.105443340197894]},"properties":{"kind":"rail","rot":2.4}},{"type":"Feature","geometry":{"type":"Point","coordinates":[-70.9029548390004,41.105444606877235]},"properties":{"kind":"rail","rot":2.4}},{"type":"Feature","geometry":{"type":"Point","coordinates":[-70.90291578997297,41.105445873556576]},"properties":{"kind":"rail","rot":2.4}},{"type":"Feature","geometry":{"type":"Point","coordinates":[-70.90287674094552,41.105447140235924]},"properties":{"kind":"rail","rot":2.4}},{"type":"Feature","geometry":{"type":"Point","coordinates":[-70.90283769191808,41.105448406915265]},"properties":{"kind":"rail","rot":2.4}},{"type":"Feature","geometry":{"type":"Point","coordinates":[-70.90279864289063,41.10544967359461]},"properties":{"kind":"rail","rot":2.4}},{"type":"Feature","geometry":{"type":"Point","coordinates":[-70.9027595938632,41.105450940273954]},"properties":{"kind":"rail","rot":2.4}},{"type":"Feature","geometry":{"type":"Point","coordinates":[-70.90272054483574,41.105452206953295]},"properties":{"kind":"rail","rot":2.4}},{"type":"Feature","geometry":{"type":"Point","coordinates":[-70.90270221475419,41.10545280154776]},"properties":{"kind":"rail","rot":6}},{"type":"Feature","geometry":{"type":"Point","coordinates":[-70.9026648976549,41.105455734300016]},"properties":{"kind":"rail","rot":6}},{"type":"Feature","geometry":{"type":"Point","coordinates":[-70.90262758055562,41.10545866705227]},"properties":{"kind":"rail","rot":6}},{"type":"Feature","geometry":{"type":"Point","coordinates":[-70.90259026345635,41.10546159980452]},"properties":{"kind":"rail","rot":6}},{"type":"Feature","geometry":{"type":"Point","coordinates":[-70.90255294635706,41.10546453255677]},"properties":{"kind":"rail","rot":6}},{"type":"Feature","geometry":{"type":"Point","coordinates":[-70.90251562925778,41.10546746530902]},"properties":{"kind":"rail","rot":6}},{"type":"Feature","geometry":{"type":"Point","coordinates":[-70.9024783121585,41.10547039806127]},"properties":{"kind":"rail","rot":6}},{"type":"Feature","geometry":{"type":"Point","coordinates":[-70.90244099505921,41.105473330813524]},"properties":{"kind":"rail","rot":6}},{"type":"Feature","geometry":{"type":"Point","coordinates":[-70.90240367795992,41.10547626356578]},"properties":{"kind":"rail","rot":6}},{"type":"Feature","geometry":{"type":"Point","coordinates":[-70.90236636086064,41.10547919631803]},"properties":{"kind":"rail","rot":6}},{"type":"Feature","geometry":{"type":"Point","coordinates":[-70.90232904376136,41.105482129070275]},"properties":{"kind":"rail","rot":6}},{"type":"Feature","geometry":{"type":"Point","coordinates":[-70.90229172666207,41.10548506182253]},"properties":{"kind":"rail","rot":6}},{"type":"Feature","geometry":{"type":"Point","coordinates":[-70.9022544095628,41.10548799457478]},"properties":{"kind":"rail","rot":6}},{"type":"Feature","geometry":{"type":"Point","coordinates":[-70.90221709246352,41.10549092732703]},"properties":{"kind":"rail","rot":6}},{"type":"Feature","geometry":{"type":"Point","coordinates":[-70.90217977536423,41.105493860079285]},"properties":{"kind":"rail","rot":6}},{"type":"Feature","geometry":{"type":"Point","coordinates":[-70.90214245826495,41.10549679283154]},"properties":{"kind":"rail","rot":6}},{"type":"Feature","geometry":{"type":"Point","coordinates":[-70.9021217493067,41.10549842034935]},"properties":{"kind":"rail","rot":9.4}},{"type":"Feature","geometry":{"type":"Point","coordinates":[-70.90208365222904,41.10550316867032]},"properties":{"kind":"rail","rot":9.4}},{"type":"Feature","geometry":{"type":"Point","coordinates":[-70.90204555515139,41.105507916991286]},"properties":{"kind":"rail","rot":9.4}},{"type":"Feature","geometry":{"type":"Point","coordinates":[-70.90200745807374,41.105512665312254]},"properties":{"kind":"rail","rot":9.4}},{"type":"Feature","geometry":{"type":"Point","coordinates":[-70.90196936099609,41.10551741363322]},"properties":{"kind":"rail","rot":9.4}},{"type":"Feature","geometry":{"type":"Point","coordinates":[-70.90193126391844,41.105522161954184]},"properties":{"kind":"rail","rot":9.4}},{"type":"Feature","geometry":{"type":"Point","coordinates":[-70.9018931668408,41.10552691027515]},"properties":{"kind":"rail","rot":9.4}},{"type":"Feature","geometry":{"type":"Point","coordinates":[-70.90185506976314,41.10553165859612]},"properties":{"kind":"rail","rot":9.4}},{"type":"Feature","geometry":{"type":"Point","coordinates":[-70.9018169726855,41.10553640691709]},"properties":{"kind":"rail","rot":9.4}},{"type":"Feature","geometry":{"type":"Point","coordinates":[-70.90177887560785,41.10554115523806]},"properties":{"kind":"rail","rot":9.4}},{"type":"Feature","geometry":{"type":"Point","coordinates":[-70.9017407785302,41.10554590355902]},"properties":{"kind":"rail","rot":9.4}},{"type":"Feature","geometry":{"type":"Point","coordinates":[-70.90170268145255,41.10555065187999]},"properties":{"kind":"rail","rot":9.4}},{"type":"Feature","geometry":{"type":"Point","coordinates":[-70.9016645843749,41.105555400200956]},"properties":{"kind":"rail","rot":9.4}},{"type":"Feature","geometry":{"type":"Point","coordinates":[-70.90162648729725,41.105560148521924]},"properties":{"kind":"rail","rot":9.4}},{"type":"Feature","geometry":{"type":"Point","coordinates":[-70.90158839021959,41.10556489684289]},"properties":{"kind":"rail","rot":9.4}},{"type":"Feature","geometry":{"type":"Point","coordinates":[-70.90155841295449,41.105568633131476]},"properties":{"kind":"rail","rot":1.1}},{"type":"Feature","geometry":{"type":"Point","coordinates":[-70.90151858207345,41.105569209167726]},"properties":{"kind":"rail","rot":1.1}},{"type":"Feature","geometry":{"type":"Point","coordinates":[-70.9014787511924,41.105569785203976]},"properties":{"kind":"rail","rot":1.1}},{"type":"Feature","geometry":{"type":"Point","coordinates":[-70.90143892031135,41.10557036124023]},"properties":{"kind":"rail","rot":1.1}},{"type":"Feature","geometry":{"type":"Point","coordinates":[-70.9013990894303,41.10557093727648]},"properties":{"kind":"rail","rot":1.1}},{"type":"Feature","geometry":{"type":"Point","coordinates":[-70.90135925854925,41.10557151331273]},"properties":{"kind":"rail","rot":1.1}},{"type":"Feature","geometry":{"type":"Point","coordinates":[-70.9013194276682,41.10557208934898]},"properties":{"kind":"rail","rot":1.1}},{"type":"Feature","geometry":{"type":"Point","coordinates":[-70.90127959678715,41.10557266538523]},"properties":{"kind":"rail","rot":1.1}},{"type":"Feature","geometry":{"type":"Point","coordinates":[-70.9012397659061,41.10557324142148]},"properties":{"kind":"rail","rot":1.1}},{"type":"Feature","geometry":{"type":"Point","coordinates":[-70.90119993502505,41.10557381745773]},"properties":{"kind":"rail","rot":1.1}},{"type":"Feature","geometry":{"type":"Point","coordinates":[-70.901160104144,41.10557439349399]},"properties":{"kind":"rail","rot":1.1}},{"type":"Feature","geometry":{"type":"Point","coordinates":[-70.90112027326295,41.10557496953024]},"properties":{"kind":"rail","rot":1.1}},{"type":"Feature","geometry":{"type":"Point","coordinates":[-70.90108044238191,41.10557554556649]},"properties":{"kind":"rail","rot":1.1}},{"type":"Feature","geometry":{"type":"Point","coordinates":[-70.90104061150086,41.10557612160274]},"properties":{"kind":"rail","rot":1.1}},{"type":"Feature","geometry":{"type":"Point","coordinates":[-70.90100316465042,41.10557666316102]},"properties":{"kind":"rail","rot":-7}},{"type":"Feature","geometry":{"type":"Point","coordinates":[-70.90096547437052,41.10557315868897]},"properties":{"kind":"rail","rot":-7}},{"type":"Feature","geometry":{"type":"Point","coordinates":[-70.90092778409063,41.10556965421692]},"properties":{"kind":"rail","rot":-7}},{"type":"Feature","geometry":{"type":"Point","coordinates":[-70.90089009381074,41.105566149744874]},"properties":{"kind":"rail","rot":-7}},{"type":"Feature","geometry":{"type":"Point","coordinates":[-70.90085240353085,41.105562645272826]},"properties":{"kind":"rail","rot":-7}},{"type":"Feature","geometry":{"type":"Point","coordinates":[-70.90081471325095,41.10555914080078]},"properties":{"kind":"rail","rot":-7}},{"type":"Feature","geometry":{"type":"Point","coordinates":[-70.90077702297107,41.10555563632873]},"properties":{"kind":"rail","rot":-7}},{"type":"Feature","geometry":{"type":"Point","coordinates":[-70.90073933269117,41.10555213185668]},"properties":{"kind":"rail","rot":-7}},{"type":"Feature","geometry":{"type":"Point","coordinates":[-70.90070164241128,41.105548627384636]},"properties":{"kind":"rail","rot":-7}},{"type":"Feature","geometry":{"type":"Point","coordinates":[-70.9006639521314,41.10554512291259]},"properties":{"kind":"rail","rot":-7}},{"type":"Feature","geometry":{"type":"Point","coordinates":[-70.9006262618515,41.10554161844054]},"properties":{"kind":"rail","rot":-7}},{"type":"Feature","geometry":{"type":"Point","coordinates":[-70.9005885715716,41.10553811396849]},"properties":{"kind":"rail","rot":-7}},{"type":"Feature","geometry":{"type":"Point","coordinates":[-70.90055088129172,41.105534609496445]},"properties":{"kind":"rail","rot":-7}},{"type":"Feature","geometry":{"type":"Point","coordinates":[-70.90051319101183,41.1055311050244]},"properties":{"kind":"rail","rot":-7}},{"type":"Feature","geometry":{"type":"Point","coordinates":[-70.90047550073193,41.10552760055235]},"properties":{"kind":"rail","rot":-7}},{"type":"Feature","geometry":{"type":"Point","coordinates":[-70.90043781045205,41.1055240960803]},"properties":{"kind":"rail","rot":-7}},{"type":"Feature","geometry":{"type":"Point","coordinates":[-70.90042089842807,41.105522523586934]},"properties":{"kind":"rail","rot":3}},{"type":"Feature","geometry":{"type":"Point","coordinates":[-70.90038455021538,41.10552393859553]},"properties":{"kind":"rail","rot":3}},{"type":"Feature","geometry":{"type":"Point","coordinates":[-70.90034820200269,41.10552535360413]},"properties":{"kind":"rail","rot":3}},{"type":"Feature","geometry":{"type":"Point","coordinates":[-70.90031185379,41.10552676861273]},"properties":{"kind":"rail","rot":3}},{"type":"Feature","geometry":{"type":"Point","coordinates":[-70.9002755055773,41.105528183621324]},"properties":{"kind":"rail","rot":3}},{"type":"Feature","geometry":{"type":"Point","coordinates":[-70.90023915736461,41.10552959862992]},"properties":{"kind":"rail","rot":3}},{"type":"Feature","geometry":{"type":"Point","coordinates":[-70.90020280915192,41.10553101363852]},"properties":{"kind":"rail","rot":3}},{"type":"Feature","geometry":{"type":"Point","coordinates":[-70.90016646093922,41.105532428647116]},"properties":{"kind":"rail","rot":3}},{"type":"Feature","geometry":{"type":"Point","coordinates":[-70.90013011272653,41.10553384365572]},"properties":{"kind":"rail","rot":3}},{"type":"Feature","geometry":{"type":"Point","coordinates":[-70.90009376451384,41.10553525866432]},"properties":{"kind":"rail","rot":3}},{"type":"Feature","geometry":{"type":"Point","coordinates":[-70.90005741630115,41.105536673672916]},"properties":{"kind":"rail","rot":3}},{"type":"Feature","geometry":{"type":"Point","coordinates":[-70.90002106808845,41.10553808868151]},"properties":{"kind":"rail","rot":3}},{"type":"Feature","geometry":{"type":"Point","coordinates":[-70.89998471987576,41.10553950369011]},"properties":{"kind":"rail","rot":3}},{"type":"Feature","geometry":{"type":"Point","coordinates":[-70.89994837166307,41.10554091869871]},"properties":{"kind":"rail","rot":3}},{"type":"Feature","geometry":{"type":"Point","coordinates":[-70.89991202345038,41.105542333707305]},"properties":{"kind":"rail","rot":3}},{"type":"Feature","geometry":{"type":"Point","coordinates":[-70.89987567523768,41.1055437487159]},"properties":{"kind":"rail","rot":3}},{"type":"Feature","geometry":{"type":"Point","coordinates":[-70.89983932702499,41.1055451637245]},"properties":{"kind":"rail","rot":3}},{"type":"Feature","geometry":{"type":"Point","coordinates":[-70.89982249245892,41.105545819081506]},"properties":{"kind":"rail","rot":12.9}},{"type":"Feature","geometry":{"type":"Point","coordinates":[-70.89978569543177,41.10555218619681]},"properties":{"kind":"rail","rot":12.9}},{"type":"Feature","geometry":{"type":"Point","coordinates":[-70.89974889840461,41.10555855331211]},"properties":{"kind":"rail","rot":12.9}},{"type":"Feature","geometry":{"type":"Point","coordinates":[-70.89971210137746,41.10556492042741]},"properties":{"kind":"rail","rot":12.9}},{"type":"Feature","geometry":{"type":"Point","coordinates":[-70.89967530435031,41.105571287542716]},"properties":{"kind":"rail","rot":12.9}},{"type":"Feature","geometry":{"type":"Point","coordinates":[-70.89963850732315,41.10557765465801]},"properties":{"kind":"rail","rot":12.9}},{"type":"Feature","geometry":{"type":"Point","coordinates":[-70.899601710296,41.10558402177332]},"properties":{"kind":"rail","rot":12.9}},{"type":"Feature","geometry":{"type":"Point","coordinates":[-70.89956491326885,41.10559038888862]},"properties":{"kind":"rail","rot":12.9}},{"type":"Feature","geometry":{"type":"Point","coordinates":[-70.8995281162417,41.10559675600392]},"properties":{"kind":"rail","rot":12.9}},{"type":"Feature","geometry":{"type":"Point","coordinates":[-70.89949131921453,41.105603123119224]},"properties":{"kind":"rail","rot":12.9}},{"type":"Feature","geometry":{"type":"Point","coordinates":[-70.89945452218738,41.10560949023453]},"properties":{"kind":"rail","rot":12.9}},{"type":"Feature","geometry":{"type":"Point","coordinates":[-70.89941772516023,41.105615857349825]},"properties":{"kind":"rail","rot":12.9}},{"type":"Feature","geometry":{"type":"Point","coordinates":[-70.89938092813307,41.10562222446513]},"properties":{"kind":"rail","rot":12.9}},{"type":"Feature","geometry":{"type":"Point","coordinates":[-70.89934413110592,41.105628591580434]},"properties":{"kind":"rail","rot":12.9}},{"type":"Feature","geometry":{"type":"Point","coordinates":[-70.89930733407877,41.10563495869573]},"properties":{"kind":"rail","rot":12.9}},{"type":"Feature","geometry":{"type":"Point","coordinates":[-70.8992705370516,41.105641325811035]},"properties":{"kind":"rail","rot":12.9}},{"type":"Feature","geometry":{"type":"Point","coordinates":[-70.89924791103678,41.10564524086767]},"properties":{"kind":"rail","rot":7.2}},{"type":"Feature","geometry":{"type":"Point","coordinates":[-70.8992088274954,41.105648959457824]},"properties":{"kind":"rail","rot":7.2}},{"type":"Feature","geometry":{"type":"Point","coordinates":[-70.89916974395403,41.10565267804798]},"properties":{"kind":"rail","rot":7.2}},{"type":"Feature","geometry":{"type":"Point","coordinates":[-70.89913066041267,41.10565639663813]},"properties":{"kind":"rail","rot":7.2}},{"type":"Feature","geometry":{"type":"Point","coordinates":[-70.89909157687129,41.10566011522829]},"properties":{"kind":"rail","rot":7.2}},{"type":"Feature","geometry":{"type":"Point","coordinates":[-70.89905249332992,41.10566383381845]},"properties":{"kind":"rail","rot":7.2}},{"type":"Feature","geometry":{"type":"Point","coordinates":[-70.89901340978855,41.1056675524086]},"properties":{"kind":"rail","rot":7.2}},{"type":"Feature","geometry":{"type":"Point","coordinates":[-70.89897432624717,41.105671270998755]},"properties":{"kind":"rail","rot":7.2}},{"type":"Feature","geometry":{"type":"Point","coordinates":[-70.8989352427058,41.10567498958891]},"properties":{"kind":"rail","rot":7.2}},{"type":"Feature","geometry":{"type":"Point","coordinates":[-70.89889615916442,41.10567870817906]},"properties":{"kind":"rail","rot":7.2}},{"type":"Feature","geometry":{"type":"Point","coordinates":[-70.89885707562306,41.10568242676922]},"properties":{"kind":"rail","rot":7.2}},{"type":"Feature","geometry":{"type":"Point","coordinates":[-70.89881799208169,41.10568614535937]},"properties":{"kind":"rail","rot":7.2}},{"type":"Feature","geometry":{"type":"Point","coordinates":[-70.89877890854031,41.10568986394953]},"properties":{"kind":"rail","rot":7.2}},{"type":"Feature","geometry":{"type":"Point","coordinates":[-70.89873982499894,41.105693582539686]},"properties":{"kind":"rail","rot":7.2}},{"type":"Feature","geometry":{"type":"Point","coordinates":[-70.89870779323319,41.10569663019106]},"properties":{"kind":"rail","rot":0.9}},{"type":"Feature","geometry":{"type":"Point","coordinates":[-70.89866853542776,41.10569710380393]},"properties":{"kind":"rail","rot":0.9}},{"type":"Feature","geometry":{"type":"Point","coordinates":[-70.89862927762233,41.105697577416784]},"properties":{"kind":"rail","rot":0.9}},{"type":"Feature","geometry":{"type":"Point","coordinates":[-70.89859001981691,41.10569805102964]},"properties":{"kind":"rail","rot":0.9}},{"type":"Feature","geometry":{"type":"Point","coordinates":[-70.89855076201148,41.105698524642506]},"properties":{"kind":"rail","rot":0.9}},{"type":"Feature","geometry":{"type":"Point","coordinates":[-70.89851150420606,41.10569899825536]},"properties":{"kind":"rail","rot":0.9}},{"type":"Feature","geometry":{"type":"Point","coordinates":[-70.89847224640063,41.10569947186823]},"properties":{"kind":"rail","rot":0.9}},{"type":"Feature","geometry":{"type":"Point","coordinates":[-70.8984329885952,41.105699945481085]},"properties":{"kind":"rail","rot":0.9}},{"type":"Feature","geometry":{"type":"Point","coordinates":[-70.89839373078978,41.10570041909395]},"properties":{"kind":"rail","rot":0.9}},{"type":"Feature","geometry":{"type":"Point","coordinates":[-70.89835447298434,41.10570089270681]},"properties":{"kind":"rail","rot":0.9}},{"type":"Feature","geometry":{"type":"Point","coordinates":[-70.89831521517891,41.10570136631967]},"properties":{"kind":"rail","rot":0.9}},{"type":"Feature","geometry":{"type":"Point","coordinates":[-70.89827595737349,41.10570183993253]},"properties":{"kind":"rail","rot":0.9}},{"type":"Feature","geometry":{"type":"Point","coordinates":[-70.89823669956806,41.10570231354539]},"properties":{"kind":"rail","rot":0.9}},{"type":"Feature","geometry":{"type":"Point","coordinates":[-70.89819744176263,41.10570278715825]},"properties":{"kind":"rail","rot":0.9}},{"type":"Feature","geometry":{"type":"Point","coordinates":[-70.89818143751646,41.10570298023621]},"properties":{"kind":"rail","rot":-3.2}},{"type":"Feature","geometry":{"type":"Point","coordinates":[-70.89814248356919,41.10570135868145]},"properties":{"kind":"rail","rot":-3.2}},{"type":"Feature","geometry":{"type":"Point","coordinates":[-70.89810352962192,41.10569973712669]},"properties":{"kind":"rail","rot":-3.2}},{"type":"Feature","geometry":{"type":"Point","coordinates":[-70.89806457567465,41.10569811557193]},"properties":{"kind":"rail","rot":-3.2}},{"type":"Feature","geometry":{"type":"Point","coordinates":[-70.89802562172738,41.105696494017174]},"properties":{"kind":"rail","rot":-3.2}},{"type":"Feature","geometry":{"type":"Point","coordinates":[-70.89798666778012,41.10569487246242]},"properties":{"kind":"rail","rot":-3.2}},{"type":"Feature","geometry":{"type":"Point","coordinates":[-70.89794771383285,41.10569325090766]},"properties":{"kind":"rail","rot":-3.2}},{"type":"Feature","geometry":{"type":"Point","coordinates":[-70.89790875988558,41.105691629352904]},"properties":{"kind":"rail","rot":-3.2}},{"type":"Feature","geometry":{"type":"Point","coordinates":[-70.89786980593831,41.105690007798145]},"properties":{"kind":"rail","rot":-3.2}},{"type":"Feature","geometry":{"type":"Point","coordinates":[-70.89783085199105,41.10568838624339]},"properties":{"kind":"rail","rot":-3.2}},{"type":"Feature","geometry":{"type":"Point","coordinates":[-70.89779189804378,41.105686764688635]},"properties":{"kind":"rail","rot":-3.2}},{"type":"Feature","geometry":{"type":"Point","coordinates":[-70.89775294409651,41.105685143133876]},"properties":{"kind":"rail","rot":-3.2}},{"type":"Feature","geometry":{"type":"Point","coordinates":[-70.89771399014924,41.10568352157912]},"properties":{"kind":"rail","rot":-3.2}},{"type":"Feature","geometry":{"type":"Point","coordinates":[-70.89767503620197,41.105681900024365]},"properties":{"kind":"rail","rot":-3.2}},{"type":"Feature","geometry":{"type":"Point","coordinates":[-70.89765453812508,41.105681046741026]},"properties":{"kind":"rail","rot":-7.2}},{"type":"Feature","geometry":{"type":"Point","coordinates":[-70.89761519484905,41.10567729639082]},"properties":{"kind":"rail","rot":-7.2}},{"type":"Feature","geometry":{"type":"Point","coordinates":[-70.89757585157301,41.10567354604063]},"properties":{"kind":"rail","rot":-7.2}},{"type":"Feature","geometry":{"type":"Point","coordinates":[-70.89753650829697,41.10566979569043]},"properties":{"kind":"rail","rot":-7.2}},{"type":"Feature","geometry":{"type":"Point","coordinates":[-70.89749716502092,41.10566604534023]},"properties":{"kind":"rail","rot":-7.2}},{"type":"Feature","geometry":{"type":"Point","coordinates":[-70.8974578217449,41.10566229499003]},"properties":{"kind":"rail","rot":-7.2}},{"type":"Feature","geometry":{"type":"Point","coordinates":[-70.89741847846885,41.10565854463983]},"properties":{"kind":"rail","rot":-7.2}},{"type":"Feature","geometry":{"type":"Point","coordinates":[-70.8973791351928,41.105654794289634]},"properties":{"kind":"rail","rot":-7.2}},{"type":"Feature","geometry":{"type":"Point","coordinates":[-70.89733979191678,41.10565104393943]},"properties":{"kind":"rail","rot":-7.2}},{"type":"Feature","geometry":{"type":"Point","coordinates":[-70.89730044864073,41.105647293589236]},"properties":{"kind":"rail","rot":-7.2}},{"type":"Feature","geometry":{"type":"Point","coordinates":[-70.89726110536469,41.10564354323903]},"properties":{"kind":"rail","rot":-7.2}},{"type":"Feature","geometry":{"type":"Point","coordinates":[-70.89722176208865,41.10563979288884]},"properties":{"kind":"rail","rot":-7.2}},{"type":"Feature","geometry":{"type":"Point","coordinates":[-70.89718241881262,41.105636042538634]},"properties":{"kind":"rail","rot":-7.2}},{"type":"Feature","geometry":{"type":"Point","coordinates":[-70.89714307553658,41.10563229218844]},"properties":{"kind":"rail","rot":-7.2}},{"type":"Feature","geometry":{"type":"Point","coordinates":[-70.8971362769877,41.10563164412499]},"properties":{"kind":"rail","rot":-17.1}},{"type":"Feature","geometry":{"type":"Point","coordinates":[-70.89709767312452,41.1056226699142]},"properties":{"kind":"rail","rot":-17.1}},{"type":"Feature","geometry":{"type":"Point","coordinates":[-70.89705906926135,41.105613695703404]},"properties":{"kind":"rail","rot":-17.1}},{"type":"Feature","geometry":{"type":"Point","coordinates":[-70.89702046539817,41.10560472149261]},"properties":{"kind":"rail","rot":-17.1}},{"type":"Feature","geometry":{"type":"Point","coordinates":[-70.89698186153501,41.10559574728182]},"properties":{"kind":"rail","rot":-17.1}},{"type":"Feature","geometry":{"type":"Point","coordinates":[-70.89694325767184,41.105586773071025]},"properties":{"kind":"rail","rot":-17.1}},{"type":"Feature","geometry":{"type":"Point","coordinates":[-70.89690465380866,41.10557779886023]},"properties":{"kind":"rail","rot":-17.1}},{"type":"Feature","geometry":{"type":"Point","coordinates":[-70.89686604994549,41.10556882464944]},"properties":{"kind":"rail","rot":-17.1}},{"type":"Feature","geometry":{"type":"Point","coordinates":[-70.89682744608231,41.105559850438645]},"properties":{"kind":"rail","rot":-17.1}},{"type":"Feature","geometry":{"type":"Point","coordinates":[-70.89678884221915,41.10555087622785]},"properties":{"kind":"rail","rot":-17.1}},{"type":"Feature","geometry":{"type":"Point","coordinates":[-70.89675023835598,41.10554190201706]},"properties":{"kind":"rail","rot":-17.1}},{"type":"Feature","geometry":{"type":"Point","coordinates":[-70.8967116344928,41.105532927806266]},"properties":{"kind":"rail","rot":-17.1}},{"type":"Feature","geometry":{"type":"Point","coordinates":[-70.89667303062963,41.10552395359548]},"properties":{"kind":"rail","rot":-17.1}},{"type":"Feature","geometry":{"type":"Point","coordinates":[-70.89664979508579,41.10551855204622]},"properties":{"kind":"rail","rot":-27}},{"type":"Feature","geometry":{"type":"Point","coordinates":[-70.89661560024949,41.10550542547425]},"properties":{"kind":"rail","rot":-27}},{"type":"Feature","geometry":{"type":"Point","coordinates":[-70.8965814054132,41.10549229890227]},"properties":{"kind":"rail","rot":-27}},{"type":"Feature","geometry":{"type":"Point","coordinates":[-70.8965472105769,41.1054791723303]},"properties":{"kind":"rail","rot":-27}},{"type":"Feature","geometry":{"type":"Point","coordinates":[-70.89651301574061,41.10546604575832]},"properties":{"kind":"rail","rot":-27}},{"type":"Feature","geometry":{"type":"Point","coordinates":[-70.8964788209043,41.10545291918635]},"properties":{"kind":"rail","rot":-27}},{"type":"Feature","geometry":{"type":"Point","coordinates":[-70.896444626068,41.10543979261437]},"properties":{"kind":"rail","rot":-27}},{"type":"Feature","geometry":{"type":"Point","coordinates":[-70.89641043123171,41.10542666604239]},"properties":{"kind":"rail","rot":-27}},{"type":"Feature","geometry":{"type":"Point","coordinates":[-70.89637623639541,41.10541353947042]},"properties":{"kind":"rail","rot":-27}},{"type":"Feature","geometry":{"type":"Point","coordinates":[-70.89634204155911,41.10540041289844]},"properties":{"kind":"rail","rot":-27}},{"type":"Feature","geometry":{"type":"Point","coordinates":[-70.89630784672282,41.10538728632647]},"properties":{"kind":"rail","rot":-27}},{"type":"Feature","geometry":{"type":"Point","coordinates":[-70.89627365188652,41.10537415975449]},"properties":{"kind":"rail","rot":-27}},{"type":"Feature","geometry":{"type":"Point","coordinates":[-70.89623945705023,41.10536103318252]},"properties":{"kind":"rail","rot":-27}},{"type":"Feature","geometry":{"type":"Point","coordinates":[-70.89620526221393,41.10534790661054]},"properties":{"kind":"rail","rot":-27}},{"type":"Feature","geometry":{"type":"Point","coordinates":[-70.89617106737762,41.10533478003856]},"properties":{"kind":"rail","rot":-27}},{"type":"Feature","geometry":{"type":"Point","coordinates":[-70.89616924224808,41.1053340794154]},"properties":{"kind":"rail","rot":-19.5}},{"type":"Feature","geometry":{"type":"Point","coordinates":[-70.8961346203444,41.10532486204484]},"properties":{"kind":"rail","rot":-19.5}},{"type":"Feature","geometry":{"type":"Point","coordinates":[-70.89609999844072,41.10531564467428]},"properties":{"kind":"rail","rot":-19.5}},{"type":"Feature","geometry":{"type":"Point","coordinates":[-70.89606537653704,41.10530642730372]},"properties":{"kind":"rail","rot":-19.5}},{"type":"Feature","geometry":{"type":"Point","coordinates":[-70.89603075463336,41.105297209933156]},"properties":{"kind":"rail","rot":-19.5}},{"type":"Feature","geometry":{"type":"Point","coordinates":[-70.89599613272969,41.1052879925626]},"properties":{"kind":"rail","rot":-19.5}},{"type":"Feature","geometry":{"type":"Point","coordinates":[-70.89596151082601,41.10527877519204]},"properties":{"kind":"rail","rot":-19.5}},{"type":"Feature","geometry":{"type":"Point","coordinates":[-70.89592688892233,41.10526955782148]},"properties":{"kind":"rail","rot":-19.5}},{"type":"Feature","geometry":{"type":"Point","coordinates":[-70.89589226701865,41.10526034045092]},"properties":{"kind":"rail","rot":-19.5}},{"type":"Feature","geometry":{"type":"Point","coordinates":[-70.89585764511497,41.10525112308036]},"properties":{"kind":"rail","rot":-19.5}},{"type":"Feature","geometry":{"type":"Point","coordinates":[-70.89582302321129,41.105241905709796]},"properties":{"kind":"rail","rot":-19.5}},{"type":"Feature","geometry":{"type":"Point","coordinates":[-70.89578840130763,41.105232688339235]},"properties":{"kind":"rail","rot":-19.5}},{"type":"Feature","geometry":{"type":"Point","coordinates":[-70.89575377940395,41.105223470968674]},"properties":{"kind":"rail","rot":-19.5}},{"type":"Feature","geometry":{"type":"Point","coordinates":[-70.89571915750027,41.10521425359812]},"properties":{"kind":"rail","rot":-19.5}},{"type":"Feature","geometry":{"type":"Point","coordinates":[-70.89568453559659,41.10520503622756]},"properties":{"kind":"rail","rot":-19.5}},{"type":"Feature","geometry":{"type":"Point","coordinates":[-70.8956499136929,41.105195818857]},"properties":{"kind":"rail","rot":-19.5}},{"type":"Feature","geometry":{"type":"Point","coordinates":[-70.8956459905223,41.105194774393425]},"properties":{"kind":"rail","rot":-11.9}},{"type":"Feature","geometry":{"type":"Point","coordinates":[-70.89560845807776,41.10518880249362]},"properties":{"kind":"rail","rot":-11.9}},{"type":"Feature","geometry":{"type":"Point","coordinates":[-70.89557092563322,41.10518283059382]},"properties":{"kind":"rail","rot":-11.9}},{"type":"Feature","geometry":{"type":"Point","coordinates":[-70.89553339318867,41.105176858694016]},"properties":{"kind":"rail","rot":-11.9}},{"type":"Feature","geometry":{"type":"Point","coordinates":[-70.89549586074413,41.10517088679421]},"properties":{"kind":"rail","rot":-11.9}},{"type":"Feature","geometry":{"type":"Point","coordinates":[-70.8954583282996,41.10516491489441]},"properties":{"kind":"rail","rot":-11.9}},{"type":"Feature","geometry":{"type":"Point","coordinates":[-70.89542079585506,41.105158942994606]},"properties":{"kind":"rail","rot":-11.9}},{"type":"Feature","geometry":{"type":"Point","coordinates":[-70.89538326341051,41.1051529710948]},"properties":{"kind":"rail","rot":-11.9}},{"type":"Feature","geometry":{"type":"Point","coordinates":[-70.89534573096597,41.105146999195]},"properties":{"kind":"rail","rot":-11.9}},{"type":"Feature","geometry":{"type":"Point","coordinates":[-70.89530819852143,41.1051410272952]},"properties":{"kind":"rail","rot":-11.9}},{"type":"Feature","geometry":{"type":"Point","coordinates":[-70.8952706660769,41.105135055395394]},"properties":{"kind":"rail","rot":-11.9}},{"type":"Feature","geometry":{"type":"Point","coordinates":[-70.89523313363235,41.10512908349559]},"properties":{"kind":"rail","rot":-11.9}},{"type":"Feature","geometry":{"type":"Point","coordinates":[-70.89519560118781,41.10512311159579]},"properties":{"kind":"rail","rot":-11.9}},{"type":"Feature","geometry":{"type":"Point","coordinates":[-70.89515806874327,41.105117139695984]},"properties":{"kind":"rail","rot":-11.9}},{"type":"Feature","geometry":{"type":"Point","coordinates":[-70.89512053629873,41.10511116779618]},"properties":{"kind":"rail","rot":-11.9}},{"type":"Feature","geometry":{"type":"Point","coordinates":[-70.89511813348659,41.105110785477535]},"properties":{"kind":"rail","rot":-21.8}},{"type":"Feature","geometry":{"type":"Point","coordinates":[-70.89508043849567,41.105099429949014]},"properties":{"kind":"rail","rot":-21.8}},{"type":"Feature","geometry":{"type":"Point","coordinates":[-70.89504274350475,41.10508807442049]},"properties":{"kind":"rail","rot":-21.8}},{"type":"Feature","geometry":{"type":"Point","coordinates":[-70.89500504851382,41.105076718891965]},"properties":{"kind":"rail","rot":-21.8}},{"type":"Feature","geometry":{"type":"Point","coordinates":[-70.89496735352292,41.105065363363444]},"properties":{"kind":"rail","rot":-21.8}},{"type":"Feature","geometry":{"type":"Point","coordinates":[-70.89492965853199,41.10505400783492]},"properties":{"kind":"rail","rot":-21.8}},{"type":"Feature","geometry":{"type":"Point","coordinates":[-70.89489196354107,41.1050426523064]},"properties":{"kind":"rail","rot":-21.8}},{"type":"Feature","geometry":{"type":"Point","coordinates":[-70.89485426855015,41.10503129677788]},"properties":{"kind":"rail","rot":-21.8}},{"type":"Feature","geometry":{"type":"Point","coordinates":[-70.89481657355923,41.10501994124935]},"properties":{"kind":"rail","rot":-21.8}},{"type":"Feature","geometry":{"type":"Point","coordinates":[-70.8947788785683,41.10500858572083]},"properties":{"kind":"rail","rot":-21.8}},{"type":"Feature","geometry":{"type":"Point","coordinates":[-70.89474118357738,41.10499723019231]},"properties":{"kind":"rail","rot":-21.8}},{"type":"Feature","geometry":{"type":"Point","coordinates":[-70.89470348858647,41.10498587466379]},"properties":{"kind":"rail","rot":-21.8}},{"type":"Feature","geometry":{"type":"Point","coordinates":[-70.89466579359555,41.10497451913526]},"properties":{"kind":"rail","rot":-21.8}},{"type":"Feature","geometry":{"type":"Point","coordinates":[-70.89466391833017,41.10497395421592]},"properties":{"kind":"rail","rot":-32.4}},{"type":"Feature","geometry":{"type":"Point","coordinates":[-70.89463192536115,41.10495864043853]},"properties":{"kind":"rail","rot":-32.4}},{"type":"Feature","geometry":{"type":"Point","coordinates":[-70.89459993239214,41.10494332666115]},"properties":{"kind":"rail","rot":-32.4}},{"type":"Feature","geometry":{"type":"Point","coordinates":[-70.89456793942313,41.10492801288377]},"properties":{"kind":"rail","rot":-32.4}},{"type":"Feature","geometry":{"type":"Point","coordinates":[-70.89453594645411,41.10491269910638]},"properties":{"kind":"rail","rot":-32.4}},{"type":"Feature","geometry":{"type":"Point","coordinates":[-70.8945039534851,41.104897385329]},"properties":{"kind":"rail","rot":-32.4}},{"type":"Feature","geometry":{"type":"Point","coordinates":[-70.89447196051609,41.104882071551614]},"properties":{"kind":"rail","rot":-32.4}},{"type":"Feature","geometry":{"type":"Point","coordinates":[-70.89443996754709,41.104866757774225]},"properties":{"kind":"rail","rot":-32.4}},{"type":"Feature","geometry":{"type":"Point","coordinates":[-70.89440797457807,41.10485144399684]},"properties":{"kind":"rail","rot":-32.4}},{"type":"Feature","geometry":{"type":"Point","coordinates":[-70.89437598160906,41.10483613021946]},"properties":{"kind":"rail","rot":-32.4}},{"type":"Feature","geometry":{"type":"Point","coordinates":[-70.89434398864005,41.10482081644207]},"properties":{"kind":"rail","rot":-32.4}},{"type":"Feature","geometry":{"type":"Point","coordinates":[-70.89431199567103,41.10480550266469]},"properties":{"kind":"rail","rot":-32.4}},{"type":"Feature","geometry":{"type":"Point","coordinates":[-70.89428000270202,41.1047901888873]},"properties":{"kind":"rail","rot":-32.4}},{"type":"Feature","geometry":{"type":"Point","coordinates":[-70.894248009733,41.10477487510992]},"properties":{"kind":"rail","rot":-32.4}},{"type":"Feature","geometry":{"type":"Point","coordinates":[-70.89423850770577,41.10477032686278]},"properties":{"kind":"rail","rot":-19.2}},{"type":"Feature","geometry":{"type":"Point","coordinates":[-70.89420495974606,41.104761525449575]},"properties":{"kind":"rail","rot":-19.2}},{"type":"Feature","geometry":{"type":"Point","coordinates":[-70.89417141178637,41.10475272403637]},"properties":{"kind":"rail","rot":-19.2}},{"type":"Feature","geometry":{"type":"Point","coordinates":[-70.89413786382667,41.10474392262317]},"properties":{"kind":"rail","rot":-19.2}},{"type":"Feature","geometry":{"type":"Point","coordinates":[-70.89410431586697,41.10473512120998]},"properties":{"kind":"rail","rot":-19.2}},{"type":"Feature","geometry":{"type":"Point","coordinates":[-70.89407076790728,41.104726319796775]},"properties":{"kind":"rail","rot":-19.2}},{"type":"Feature","geometry":{"type":"Point","coordinates":[-70.89403721994758,41.10471751838357]},"properties":{"kind":"rail","rot":-19.2}},{"type":"Feature","geometry":{"type":"Point","coordinates":[-70.89400367198787,41.10470871697037]},"properties":{"kind":"rail","rot":-19.2}},{"type":"Feature","geometry":{"type":"Point","coordinates":[-70.89397012402819,41.10469991555717]},"properties":{"kind":"rail","rot":-19.2}},{"type":"Feature","geometry":{"type":"Point","coordinates":[-70.89393657606848,41.104691114143975]},"properties":{"kind":"rail","rot":-19.2}},{"type":"Feature","geometry":{"type":"Point","coordinates":[-70.89390302810878,41.10468231273077]},"properties":{"kind":"rail","rot":-19.2}},{"type":"Feature","geometry":{"type":"Point","coordinates":[-70.89386948014909,41.10467351131757]},"properties":{"kind":"rail","rot":-19.2}},{"type":"Feature","geometry":{"type":"Point","coordinates":[-70.89383593218939,41.10466470990437]},"properties":{"kind":"rail","rot":-19.2}},{"type":"Feature","geometry":{"type":"Point","coordinates":[-70.89380238422969,41.10465590849117]},"properties":{"kind":"rail","rot":-19.2}},{"type":"Feature","geometry":{"type":"Point","coordinates":[-70.89376883627,41.10464710707797]},"properties":{"kind":"rail","rot":-19.2}},{"type":"Feature","geometry":{"type":"Point","coordinates":[-70.89374805263517,41.10464165442573]},"properties":{"kind":"rail","rot":-5.6}},{"type":"Feature","geometry":{"type":"Point","coordinates":[-70.89370933452136,41.10463869029666]},"properties":{"kind":"rail","rot":-5.6}},{"type":"Feature","geometry":{"type":"Point","coordinates":[-70.89367061640755,41.1046357261676]},"properties":{"kind":"rail","rot":-5.6}},{"type":"Feature","geometry":{"type":"Point","coordinates":[-70.89363189829372,41.104632762038534]},"properties":{"kind":"rail","rot":-5.6}},{"type":"Feature","geometry":{"type":"Point","coordinates":[-70.8935931801799,41.104629797909475]},"properties":{"kind":"rail","rot":-5.6}},{"type":"Feature","geometry":{"type":"Point","coordinates":[-70.89355446206609,41.104626833780415]},"properties":{"kind":"rail","rot":-5.6}},{"type":"Feature","geometry":{"type":"Point","coordinates":[-70.89351574395226,41.10462386965135]},"properties":{"kind":"rail","rot":-5.6}},{"type":"Feature","geometry":{"type":"Point","coordinates":[-70.89347702583845,41.10462090552229]},"properties":{"kind":"rail","rot":-5.6}},{"type":"Feature","geometry":{"type":"Point","coordinates":[-70.89343830772464,41.10461794139322]},"properties":{"kind":"rail","rot":-5.6}},{"type":"Feature","geometry":{"type":"Point","coordinates":[-70.89339958961081,41.10461497726416]},"properties":{"kind":"rail","rot":-5.6}},{"type":"Feature","geometry":{"type":"Point","coordinates":[-70.893360871497,41.104612013135096]},"properties":{"kind":"rail","rot":-5.6}},{"type":"Feature","geometry":{"type":"Point","coordinates":[-70.89332215338318,41.10460904900604]},"properties":{"kind":"rail","rot":-5.6}},{"type":"Feature","geometry":{"type":"Point","coordinates":[-70.89328343526935,41.10460608487698]},"properties":{"kind":"rail","rot":-5.6}},{"type":"Feature","geometry":{"type":"Point","coordinates":[-70.89325726550358,41.10460408140739]},"properties":{"kind":"rail","rot":-26.8}},{"type":"Feature","geometry":{"type":"Point","coordinates":[-70.89321713177058,41.10458881852022]},"properties":{"kind":"rail","rot":-26.8}},{"type":"Feature","geometry":{"type":"Point","coordinates":[-70.8931769980376,41.10457355563305]},"properties":{"kind":"rail","rot":-26.8}},{"type":"Feature","geometry":{"type":"Point","coordinates":[-70.89313686430462,41.104558292745885]},"properties":{"kind":"rail","rot":-26.8}},{"type":"Feature","geometry":{"type":"Point","coordinates":[-70.89309673057164,41.10454302985872]},"properties":{"kind":"rail","rot":-26.8}},{"type":"Feature","geometry":{"type":"Point","coordinates":[-70.89305659683866,41.10452776697154]},"properties":{"kind":"rail","rot":-26.8}},{"type":"Feature","geometry":{"type":"Point","coordinates":[-70.89301646310568,41.104512504084376]},"properties":{"kind":"rail","rot":-26.8}},{"type":"Feature","geometry":{"type":"Point","coordinates":[-70.8929763293727,41.10449724119721]},"properties":{"kind":"rail","rot":-26.8}},{"type":"Feature","geometry":{"type":"Point","coordinates":[-70.89293619563972,41.10448197831004]},"properties":{"kind":"rail","rot":-26.8}},{"type":"Feature","geometry":{"type":"Point","coordinates":[-70.89289606190674,41.104466715422866]},"properties":{"kind":"rail","rot":-26.8}},{"type":"Feature","geometry":{"type":"Point","coordinates":[-70.89289054763495,41.10446461834139]},"properties":{"kind":"rail","rot":-48.8}},{"type":"Feature","geometry":{"type":"Point","coordinates":[-70.89286381361954,41.104441869172454]},"properties":{"kind":"rail","rot":-48.8}},{"type":"Feature","geometry":{"type":"Point","coordinates":[-70.89283707960413,41.10441912000352]},"properties":{"kind":"rail","rot":-48.8}},{"type":"Feature","geometry":{"type":"Point","coordinates":[-70.89281034558874,41.104396370834586]},"properties":{"kind":"rail","rot":-48.8}},{"type":"Feature","geometry":{"type":"Point","coordinates":[-70.89278361157334,41.104373621665644]},"properties":{"kind":"rail","rot":-48.8}},{"type":"Feature","geometry":{"type":"Point","coordinates":[-70.89275687755793,41.10435087249671]},"properties":{"kind":"rail","rot":-48.8}},{"type":"Feature","geometry":{"type":"Point","coordinates":[-70.89273014354254,41.104328123327775]},"properties":{"kind":"rail","rot":-48.8}},{"type":"Feature","geometry":{"type":"Point","coordinates":[-70.89270340952713,41.10430537415884]},"properties":{"kind":"rail","rot":-48.8}},{"type":"Feature","geometry":{"type":"Point","coordinates":[-70.89267667551172,41.10428262498991]},"properties":{"kind":"rail","rot":-48.8}},{"type":"Feature","geometry":{"type":"Point","coordinates":[-70.89264994149633,41.10425987582097]},"properties":{"kind":"rail","rot":-48.8}},{"type":"Feature","geometry":{"type":"Point","coordinates":[-70.89262320748092,41.10423712665204]},"properties":{"kind":"rail","rot":-48.8}},{"type":"Feature","geometry":{"type":"Point","coordinates":[-70.89259647346552,41.104214377483096]},"properties":{"kind":"rail","rot":-48.8}},{"type":"Feature","geometry":{"type":"Point","coordinates":[-70.89258032311427,41.10420063442717]},"properties":{"kind":"rail","rot":-45.2}},{"type":"Feature","geometry":{"type":"Point","coordinates":[-70.89255390193094,41.10418058777326]},"properties":{"kind":"rail","rot":-45.2}},{"type":"Feature","geometry":{"type":"Point","coordinates":[-70.89252748074759,41.10416054111935]},"properties":{"kind":"rail","rot":-45.2}},{"type":"Feature","geometry":{"type":"Point","coordinates":[-70.89250105956425,41.10414049446544]},"properties":{"kind":"rail","rot":-45.2}},{"type":"Feature","geometry":{"type":"Point","coordinates":[-70.89247463838092,41.104120447811525]},"properties":{"kind":"rail","rot":-45.2}},{"type":"Feature","geometry":{"type":"Point","coordinates":[-70.89244821719757,41.104100401157616]},"properties":{"kind":"rail","rot":-45.2}},{"type":"Feature","geometry":{"type":"Point","coordinates":[-70.89242179601423,41.10408035450371]},"properties":{"kind":"rail","rot":-45.2}},{"type":"Feature","geometry":{"type":"Point","coordinates":[-70.8923953748309,41.10406030784979]},"properties":{"kind":"rail","rot":-45.2}},{"type":"Feature","geometry":{"type":"Point","coordinates":[-70.89236895364756,41.104040261195884]},"properties":{"kind":"rail","rot":-45.2}},{"type":"Feature","geometry":{"type":"Point","coordinates":[-70.89234253246421,41.104020214541976]},"properties":{"kind":"rail","rot":-45.2}},{"type":"Feature","geometry":{"type":"Point","coordinates":[-70.89231611128088,41.10400016788806]},"properties":{"kind":"rail","rot":-45.2}},{"type":"Feature","geometry":{"type":"Point","coordinates":[-70.89228969009754,41.10398012123415]},"properties":{"kind":"rail","rot":-45.2}},{"type":"Feature","geometry":{"type":"Point","coordinates":[-70.89226326891419,41.10396007458024]},"properties":{"kind":"rail","rot":-45.2}},{"type":"Feature","geometry":{"type":"Point","coordinates":[-70.89223684773086,41.10394002792633]},"properties":{"kind":"rail","rot":-45.2}},{"type":"Feature","geometry":{"type":"Point","coordinates":[-70.89223150429846,41.10393597368173]},"properties":{"kind":"rail","rot":-41.9}},{"type":"Feature","geometry":{"type":"Point","coordinates":[-70.89220210707525,41.10391599400858]},"properties":{"kind":"rail","rot":-41.9}},{"type":"Feature","geometry":{"type":"Point","coordinates":[-70.89217270985203,41.10389601433543]},"properties":{"kind":"rail","rot":-41.9}},{"type":"Feature","geometry":{"type":"Point","coordinates":[-70.89214331262882,41.10387603466228]},"properties":{"kind":"rail","rot":-41.9}},{"type":"Feature","geometry":{"type":"Point","coordinates":[-70.8921139154056,41.10385605498913]},"properties":{"kind":"rail","rot":-41.9}},{"type":"Feature","geometry":{"type":"Point","coordinates":[-70.89208451818239,41.10383607531598]},"properties":{"kind":"rail","rot":-41.9}},{"type":"Feature","geometry":{"type":"Point","coordinates":[-70.89205512095917,41.10381609564283]},"properties":{"kind":"rail","rot":-41.9}},{"type":"Feature","geometry":{"type":"Point","coordinates":[-70.89202572373596,41.10379611596968]},"properties":{"kind":"rail","rot":-41.9}},{"type":"Feature","geometry":{"type":"Point","coordinates":[-70.89199632651274,41.10377613629653]},"properties":{"kind":"rail","rot":-41.9}},{"type":"Feature","geometry":{"type":"Point","coordinates":[-70.89196692928952,41.103756156623376]},"properties":{"kind":"rail","rot":-41.9}},{"type":"Feature","geometry":{"type":"Point","coordinates":[-70.89193753206631,41.10373617695023]},"properties":{"kind":"rail","rot":-41.9}},{"type":"Feature","geometry":{"type":"Point","coordinates":[-70.89190813484309,41.10371619727708]},"properties":{"kind":"rail","rot":-41.9}},{"type":"Feature","geometry":{"type":"Point","coordinates":[-70.89187915446138,41.10369650090813]},"properties":{"kind":"rail","rot":-57.9}},{"type":"Feature","geometry":{"type":"Point","coordinates":[-70.89185623630426,41.10366891514534]},"properties":{"kind":"rail","rot":-57.9}},{"type":"Feature","geometry":{"type":"Point","coordinates":[-70.89183331814715,41.103641329382555]},"properties":{"kind":"rail","rot":-57.9}},{"type":"Feature","geometry":{"type":"Point","coordinates":[-70.89181039999004,41.10361374361977]},"properties":{"kind":"rail","rot":-57.9}},{"type":"Feature","geometry":{"type":"Point","coordinates":[-70.89178748183294,41.10358615785698]},"properties":{"kind":"rail","rot":-57.9}},{"type":"Feature","geometry":{"type":"Point","coordinates":[-70.89176456367582,41.103558572094194]},"properties":{"kind":"rail","rot":-57.9}},{"type":"Feature","geometry":{"type":"Point","coordinates":[-70.8917416455187,41.10353098633141]},"properties":{"kind":"rail","rot":-57.9}},{"type":"Feature","geometry":{"type":"Point","coordinates":[-70.8917187273616,41.10350340056863]},"properties":{"kind":"rail","rot":-57.9}},{"type":"Feature","geometry":{"type":"Point","coordinates":[-70.89169580920449,41.10347581480584]},"properties":{"kind":"rail","rot":-57.9}},{"type":"Feature","geometry":{"type":"Point","coordinates":[-70.89167289104738,41.10344822904305]},"properties":{"kind":"rail","rot":-57.9}},{"type":"Feature","geometry":{"type":"Point","coordinates":[-70.89166126806072,41.10343423887135]},"properties":{"kind":"rail","rot":-75.3}},{"type":"Feature","geometry":{"type":"Point","coordinates":[-70.89165146436618,41.10340625297447]},"properties":{"kind":"rail","rot":-75.3}},{"type":"Feature","geometry":{"type":"Point","coordinates":[-70.89164166067165,41.1033782670776]},"properties":{"kind":"rail","rot":-75.3}},{"type":"Feature","geometry":{"type":"Point","coordinates":[-70.89163185697711,41.103350281180724]},"properties":{"kind":"rail","rot":-75.3}},{"type":"Feature","geometry":{"type":"Point","coordinates":[-70.89162205328259,41.10332229528385]},"properties":{"kind":"rail","rot":-75.3}},{"type":"Feature","geometry":{"type":"Point","coordinates":[-70.89161224958806,41.103294309386975]},"properties":{"kind":"rail","rot":-75.3}},{"type":"Feature","geometry":{"type":"Point","coordinates":[-70.89160244589353,41.103266323490104]},"properties":{"kind":"rail","rot":-75.3}},{"type":"Feature","geometry":{"type":"Point","coordinates":[-70.891592642199,41.103238337593226]},"properties":{"kind":"rail","rot":-75.3}},{"type":"Feature","geometry":{"type":"Point","coordinates":[-70.89158283850446,41.103210351696355]},"properties":{"kind":"rail","rot":-75.3}},{"type":"Feature","geometry":{"type":"Point","coordinates":[-70.89157303480994,41.103182365799476]},"properties":{"kind":"rail","rot":-75.3}},{"type":"Feature","geometry":{"type":"Point","coordinates":[-70.8915632311154,41.103154379902605]},"properties":{"kind":"rail","rot":-75.3}},{"type":"Feature","geometry":{"type":"Point","coordinates":[-70.89155342742087,41.10312639400573]},"properties":{"kind":"rail","rot":-75.3}},{"type":"Feature","geometry":{"type":"Point","coordinates":[-70.89154716096238,41.10310850560042]},"properties":{"kind":"rail","rot":-59.9}},{"type":"Feature","geometry":{"type":"Point","coordinates":[-70.89152965776353,41.10308579727371]},"properties":{"kind":"rail","rot":-59.9}},{"type":"Feature","geometry":{"type":"Point","coordinates":[-70.89151215456468,41.103063088946996]},"properties":{"kind":"rail","rot":-59.9}},{"type":"Feature","geometry":{"type":"Point","coordinates":[-70.89149465136583,41.103040380620286]},"properties":{"kind":"rail","rot":-59.9}},{"type":"Feature","geometry":{"type":"Point","coordinates":[-70.89147714816698,41.103017672293575]},"properties":{"kind":"rail","rot":-59.9}},{"type":"Feature","geometry":{"type":"Point","coordinates":[-70.89145964496814,41.102994963966864]},"properties":{"kind":"rail","rot":-59.9}},{"type":"Feature","geometry":{"type":"Point","coordinates":[-70.89144214176929,41.102972255640154]},"properties":{"kind":"rail","rot":-59.9}},{"type":"Feature","geometry":{"type":"Point","coordinates":[-70.89142463857044,41.10294954731344]},"properties":{"kind":"rail","rot":-59.9}},{"type":"Feature","geometry":{"type":"Point","coordinates":[-70.8914071353716,41.10292683898673]},"properties":{"kind":"rail","rot":-59.9}},{"type":"Feature","geometry":{"type":"Point","coordinates":[-70.89138963217275,41.10290413066002]},"properties":{"kind":"rail","rot":-59.9}},{"type":"Feature","geometry":{"type":"Point","coordinates":[-70.8913721289739,41.10288142233331]},"properties":{"kind":"rail","rot":-59.9}},{"type":"Feature","geometry":{"type":"Point","coordinates":[-70.89135462577505,41.1028587140066]},"properties":{"kind":"rail","rot":-59.9}},{"type":"Feature","geometry":{"type":"Point","coordinates":[-70.8913371225762,41.10283600567989]},"properties":{"kind":"rail","rot":-59.9}},{"type":"Feature","geometry":{"type":"Point","coordinates":[-70.89131961937736,41.10281329735319]},"properties":{"kind":"rail","rot":-59.9}},{"type":"Feature","geometry":{"type":"Point","coordinates":[-70.89131110220254,41.10280224732798]},"properties":{"kind":"rail","rot":-44.8}},{"type":"Feature","geometry":{"type":"Point","coordinates":[-70.89128487051696,41.102782708360394]},"properties":{"kind":"rail","rot":-44.8}},{"type":"Feature","geometry":{"type":"Point","coordinates":[-70.89125863883137,41.1027631693928]},"properties":{"kind":"rail","rot":-44.8}},{"type":"Feature","geometry":{"type":"Point","coordinates":[-70.89123240714578,41.102743630425216]},"properties":{"kind":"rail","rot":-44.8}},{"type":"Feature","geometry":{"type":"Point","coordinates":[-70.8912061754602,41.10272409145763]},"properties":{"kind":"rail","rot":-44.8}},{"type":"Feature","geometry":{"type":"Point","coordinates":[-70.89117994377462,41.102704552490046]},"properties":{"kind":"rail","rot":-44.8}},{"type":"Feature","geometry":{"type":"Point","coordinates":[-70.89115371208902,41.10268501352246]},"properties":{"kind":"rail","rot":-44.8}},{"type":"Feature","geometry":{"type":"Point","coordinates":[-70.89112748040344,41.102665474554875]},"properties":{"kind":"rail","rot":-44.8}},{"type":"Feature","geometry":{"type":"Point","coordinates":[-70.89110124871786,41.10264593558729]},"properties":{"kind":"rail","rot":-44.8}},{"type":"Feature","geometry":{"type":"Point","coordinates":[-70.89107501703226,41.102626396619705]},"properties":{"kind":"rail","rot":-44.8}},{"type":"Feature","geometry":{"type":"Point","coordinates":[-70.89104878534668,41.10260685765212]},"properties":{"kind":"rail","rot":-44.8}},{"type":"Feature","geometry":{"type":"Point","coordinates":[-70.8910225536611,41.102587318684535]},"properties":{"kind":"rail","rot":-44.8}},{"type":"Feature","geometry":{"type":"Point","coordinates":[-70.8909963219755,41.10256777971694]},"properties":{"kind":"rail","rot":-44.8}},{"type":"Feature","geometry":{"type":"Point","coordinates":[-70.89098214888908,41.10255722273327]},"properties":{"kind":"rail","rot":-48.5}},{"type":"Feature","geometry":{"type":"Point","coordinates":[-70.8909561807263,41.102535117760226]},"properties":{"kind":"rail","rot":-48.5}},{"type":"Feature","geometry":{"type":"Point","coordinates":[-70.89093021256355,41.10251301278718]},"properties":{"kind":"rail","rot":-48.5}},{"type":"Feature","geometry":{"type":"Point","coordinates":[-70.89090424440077,41.10249090781413]},"properties":{"kind":"rail","rot":-48.5}},{"type":"Feature","geometry":{"type":"Point","coordinates":[-70.89087827623801,41.10246880284108]},"properties":{"kind":"rail","rot":-48.5}},{"type":"Feature","geometry":{"type":"Point","coordinates":[-70.89085230807524,41.10244669786803]},"properties":{"kind":"rail","rot":-48.5}},{"type":"Feature","geometry":{"type":"Point","coordinates":[-70.89082633991248,41.102424592894984]},"properties":{"kind":"rail","rot":-48.5}},{"type":"Feature","geometry":{"type":"Point","coordinates":[-70.8908003717497,41.102402487921935]},"properties":{"kind":"rail","rot":-48.5}},{"type":"Feature","geometry":{"type":"Point","coordinates":[-70.89077440358695,41.10238038294889]},"properties":{"kind":"rail","rot":-48.5}},{"type":"Feature","geometry":{"type":"Point","coordinates":[-70.89074843542417,41.10235827797584]},"properties":{"kind":"rail","rot":-48.5}},{"type":"Feature","geometry":{"type":"Point","coordinates":[-70.89072246726141,41.10233617300279]},"properties":{"kind":"rail","rot":-48.5}},{"type":"Feature","geometry":{"type":"Point","coordinates":[-70.89069649909864,41.10231406802974]},"properties":{"kind":"rail","rot":-48.5}},{"type":"Feature","geometry":{"type":"Point","coordinates":[-70.89069409252018,41.10231201946926]},"properties":{"kind":"rail","rot":-52.4}},{"type":"Feature","geometry":{"type":"Point","coordinates":[-70.8906696899503,41.10228809263596]},"properties":{"kind":"rail","rot":-52.4}},{"type":"Feature","geometry":{"type":"Point","coordinates":[-70.89064528738044,41.102264165802666]},"properties":{"kind":"rail","rot":-52.4}},{"type":"Feature","geometry":{"type":"Point","coordinates":[-70.89062088481056,41.102240238969365]},"properties":{"kind":"rail","rot":-52.4}},{"type":"Feature","geometry":{"type":"Point","coordinates":[-70.8905964822407,41.102216312136065]},"properties":{"kind":"rail","rot":-52.4}},{"type":"Feature","geometry":{"type":"Point","coordinates":[-70.89057207967082,41.102192385302764]},"properties":{"kind":"rail","rot":-52.4}},{"type":"Feature","geometry":{"type":"Point","coordinates":[-70.89054767710095,41.10216845846947]},"properties":{"kind":"rail","rot":-52.4}},{"type":"Feature","geometry":{"type":"Point","coordinates":[-70.89052327453108,41.10214453163617]},"properties":{"kind":"rail","rot":-52.4}},{"type":"Feature","geometry":{"type":"Point","coordinates":[-70.89049887196121,41.10212060480287]},"properties":{"kind":"rail","rot":-52.4}},{"type":"Feature","geometry":{"type":"Point","coordinates":[-70.89047446939134,41.10209667796957]},"properties":{"kind":"rail","rot":-52.4}},{"type":"Feature","geometry":{"type":"Point","coordinates":[-70.89045006682146,41.10207275113628]},"properties":{"kind":"rail","rot":-52.4}},{"type":"Feature","geometry":{"type":"Point","coordinates":[-70.89043573017803,41.10205869399068]},"properties":{"kind":"rail","rot":-62.6}},{"type":"Feature","geometry":{"type":"Point","coordinates":[-70.89041684303025,41.10203121975888]},"properties":{"kind":"rail","rot":-62.6}},{"type":"Feature","geometry":{"type":"Point","coordinates":[-70.89039795588249,41.10200374552708]},"properties":{"kind":"rail","rot":-62.6}},{"type":"Feature","geometry":{"type":"Point","coordinates":[-70.89037906873472,41.10197627129528]},"properties":{"kind":"rail","rot":-62.6}},{"type":"Feature","geometry":{"type":"Point","coordinates":[-70.89036018158694,41.10194879706348]},"properties":{"kind":"rail","rot":-62.6}},{"type":"Feature","geometry":{"type":"Point","coordinates":[-70.89034129443918,41.10192132283168]},"properties":{"kind":"rail","rot":-62.6}},{"type":"Feature","geometry":{"type":"Point","coordinates":[-70.8903224072914,41.101893848599886]},"properties":{"kind":"rail","rot":-62.6}},{"type":"Feature","geometry":{"type":"Point","coordinates":[-70.89030352014363,41.101866374368086]},"properties":{"kind":"rail","rot":-62.6}},{"type":"Feature","geometry":{"type":"Point","coordinates":[-70.89028463299587,41.101838900136286]},"properties":{"kind":"rail","rot":-62.6}},{"type":"Feature","geometry":{"type":"Point","coordinates":[-70.8902657458481,41.101811425904486]},"properties":{"kind":"rail","rot":-62.6}},{"type":"Feature","geometry":{"type":"Point","coordinates":[-70.89024722553184,41.10178448528496]},"properties":{"kind":"rail","rot":-72.8}},{"type":"Feature","geometry":{"type":"Point","coordinates":[-70.890235198475,41.10175530402777]},"properties":{"kind":"rail","rot":-72.8}},{"type":"Feature","geometry":{"type":"Point","coordinates":[-70.89022317141814,41.10172612277058]},"properties":{"kind":"rail","rot":-72.8}},{"type":"Feature","geometry":{"type":"Point","coordinates":[-70.8902111443613,41.10169694151338]},"properties":{"kind":"rail","rot":-72.8}},{"type":"Feature","geometry":{"type":"Point","coordinates":[-70.89019911730446,41.10166776025619]},"properties":{"kind":"rail","rot":-72.8}},{"type":"Feature","geometry":{"type":"Point","coordinates":[-70.89018709024761,41.101638578999]},"properties":{"kind":"rail","rot":-72.8}},{"type":"Feature","geometry":{"type":"Point","coordinates":[-70.89017506319077,41.101609397741804]},"properties":{"kind":"rail","rot":-72.8}},{"type":"Feature","geometry":{"type":"Point","coordinates":[-70.89016303613393,41.101580216484614]},"properties":{"kind":"rail","rot":-72.8}},{"type":"Feature","geometry":{"type":"Point","coordinates":[-70.89015100907707,41.10155103522742]},"properties":{"kind":"rail","rot":-72.8}},{"type":"Feature","geometry":{"type":"Point","coordinates":[-70.89013898202023,41.101521853970226]},"properties":{"kind":"rail","rot":-72.8}},{"type":"Feature","geometry":{"type":"Point","coordinates":[-70.89012695496339,41.101492672713036]},"properties":{"kind":"rail","rot":-72.8}},{"type":"Feature","geometry":{"type":"Point","coordinates":[-70.89012263065764,41.10148218064671]},"properties":{"kind":"rail","rot":-80.1}},{"type":"Feature","geometry":{"type":"Point","coordinates":[-70.89011574553672,41.10145235060643]},"properties":{"kind":"rail","rot":-80.1}},{"type":"Feature","geometry":{"type":"Point","coordinates":[-70.8901088604158,41.101422520566146]},"properties":{"kind":"rail","rot":-80.1}},{"type":"Feature","geometry":{"type":"Point","coordinates":[-70.89010197529485,41.10139269052586]},"properties":{"kind":"rail","rot":-80.1}},{"type":"Feature","geometry":{"type":"Point","coordinates":[-70.89009509017393,41.10136286048557]},"properties":{"kind":"rail","rot":-80.1}},{"type":"Feature","geometry":{"type":"Point","coordinates":[-70.890088205053,41.10133303044529]},"properties":{"kind":"rail","rot":-80.1}},{"type":"Feature","geometry":{"type":"Point","coordinates":[-70.89008131993207,41.101303200405006]},"properties":{"kind":"rail","rot":-80.1}},{"type":"Feature","geometry":{"type":"Point","coordinates":[-70.89007443481114,41.10127337036472]},"properties":{"kind":"rail","rot":-80.1}},{"type":"Feature","geometry":{"type":"Point","coordinates":[-70.8900675496902,41.10124354032443]},"properties":{"kind":"rail","rot":-80.1}},{"type":"Feature","geometry":{"type":"Point","coordinates":[-70.89006066456928,41.10121371028415]},"properties":{"kind":"rail","rot":-80.1}},{"type":"Feature","geometry":{"type":"Point","coordinates":[-70.89005377944835,41.101183880243866]},"properties":{"kind":"rail","rot":-80.1}},{"type":"Feature","geometry":{"type":"Point","coordinates":[-70.89005062898251,41.10117023073443]},"properties":{"kind":"rail","rot":-87.3}},{"type":"Feature","geometry":{"type":"Point","coordinates":[-70.89004878640348,41.101139287347834]},"properties":{"kind":"rail","rot":-87.3}},{"type":"Feature","geometry":{"type":"Point","coordinates":[-70.89004694382447,41.10110834396124]},"properties":{"kind":"rail","rot":-87.3}},{"type":"Feature","geometry":{"type":"Point","coordinates":[-70.89004510124546,41.101077400574646]},"properties":{"kind":"rail","rot":-87.3}},{"type":"Feature","geometry":{"type":"Point","coordinates":[-70.89004325866645,41.101046457188055]},"properties":{"kind":"rail","rot":-87.3}},{"type":"Feature","geometry":{"type":"Point","coordinates":[-70.89004141608743,41.10101551380146]},"properties":{"kind":"rail","rot":-87.3}},{"type":"Feature","geometry":{"type":"Point","coordinates":[-70.89003957350842,41.100984570414866]},"properties":{"kind":"rail","rot":-87.3}},{"type":"Feature","geometry":{"type":"Point","coordinates":[-70.89003773092941,41.10095362702827]},"properties":{"kind":"rail","rot":-87.3}},{"type":"Feature","geometry":{"type":"Point","coordinates":[-70.89003588835038,41.10092268364167]},"properties":{"kind":"rail","rot":-87.3}},{"type":"Feature","geometry":{"type":"Point","coordinates":[-70.89003404577137,41.10089174025508]},"properties":{"kind":"rail","rot":-87.3}},{"type":"Feature","geometry":{"type":"Point","coordinates":[-70.89003220319236,41.10086079686848]},"properties":{"kind":"rail","rot":-87.3}},{"type":"Feature","geometry":{"type":"Point","coordinates":[-70.8900319136466,41.100855934375986]},"properties":{"kind":"rail","rot":-101.4}},{"type":"Feature","geometry":{"type":"Point","coordinates":[-70.89004031747682,41.10082457244767]},"properties":{"kind":"rail","rot":-101.4}},{"type":"Feature","geometry":{"type":"Point","coordinates":[-70.89004872130704,41.100793210519356]},"properties":{"kind":"rail","rot":-101.4}},{"type":"Feature","geometry":{"type":"Point","coordinates":[-70.89005712513725,41.10076184859104]},"properties":{"kind":"rail","rot":-101.4}},{"type":"Feature","geometry":{"type":"Point","coordinates":[-70.89006552896747,41.10073048666273]},"properties":{"kind":"rail","rot":-101.4}},{"type":"Feature","geometry":{"type":"Point","coordinates":[-70.89007393279769,41.10069912473441]},"properties":{"kind":"rail","rot":-101.4}},{"type":"Feature","geometry":{"type":"Point","coordinates":[-70.89008233662791,41.1006677628061]},"properties":{"kind":"rail","rot":-101.4}},{"type":"Feature","geometry":{"type":"Point","coordinates":[-70.89009074045813,41.10063640087778]},"properties":{"kind":"rail","rot":-101.4}},{"type":"Feature","geometry":{"type":"Point","coordinates":[-70.89009914428834,41.10060503894946]},"properties":{"kind":"rail","rot":-101.4}},{"type":"Feature","geometry":{"type":"Point","coordinates":[-70.89010754811856,41.100573677021146]},"properties":{"kind":"rail","rot":-101.4}},{"type":"Feature","geometry":{"type":"Point","coordinates":[-70.89011033968887,41.10056325926811]},"properties":{"kind":"rail","rot":-115.5}},{"type":"Feature","geometry":{"type":"Point","coordinates":[-70.89012713184869,41.10053662219567]},"properties":{"kind":"rail","rot":-115.5}},{"type":"Feature","geometry":{"type":"Point","coordinates":[-70.8901439240085,41.10050998512324]},"properties":{"kind":"rail","rot":-115.5}},{"type":"Feature","geometry":{"type":"Point","coordinates":[-70.89016071616832,41.1004833480508]},"properties":{"kind":"rail","rot":-115.5}},{"type":"Feature","geometry":{"type":"Point","coordinates":[-70.89017750832814,41.100456710978364]},"properties":{"kind":"rail","rot":-115.5}},{"type":"Feature","geometry":{"type":"Point","coordinates":[-70.89019430048795,41.100430073905926]},"properties":{"kind":"rail","rot":-115.5}},{"type":"Feature","geometry":{"type":"Point","coordinates":[-70.89021109264776,41.100403436833496]},"properties":{"kind":"rail","rot":-115.5}},{"type":"Feature","geometry":{"type":"Point","coordinates":[-70.89022788480757,41.10037679976106]},"properties":{"kind":"rail","rot":-115.5}},{"type":"Feature","geometry":{"type":"Point","coordinates":[-70.8902446769674,41.10035016268862]},"properties":{"kind":"rail","rot":-115.5}},{"type":"Feature","geometry":{"type":"Point","coordinates":[-70.89026146912721,41.10032352561619]},"properties":{"kind":"rail","rot":-115.5}},{"type":"Feature","geometry":{"type":"Point","coordinates":[-70.89027826128702,41.10029688854375]},"properties":{"kind":"rail","rot":-115.5}},{"type":"Feature","geometry":{"type":"Point","coordinates":[-70.89029505344683,41.100270251471315]},"properties":{"kind":"rail","rot":-115.5}},{"type":"Feature","geometry":{"type":"Point","coordinates":[-70.89029619589175,41.100268439233446]},"properties":{"kind":"rail","rot":-109.3}},{"type":"Feature","geometry":{"type":"Point","coordinates":[-70.89030830762874,41.10024231284468]},"properties":{"kind":"rail","rot":-109.3}},{"type":"Feature","geometry":{"type":"Point","coordinates":[-70.89032041936574,41.10021618645591]},"properties":{"kind":"rail","rot":-109.3}},{"type":"Feature","geometry":{"type":"Point","coordinates":[-70.89033253110273,41.10019006006714]},"properties":{"kind":"rail","rot":-109.3}},{"type":"Feature","geometry":{"type":"Point","coordinates":[-70.89034464283972,41.100163933678374]},"properties":{"kind":"rail","rot":-109.3}},{"type":"Feature","geometry":{"type":"Point","coordinates":[-70.89035675457671,41.10013780728961]},"properties":{"kind":"rail","rot":-109.3}},{"type":"Feature","geometry":{"type":"Point","coordinates":[-70.89036886631371,41.100111680900845]},"properties":{"kind":"rail","rot":-109.3}},{"type":"Feature","geometry":{"type":"Point","coordinates":[-70.8903809780507,41.10008555451208]},"properties":{"kind":"rail","rot":-109.3}},{"type":"Feature","geometry":{"type":"Point","coordinates":[-70.8903930897877,41.10005942812331]},"properties":{"kind":"rail","rot":-109.3}},{"type":"Feature","geometry":{"type":"Point","coordinates":[-70.89040520152469,41.10003330173454]},"properties":{"kind":"rail","rot":-109.3}},{"type":"Feature","geometry":{"type":"Point","coordinates":[-70.89041731326168,41.10000717534577]},"properties":{"kind":"rail","rot":-109.3}},{"type":"Feature","geometry":{"type":"Point","coordinates":[-70.89042942499867,41.099981048957005]},"properties":{"kind":"rail","rot":-109.3}},{"type":"Feature","geometry":{"type":"Point","coordinates":[-70.89044153673566,41.09995492256824]},"properties":{"kind":"rail","rot":-109.3}},{"type":"Feature","geometry":{"type":"Point","coordinates":[-70.89044496733152,41.099947522384376]},"properties":{"kind":"rail","rot":-103}},{"type":"Feature","geometry":{"type":"Point","coordinates":[-70.89045317490064,41.099920905685735]},"properties":{"kind":"rail","rot":-103}},{"type":"Feature","geometry":{"type":"Point","coordinates":[-70.89046138246978,41.099894288987095]},"properties":{"kind":"rail","rot":-103}},{"type":"Feature","geometry":{"type":"Point","coordinates":[-70.8904695900389,41.099867672288454]},"properties":{"kind":"rail","rot":-103}},{"type":"Feature","geometry":{"type":"Point","coordinates":[-70.89047779760804,41.09984105558981]},"properties":{"kind":"rail","rot":-103}},{"type":"Feature","geometry":{"type":"Point","coordinates":[-70.89048600517717,41.09981443889117]},"properties":{"kind":"rail","rot":-103}},{"type":"Feature","geometry":{"type":"Point","coordinates":[-70.8904942127463,41.09978782219253]},"properties":{"kind":"rail","rot":-103}},{"type":"Feature","geometry":{"type":"Point","coordinates":[-70.89050242031543,41.09976120549389]},"properties":{"kind":"rail","rot":-103}},{"type":"Feature","geometry":{"type":"Point","coordinates":[-70.89051062788457,41.09973458879525]},"properties":{"kind":"rail","rot":-103}},{"type":"Feature","geometry":{"type":"Point","coordinates":[-70.8905188354537,41.09970797209661]},"properties":{"kind":"rail","rot":-103}},{"type":"Feature","geometry":{"type":"Point","coordinates":[-70.89052704302283,41.09968135539797]},"properties":{"kind":"rail","rot":-103}},{"type":"Feature","geometry":{"type":"Point","coordinates":[-70.89053525059197,41.09965473869933]},"properties":{"kind":"rail","rot":-103}},{"type":"Feature","geometry":{"type":"Point","coordinates":[-70.89054345816109,41.09962812200069]},"properties":{"kind":"rail","rot":-103}},{"type":"Feature","geometry":{"type":"Point","coordinates":[-70.8905481553583,41.099612889246536]},"properties":{"kind":"rail","rot":-92.6}},{"type":"Feature","geometry":{"type":"Point","coordinates":[-70.89054976888674,41.099585973002576]},"properties":{"kind":"rail","rot":-92.6}},{"type":"Feature","geometry":{"type":"Point","coordinates":[-70.89055138241517,41.09955905675862]},"properties":{"kind":"rail","rot":-92.6}},{"type":"Feature","geometry":{"type":"Point","coordinates":[-70.89055299594361,41.09953214051466]},"properties":{"kind":"rail","rot":-92.6}},{"type":"Feature","geometry":{"type":"Point","coordinates":[-70.89055460947203,41.09950522427071]},"properties":{"kind":"rail","rot":-92.6}},{"type":"Feature","geometry":{"type":"Point","coordinates":[-70.89055622300047,41.09947830802675]},"properties":{"kind":"rail","rot":-92.6}},{"type":"Feature","geometry":{"type":"Point","coordinates":[-70.8905578365289,41.09945139178279]},"properties":{"kind":"rail","rot":-92.6}},{"type":"Feature","geometry":{"type":"Point","coordinates":[-70.89055945005734,41.09942447553883]},"properties":{"kind":"rail","rot":-92.6}},{"type":"Feature","geometry":{"type":"Point","coordinates":[-70.89056106358576,41.09939755929487]},"properties":{"kind":"rail","rot":-92.6}},{"type":"Feature","geometry":{"type":"Point","coordinates":[-70.8905626771142,41.09937064305092]},"properties":{"kind":"rail","rot":-92.6}},{"type":"Feature","geometry":{"type":"Point","coordinates":[-70.89056429064263,41.09934372680696]},"properties":{"kind":"rail","rot":-92.6}},{"type":"Feature","geometry":{"type":"Point","coordinates":[-70.89056590417105,41.099316810563]},"properties":{"kind":"rail","rot":-92.6}},{"type":"Feature","geometry":{"type":"Point","coordinates":[-70.8905675176995,41.09928989431904]},"properties":{"kind":"rail","rot":-92.6}},{"type":"Feature","geometry":{"type":"Point","coordinates":[-70.89056864287275,41.099271124623186]},"properties":{"kind":"rail","rot":-81.2}},{"type":"Feature","geometry":{"type":"Point","coordinates":[-70.89056281515919,41.0992411514712]},"properties":{"kind":"rail","rot":-81.2}},{"type":"Feature","geometry":{"type":"Point","coordinates":[-70.89055698744562,41.0992111783192]},"properties":{"kind":"rail","rot":-81.2}},{"type":"Feature","geometry":{"type":"Point","coordinates":[-70.89055115973206,41.09918120516721]},"properties":{"kind":"rail","rot":-81.2}},{"type":"Feature","geometry":{"type":"Point","coordinates":[-70.89054533201848,41.09915123201522]},"properties":{"kind":"rail","rot":-81.2}},{"type":"Feature","geometry":{"type":"Point","coordinates":[-70.89053950430491,41.09912125886323]},"properties":{"kind":"rail","rot":-81.2}},{"type":"Feature","geometry":{"type":"Point","coordinates":[-70.89053367659135,41.09909128571123]},"properties":{"kind":"rail","rot":-81.2}},{"type":"Feature","geometry":{"type":"Point","coordinates":[-70.89052784887778,41.09906131255924]},"properties":{"kind":"rail","rot":-81.2}},{"type":"Feature","geometry":{"type":"Point","coordinates":[-70.89052202116422,41.09903133940725]},"properties":{"kind":"rail","rot":-81.2}},{"type":"Feature","geometry":{"type":"Point","coordinates":[-70.89051619345064,41.09900136625526]},"properties":{"kind":"rail","rot":-81.2}},{"type":"Feature","geometry":{"type":"Point","coordinates":[-70.89051036573707,41.09897139310327]},"properties":{"kind":"rail","rot":-81.2}},{"type":"Feature","geometry":{"type":"Point","coordinates":[-70.89050790359356,41.098958729783256]},"properties":{"kind":"rail","rot":-110.2}},{"type":"Feature","geometry":{"type":"Point","coordinates":[-70.89052873983091,41.09891731420868]},"properties":{"kind":"rail","rot":-110.2}},{"type":"Feature","geometry":{"type":"Point","coordinates":[-70.89054957606828,41.09887589863409]},"properties":{"kind":"rail","rot":-110.2}},{"type":"Feature","geometry":{"type":"Point","coordinates":[-70.89057041230564,41.09883448305951]},"properties":{"kind":"rail","rot":-110.2}},{"type":"Feature","geometry":{"type":"Point","coordinates":[-70.89059124854299,41.09879306748493]},"properties":{"kind":"rail","rot":-110.2}},{"type":"Feature","geometry":{"type":"Point","coordinates":[-70.89060398332822,41.09876775492786]},"properties":{"kind":"rail","rot":-147}},{"type":"Feature","geometry":{"type":"Point","coordinates":[-70.89063973486898,41.098749327671285]},"properties":{"kind":"rail","rot":-147}},{"type":"Feature","geometry":{"type":"Point","coordinates":[-70.89067548640976,41.09873090041471]},"properties":{"kind":"rail","rot":-147}},{"type":"Feature","geometry":{"type":"Point","coordinates":[-70.89071123795054,41.09871247315813]},"properties":{"kind":"rail","rot":-147}},{"type":"Feature","geometry":{"type":"Point","coordinates":[-70.8907469894913,41.09869404590155]},"properties":{"kind":"rail","rot":-147}},{"type":"Feature","geometry":{"type":"Point","coordinates":[-70.89078274103208,41.098675618644975]},"properties":{"kind":"rail","rot":-147}},{"type":"Feature","geometry":{"type":"Point","coordinates":[-70.89081849257286,41.0986571913884]},"properties":{"kind":"rail","rot":-147}},{"type":"Feature","geometry":{"type":"Point","coordinates":[-70.89085424411363,41.09863876413182]},"properties":{"kind":"rail","rot":-147}},{"type":"Feature","geometry":{"type":"Point","coordinates":[-70.89088953708254,41.09862057323489]},"properties":{"kind":"rail","rot":-141.9}},{"type":"Feature","geometry":{"type":"Point","coordinates":[-70.89091891223262,41.0986031951112]},"properties":{"kind":"rail","rot":-141.9}},{"type":"Feature","geometry":{"type":"Point","coordinates":[-70.89094828738268,41.098585816987516]},"properties":{"kind":"rail","rot":-141.9}},{"type":"Feature","geometry":{"type":"Point","coordinates":[-70.89097766253276,41.098568438863836]},"properties":{"kind":"rail","rot":-141.9}},{"type":"Feature","geometry":{"type":"Point","coordinates":[-70.89100703768284,41.09855106074015]},"properties":{"kind":"rail","rot":-141.9}},{"type":"Feature","geometry":{"type":"Point","coordinates":[-70.8910364128329,41.09853368261646]},"properties":{"kind":"rail","rot":-141.9}},{"type":"Feature","geometry":{"type":"Point","coordinates":[-70.89106578798298,41.098516304492776]},"properties":{"kind":"rail","rot":-141.9}},{"type":"Feature","geometry":{"type":"Point","coordinates":[-70.89109516313304,41.098498926369096]},"properties":{"kind":"rail","rot":-141.9}},{"type":"Feature","geometry":{"type":"Point","coordinates":[-70.89112453828312,41.09848154824541]},"properties":{"kind":"rail","rot":-141.9}},{"type":"Feature","geometry":{"type":"Point","coordinates":[-70.8911539134332,41.09846417012172]},"properties":{"kind":"rail","rot":-141.9}},{"type":"Feature","geometry":{"type":"Point","coordinates":[-70.89118328858326,41.09844679199804]},"properties":{"kind":"rail","rot":-141.9}},{"type":"Feature","geometry":{"type":"Point","coordinates":[-70.89119325635582,41.09844089513679]},"properties":{"kind":"rail","rot":-138.8}},{"type":"Feature","geometry":{"type":"Point","coordinates":[-70.89122067246676,41.09842287069165]},"properties":{"kind":"rail","rot":-138.8}},{"type":"Feature","geometry":{"type":"Point","coordinates":[-70.8912480885777,41.09840484624652]},"properties":{"kind":"rail","rot":-138.8}},{"type":"Feature","geometry":{"type":"Point","coordinates":[-70.89127550468864,41.09838682180138]},"properties":{"kind":"rail","rot":-138.8}},{"type":"Feature","geometry":{"type":"Point","coordinates":[-70.89130292079957,41.09836879735624]},"properties":{"kind":"rail","rot":-138.8}},{"type":"Feature","geometry":{"type":"Point","coordinates":[-70.89133033691051,41.0983507729111]},"properties":{"kind":"rail","rot":-138.8}},{"type":"Feature","geometry":{"type":"Point","coordinates":[-70.89135775302145,41.09833274846596]},"properties":{"kind":"rail","rot":-138.8}},{"type":"Feature","geometry":{"type":"Point","coordinates":[-70.8913851691324,41.098314724020824]},"properties":{"kind":"rail","rot":-138.8}},{"type":"Feature","geometry":{"type":"Point","coordinates":[-70.89141258524334,41.098296699575684]},"properties":{"kind":"rail","rot":-138.8}},{"type":"Feature","geometry":{"type":"Point","coordinates":[-70.89144000135428,41.098278675130544]},"properties":{"kind":"rail","rot":-138.8}},{"type":"Feature","geometry":{"type":"Point","coordinates":[-70.89146741746522,41.098260650685404]},"properties":{"kind":"rail","rot":-138.8}},{"type":"Feature","geometry":{"type":"Point","coordinates":[-70.8914912965049,41.098244951652035]},"properties":{"kind":"rail","rot":-128.4}},{"type":"Feature","geometry":{"type":"Point","coordinates":[-70.89151329166134,41.098224014174676]},"properties":{"kind":"rail","rot":-128.4}},{"type":"Feature","geometry":{"type":"Point","coordinates":[-70.8915352868178,41.09820307669732]},"properties":{"kind":"rail","rot":-128.4}},{"type":"Feature","geometry":{"type":"Point","coordinates":[-70.89155728197426,41.09818213921996]},"properties":{"kind":"rail","rot":-128.4}},{"type":"Feature","geometry":{"type":"Point","coordinates":[-70.89157927713072,41.0981612017426]},"properties":{"kind":"rail","rot":-128.4}},{"type":"Feature","geometry":{"type":"Point","coordinates":[-70.89160127228718,41.09814026426524]},"properties":{"kind":"rail","rot":-128.4}},{"type":"Feature","geometry":{"type":"Point","coordinates":[-70.89162326744362,41.09811932678788]},"properties":{"kind":"rail","rot":-128.4}},{"type":"Feature","geometry":{"type":"Point","coordinates":[-70.89164526260008,41.09809838931052]},"properties":{"kind":"rail","rot":-128.4}},{"type":"Feature","geometry":{"type":"Point","coordinates":[-70.89166725775654,41.09807745183316]},"properties":{"kind":"rail","rot":-128.4}},{"type":"Feature","geometry":{"type":"Point","coordinates":[-70.891689252913,41.098056514355804]},"properties":{"kind":"rail","rot":-128.4}},{"type":"Feature","geometry":{"type":"Point","coordinates":[-70.89171124806944,41.098035576878445]},"properties":{"kind":"rail","rot":-128.4}},{"type":"Feature","geometry":{"type":"Point","coordinates":[-70.8917332432259,41.098014639401086]},"properties":{"kind":"rail","rot":-128.4}},{"type":"Feature","geometry":{"type":"Point","coordinates":[-70.89173892502117,41.09800923082579]},"properties":{"kind":"rail","rot":-117.9}},{"type":"Feature","geometry":{"type":"Point","coordinates":[-70.89175642680124,41.0979842741167]},"properties":{"kind":"rail","rot":-117.9}},{"type":"Feature","geometry":{"type":"Point","coordinates":[-70.89177392858132,41.09795931740761]},"properties":{"kind":"rail","rot":-117.9}},{"type":"Feature","geometry":{"type":"Point","coordinates":[-70.89179143036138,41.09793436069852]},"properties":{"kind":"rail","rot":-117.9}},{"type":"Feature","geometry":{"type":"Point","coordinates":[-70.89180893214144,41.09790940398943]},"properties":{"kind":"rail","rot":-117.9}},{"type":"Feature","geometry":{"type":"Point","coordinates":[-70.89182643392151,41.09788444728034]},"properties":{"kind":"rail","rot":-117.9}},{"type":"Feature","geometry":{"type":"Point","coordinates":[-70.89184393570157,41.09785949057125]},"properties":{"kind":"rail","rot":-117.9}},{"type":"Feature","geometry":{"type":"Point","coordinates":[-70.89186143748164,41.09783453386216]},"properties":{"kind":"rail","rot":-117.9}},{"type":"Feature","geometry":{"type":"Point","coordinates":[-70.89187893926172,41.09780957715307]},"properties":{"kind":"rail","rot":-117.9}},{"type":"Feature","geometry":{"type":"Point","coordinates":[-70.89189644104178,41.09778462044398]},"properties":{"kind":"rail","rot":-117.9}},{"type":"Feature","geometry":{"type":"Point","coordinates":[-70.89191394282184,41.09775966373489]},"properties":{"kind":"rail","rot":-117.9}},{"type":"Feature","geometry":{"type":"Point","coordinates":[-70.89191971123742,41.09775143824762]},"properties":{"kind":"rail","rot":-123.3}},{"type":"Feature","geometry":{"type":"Point","coordinates":[-70.89194159338415,41.097726330509666]},"properties":{"kind":"rail","rot":-123.3}},{"type":"Feature","geometry":{"type":"Point","coordinates":[-70.89196347553087,41.09770122277171]},"properties":{"kind":"rail","rot":-123.3}},{"type":"Feature","geometry":{"type":"Point","coordinates":[-70.8919853576776,41.09767611503376]},"properties":{"kind":"rail","rot":-123.3}},{"type":"Feature","geometry":{"type":"Point","coordinates":[-70.89200723982431,41.0976510072958]},"properties":{"kind":"rail","rot":-123.3}},{"type":"Feature","geometry":{"type":"Point","coordinates":[-70.89202912197104,41.097625899557855]},"properties":{"kind":"rail","rot":-123.3}},{"type":"Feature","geometry":{"type":"Point","coordinates":[-70.89205100411776,41.0976007918199]},"properties":{"kind":"rail","rot":-123.3}},{"type":"Feature","geometry":{"type":"Point","coordinates":[-70.89207288626449,41.097575684081946]},"properties":{"kind":"rail","rot":-123.3}},{"type":"Feature","geometry":{"type":"Point","coordinates":[-70.89209476841121,41.09755057634399]},"properties":{"kind":"rail","rot":-123.3}},{"type":"Feature","geometry":{"type":"Point","coordinates":[-70.89211665055794,41.09752546860604]},"properties":{"kind":"rail","rot":-123.3}},{"type":"Feature","geometry":{"type":"Point","coordinates":[-70.89212087835645,41.09752061759858]},"properties":{"kind":"rail","rot":-127.8}},{"type":"Feature","geometry":{"type":"Point","coordinates":[-70.8921476385208,41.09749516789287]},"properties":{"kind":"rail","rot":-127.8}},{"type":"Feature","geometry":{"type":"Point","coordinates":[-70.89217439868516,41.09746971818716]},"properties":{"kind":"rail","rot":-127.8}},{"type":"Feature","geometry":{"type":"Point","coordinates":[-70.89220115884952,41.09744426848145]},"properties":{"kind":"rail","rot":-127.8}},{"type":"Feature","geometry":{"type":"Point","coordinates":[-70.89222791901386,41.09741881877574]},"properties":{"kind":"rail","rot":-127.8}},{"type":"Feature","geometry":{"type":"Point","coordinates":[-70.89225467917822,41.09739336907003]},"properties":{"kind":"rail","rot":-127.8}},{"type":"Feature","geometry":{"type":"Point","coordinates":[-70.89228143934258,41.09736791936432]},"properties":{"kind":"rail","rot":-127.8}},{"type":"Feature","geometry":{"type":"Point","coordinates":[-70.89230819950693,41.097342469658614]},"properties":{"kind":"rail","rot":-127.8}},{"type":"Feature","geometry":{"type":"Point","coordinates":[-70.89233495967129,41.097317019952904]},"properties":{"kind":"rail","rot":-127.8}},{"type":"Feature","geometry":{"type":"Point","coordinates":[-70.89233724394468,41.097314847541526]},"properties":{"kind":"rail","rot":-153.3}},{"type":"Feature","geometry":{"type":"Point","coordinates":[-70.89239079102713,41.09729515681941]},"properties":{"kind":"rail","rot":-153.3}},{"type":"Feature","geometry":{"type":"Point","coordinates":[-70.89244433810958,41.09727546609731]},"properties":{"kind":"rail","rot":-153.3}},{"type":"Feature","geometry":{"type":"Point","coordinates":[-70.89249788519203,41.097255775375196]},"properties":{"kind":"rail","rot":-153.3}},{"type":"Feature","geometry":{"type":"Point","coordinates":[-70.89254966870199,41.097236733166774]},"properties":{"kind":"rail","rot":171.7}},{"type":"Feature","geometry":{"type":"Point","coordinates":[-70.89259853390213,41.0972410113127]},"properties":{"kind":"rail","rot":171.7}},{"type":"Feature","geometry":{"type":"Point","coordinates":[-70.89264739910227,41.09724528945863]},"properties":{"kind":"rail","rot":171.7}},{"type":"Feature","geometry":{"type":"Point","coordinates":[-70.89269626430242,41.09724956760455]},"properties":{"kind":"rail","rot":171.7}},{"type":"Feature","geometry":{"type":"Point","coordinates":[-70.89274512950257,41.09725384575048]},"properties":{"kind":"rail","rot":171.7}},{"type":"Feature","geometry":{"type":"Point","coordinates":[-70.89279399470271,41.0972581238964]},"properties":{"kind":"rail","rot":171.7}},{"type":"Feature","geometry":{"type":"Point","coordinates":[-70.89281300102266,41.09725978789881]},"properties":{"kind":"rail","rot":163.1}},{"type":"Feature","geometry":{"type":"Point","coordinates":[-70.89285423323523,41.097269238917825]},"properties":{"kind":"rail","rot":163.1}},{"type":"Feature","geometry":{"type":"Point","coordinates":[-70.8928954654478,41.09727868993685]},"properties":{"kind":"rail","rot":163.1}},{"type":"Feature","geometry":{"type":"Point","coordinates":[-70.89293669766035,41.09728814095587]},"properties":{"kind":"rail","rot":163.1}},{"type":"Feature","geometry":{"type":"Point","coordinates":[-70.89297792987291,41.09729759197489]},"properties":{"kind":"rail","rot":163.1}},{"type":"Feature","geometry":{"type":"Point","coordinates":[-70.89301916208548,41.09730704299391]},"properties":{"kind":"rail","rot":163.1}},{"type":"Feature","geometry":{"type":"Point","coordinates":[-70.89306039429803,41.09731649401294]},"properties":{"kind":"rail","rot":163.1}},{"type":"Feature","geometry":{"type":"Point","coordinates":[-70.89308229970767,41.09732151504941]},"properties":{"kind":"rail","rot":-147.6}},{"type":"Feature","geometry":{"type":"Point","coordinates":[-70.89310535512729,41.09731803300563]},"properties":{"kind":"rail","rot":-147.6}},{"type":"Feature","geometry":{"type":"Point","coordinates":[-70.89312841054692,41.09731455096185]},"properties":{"kind":"rail","rot":-147.6}},{"type":"Feature","geometry":{"type":"Point","coordinates":[-70.89315146596654,41.09731106891807]},"properties":{"kind":"rail","rot":-147.6}},{"type":"Feature","geometry":{"type":"Point","coordinates":[-70.89317452138616,41.09730758687429]},"properties":{"kind":"rail","rot":-147.6}},{"type":"Feature","geometry":{"type":"Point","coordinates":[-70.89319757680579,41.097304104830506]},"properties":{"kind":"rail","rot":-147.6}},{"type":"Feature","geometry":{"type":"Point","coordinates":[-70.89322063222541,41.097300622786726]},"properties":{"kind":"rail","rot":-147.6}},{"type":"Feature","geometry":{"type":"Point","coordinates":[-70.89324368764503,41.097297140742945]},"properties":{"kind":"rail","rot":-147.6}},{"type":"Feature","geometry":{"type":"Point","coordinates":[-70.89326674306464,41.097293658699165]},"properties":{"kind":"rail","rot":-147.6}},{"type":"Feature","geometry":{"type":"Point","coordinates":[-70.89328979848428,41.09729017665539]},"properties":{"kind":"rail","rot":-147.6}},{"type":"Feature","geometry":{"type":"Point","coordinates":[-70.8933128539039,41.09728669461161]},"properties":{"kind":"rail","rot":-147.6}},{"type":"Feature","geometry":{"type":"Point","coordinates":[-70.89333590932351,41.09728321256783]},"properties":{"kind":"rail","rot":-147.6}},{"type":"Feature","geometry":{"type":"Point","coordinates":[-70.89335896474314,41.09727973052405]},"properties":{"kind":"rail","rot":-147.6}},{"type":"Feature","geometry":{"type":"Point","coordinates":[-70.89338202016276,41.09727624848027]},"properties":{"kind":"rail","rot":-147.6}},{"type":"Feature","geometry":{"type":"Point","coordinates":[-70.89340507558238,41.09727276643649]},"properties":{"kind":"rail","rot":-147.6}},{"type":"Feature","geometry":{"type":"Point","coordinates":[-70.89342813100201,41.09726928439271]},"properties":{"kind":"rail","rot":-147.6}},{"type":"Feature","geometry":{"type":"Point","coordinates":[-70.89345118642163,41.09726580234893]},"properties":{"kind":"rail","rot":-147.6}},{"type":"Feature","geometry":{"type":"Point","coordinates":[-70.89347424184125,41.09726232030515]},"properties":{"kind":"rail","rot":-147.6}},{"type":"Feature","geometry":{"type":"Point","coordinates":[-70.89349232694934,41.09725958892402]},"properties":{"kind":"rail","rot":132.8}},{"type":"Feature","geometry":{"type":"Point","coordinates":[-70.89351469109171,41.09727782182315]},"properties":{"kind":"rail","rot":132.8}},{"type":"Feature","geometry":{"type":"Point","coordinates":[-70.89353705523408,41.09729605472228]},"properties":{"kind":"rail","rot":132.8}},{"type":"Feature","geometry":{"type":"Point","coordinates":[-70.89355941937644,41.09731428762141]},"properties":{"kind":"rail","rot":132.8}},{"type":"Feature","geometry":{"type":"Point","coordinates":[-70.89358178351881,41.09733252052053]},"properties":{"kind":"rail","rot":132.8}},{"type":"Feature","geometry":{"type":"Point","coordinates":[-70.89360414766118,41.09735075341966]},"properties":{"kind":"rail","rot":132.8}},{"type":"Feature","geometry":{"type":"Point","coordinates":[-70.89362651180355,41.09736898631879]},"properties":{"kind":"rail","rot":132.8}},{"type":"Feature","geometry":{"type":"Point","coordinates":[-70.89364887594591,41.09738721921792]},"properties":{"kind":"rail","rot":132.8}},{"type":"Feature","geometry":{"type":"Point","coordinates":[-70.89367124008828,41.09740545211705]},"properties":{"kind":"rail","rot":132.8}},{"type":"Feature","geometry":{"type":"Point","coordinates":[-70.89369360423065,41.097423685016174]},"properties":{"kind":"rail","rot":132.8}},{"type":"Feature","geometry":{"type":"Point","coordinates":[-70.89371596837302,41.097441917915305]},"properties":{"kind":"rail","rot":132.8}},{"type":"Feature","geometry":{"type":"Point","coordinates":[-70.89372846092762,41.09745210276765]},"properties":{"kind":"rail","rot":114.3}},{"type":"Feature","geometry":{"type":"Point","coordinates":[-70.89374422517385,41.09747840453657]},"properties":{"kind":"rail","rot":114.3}},{"type":"Feature","geometry":{"type":"Point","coordinates":[-70.89375998942006,41.09750470630548]},"properties":{"kind":"rail","rot":114.3}},{"type":"Feature","geometry":{"type":"Point","coordinates":[-70.89377575366629,41.0975310080744]},"properties":{"kind":"rail","rot":114.3}},{"type":"Feature","geometry":{"type":"Point","coordinates":[-70.89379151791252,41.09755730984331]},"properties":{"kind":"rail","rot":114.3}},{"type":"Feature","geometry":{"type":"Point","coordinates":[-70.89380728215873,41.09758361161223]},"properties":{"kind":"rail","rot":114.3}},{"type":"Feature","geometry":{"type":"Point","coordinates":[-70.89382304640496,41.09760991338114]},"properties":{"kind":"rail","rot":114.3}},{"type":"Feature","geometry":{"type":"Point","coordinates":[-70.89383881065119,41.09763621515006]},"properties":{"kind":"rail","rot":114.3}},{"type":"Feature","geometry":{"type":"Point","coordinates":[-70.8938545748974,41.09766251691897]},"properties":{"kind":"rail","rot":114.3}},{"type":"Feature","geometry":{"type":"Point","coordinates":[-70.89386223001473,41.09767528905689]},"properties":{"kind":"rail","rot":133.5}},{"type":"Feature","geometry":{"type":"Point","coordinates":[-70.89389566488467,41.09770182493697]},"properties":{"kind":"rail","rot":133.5}},{"type":"Feature","geometry":{"type":"Point","coordinates":[-70.89392909975459,41.09772836081705]},"properties":{"kind":"rail","rot":133.5}},{"type":"Feature","geometry":{"type":"Point","coordinates":[-70.8939625346245,41.09775489669713]},"properties":{"kind":"rail","rot":133.5}},{"type":"Feature","geometry":{"type":"Point","coordinates":[-70.89399596949444,41.097781432577214]},"properties":{"kind":"rail","rot":133.5}},{"type":"Feature","geometry":{"type":"Point","coordinates":[-70.89402940436436,41.097807968457296]},"properties":{"kind":"rail","rot":133.5}},{"type":"Feature","geometry":{"type":"Point","coordinates":[-70.89404261528881,41.09781845342426]},"properties":{"kind":"rail","rot":152.1}},{"type":"Feature","geometry":{"type":"Point","coordinates":[-70.8940754711455,41.09783138159512]},"properties":{"kind":"rail","rot":152.1}},{"type":"Feature","geometry":{"type":"Point","coordinates":[-70.8941083270022,41.09784430976599]},"properties":{"kind":"rail","rot":152.1}},{"type":"Feature","geometry":{"type":"Point","coordinates":[-70.8941411828589,41.09785723793685]},"properties":{"kind":"rail","rot":152.1}},{"type":"Feature","geometry":{"type":"Point","coordinates":[-70.89417403871559,41.09787016610771]},"properties":{"kind":"rail","rot":152.1}},{"type":"Feature","geometry":{"type":"Point","coordinates":[-70.89420689457229,41.09788309427857]},"properties":{"kind":"rail","rot":152.1}},{"type":"Feature","geometry":{"type":"Point","coordinates":[-70.89423975042898,41.09789602244943]},"properties":{"kind":"rail","rot":152.1}},{"type":"Feature","geometry":{"type":"Point","coordinates":[-70.89427260628568,41.097908950620294]},"properties":{"kind":"rail","rot":152.1}},{"type":"Feature","geometry":{"type":"Point","coordinates":[-70.89430546214238,41.097921878791155]},"properties":{"kind":"rail","rot":152.1}},{"type":"Feature","geometry":{"type":"Point","coordinates":[-70.89433831799907,41.097934806962016]},"properties":{"kind":"rail","rot":152.1}},{"type":"Feature","geometry":{"type":"Point","coordinates":[-70.89433868229608,41.09793495030614]},"properties":{"kind":"rail","rot":124.3}},{"type":"Feature","geometry":{"type":"Point","coordinates":[-70.89435579834195,41.097953776301445]},"properties":{"kind":"rail","rot":124.3}},{"type":"Feature","geometry":{"type":"Point","coordinates":[-70.89437291438782,41.09797260229676]},"properties":{"kind":"rail","rot":124.3}},{"type":"Feature","geometry":{"type":"Point","coordinates":[-70.89439003043368,41.09799142829206]},"properties":{"kind":"rail","rot":124.3}},{"type":"Feature","geometry":{"type":"Point","coordinates":[-70.89440714647955,41.098010254287374]},"properties":{"kind":"rail","rot":124.3}},{"type":"Feature","geometry":{"type":"Point","coordinates":[-70.89442426252542,41.09802908028268]},"properties":{"kind":"rail","rot":124.3}},{"type":"Feature","geometry":{"type":"Point","coordinates":[-70.89444137857129,41.09804790627798]},"properties":{"kind":"rail","rot":124.3}},{"type":"Feature","geometry":{"type":"Point","coordinates":[-70.89445849461715,41.098066732273296]},"properties":{"kind":"rail","rot":124.3}},{"type":"Feature","geometry":{"type":"Point","coordinates":[-70.89447561066302,41.0980855582686]},"properties":{"kind":"rail","rot":124.3}},{"type":"Feature","geometry":{"type":"Point","coordinates":[-70.89449272670889,41.09810438426391]},"properties":{"kind":"rail","rot":124.3}},{"type":"Feature","geometry":{"type":"Point","coordinates":[-70.89450984275476,41.09812321025922]},"properties":{"kind":"rail","rot":124.3}},{"type":"Feature","geometry":{"type":"Point","coordinates":[-70.89452695880063,41.09814203625452]},"properties":{"kind":"rail","rot":124.3}},{"type":"Feature","geometry":{"type":"Point","coordinates":[-70.89453351905165,41.098149251896274]},"properties":{"kind":"rail","rot":95}},{"type":"Feature","geometry":{"type":"Point","coordinates":[-70.89453602477866,41.098174916794555]},"properties":{"kind":"rail","rot":95}},{"type":"Feature","geometry":{"type":"Point","coordinates":[-70.89453853050568,41.098200581692836]},"properties":{"kind":"rail","rot":95}},{"type":"Feature","geometry":{"type":"Point","coordinates":[-70.8945410362327,41.09822624659112]},"properties":{"kind":"rail","rot":95}},{"type":"Feature","geometry":{"type":"Point","coordinates":[-70.89454354195972,41.0982519114894]},"properties":{"kind":"rail","rot":95}},{"type":"Feature","geometry":{"type":"Point","coordinates":[-70.89454604768673,41.09827757638768]},"properties":{"kind":"rail","rot":95}},{"type":"Feature","geometry":{"type":"Point","coordinates":[-70.89454855341374,41.09830324128597]},"properties":{"kind":"rail","rot":95}},{"type":"Feature","geometry":{"type":"Point","coordinates":[-70.89455105914077,41.09832890618425]},"properties":{"kind":"rail","rot":95}},{"type":"Feature","geometry":{"type":"Point","coordinates":[-70.89455356486778,41.09835457108253]},"properties":{"kind":"rail","rot":95}},{"type":"Feature","geometry":{"type":"Point","coordinates":[-70.8945560705948,41.09838023598081]},"properties":{"kind":"rail","rot":95}},{"type":"Feature","geometry":{"type":"Point","coordinates":[-70.89455772909625,41.09839722317486]},"properties":{"kind":"rail","rot":95.8}},{"type":"Feature","geometry":{"type":"Point","coordinates":[-70.8945616410797,41.098426485497825]},"properties":{"kind":"rail","rot":95.8}},{"type":"Feature","geometry":{"type":"Point","coordinates":[-70.89456555306316,41.09845574782079]},"properties":{"kind":"rail","rot":95.8}},{"type":"Feature","geometry":{"type":"Point","coordinates":[-70.8945694650466,41.09848501014376]},"properties":{"kind":"rail","rot":95.8}},{"type":"Feature","geometry":{"type":"Point","coordinates":[-70.89457337703006,41.09851427246673]},"properties":{"kind":"rail","rot":95.8}},{"type":"Feature","geometry":{"type":"Point","coordinates":[-70.89457728901351,41.0985435347897]},"properties":{"kind":"rail","rot":95.8}},{"type":"Feature","geometry":{"type":"Point","coordinates":[-70.89458120099697,41.098572797112666]},"properties":{"kind":"rail","rot":95.8}},{"type":"Feature","geometry":{"type":"Point","coordinates":[-70.89458511298042,41.098602059435635]},"properties":{"kind":"rail","rot":95.8}},{"type":"Feature","geometry":{"type":"Point","coordinates":[-70.8945870734956,41.09861672443331]},"properties":{"kind":"rail","rot":98}},{"type":"Feature","geometry":{"type":"Point","coordinates":[-70.89459236443486,41.098644914272434]},"properties":{"kind":"rail","rot":98}},{"type":"Feature","geometry":{"type":"Point","coordinates":[-70.89459765537413,41.09867310411156]},"properties":{"kind":"rail","rot":98}},{"type":"Feature","geometry":{"type":"Point","coordinates":[-70.89460294631338,41.09870129395068]},"properties":{"kind":"rail","rot":98}},{"type":"Feature","geometry":{"type":"Point","coordinates":[-70.89460823725265,41.0987294837898]},"properties":{"kind":"rail","rot":98}},{"type":"Feature","geometry":{"type":"Point","coordinates":[-70.89461352819191,41.09875767362893]},"properties":{"kind":"rail","rot":98}},{"type":"Feature","geometry":{"type":"Point","coordinates":[-70.89461881913118,41.09878586346805]},"properties":{"kind":"rail","rot":98}},{"type":"Feature","geometry":{"type":"Point","coordinates":[-70.89462411007044,41.09881405330717]},"properties":{"kind":"rail","rot":98}},{"type":"Feature","geometry":{"type":"Point","coordinates":[-70.89462919753204,41.098841159028225]},"properties":{"kind":"rail","rot":93.8}},{"type":"Feature","geometry":{"type":"Point","coordinates":[-70.89463160948202,41.0988687878968]},"properties":{"kind":"rail","rot":93.8}},{"type":"Feature","geometry":{"type":"Point","coordinates":[-70.89463402143201,41.09889641676537]},"properties":{"kind":"rail","rot":93.8}},{"type":"Feature","geometry":{"type":"Point","coordinates":[-70.894636433382,41.098924045633936]},"properties":{"kind":"rail","rot":93.8}},{"type":"Feature","geometry":{"type":"Point","coordinates":[-70.89463884533198,41.09895167450251]},"properties":{"kind":"rail","rot":93.8}},{"type":"Feature","geometry":{"type":"Point","coordinates":[-70.89464125728198,41.09897930337108]},"properties":{"kind":"rail","rot":93.8}},{"type":"Feature","geometry":{"type":"Point","coordinates":[-70.89464366923197,41.099006932239654]},"properties":{"kind":"rail","rot":93.8}},{"type":"Feature","geometry":{"type":"Point","coordinates":[-70.89464608118196,41.09903456110822]},"properties":{"kind":"rail","rot":93.8}},{"type":"Feature","geometry":{"type":"Point","coordinates":[-70.89464849313194,41.09906218997679]},"properties":{"kind":"rail","rot":93.8}},{"type":"Feature","geometry":{"type":"Point","coordinates":[-70.89464986014546,41.09907784910613]},"properties":{"kind":"rail","rot":89}},{"type":"Feature","geometry":{"type":"Point","coordinates":[-70.8946494236617,41.099108542075804]},"properties":{"kind":"rail","rot":89}},{"type":"Feature","geometry":{"type":"Point","coordinates":[-70.89464898717796,41.09913923504548]},"properties":{"kind":"rail","rot":89}},{"type":"Feature","geometry":{"type":"Point","coordinates":[-70.8946485506942,41.09916992801515]},"properties":{"kind":"rail","rot":89}},{"type":"Feature","geometry":{"type":"Point","coordinates":[-70.89464811421044,41.099200620984824]},"properties":{"kind":"rail","rot":89}},{"type":"Feature","geometry":{"type":"Point","coordinates":[-70.8946476777267,41.0992313139545]},"properties":{"kind":"rail","rot":89}},{"type":"Feature","geometry":{"type":"Point","coordinates":[-70.89464724124294,41.09926200692417]},"properties":{"kind":"rail","rot":89}},{"type":"Feature","geometry":{"type":"Point","coordinates":[-70.89464680475918,41.099292699893844]},"properties":{"kind":"rail","rot":89}},{"type":"Feature","geometry":{"type":"Point","coordinates":[-70.89464667075787,41.099302122691974]},"properties":{"kind":"rail","rot":107.4}},{"type":"Feature","geometry":{"type":"Point","coordinates":[-70.89466100528497,41.09933652511814]},"properties":{"kind":"rail","rot":107.4}},{"type":"Feature","geometry":{"type":"Point","coordinates":[-70.89467533981208,41.099370927544314]},"properties":{"kind":"rail","rot":107.4}},{"type":"Feature","geometry":{"type":"Point","coordinates":[-70.8946896743392,41.09940532997048]},"properties":{"kind":"rail","rot":107.4}},{"type":"Feature","geometry":{"type":"Point","coordinates":[-70.89470400886631,41.09943973239665]},"properties":{"kind":"rail","rot":107.4}},{"type":"Feature","geometry":{"type":"Point","coordinates":[-70.89471834339342,41.09947413482281]},"properties":{"kind":"rail","rot":107.4}},{"type":"Feature","geometry":{"type":"Point","coordinates":[-70.89472328171298,41.09948598663855]},"properties":{"kind":"rail","rot":122.5}},{"type":"Feature","geometry":{"type":"Point","coordinates":[-70.89475300293668,41.09951877634595]},"properties":{"kind":"rail","rot":122.5}},{"type":"Feature","geometry":{"type":"Point","coordinates":[-70.8947827241604,41.09955156605336]},"properties":{"kind":"rail","rot":122.5}},{"type":"Feature","geometry":{"type":"Point","coordinates":[-70.89481244538409,41.09958435576076]},"properties":{"kind":"rail","rot":122.5}},{"type":"Feature","geometry":{"type":"Point","coordinates":[-70.8948421666078,41.099617145468166]},"properties":{"kind":"rail","rot":122.5}},{"type":"Feature","geometry":{"type":"Point","coordinates":[-70.89486729016106,41.09964486283164]},"properties":{"kind":"rail","rot":95.9}},{"type":"Feature","geometry":{"type":"Point","coordinates":[-70.89487738697412,41.099659856767026]},"properties":{"kind":"rail","rot":95.9}},{"type":"Feature","geometry":{"type":"Point","coordinates":[-70.89488748378719,41.099674850702414]},"properties":{"kind":"rail","rot":95.9}},{"type":"Feature","geometry":{"type":"Point","coordinates":[-70.89489758060026,41.09968984463781]},"properties":{"kind":"rail","rot":95.9}},{"type":"Feature","geometry":{"type":"Point","coordinates":[-70.89490767741331,41.099704838573196]},"properties":{"kind":"rail","rot":95.9}},{"type":"Feature","geometry":{"type":"Point","coordinates":[-70.89491777422639,41.09971983250858]},"properties":{"kind":"rail","rot":95.9}},{"type":"Feature","geometry":{"type":"Point","coordinates":[-70.89492787103944,41.09973482644397]},"properties":{"kind":"rail","rot":95.9}},{"type":"Feature","geometry":{"type":"Point","coordinates":[-70.89493796785251,41.099749820379365]},"properties":{"kind":"rail","rot":95.9}},{"type":"Feature","geometry":{"type":"Point","coordinates":[-70.89494806466557,41.09976481431475]},"properties":{"kind":"rail","rot":95.9}},{"type":"Feature","geometry":{"type":"Point","coordinates":[-70.89495816147864,41.09977980825014]},"properties":{"kind":"rail","rot":95.9}},{"type":"Feature","geometry":{"type":"Point","coordinates":[-70.89496825829171,41.09979480218553]},"properties":{"kind":"rail","rot":95.9}},{"type":"Feature","geometry":{"type":"Point","coordinates":[-70.89497835510477,41.09980979612092]},"properties":{"kind":"rail","rot":95.9}},{"type":"Feature","geometry":{"type":"Point","coordinates":[-70.89498845191784,41.09982479005631]},"properties":{"kind":"rail","rot":95.9}},{"type":"Feature","geometry":{"type":"Point","coordinates":[-70.8949985487309,41.0998397839917]},"properties":{"kind":"rail","rot":95.9}},{"type":"Feature","geometry":{"type":"Point","coordinates":[-70.89500864554397,41.099854777927085]},"properties":{"kind":"rail","rot":95.9}},{"type":"Feature","geometry":{"type":"Point","coordinates":[-70.89501874235704,41.09986977186248]},"properties":{"kind":"rail","rot":95.9}},{"type":"Feature","geometry":{"type":"Point","coordinates":[-70.8950288391701,41.09988476579787]},"properties":{"kind":"rail","rot":95.9}},{"type":"Feature","geometry":{"type":"Point","coordinates":[-70.89503072918448,41.09988757250067]},"properties":{"kind":"rail","rot":-164.7}},{"type":"Feature","geometry":{"type":"Point","coordinates":[-70.89506163245528,41.09988102218283]},"properties":{"kind":"rail","rot":-164.7}},{"type":"Feature","geometry":{"type":"Point","coordinates":[-70.89509253572606,41.099874471864986]},"properties":{"kind":"rail","rot":-164.7}},{"type":"Feature","geometry":{"type":"Point","coordinates":[-70.89512343899686,41.09986792154714]},"properties":{"kind":"rail","rot":-164.7}},{"type":"Feature","geometry":{"type":"Point","coordinates":[-70.89515434226765,41.099861371229295]},"properties":{"kind":"rail","rot":-164.7}},{"type":"Feature","geometry":{"type":"Point","coordinates":[-70.89518524553844,41.09985482091145]},"properties":{"kind":"rail","rot":-164.7}},{"type":"Feature","geometry":{"type":"Point","coordinates":[-70.89521614880924,41.09984827059361]},"properties":{"kind":"rail","rot":-164.7}},{"type":"Feature","geometry":{"type":"Point","coordinates":[-70.89524705208002,41.09984172027576]},"properties":{"kind":"rail","rot":-164.7}},{"type":"Feature","geometry":{"type":"Point","coordinates":[-70.89527795535082,41.09983516995792]},"properties":{"kind":"rail","rot":-164.7}},{"type":"Feature","geometry":{"type":"Point","coordinates":[-70.89530885862162,41.09982861964008]},"properties":{"kind":"rail","rot":-164.7}},{"type":"Feature","geometry":{"type":"Point","coordinates":[-70.8953397618924,41.09982206932223]},"properties":{"kind":"rail","rot":-164.7}},{"type":"Feature","geometry":{"type":"Point","coordinates":[-70.8953706651632,41.09981551900439]},"properties":{"kind":"rail","rot":-164.7}},{"type":"Feature","geometry":{"type":"Point","coordinates":[-70.8953981736422,41.099809688253266]},"properties":{"kind":"rail","rot":-143.4}},{"type":"Feature","geometry":{"type":"Point","coordinates":[-70.89542432200805,41.09979504848265]},"properties":{"kind":"rail","rot":-143.4}},{"type":"Feature","geometry":{"type":"Point","coordinates":[-70.8954504703739,41.09978040871202]},"properties":{"kind":"rail","rot":-143.4}},{"type":"Feature","geometry":{"type":"Point","coordinates":[-70.89547661873975,41.0997657689414]},"properties":{"kind":"rail","rot":-143.4}},{"type":"Feature","geometry":{"type":"Point","coordinates":[-70.8955027671056,41.099751129170784]},"properties":{"kind":"rail","rot":-143.4}},{"type":"Feature","geometry":{"type":"Point","coordinates":[-70.89552891547143,41.099736489400165]},"properties":{"kind":"rail","rot":-143.4}},{"type":"Feature","geometry":{"type":"Point","coordinates":[-70.89555506383728,41.099721849629546]},"properties":{"kind":"rail","rot":-143.4}},{"type":"Feature","geometry":{"type":"Point","coordinates":[-70.89558121220313,41.09970720985893]},"properties":{"kind":"rail","rot":-143.4}},{"type":"Feature","geometry":{"type":"Point","coordinates":[-70.89560736056897,41.09969257008831]},"properties":{"kind":"rail","rot":-143.4}},{"type":"Feature","geometry":{"type":"Point","coordinates":[-70.89563350893482,41.09967793031768]},"properties":{"kind":"rail","rot":-143.4}},{"type":"Feature","geometry":{"type":"Point","coordinates":[-70.89565965730065,41.09966329054706]},"properties":{"kind":"rail","rot":-143.4}},{"type":"Feature","geometry":{"type":"Point","coordinates":[-70.89568051758364,41.0996516114326]},"properties":{"kind":"rail","rot":-123.3}},{"type":"Feature","geometry":{"type":"Point","coordinates":[-70.89570087888356,41.0996280511417]},"properties":{"kind":"rail","rot":-123.3}},{"type":"Feature","geometry":{"type":"Point","coordinates":[-70.89572124018348,41.0996044908508]},"properties":{"kind":"rail","rot":-123.3}},{"type":"Feature","geometry":{"type":"Point","coordinates":[-70.8957416014834,41.0995809305599]},"properties":{"kind":"rail","rot":-123.3}},{"type":"Feature","geometry":{"type":"Point","coordinates":[-70.89576196278331,41.099557370269004]},"properties":{"kind":"rail","rot":-123.3}},{"type":"Feature","geometry":{"type":"Point","coordinates":[-70.89578232408323,41.099533809978105]},"properties":{"kind":"rail","rot":-123.3}},{"type":"Feature","geometry":{"type":"Point","coordinates":[-70.89580268538315,41.09951024968721]},"properties":{"kind":"rail","rot":-123.3}},{"type":"Feature","geometry":{"type":"Point","coordinates":[-70.89582304668306,41.099486689396315]},"properties":{"kind":"rail","rot":-123.3}},{"type":"Feature","geometry":{"type":"Point","coordinates":[-70.89584340798298,41.099463129105416]},"properties":{"kind":"rail","rot":-123.3}},{"type":"Feature","geometry":{"type":"Point","coordinates":[-70.89586003133765,41.099443894033335]},"properties":{"kind":"rail","rot":-137.9}},{"type":"Feature","geometry":{"type":"Point","coordinates":[-70.89589397326245,41.09942080098816]},"properties":{"kind":"rail","rot":-137.9}},{"type":"Feature","geometry":{"type":"Point","coordinates":[-70.89592791518723,41.099397707943]},"properties":{"kind":"rail","rot":-137.9}},{"type":"Feature","geometry":{"type":"Point","coordinates":[-70.89596185711203,41.09937461489783]},"properties":{"kind":"rail","rot":-137.9}},{"type":"Feature","geometry":{"type":"Point","coordinates":[-70.89599579903683,41.09935152185266]},"properties":{"kind":"rail","rot":-137.9}},{"type":"Feature","geometry":{"type":"Point","coordinates":[-70.89602974096161,41.099328428807496]},"properties":{"kind":"rail","rot":-137.9}},{"type":"Feature","geometry":{"type":"Point","coordinates":[-70.89605942940297,41.09930822970208]},"properties":{"kind":"rail","rot":-153.9}},{"type":"Feature","geometry":{"type":"Point","coordinates":[-70.89609934740591,41.09929336211636]},"properties":{"kind":"rail","rot":-153.9}},{"type":"Feature","geometry":{"type":"Point","coordinates":[-70.89613926540885,41.099278494530644]},"properties":{"kind":"rail","rot":-153.9}},{"type":"Feature","geometry":{"type":"Point","coordinates":[-70.89617918341179,41.099263626944925]},"properties":{"kind":"rail","rot":-153.9}},{"type":"Feature","geometry":{"type":"Point","coordinates":[-70.89621910141473,41.099248759359206]},"properties":{"kind":"rail","rot":-153.9}},{"type":"Feature","geometry":{"type":"Point","coordinates":[-70.89625901941767,41.09923389177349]},"properties":{"kind":"rail","rot":-153.9}},{"type":"Feature","geometry":{"type":"Point","coordinates":[-70.89629893742061,41.099219024187775]},"properties":{"kind":"rail","rot":-153.9}},{"type":"Feature","geometry":{"type":"Point","coordinates":[-70.8963080194462,41.099215641558786]},"properties":{"kind":"rail","rot":-166.1}},{"type":"Feature","geometry":{"type":"Point","coordinates":[-70.89635065946696,41.09920766333945]},"properties":{"kind":"rail","rot":-166.1}},{"type":"Feature","geometry":{"type":"Point","coordinates":[-70.89639329948774,41.09919968512012]},"properties":{"kind":"rail","rot":-166.1}},{"type":"Feature","geometry":{"type":"Point","coordinates":[-70.8964359395085,41.09919170690078]},"properties":{"kind":"rail","rot":-166.1}},{"type":"Feature","geometry":{"type":"Point","coordinates":[-70.89647857952927,41.099183728681446]},"properties":{"kind":"rail","rot":-166.1}},{"type":"Feature","geometry":{"type":"Point","coordinates":[-70.89652121955005,41.099175750462116]},"properties":{"kind":"rail","rot":-166.1}},{"type":"Feature","geometry":{"type":"Point","coordinates":[-70.89656385957082,41.09916777224278]},"properties":{"kind":"rail","rot":-166.1}},{"type":"Feature","geometry":{"type":"Point","coordinates":[-70.89657305822143,41.0991660511167]},"properties":{"kind":"rail","rot":-178.5}},{"type":"Feature","geometry":{"type":"Point","coordinates":[-70.8966112973226,41.09916530724993]},"properties":{"kind":"rail","rot":-178.5}},{"type":"Feature","geometry":{"type":"Point","coordinates":[-70.89664953642377,41.09916456338317]},"properties":{"kind":"rail","rot":-178.5}},{"type":"Feature","geometry":{"type":"Point","coordinates":[-70.89668777552492,41.09916381951641]},"properties":{"kind":"rail","rot":-178.5}},{"type":"Feature","geometry":{"type":"Point","coordinates":[-70.8967260146261,41.09916307564965]},"properties":{"kind":"rail","rot":-178.5}},{"type":"Feature","geometry":{"type":"Point","coordinates":[-70.89676425372726,41.09916233178289]},"properties":{"kind":"rail","rot":-178.5}},{"type":"Feature","geometry":{"type":"Point","coordinates":[-70.89680249282843,41.09916158791613]},"properties":{"kind":"rail","rot":-178.5}},{"type":"Feature","geometry":{"type":"Point","coordinates":[-70.89684073192959,41.099160844049365]},"properties":{"kind":"rail","rot":-178.5}},{"type":"Feature","geometry":{"type":"Point","coordinates":[-70.89687897103076,41.09916010018261]},"properties":{"kind":"rail","rot":-178.5}},{"type":"Feature","geometry":{"type":"Point","coordinates":[-70.8968820702294,41.099160039893775]},"properties":{"kind":"rail","rot":-167.5}},{"type":"Feature","geometry":{"type":"Point","coordinates":[-70.89691671487333,41.099154243791695]},"properties":{"kind":"rail","rot":-167.5}},{"type":"Feature","geometry":{"type":"Point","coordinates":[-70.89695135951726,41.099148447689615]},"properties":{"kind":"rail","rot":-167.5}},{"type":"Feature","geometry":{"type":"Point","coordinates":[-70.89698600416119,41.09914265158754]},"properties":{"kind":"rail","rot":-167.5}},{"type":"Feature","geometry":{"type":"Point","coordinates":[-70.89702064880512,41.09913685548546]},"properties":{"kind":"rail","rot":-167.5}},{"type":"Feature","geometry":{"type":"Point","coordinates":[-70.89705529344906,41.09913105938339]},"properties":{"kind":"rail","rot":-167.5}},{"type":"Feature","geometry":{"type":"Point","coordinates":[-70.89708993809299,41.09912526328131]},"properties":{"kind":"rail","rot":-167.5}},{"type":"Feature","geometry":{"type":"Point","coordinates":[-70.89712458273692,41.099119467179236]},"properties":{"kind":"rail","rot":-167.5}},{"type":"Feature","geometry":{"type":"Point","coordinates":[-70.89715922738087,41.099113671077156]},"properties":{"kind":"rail","rot":-167.5}},{"type":"Feature","geometry":{"type":"Point","coordinates":[-70.8971938720248,41.099107874975076]},"properties":{"kind":"rail","rot":-167.5}},{"type":"Feature","geometry":{"type":"Point","coordinates":[-70.89722851666873,41.099102078873]},"properties":{"kind":"rail","rot":-167.5}},{"type":"Feature","geometry":{"type":"Point","coordinates":[-70.89724525290477,41.09909927887504]},"properties":{"kind":"rail","rot":-158.7}},{"type":"Feature","geometry":{"type":"Point","coordinates":[-70.89727839056286,41.09908960192831]},"properties":{"kind":"rail","rot":-158.7}},{"type":"Feature","geometry":{"type":"Point","coordinates":[-70.89731152822095,41.09907992498158]},"properties":{"kind":"rail","rot":-158.7}},{"type":"Feature","geometry":{"type":"Point","coordinates":[-70.89734466587905,41.099070248034856]},"properties":{"kind":"rail","rot":-158.7}},{"type":"Feature","geometry":{"type":"Point","coordinates":[-70.89737780353713,41.099060571088124]},"properties":{"kind":"rail","rot":-158.7}},{"type":"Feature","geometry":{"type":"Point","coordinates":[-70.89741094119522,41.0990508941414]},"properties":{"kind":"rail","rot":-158.7}},{"type":"Feature","geometry":{"type":"Point","coordinates":[-70.89744407885331,41.09904121719467]},"properties":{"kind":"rail","rot":-158.7}},{"type":"Feature","geometry":{"type":"Point","coordinates":[-70.8974772165114,41.09903154024794]},"properties":{"kind":"rail","rot":-158.7}},{"type":"Feature","geometry":{"type":"Point","coordinates":[-70.8975103541695,41.09902186330121]},"properties":{"kind":"rail","rot":-158.7}},{"type":"Feature","geometry":{"type":"Point","coordinates":[-70.89754349182759,41.099012186354486]},"properties":{"kind":"rail","rot":-158.7}},{"type":"Feature","geometry":{"type":"Point","coordinates":[-70.89757662948568,41.099002509407754]},"properties":{"kind":"rail","rot":-158.7}},{"type":"Feature","geometry":{"type":"Point","coordinates":[-70.89760976714378,41.09899283246103]},"properties":{"kind":"rail","rot":-158.7}},{"type":"Feature","geometry":{"type":"Point","coordinates":[-70.89764087374989,41.09898374862748]},"properties":{"kind":"rail","rot":-144.9}},{"type":"Feature","geometry":{"type":"Point","coordinates":[-70.89766932233523,41.09896866803646]},"properties":{"kind":"rail","rot":-144.9}},{"type":"Feature","geometry":{"type":"Point","coordinates":[-70.89769777092059,41.09895358744545]},"properties":{"kind":"rail","rot":-144.9}},{"type":"Feature","geometry":{"type":"Point","coordinates":[-70.89772621950593,41.09893850685444]},"properties":{"kind":"rail","rot":-144.9}},{"type":"Feature","geometry":{"type":"Point","coordinates":[-70.89775466809127,41.098923426263426]},"properties":{"kind":"rail","rot":-144.9}},{"type":"Feature","geometry":{"type":"Point","coordinates":[-70.89778311667662,41.098908345672406]},"properties":{"kind":"rail","rot":-144.9}},{"type":"Feature","geometry":{"type":"Point","coordinates":[-70.89781156526196,41.098893265081394]},"properties":{"kind":"rail","rot":-144.9}},{"type":"Feature","geometry":{"type":"Point","coordinates":[-70.89784001384731,41.09887818449038]},"properties":{"kind":"rail","rot":-144.9}},{"type":"Feature","geometry":{"type":"Point","coordinates":[-70.89786846243265,41.09886310389937]},"properties":{"kind":"rail","rot":-144.9}},{"type":"Feature","geometry":{"type":"Point","coordinates":[-70.897896911018,41.098848023308356]},"properties":{"kind":"rail","rot":-144.9}},{"type":"Feature","geometry":{"type":"Point","coordinates":[-70.89792535960335,41.09883294271734]},"properties":{"kind":"rail","rot":-144.9}},{"type":"Feature","geometry":{"type":"Point","coordinates":[-70.89795380818869,41.098817862126324]},"properties":{"kind":"rail","rot":-144.9}},{"type":"Feature","geometry":{"type":"Point","coordinates":[-70.89798225677404,41.09880278153531]},"properties":{"kind":"rail","rot":-144.9}},{"type":"Feature","geometry":{"type":"Point","coordinates":[-70.89798453138226,41.09880157576582]},"properties":{"kind":"rail","rot":-130.8}},{"type":"Feature","geometry":{"type":"Point","coordinates":[-70.89800727506979,41.098781730287776]},"properties":{"kind":"rail","rot":-130.8}},{"type":"Feature","geometry":{"type":"Point","coordinates":[-70.89803001875732,41.09876188480973]},"properties":{"kind":"rail","rot":-130.8}},{"type":"Feature","geometry":{"type":"Point","coordinates":[-70.89805276244486,41.09874203933169]},"properties":{"kind":"rail","rot":-130.8}},{"type":"Feature","geometry":{"type":"Point","coordinates":[-70.8980755061324,41.09872219385365]},"properties":{"kind":"rail","rot":-130.8}},{"type":"Feature","geometry":{"type":"Point","coordinates":[-70.89809824981994,41.09870234837561]},"properties":{"kind":"rail","rot":-130.8}},{"type":"Feature","geometry":{"type":"Point","coordinates":[-70.89812099350748,41.09868250289757]},"properties":{"kind":"rail","rot":-130.8}},{"type":"Feature","geometry":{"type":"Point","coordinates":[-70.89814373719501,41.098662657419524]},"properties":{"kind":"rail","rot":-130.8}},{"type":"Feature","geometry":{"type":"Point","coordinates":[-70.89816648088255,41.09864281194148]},"properties":{"kind":"rail","rot":-130.8}},{"type":"Feature","geometry":{"type":"Point","coordinates":[-70.89818922457009,41.09862296646344]},"properties":{"kind":"rail","rot":-130.8}},{"type":"Feature","geometry":{"type":"Point","coordinates":[-70.89821196825763,41.098603120985395]},"properties":{"kind":"rail","rot":-130.8}},{"type":"Feature","geometry":{"type":"Point","coordinates":[-70.89823471194516,41.09858327550735]},"properties":{"kind":"rail","rot":-130.8}},{"type":"Feature","geometry":{"type":"Point","coordinates":[-70.8982574556327,41.09856343002931]},"properties":{"kind":"rail","rot":-130.8}},{"type":"Feature","geometry":{"type":"Point","coordinates":[-70.89826748673198,41.0985546771848]},"properties":{"kind":"rail","rot":-115.1}},{"type":"Feature","geometry":{"type":"Point","coordinates":[-70.89828208977649,41.09853120874549]},"properties":{"kind":"rail","rot":-115.1}},{"type":"Feature","geometry":{"type":"Point","coordinates":[-70.89829669282099,41.098507740306175]},"properties":{"kind":"rail","rot":-115.1}},{"type":"Feature","geometry":{"type":"Point","coordinates":[-70.89831129586551,41.098484271866866]},"properties":{"kind":"rail","rot":-115.1}},{"type":"Feature","geometry":{"type":"Point","coordinates":[-70.89832589891002,41.09846080342755]},"properties":{"kind":"rail","rot":-115.1}},{"type":"Feature","geometry":{"type":"Point","coordinates":[-70.89834050195452,41.09843733498823]},"properties":{"kind":"rail","rot":-115.1}},{"type":"Feature","geometry":{"type":"Point","coordinates":[-70.89835510499903,41.098413866548924]},"properties":{"kind":"rail","rot":-115.1}},{"type":"Feature","geometry":{"type":"Point","coordinates":[-70.89836970804353,41.09839039810961]},"properties":{"kind":"rail","rot":-115.1}},{"type":"Feature","geometry":{"type":"Point","coordinates":[-70.89838431108804,41.09836692967029]},"properties":{"kind":"rail","rot":-115.1}},{"type":"Feature","geometry":{"type":"Point","coordinates":[-70.89839891413254,41.09834346123098]},"properties":{"kind":"rail","rot":-115.1}},{"type":"Feature","geometry":{"type":"Point","coordinates":[-70.89841351717705,41.098319992791666]},"properties":{"kind":"rail","rot":-115.1}},{"type":"Feature","geometry":{"type":"Point","coordinates":[-70.89842812022155,41.09829652435236]},"properties":{"kind":"rail","rot":-115.1}},{"type":"Feature","geometry":{"type":"Point","coordinates":[-70.89844272326607,41.09827305591304]},"properties":{"kind":"rail","rot":-115.1}},{"type":"Feature","geometry":{"type":"Point","coordinates":[-70.89844592202697,41.098267915209256]},"properties":{"kind":"rail","rot":-99.4}},{"type":"Feature","geometry":{"type":"Point","coordinates":[-70.89845207251568,41.098239843393706]},"properties":{"kind":"rail","rot":-99.4}},{"type":"Feature","geometry":{"type":"Point","coordinates":[-70.8984582230044,41.098211771578164]},"properties":{"kind":"rail","rot":-99.4}},{"type":"Feature","geometry":{"type":"Point","coordinates":[-70.8984643734931,41.098183699762615]},"properties":{"kind":"rail","rot":-99.4}},{"type":"Feature","geometry":{"type":"Point","coordinates":[-70.89847052398181,41.098155627947065]},"properties":{"kind":"rail","rot":-99.4}},{"type":"Feature","geometry":{"type":"Point","coordinates":[-70.89847667447053,41.098127556131516]},"properties":{"kind":"rail","rot":-99.4}},{"type":"Feature","geometry":{"type":"Point","coordinates":[-70.89848282495925,41.09809948431597]},"properties":{"kind":"rail","rot":-99.4}},{"type":"Feature","geometry":{"type":"Point","coordinates":[-70.89848897544795,41.098071412500424]},"properties":{"kind":"rail","rot":-99.4}},{"type":"Feature","geometry":{"type":"Point","coordinates":[-70.89849512593666,41.098043340684875]},"properties":{"kind":"rail","rot":-99.4}},{"type":"Feature","geometry":{"type":"Point","coordinates":[-70.89850127642538,41.098015268869325]},"properties":{"kind":"rail","rot":-99.4}},{"type":"Feature","geometry":{"type":"Point","coordinates":[-70.89850742691408,41.09798719705378]},"properties":{"kind":"rail","rot":-99.4}},{"type":"Feature","geometry":{"type":"Point","coordinates":[-70.89851110039655,41.09797043069146]},"properties":{"kind":"rail","rot":-112.1}},{"type":"Feature","geometry":{"type":"Point","coordinates":[-70.89852709849008,41.097940719303686]},"properties":{"kind":"rail","rot":-112.1}},{"type":"Feature","geometry":{"type":"Point","coordinates":[-70.89854309658361,41.097911007915904]},"properties":{"kind":"rail","rot":-112.1}},{"type":"Feature","geometry":{"type":"Point","coordinates":[-70.89855909467713,41.09788129652813]},"properties":{"kind":"rail","rot":-112.1}},{"type":"Feature","geometry":{"type":"Point","coordinates":[-70.89857509277066,41.09785158514035]},"properties":{"kind":"rail","rot":-112.1}},{"type":"Feature","geometry":{"type":"Point","coordinates":[-70.89859109086419,41.09782187375257]},"properties":{"kind":"rail","rot":-112.1}},{"type":"Feature","geometry":{"type":"Point","coordinates":[-70.8986070889577,41.0977921623648]},"properties":{"kind":"rail","rot":-112.1}},{"type":"Feature","geometry":{"type":"Point","coordinates":[-70.89862308705123,41.097762450977015]},"properties":{"kind":"rail","rot":-112.1}},{"type":"Feature","geometry":{"type":"Point","coordinates":[-70.89863908514477,41.09773273958924]},"properties":{"kind":"rail","rot":-112.1}},{"type":"Feature","geometry":{"type":"Point","coordinates":[-70.89864521995403,41.09772134612558]},"properties":{"kind":"rail","rot":-123.5}},{"type":"Feature","geometry":{"type":"Point","coordinates":[-70.89867095761173,41.09769296164682]},"properties":{"kind":"rail","rot":-123.5}},{"type":"Feature","geometry":{"type":"Point","coordinates":[-70.89869669526942,41.097664577168054]},"properties":{"kind":"rail","rot":-123.5}},{"type":"Feature","geometry":{"type":"Point","coordinates":[-70.89872243292712,41.09763619268929]},"properties":{"kind":"rail","rot":-123.5}},{"type":"Feature","geometry":{"type":"Point","coordinates":[-70.89874817058481,41.09760780821053]},"properties":{"kind":"rail","rot":-123.5}},{"type":"Feature","geometry":{"type":"Point","coordinates":[-70.8987739082425,41.09757942373177]},"properties":{"kind":"rail","rot":-123.5}},{"type":"Feature","geometry":{"type":"Point","coordinates":[-70.8987996459002,41.097551039253005]},"properties":{"kind":"rail","rot":-123.5}},{"type":"Feature","geometry":{"type":"Point","coordinates":[-70.89882538355789,41.097522654774245]},"properties":{"kind":"rail","rot":-123.5}},{"type":"Feature","geometry":{"type":"Point","coordinates":[-70.89884256725828,41.097503703928574]},"properties":{"kind":"rail","rot":-154.5}},{"type":"Feature","geometry":{"type":"Point","coordinates":[-70.89889240667473,41.09748573389929]},"properties":{"kind":"rail","rot":-154.5}},{"type":"Feature","geometry":{"type":"Point","coordinates":[-70.89894224609117,41.09746776387001]},"properties":{"kind":"rail","rot":-154.5}},{"type":"Feature","geometry":{"type":"Point","coordinates":[-70.89899208550762,41.097449793840724]},"properties":{"kind":"rail","rot":-154.5}},{"type":"Feature","geometry":{"type":"Point","coordinates":[-70.89904192492406,41.09743182381144]},"properties":{"kind":"rail","rot":-154.5}},{"type":"Feature","geometry":{"type":"Point","coordinates":[-70.8990917643405,41.09741385378216]},"properties":{"kind":"rail","rot":-154.5}},{"type":"Feature","geometry":{"type":"Point","coordinates":[-70.89909712732542,41.097411920111924]},"properties":{"kind":"rail","rot":176.3}},{"type":"Feature","geometry":{"type":"Point","coordinates":[-70.8991371891635,41.09741357842597]},"properties":{"kind":"rail","rot":176.3}},{"type":"Feature","geometry":{"type":"Point","coordinates":[-70.89917725100157,41.09741523674002]},"properties":{"kind":"rail","rot":176.3}},{"type":"Feature","geometry":{"type":"Point","coordinates":[-70.89921731283965,41.09741689505407]},"properties":{"kind":"rail","rot":176.3}},{"type":"Feature","geometry":{"type":"Point","coordinates":[-70.89925737467773,41.097418553368115]},"properties":{"kind":"rail","rot":176.3}},{"type":"Feature","geometry":{"type":"Point","coordinates":[-70.89929743651581,41.097420211682156]},"properties":{"kind":"rail","rot":176.3}},{"type":"Feature","geometry":{"type":"Point","coordinates":[-70.89933749835389,41.097421869996204]},"properties":{"kind":"rail","rot":176.3}},{"type":"Feature","geometry":{"type":"Point","coordinates":[-70.89937756019197,41.09742352831025]},"properties":{"kind":"rail","rot":176.3}},{"type":"Feature","geometry":{"type":"Point","coordinates":[-70.89941762203004,41.0974251866243]},"properties":{"kind":"rail","rot":176.3}},{"type":"Feature","geometry":{"type":"Point","coordinates":[-70.89945768386812,41.09742684493835]},"properties":{"kind":"rail","rot":176.3}},{"type":"Feature","geometry":{"type":"Point","coordinates":[-70.89949214985984,41.097428271618725]},"properties":{"kind":"rail","rot":-170.3}},{"type":"Feature","geometry":{"type":"Point","coordinates":[-70.89952684840354,41.097423789982365]},"properties":{"kind":"rail","rot":-170.3}},{"type":"Feature","geometry":{"type":"Point","coordinates":[-70.89956154694724,41.097419308346005]},"properties":{"kind":"rail","rot":-170.3}},{"type":"Feature","geometry":{"type":"Point","coordinates":[-70.89959624549093,41.097414826709645]},"properties":{"kind":"rail","rot":-170.3}},{"type":"Feature","geometry":{"type":"Point","coordinates":[-70.89963094403463,41.097410345073285]},"properties":{"kind":"rail","rot":-170.3}},{"type":"Feature","geometry":{"type":"Point","coordinates":[-70.89966564257833,41.097405863436926]},"properties":{"kind":"rail","rot":-170.3}},{"type":"Feature","geometry":{"type":"Point","coordinates":[-70.89970034112203,41.097401381800566]},"properties":{"kind":"rail","rot":-170.3}},{"type":"Feature","geometry":{"type":"Point","coordinates":[-70.89973503966571,41.097396900164206]},"properties":{"kind":"rail","rot":-170.3}},{"type":"Feature","geometry":{"type":"Point","coordinates":[-70.89976973820941,41.097392418527846]},"properties":{"kind":"rail","rot":-170.3}},{"type":"Feature","geometry":{"type":"Point","coordinates":[-70.89980443675312,41.09738793689149]},"properties":{"kind":"rail","rot":-170.3}},{"type":"Feature","geometry":{"type":"Point","coordinates":[-70.8998391352968,41.09738345525513]},"properties":{"kind":"rail","rot":-170.3}},{"type":"Feature","geometry":{"type":"Point","coordinates":[-70.8998738338405,41.09737897361877]},"properties":{"kind":"rail","rot":-170.3}},{"type":"Feature","geometry":{"type":"Point","coordinates":[-70.8999085323842,41.09737449198241]},"properties":{"kind":"rail","rot":-170.3}},{"type":"Feature","geometry":{"type":"Point","coordinates":[-70.89991730246616,41.09737335924558]},"properties":{"kind":"rail","rot":-158}},{"type":"Feature","geometry":{"type":"Point","coordinates":[-70.89995130722941,41.09736295440124]},"properties":{"kind":"rail","rot":-158}},{"type":"Feature","geometry":{"type":"Point","coordinates":[-70.89998531199267,41.097352549556895]},"properties":{"kind":"rail","rot":-158}},{"type":"Feature","geometry":{"type":"Point","coordinates":[-70.90001931675592,41.09734214471255]},"properties":{"kind":"rail","rot":-158}},{"type":"Feature","geometry":{"type":"Point","coordinates":[-70.90005332151917,41.0973317398682]},"properties":{"kind":"rail","rot":-158}},{"type":"Feature","geometry":{"type":"Point","coordinates":[-70.90008732628242,41.097321335023864]},"properties":{"kind":"rail","rot":-158}},{"type":"Feature","geometry":{"type":"Point","coordinates":[-70.90012133104568,41.09731093017952]},"properties":{"kind":"rail","rot":-158}},{"type":"Feature","geometry":{"type":"Point","coordinates":[-70.90015533580893,41.09730052533517]},"properties":{"kind":"rail","rot":-158}},{"type":"Feature","geometry":{"type":"Point","coordinates":[-70.90018934057218,41.09729012049083]},"properties":{"kind":"rail","rot":-158}},{"type":"Feature","geometry":{"type":"Point","coordinates":[-70.90022334533543,41.097279715646486]},"properties":{"kind":"rail","rot":-158}},{"type":"Feature","geometry":{"type":"Point","coordinates":[-70.90025735009868,41.09726931080214]},"properties":{"kind":"rail","rot":-158}},{"type":"Feature","geometry":{"type":"Point","coordinates":[-70.90029135486193,41.097258905957794]},"properties":{"kind":"rail","rot":-158}},{"type":"Feature","geometry":{"type":"Point","coordinates":[-70.90031134041205,41.097252790739866]},"properties":{"kind":"rail","rot":-158.4}},{"type":"Feature","geometry":{"type":"Point","coordinates":[-70.9003469584542,41.09724216034172]},"properties":{"kind":"rail","rot":-158.4}},{"type":"Feature","geometry":{"type":"Point","coordinates":[-70.90038257649633,41.097231529943585]},"properties":{"kind":"rail","rot":-158.4}},{"type":"Feature","geometry":{"type":"Point","coordinates":[-70.90041819453847,41.09722089954544]},"properties":{"kind":"rail","rot":-158.4}},{"type":"Feature","geometry":{"type":"Point","coordinates":[-70.90045381258061,41.0972102691473]},"properties":{"kind":"rail","rot":-158.4}},{"type":"Feature","geometry":{"type":"Point","coordinates":[-70.90048943062276,41.09719963874916]},"properties":{"kind":"rail","rot":-158.4}},{"type":"Feature","geometry":{"type":"Point","coordinates":[-70.90052504866489,41.097189008351016]},"properties":{"kind":"rail","rot":-158.4}},{"type":"Feature","geometry":{"type":"Point","coordinates":[-70.90056066670704,41.09717837795288]},"properties":{"kind":"rail","rot":-158.4}},{"type":"Feature","geometry":{"type":"Point","coordinates":[-70.90059628474918,41.097167747554735]},"properties":{"kind":"rail","rot":-158.4}},{"type":"Feature","geometry":{"type":"Point","coordinates":[-70.90063190279132,41.0971571171566]},"properties":{"kind":"rail","rot":-158.4}},{"type":"Feature","geometry":{"type":"Point","coordinates":[-70.90066752083347,41.097146486758454]},"properties":{"kind":"rail","rot":-158.4}},{"type":"Feature","geometry":{"type":"Point","coordinates":[-70.90068862652247,41.097140187650936]},"properties":{"kind":"rail","rot":-159}},{"type":"Feature","geometry":{"type":"Point","coordinates":[-70.90072380569514,41.0971300071259]},"properties":{"kind":"rail","rot":-159}},{"type":"Feature","geometry":{"type":"Point","coordinates":[-70.9007589848678,41.09711982660087]},"properties":{"kind":"rail","rot":-159}},{"type":"Feature","geometry":{"type":"Point","coordinates":[-70.90079416404049,41.09710964607583]},"properties":{"kind":"rail","rot":-159}},{"type":"Feature","geometry":{"type":"Point","coordinates":[-70.90082934321316,41.0970994655508]},"properties":{"kind":"rail","rot":-159}},{"type":"Feature","geometry":{"type":"Point","coordinates":[-70.90086452238583,41.09708928502577]},"properties":{"kind":"rail","rot":-159}},{"type":"Feature","geometry":{"type":"Point","coordinates":[-70.9008997015585,41.09707910450073]},"properties":{"kind":"rail","rot":-159}},{"type":"Feature","geometry":{"type":"Point","coordinates":[-70.90093488073119,41.0970689239757]},"properties":{"kind":"rail","rot":-159}},{"type":"Feature","geometry":{"type":"Point","coordinates":[-70.90097005990386,41.09705874345066]},"properties":{"kind":"rail","rot":-159}},{"type":"Feature","geometry":{"type":"Point","coordinates":[-70.90100523907653,41.09704856292563]},"properties":{"kind":"rail","rot":-159}},{"type":"Feature","geometry":{"type":"Point","coordinates":[-70.90104041824921,41.09703838240059]},"properties":{"kind":"rail","rot":-159}},{"type":"Feature","geometry":{"type":"Point","coordinates":[-70.90106855649782,41.09703023945343]},"properties":{"kind":"rail","rot":-154.9}},{"type":"Feature","geometry":{"type":"Point","coordinates":[-70.90110213687073,41.09701838033047]},"properties":{"kind":"rail","rot":-154.9}},{"type":"Feature","geometry":{"type":"Point","coordinates":[-70.90113571724366,41.09700652120751]},"properties":{"kind":"rail","rot":-154.9}},{"type":"Feature","geometry":{"type":"Point","coordinates":[-70.90116929761658,41.096994662084555]},"properties":{"kind":"rail","rot":-154.9}},{"type":"Feature","geometry":{"type":"Point","coordinates":[-70.9012028779895,41.0969828029616]},"properties":{"kind":"rail","rot":-154.9}},{"type":"Feature","geometry":{"type":"Point","coordinates":[-70.90123645836242,41.096970943838635]},"properties":{"kind":"rail","rot":-154.9}},{"type":"Feature","geometry":{"type":"Point","coordinates":[-70.90127003873533,41.09695908471568]},"properties":{"kind":"rail","rot":-154.9}},{"type":"Feature","geometry":{"type":"Point","coordinates":[-70.90130361910826,41.09694722559272]},"properties":{"kind":"rail","rot":-154.9}},{"type":"Feature","geometry":{"type":"Point","coordinates":[-70.90133719948118,41.096935366469765]},"properties":{"kind":"rail","rot":-154.9}},{"type":"Feature","geometry":{"type":"Point","coordinates":[-70.9013707798541,41.09692350734681]},"properties":{"kind":"rail","rot":-154.9}},{"type":"Feature","geometry":{"type":"Point","coordinates":[-70.90140436022702,41.096911648223845]},"properties":{"kind":"rail","rot":-154.9}},{"type":"Feature","geometry":{"type":"Point","coordinates":[-70.90143794059995,41.09689978910089]},"properties":{"kind":"rail","rot":-154.9}},{"type":"Feature","geometry":{"type":"Point","coordinates":[-70.90144116229419,41.09689865133901]},"properties":{"kind":"rail","rot":-150.5}},{"type":"Feature","geometry":{"type":"Point","coordinates":[-70.90147563040536,41.09688404340544]},"properties":{"kind":"rail","rot":-150.5}},{"type":"Feature","geometry":{"type":"Point","coordinates":[-70.90151009851654,41.096869435471866]},"properties":{"kind":"rail","rot":-150.5}},{"type":"Feature","geometry":{"type":"Point","coordinates":[-70.9015445666277,41.096854827538294]},"properties":{"kind":"rail","rot":-150.5}},{"type":"Feature","geometry":{"type":"Point","coordinates":[-70.90157903473887,41.09684021960473]},"properties":{"kind":"rail","rot":-150.5}},{"type":"Feature","geometry":{"type":"Point","coordinates":[-70.90161350285004,41.09682561167116]},"properties":{"kind":"rail","rot":-150.5}},{"type":"Feature","geometry":{"type":"Point","coordinates":[-70.90164797096122,41.096811003737585]},"properties":{"kind":"rail","rot":-150.5}},{"type":"Feature","geometry":{"type":"Point","coordinates":[-70.90168243907239,41.09679639580401]},"properties":{"kind":"rail","rot":-150.5}},{"type":"Feature","geometry":{"type":"Point","coordinates":[-70.90171690718356,41.09678178787044]},"properties":{"kind":"rail","rot":-150.5}},{"type":"Feature","geometry":{"type":"Point","coordinates":[-70.90175137529474,41.096767179936876]},"properties":{"kind":"rail","rot":-150.5}},{"type":"Feature","geometry":{"type":"Point","coordinates":[-70.90178245113235,41.09675400968309]},"properties":{"kind":"rail","rot":-164.2}},{"type":"Feature","geometry":{"type":"Point","coordinates":[-70.90182261506702,41.096745405018936]},"properties":{"kind":"rail","rot":-164.2}},{"type":"Feature","geometry":{"type":"Point","coordinates":[-70.90186277900169,41.09673680035478]},"properties":{"kind":"rail","rot":-164.2}},{"type":"Feature","geometry":{"type":"Point","coordinates":[-70.90190294293637,41.09672819569062]},"properties":{"kind":"rail","rot":-164.2}},{"type":"Feature","geometry":{"type":"Point","coordinates":[-70.90194310687104,41.09671959102647]},"properties":{"kind":"rail","rot":-164.2}},{"type":"Feature","geometry":{"type":"Point","coordinates":[-70.90198327080572,41.09671098636232]},"properties":{"kind":"rail","rot":-164.2}},{"type":"Feature","geometry":{"type":"Point","coordinates":[-70.9020234347404,41.09670238169816]},"properties":{"kind":"rail","rot":-164.2}},{"type":"Feature","geometry":{"type":"Point","coordinates":[-70.90206359867507,41.096693777034005]},"properties":{"kind":"rail","rot":-164.2}},{"type":"Feature","geometry":{"type":"Point","coordinates":[-70.90210376260974,41.09668517236985]},"properties":{"kind":"rail","rot":-164.2}},{"type":"Feature","geometry":{"type":"Point","coordinates":[-70.90214392654441,41.09667656770569]},"properties":{"kind":"rail","rot":-164.2}},{"type":"Feature","geometry":{"type":"Point","coordinates":[-70.90217198784303,41.09667055589305]},"properties":{"kind":"rail","rot":-175.3}},{"type":"Feature","geometry":{"type":"Point","coordinates":[-70.90221113303764,41.09666809902032]},"properties":{"kind":"rail","rot":-175.3}},{"type":"Feature","geometry":{"type":"Point","coordinates":[-70.90225027823226,41.096665642147585]},"properties":{"kind":"rail","rot":-175.3}},{"type":"Feature","geometry":{"type":"Point","coordinates":[-70.90228942342688,41.096663185274856]},"properties":{"kind":"rail","rot":-175.3}},{"type":"Feature","geometry":{"type":"Point","coordinates":[-70.90232856862148,41.09666072840212]},"properties":{"kind":"rail","rot":-175.3}},{"type":"Feature","geometry":{"type":"Point","coordinates":[-70.9023677138161,41.09665827152939]},"properties":{"kind":"rail","rot":-175.3}},{"type":"Feature","geometry":{"type":"Point","coordinates":[-70.90240685901072,41.09665581465666]},"properties":{"kind":"rail","rot":-175.3}},{"type":"Feature","geometry":{"type":"Point","coordinates":[-70.90244600420533,41.09665335778393]},"properties":{"kind":"rail","rot":-175.3}},{"type":"Feature","geometry":{"type":"Point","coordinates":[-70.90248514939995,41.09665090091119]},"properties":{"kind":"rail","rot":-175.3}},{"type":"Feature","geometry":{"type":"Point","coordinates":[-70.90252429459456,41.096648444038465]},"properties":{"kind":"rail","rot":-175.3}},{"type":"Feature","geometry":{"type":"Point","coordinates":[-70.90256343978918,41.09664598716573]},"properties":{"kind":"rail","rot":-175.3}},{"type":"Feature","geometry":{"type":"Point","coordinates":[-70.9026025849838,41.096643530293]},"properties":{"kind":"rail","rot":-175.3}},{"type":"Feature","geometry":{"type":"Point","coordinates":[-70.9026417301784,41.096641073420265]},"properties":{"kind":"rail","rot":-175.3}},{"type":"Feature","geometry":{"type":"Point","coordinates":[-70.9026433656542,41.09664097077278]},"properties":{"kind":"rail","rot":-174.3}},{"type":"Feature","geometry":{"type":"Point","coordinates":[-70.9026811247329,41.09663812119673]},"properties":{"kind":"rail","rot":-174.3}},{"type":"Feature","geometry":{"type":"Point","coordinates":[-70.90271888381159,41.09663527162068]},"properties":{"kind":"rail","rot":-174.3}},{"type":"Feature","geometry":{"type":"Point","coordinates":[-70.90275664289028,41.09663242204463]},"properties":{"kind":"rail","rot":-174.3}},{"type":"Feature","geometry":{"type":"Point","coordinates":[-70.90279440196898,41.09662957246858]},"properties":{"kind":"rail","rot":-174.3}},{"type":"Feature","geometry":{"type":"Point","coordinates":[-70.90283216104767,41.09662672289253]},"properties":{"kind":"rail","rot":-174.3}},{"type":"Feature","geometry":{"type":"Point","coordinates":[-70.90286992012636,41.096623873316474]},"properties":{"kind":"rail","rot":-174.3}},{"type":"Feature","geometry":{"type":"Point","coordinates":[-70.90290767920506,41.096621023740425]},"properties":{"kind":"rail","rot":-174.3}},{"type":"Feature","geometry":{"type":"Point","coordinates":[-70.90294543828375,41.09661817416438]},"properties":{"kind":"rail","rot":-174.3}},{"type":"Feature","geometry":{"type":"Point","coordinates":[-70.90298319736245,41.09661532458833]},"properties":{"kind":"rail","rot":-174.3}},{"type":"Feature","geometry":{"type":"Point","coordinates":[-70.90302095644114,41.09661247501227]},"properties":{"kind":"rail","rot":-174.3}},{"type":"Feature","geometry":{"type":"Point","coordinates":[-70.90305871551983,41.09660962543622]},"properties":{"kind":"rail","rot":-174.3}},{"type":"Feature","geometry":{"type":"Point","coordinates":[-70.90309647459853,41.096606775860174]},"properties":{"kind":"rail","rot":-174.3}},{"type":"Feature","geometry":{"type":"Point","coordinates":[-70.90312715425291,41.09660446054922]},"properties":{"kind":"rail","rot":-173.3}},{"type":"Feature","geometry":{"type":"Point","coordinates":[-70.90316593754854,41.09660105095101]},"properties":{"kind":"rail","rot":-173.3}},{"type":"Feature","geometry":{"type":"Point","coordinates":[-70.90320472084414,41.09659764135279]},"properties":{"kind":"rail","rot":-173.3}},{"type":"Feature","geometry":{"type":"Point","coordinates":[-70.90324350413975,41.09659423175457]},"properties":{"kind":"rail","rot":-173.3}},{"type":"Feature","geometry":{"type":"Point","coordinates":[-70.90328228743537,41.09659082215636]},"properties":{"kind":"rail","rot":-173.3}},{"type":"Feature","geometry":{"type":"Point","coordinates":[-70.90332107073098,41.096587412558144]},"properties":{"kind":"rail","rot":-173.3}},{"type":"Feature","geometry":{"type":"Point","coordinates":[-70.9033598540266,41.09658400295993]},"properties":{"kind":"rail","rot":-173.3}},{"type":"Feature","geometry":{"type":"Point","coordinates":[-70.90339863732221,41.09658059336171]},"properties":{"kind":"rail","rot":-173.3}},{"type":"Feature","geometry":{"type":"Point","coordinates":[-70.90343742061782,41.09657718376349]},"properties":{"kind":"rail","rot":-173.3}},{"type":"Feature","geometry":{"type":"Point","coordinates":[-70.90347620391344,41.09657377416528]},"properties":{"kind":"rail","rot":-173.3}},{"type":"Feature","geometry":{"type":"Point","coordinates":[-70.90351498720905,41.096570364567064]},"properties":{"kind":"rail","rot":-173.3}},{"type":"Feature","geometry":{"type":"Point","coordinates":[-70.90355377050466,41.09656695496885]},"properties":{"kind":"rail","rot":-173.3}},{"type":"Feature","geometry":{"type":"Point","coordinates":[-70.90359255380028,41.09656354537063]},"properties":{"kind":"rail","rot":-173.3}},{"type":"Feature","geometry":{"type":"Point","coordinates":[-70.90359917765913,41.09656296304009]},"properties":{"kind":"rail","rot":178}},{"type":"Feature","geometry":{"type":"Point","coordinates":[-70.90363947214236,41.09656401795299]},"properties":{"kind":"rail","rot":178}},{"type":"Feature","geometry":{"type":"Point","coordinates":[-70.90367976662557,41.09656507286589]},"properties":{"kind":"rail","rot":178}},{"type":"Feature","geometry":{"type":"Point","coordinates":[-70.9037200611088,41.0965661277788]},"properties":{"kind":"rail","rot":178}},{"type":"Feature","geometry":{"type":"Point","coordinates":[-70.90376035559203,41.0965671826917]},"properties":{"kind":"rail","rot":178}},{"type":"Feature","geometry":{"type":"Point","coordinates":[-70.90380065007524,41.0965682376046]},"properties":{"kind":"rail","rot":178}},{"type":"Feature","geometry":{"type":"Point","coordinates":[-70.90384094455847,41.0965692925175]},"properties":{"kind":"rail","rot":178}},{"type":"Feature","geometry":{"type":"Point","coordinates":[-70.90388123904168,41.0965703474304]},"properties":{"kind":"rail","rot":178}},{"type":"Feature","geometry":{"type":"Point","coordinates":[-70.90392153352491,41.0965714023433]},"properties":{"kind":"rail","rot":178}},{"type":"Feature","geometry":{"type":"Point","coordinates":[-70.90396182800812,41.0965724572562]},"properties":{"kind":"rail","rot":178}},{"type":"Feature","geometry":{"type":"Point","coordinates":[-70.90400212249135,41.0965735121691]},"properties":{"kind":"rail","rot":178}},{"type":"Feature","geometry":{"type":"Point","coordinates":[-70.90404241697456,41.096574567082]},"properties":{"kind":"rail","rot":178}},{"type":"Feature","geometry":{"type":"Point","coordinates":[-70.90405758907659,41.09657496428889]},"properties":{"kind":"rail","rot":169.3}},{"type":"Feature","geometry":{"type":"Point","coordinates":[-70.90409635369105,41.09658044447083]},"properties":{"kind":"rail","rot":169.3}},{"type":"Feature","geometry":{"type":"Point","coordinates":[-70.9041351183055,41.09658592465278]},"properties":{"kind":"rail","rot":169.3}},{"type":"Feature","geometry":{"type":"Point","coordinates":[-70.90417388291996,41.09659140483472]},"properties":{"kind":"rail","rot":169.3}},{"type":"Feature","geometry":{"type":"Point","coordinates":[-70.90421264753442,41.096596885016666]},"properties":{"kind":"rail","rot":169.3}},{"type":"Feature","geometry":{"type":"Point","coordinates":[-70.90425141214888,41.096602365198606]},"properties":{"kind":"rail","rot":169.3}},{"type":"Feature","geometry":{"type":"Point","coordinates":[-70.90429017676334,41.09660784538055]},"properties":{"kind":"rail","rot":169.3}},{"type":"Feature","geometry":{"type":"Point","coordinates":[-70.9043289413778,41.096613325562494]},"properties":{"kind":"rail","rot":169.3}},{"type":"Feature","geometry":{"type":"Point","coordinates":[-70.90436770599226,41.096618805744434]},"properties":{"kind":"rail","rot":169.3}},{"type":"Feature","geometry":{"type":"Point","coordinates":[-70.90440647060672,41.09662428592638]},"properties":{"kind":"rail","rot":169.3}},{"type":"Feature","geometry":{"type":"Point","coordinates":[-70.90444523522117,41.09662976610832]},"properties":{"kind":"rail","rot":169.3}},{"type":"Feature","geometry":{"type":"Point","coordinates":[-70.90448399983563,41.09663524629027]},"properties":{"kind":"rail","rot":169.3}},{"type":"Feature","geometry":{"type":"Point","coordinates":[-70.90452134233239,41.09664052542639]},"properties":{"kind":"rail","rot":167.1}},{"type":"Feature","geometry":{"type":"Point","coordinates":[-70.90455904634783,41.09664701791466]},"properties":{"kind":"rail","rot":167.1}},{"type":"Feature","geometry":{"type":"Point","coordinates":[-70.90459675036327,41.09665351040293]},"properties":{"kind":"rail","rot":167.1}},{"type":"Feature","geometry":{"type":"Point","coordinates":[-70.90463445437872,41.0966600028912]},"properties":{"kind":"rail","rot":167.1}},{"type":"Feature","geometry":{"type":"Point","coordinates":[-70.90467215839416,41.096666495379466]},"properties":{"kind":"rail","rot":167.1}},{"type":"Feature","geometry":{"type":"Point","coordinates":[-70.9047098624096,41.096672987867734]},"properties":{"kind":"rail","rot":167.1}},{"type":"Feature","geometry":{"type":"Point","coordinates":[-70.90474756642504,41.09667948035601]},"properties":{"kind":"rail","rot":167.1}},{"type":"Feature","geometry":{"type":"Point","coordinates":[-70.90478527044048,41.09668597284428]},"properties":{"kind":"rail","rot":167.1}},{"type":"Feature","geometry":{"type":"Point","coordinates":[-70.90482297445593,41.096692465332545]},"properties":{"kind":"rail","rot":167.1}},{"type":"Feature","geometry":{"type":"Point","coordinates":[-70.90486067847137,41.09669895782081]},"properties":{"kind":"rail","rot":167.1}},{"type":"Feature","geometry":{"type":"Point","coordinates":[-70.9048983824868,41.09670545030908]},"properties":{"kind":"rail","rot":167.1}},{"type":"Feature","geometry":{"type":"Point","coordinates":[-70.90493608650225,41.096711942797356]},"properties":{"kind":"rail","rot":167.1}},{"type":"Feature","geometry":{"type":"Point","coordinates":[-70.90497379051769,41.096718435285624]},"properties":{"kind":"rail","rot":167.1}},{"type":"Feature","geometry":{"type":"Point","coordinates":[-70.90498807730854,41.09672089541675]},"properties":{"kind":"rail","rot":165}},{"type":"Feature","geometry":{"type":"Point","coordinates":[-70.90502661551245,41.096728715138966]},"properties":{"kind":"rail","rot":165}},{"type":"Feature","geometry":{"type":"Point","coordinates":[-70.90506515371636,41.096736534861186]},"properties":{"kind":"rail","rot":165}},{"type":"Feature","geometry":{"type":"Point","coordinates":[-70.90510369192027,41.0967443545834]},"properties":{"kind":"rail","rot":165}},{"type":"Feature","geometry":{"type":"Point","coordinates":[-70.90514223012418,41.09675217430562]},"properties":{"kind":"rail","rot":165}},{"type":"Feature","geometry":{"type":"Point","coordinates":[-70.9051807683281,41.096759994027835]},"properties":{"kind":"rail","rot":165}},{"type":"Feature","geometry":{"type":"Point","coordinates":[-70.905219306532,41.096767813750056]},"properties":{"kind":"rail","rot":165}},{"type":"Feature","geometry":{"type":"Point","coordinates":[-70.90525784473591,41.09677563347227]},"properties":{"kind":"rail","rot":165}},{"type":"Feature","geometry":{"type":"Point","coordinates":[-70.90529638293984,41.09678345319449]},"properties":{"kind":"rail","rot":165}},{"type":"Feature","geometry":{"type":"Point","coordinates":[-70.90533492114375,41.096791272916704]},"properties":{"kind":"rail","rot":165}},{"type":"Feature","geometry":{"type":"Point","coordinates":[-70.90537345934766,41.09679909263892]},"properties":{"kind":"rail","rot":165}},{"type":"Feature","geometry":{"type":"Point","coordinates":[-70.90541199755157,41.09680691236114]},"properties":{"kind":"rail","rot":165}},{"type":"Feature","geometry":{"type":"Point","coordinates":[-70.90543959454278,41.09681251202027]},"properties":{"kind":"rail","rot":152}},{"type":"Feature","geometry":{"type":"Point","coordinates":[-70.9054770287639,41.09682751653887]},"properties":{"kind":"rail","rot":152}},{"type":"Feature","geometry":{"type":"Point","coordinates":[-70.905514462985,41.09684252105748]},"properties":{"kind":"rail","rot":152}},{"type":"Feature","geometry":{"type":"Point","coordinates":[-70.90555189720611,41.09685752557609]},"properties":{"kind":"rail","rot":152}},{"type":"Feature","geometry":{"type":"Point","coordinates":[-70.90558933142721,41.0968725300947]},"properties":{"kind":"rail","rot":152}},{"type":"Feature","geometry":{"type":"Point","coordinates":[-70.90562676564832,41.0968875346133]},"properties":{"kind":"rail","rot":152}},{"type":"Feature","geometry":{"type":"Point","coordinates":[-70.90566419986942,41.09690253913191]},"properties":{"kind":"rail","rot":152}},{"type":"Feature","geometry":{"type":"Point","coordinates":[-70.90570163409053,41.09691754365052]},"properties":{"kind":"rail","rot":152}},{"type":"Feature","geometry":{"type":"Point","coordinates":[-70.90573906831163,41.09693254816913]},"properties":{"kind":"rail","rot":152}},{"type":"Feature","geometry":{"type":"Point","coordinates":[-70.90577650253275,41.09694755268773]},"properties":{"kind":"rail","rot":152}},{"type":"Feature","geometry":{"type":"Point","coordinates":[-70.9057949884026,41.09695496226031]},"properties":{"kind":"rail","rot":136.7}},{"type":"Feature","geometry":{"type":"Point","coordinates":[-70.90582312516518,41.09697490649403]},"properties":{"kind":"rail","rot":136.7}},{"type":"Feature","geometry":{"type":"Point","coordinates":[-70.90585126192776,41.096994850727754]},"properties":{"kind":"rail","rot":136.7}},{"type":"Feature","geometry":{"type":"Point","coordinates":[-70.90587939869035,41.09701479496147]},"properties":{"kind":"rail","rot":136.7}},{"type":"Feature","geometry":{"type":"Point","coordinates":[-70.90590753545294,41.09703473919519]},"properties":{"kind":"rail","rot":136.7}},{"type":"Feature","geometry":{"type":"Point","coordinates":[-70.90593567221552,41.09705468342891]},"properties":{"kind":"rail","rot":136.7}},{"type":"Feature","geometry":{"type":"Point","coordinates":[-70.9059638089781,41.09707462766263]},"properties":{"kind":"rail","rot":136.7}},{"type":"Feature","geometry":{"type":"Point","coordinates":[-70.90599194574068,41.09709457189634]},"properties":{"kind":"rail","rot":136.7}},{"type":"Feature","geometry":{"type":"Point","coordinates":[-70.90602008250326,41.09711451613006]},"properties":{"kind":"rail","rot":136.7}},{"type":"Feature","geometry":{"type":"Point","coordinates":[-70.90604821926586,41.09713446036378]},"properties":{"kind":"rail","rot":136.7}},{"type":"Feature","geometry":{"type":"Point","coordinates":[-70.90607635602844,41.0971544045975]},"properties":{"kind":"rail","rot":136.7}},{"type":"Feature","geometry":{"type":"Point","coordinates":[-70.90609290614506,41.09716613584743]},"properties":{"kind":"rail","rot":148.9}},{"type":"Feature","geometry":{"type":"Point","coordinates":[-70.90612313497968,41.09717986977434]},"properties":{"kind":"rail","rot":148.9}},{"type":"Feature","geometry":{"type":"Point","coordinates":[-70.9061533638143,41.097193603701236]},"properties":{"kind":"rail","rot":148.9}},{"type":"Feature","geometry":{"type":"Point","coordinates":[-70.9061835926489,41.09720733762814]},"properties":{"kind":"rail","rot":148.9}},{"type":"Feature","geometry":{"type":"Point","coordinates":[-70.90621382148352,41.09722107155504]},"properties":{"kind":"rail","rot":148.9}},{"type":"Feature","geometry":{"type":"Point","coordinates":[-70.90624405031812,41.09723480548194]},"properties":{"kind":"rail","rot":148.9}},{"type":"Feature","geometry":{"type":"Point","coordinates":[-70.90627427915274,41.097248539408845]},"properties":{"kind":"rail","rot":148.9}},{"type":"Feature","geometry":{"type":"Point","coordinates":[-70.90630450798736,41.097262273335744]},"properties":{"kind":"rail","rot":148.9}},{"type":"Feature","geometry":{"type":"Point","coordinates":[-70.90633473682196,41.09727600726264]},"properties":{"kind":"rail","rot":148.9}},{"type":"Feature","geometry":{"type":"Point","coordinates":[-70.90636496565658,41.09728974118955]},"properties":{"kind":"rail","rot":148.9}},{"type":"Feature","geometry":{"type":"Point","coordinates":[-70.9063951944912,41.09730347511645]},"properties":{"kind":"rail","rot":148.9}},{"type":"Feature","geometry":{"type":"Point","coordinates":[-70.9064254233258,41.09731720904335]},"properties":{"kind":"rail","rot":148.9}},{"type":"Feature","geometry":{"type":"Point","coordinates":[-70.90645565216042,41.09733094297025]},"properties":{"kind":"rail","rot":148.9}},{"type":"Feature","geometry":{"type":"Point","coordinates":[-70.9064633619702,41.09733444578355]},"properties":{"kind":"rail","rot":160.8}},{"type":"Feature","geometry":{"type":"Point","coordinates":[-70.90649795874964,41.09734346975389]},"properties":{"kind":"rail","rot":160.8}},{"type":"Feature","geometry":{"type":"Point","coordinates":[-70.9065325555291,41.09735249372423]},"properties":{"kind":"rail","rot":160.8}},{"type":"Feature","geometry":{"type":"Point","coordinates":[-70.90656715230854,41.09736151769457]},"properties":{"kind":"rail","rot":160.8}},{"type":"Feature","geometry":{"type":"Point","coordinates":[-70.906601749088,41.097370541664915]},"properties":{"kind":"rail","rot":160.8}},{"type":"Feature","geometry":{"type":"Point","coordinates":[-70.90663634586745,41.09737956563525]},"properties":{"kind":"rail","rot":160.8}},{"type":"Feature","geometry":{"type":"Point","coordinates":[-70.9066709426469,41.09738858960559]},"properties":{"kind":"rail","rot":160.8}},{"type":"Feature","geometry":{"type":"Point","coordinates":[-70.90670553942635,41.097397613575936]},"properties":{"kind":"rail","rot":160.8}},{"type":"Feature","geometry":{"type":"Point","coordinates":[-70.90674013620581,41.09740663754627]},"properties":{"kind":"rail","rot":160.8}},{"type":"Feature","geometry":{"type":"Point","coordinates":[-70.90677473298526,41.097415661516614]},"properties":{"kind":"rail","rot":160.8}},{"type":"Feature","geometry":{"type":"Point","coordinates":[-70.90680932976471,41.097424685486956]},"properties":{"kind":"rail","rot":160.8}},{"type":"Feature","geometry":{"type":"Point","coordinates":[-70.90684392654417,41.0974337094573]},"properties":{"kind":"rail","rot":160.8}},{"type":"Feature","geometry":{"type":"Point","coordinates":[-70.9068676925624,41.097439908411275]},"properties":{"kind":"rail","rot":161.6}},{"type":"Feature","geometry":{"type":"Point","coordinates":[-70.90690373773722,41.097448931429156]},"properties":{"kind":"rail","rot":161.6}},{"type":"Feature","geometry":{"type":"Point","coordinates":[-70.90693978291206,41.09745795444703]},"properties":{"kind":"rail","rot":161.6}},{"type":"Feature","geometry":{"type":"Point","coordinates":[-70.90697582808689,41.09746697746491]},"properties":{"kind":"rail","rot":161.6}},{"type":"Feature","geometry":{"type":"Point","coordinates":[-70.90701187326171,41.09747600048279]},"properties":{"kind":"rail","rot":161.6}},{"type":"Feature","geometry":{"type":"Point","coordinates":[-70.90704791843655,41.09748502350067]},"properties":{"kind":"rail","rot":161.6}},{"type":"Feature","geometry":{"type":"Point","coordinates":[-70.90708396361137,41.09749404651855]},"properties":{"kind":"rail","rot":161.6}},{"type":"Feature","geometry":{"type":"Point","coordinates":[-70.9071200087862,41.09750306953642]},"properties":{"kind":"rail","rot":161.6}},{"type":"Feature","geometry":{"type":"Point","coordinates":[-70.90715605396102,41.097512092554304]},"properties":{"kind":"rail","rot":161.6}},{"type":"Feature","geometry":{"type":"Point","coordinates":[-70.90719209913586,41.09752111557218]},"properties":{"kind":"rail","rot":161.6}},{"type":"Feature","geometry":{"type":"Point","coordinates":[-70.90722814431068,41.09753013859006]},"properties":{"kind":"rail","rot":161.6}},{"type":"Feature","geometry":{"type":"Point","coordinates":[-70.90725794119933,41.09753759750406]},"properties":{"kind":"rail","rot":162.3}},{"type":"Feature","geometry":{"type":"Point","coordinates":[-70.90729501278085,41.097546523093904]},"properties":{"kind":"rail","rot":162.3}},{"type":"Feature","geometry":{"type":"Point","coordinates":[-70.90733208436235,41.09755544868376]},"properties":{"kind":"rail","rot":162.3}},{"type":"Feature","geometry":{"type":"Point","coordinates":[-70.90736915594387,41.0975643742736]},"properties":{"kind":"rail","rot":162.3}},{"type":"Feature","geometry":{"type":"Point","coordinates":[-70.90740622752537,41.097573299863456]},"properties":{"kind":"rail","rot":162.3}},{"type":"Feature","geometry":{"type":"Point","coordinates":[-70.90744329910689,41.0975822254533]},"properties":{"kind":"rail","rot":162.3}},{"type":"Feature","geometry":{"type":"Point","coordinates":[-70.90748037068839,41.097591151043154]},"properties":{"kind":"rail","rot":162.3}},{"type":"Feature","geometry":{"type":"Point","coordinates":[-70.90751744226989,41.097600076633]},"properties":{"kind":"rail","rot":162.3}},{"type":"Feature","geometry":{"type":"Point","coordinates":[-70.90755451385141,41.09760900222285]},"properties":{"kind":"rail","rot":162.3}},{"type":"Feature","geometry":{"type":"Point","coordinates":[-70.90759158543291,41.0976179278127]},"properties":{"kind":"rail","rot":162.3}},{"type":"Feature","geometry":{"type":"Point","coordinates":[-70.90762865701443,41.09762685340255]},"properties":{"kind":"rail","rot":162.3}},{"type":"Feature","geometry":{"type":"Point","coordinates":[-70.9076388713051,41.09762931266017]},"properties":{"kind":"rail","rot":156.1}},{"type":"Feature","geometry":{"type":"Point","coordinates":[-70.90767540237141,41.09764153330567]},"properties":{"kind":"rail","rot":156.1}},{"type":"Feature","geometry":{"type":"Point","coordinates":[-70.90771193343771,41.097653753951164]},"properties":{"kind":"rail","rot":156.1}},{"type":"Feature","geometry":{"type":"Point","coordinates":[-70.90774846450402,41.097665974596666]},"properties":{"kind":"rail","rot":156.1}},{"type":"Feature","geometry":{"type":"Point","coordinates":[-70.90778499557032,41.09767819524217]},"properties":{"kind":"rail","rot":156.1}},{"type":"Feature","geometry":{"type":"Point","coordinates":[-70.90782152663664,41.09769041588766]},"properties":{"kind":"rail","rot":156.1}},{"type":"Feature","geometry":{"type":"Point","coordinates":[-70.90785805770294,41.097702636533164]},"properties":{"kind":"rail","rot":156.1}},{"type":"Feature","geometry":{"type":"Point","coordinates":[-70.90789458876924,41.097714857178666]},"properties":{"kind":"rail","rot":156.1}},{"type":"Feature","geometry":{"type":"Point","coordinates":[-70.90793111983555,41.09772707782416]},"properties":{"kind":"rail","rot":156.1}},{"type":"Feature","geometry":{"type":"Point","coordinates":[-70.90796765090185,41.09773929846966]},"properties":{"kind":"rail","rot":156.1}},{"type":"Feature","geometry":{"type":"Point","coordinates":[-70.90799485545854,41.097748399141416]},"properties":{"kind":"rail","rot":150.2}},{"type":"Feature","geometry":{"type":"Point","coordinates":[-70.90803061668832,41.097763959634705]},"properties":{"kind":"rail","rot":150.2}},{"type":"Feature","geometry":{"type":"Point","coordinates":[-70.90806637791812,41.09777952012799]},"properties":{"kind":"rail","rot":150.2}},{"type":"Feature","geometry":{"type":"Point","coordinates":[-70.9081021391479,41.09779508062128]},"properties":{"kind":"rail","rot":150.2}},{"type":"Feature","geometry":{"type":"Point","coordinates":[-70.90813790037768,41.09781064111456]},"properties":{"kind":"rail","rot":150.2}},{"type":"Feature","geometry":{"type":"Point","coordinates":[-70.90817366160746,41.09782620160785]},"properties":{"kind":"rail","rot":150.2}},{"type":"Feature","geometry":{"type":"Point","coordinates":[-70.90820942283725,41.09784176210114]},"properties":{"kind":"rail","rot":150.2}},{"type":"Feature","geometry":{"type":"Point","coordinates":[-70.90824518406704,41.09785732259443]},"properties":{"kind":"rail","rot":150.2}},{"type":"Feature","geometry":{"type":"Point","coordinates":[-70.90828094529682,41.09787288308772]},"properties":{"kind":"rail","rot":150.2}},{"type":"Feature","geometry":{"type":"Point","coordinates":[-70.9083167065266,41.097888443581006]},"properties":{"kind":"rail","rot":150.2}},{"type":"Feature","geometry":{"type":"Point","coordinates":[-70.90832611959013,41.097892539410836]},"properties":{"kind":"rail","rot":135.8}},{"type":"Feature","geometry":{"type":"Point","coordinates":[-70.90835643493882,41.09791470008694]},"properties":{"kind":"rail","rot":135.8}},{"type":"Feature","geometry":{"type":"Point","coordinates":[-70.90838675028752,41.097936860763035]},"properties":{"kind":"rail","rot":135.8}},{"type":"Feature","geometry":{"type":"Point","coordinates":[-70.90841706563621,41.09795902143914]},"properties":{"kind":"rail","rot":135.8}},{"type":"Feature","geometry":{"type":"Point","coordinates":[-70.90844738098491,41.097981182115234]},"properties":{"kind":"rail","rot":135.8}},{"type":"Feature","geometry":{"type":"Point","coordinates":[-70.9084776963336,41.09800334279134]},"properties":{"kind":"rail","rot":135.8}},{"type":"Feature","geometry":{"type":"Point","coordinates":[-70.9085080116823,41.09802550346743]},"properties":{"kind":"rail","rot":135.8}},{"type":"Feature","geometry":{"type":"Point","coordinates":[-70.90853832703101,41.098047664143536]},"properties":{"kind":"rail","rot":135.8}},{"type":"Feature","geometry":{"type":"Point","coordinates":[-70.9085686423797,41.09806982481963]},"properties":{"kind":"rail","rot":135.8}},{"type":"Feature","geometry":{"type":"Point","coordinates":[-70.9085989577284,41.098091985495735]},"properties":{"kind":"rail","rot":135.8}},{"type":"Feature","geometry":{"type":"Point","coordinates":[-70.90860705613788,41.09809790547479]},"properties":{"kind":"rail","rot":123.5}},{"type":"Feature","geometry":{"type":"Point","coordinates":[-70.90862833754275,41.098122087559]},"properties":{"kind":"rail","rot":123.5}},{"type":"Feature","geometry":{"type":"Point","coordinates":[-70.90864961894763,41.09814626964321]},"properties":{"kind":"rail","rot":123.5}},{"type":"Feature","geometry":{"type":"Point","coordinates":[-70.90867090035252,41.09817045172742]},"properties":{"kind":"rail","rot":123.5}},{"type":"Feature","geometry":{"type":"Point","coordinates":[-70.90869218175739,41.09819463381163]},"properties":{"kind":"rail","rot":123.5}},{"type":"Feature","geometry":{"type":"Point","coordinates":[-70.90871346316227,41.09821881589584]},"properties":{"kind":"rail","rot":123.5}},{"type":"Feature","geometry":{"type":"Point","coordinates":[-70.90873474456714,41.09824299798005]},"properties":{"kind":"rail","rot":123.5}},{"type":"Feature","geometry":{"type":"Point","coordinates":[-70.90875602597202,41.09826718006426]},"properties":{"kind":"rail","rot":123.5}},{"type":"Feature","geometry":{"type":"Point","coordinates":[-70.90877730737691,41.098291362148466]},"properties":{"kind":"rail","rot":123.5}},{"type":"Feature","geometry":{"type":"Point","coordinates":[-70.90879858878178,41.098315544232676]},"properties":{"kind":"rail","rot":123.5}},{"type":"Feature","geometry":{"type":"Point","coordinates":[-70.90881987018666,41.09833972631689]},"properties":{"kind":"rail","rot":123.5}},{"type":"Feature","geometry":{"type":"Point","coordinates":[-70.90884115159155,41.0983639084011]},"properties":{"kind":"rail","rot":123.5}},{"type":"Feature","geometry":{"type":"Point","coordinates":[-70.90885994038669,41.09838525813009]},"properties":{"kind":"rail","rot":132.4}},{"type":"Feature","geometry":{"type":"Point","coordinates":[-70.9088843667105,41.098405410878684]},"properties":{"kind":"rail","rot":132.4}},{"type":"Feature","geometry":{"type":"Point","coordinates":[-70.9089087930343,41.09842556362728]},"properties":{"kind":"rail","rot":132.4}},{"type":"Feature","geometry":{"type":"Point","coordinates":[-70.90893321935809,41.09844571637588]},"properties":{"kind":"rail","rot":132.4}},{"type":"Feature","geometry":{"type":"Point","coordinates":[-70.9089576456819,41.098465869124475]},"properties":{"kind":"rail","rot":132.4}},{"type":"Feature","geometry":{"type":"Point","coordinates":[-70.9089820720057,41.09848602187307]},"properties":{"kind":"rail","rot":132.4}},{"type":"Feature","geometry":{"type":"Point","coordinates":[-70.90900649832949,41.09850617462167]},"properties":{"kind":"rail","rot":132.4}},{"type":"Feature","geometry":{"type":"Point","coordinates":[-70.9090309246533,41.098526327370266]},"properties":{"kind":"rail","rot":132.4}},{"type":"Feature","geometry":{"type":"Point","coordinates":[-70.9090553509771,41.09854648011886]},"properties":{"kind":"rail","rot":132.4}},{"type":"Feature","geometry":{"type":"Point","coordinates":[-70.90907977730089,41.09856663286746]},"properties":{"kind":"rail","rot":132.4}},{"type":"Feature","geometry":{"type":"Point","coordinates":[-70.9091042036247,41.09858678561606]},"properties":{"kind":"rail","rot":132.4}},{"type":"Feature","geometry":{"type":"Point","coordinates":[-70.9091286299485,41.098606938364654]},"properties":{"kind":"rail","rot":132.4}},{"type":"Feature","geometry":{"type":"Point","coordinates":[-70.90915305627229,41.09862709111325]},"properties":{"kind":"rail","rot":132.4}},{"type":"Feature","geometry":{"type":"Point","coordinates":[-70.90917748259609,41.09864724386185]},"properties":{"kind":"rail","rot":132.4}},{"type":"Feature","geometry":{"type":"Point","coordinates":[-70.9091811819149,41.098650295956084]},"properties":{"kind":"rail","rot":141.2}},{"type":"Feature","geometry":{"type":"Point","coordinates":[-70.90921070778727,41.09866818336341]},"properties":{"kind":"rail","rot":141.2}},{"type":"Feature","geometry":{"type":"Point","coordinates":[-70.90924023365962,41.09868607077074]},"properties":{"kind":"rail","rot":141.2}},{"type":"Feature","geometry":{"type":"Point","coordinates":[-70.90926975953198,41.09870395817807]},"properties":{"kind":"rail","rot":141.2}},{"type":"Feature","geometry":{"type":"Point","coordinates":[-70.90929928540433,41.0987218455854]},"properties":{"kind":"rail","rot":141.2}},{"type":"Feature","geometry":{"type":"Point","coordinates":[-70.9093288112767,41.09873973299273]},"properties":{"kind":"rail","rot":141.2}},{"type":"Feature","geometry":{"type":"Point","coordinates":[-70.90935833714904,41.09875762040006]},"properties":{"kind":"rail","rot":141.2}},{"type":"Feature","geometry":{"type":"Point","coordinates":[-70.90938786302141,41.09877550780739]},"properties":{"kind":"rail","rot":141.2}},{"type":"Feature","geometry":{"type":"Point","coordinates":[-70.90941738889376,41.09879339521472]},"properties":{"kind":"rail","rot":141.2}},{"type":"Feature","geometry":{"type":"Point","coordinates":[-70.90944691476612,41.09881128262205]},"properties":{"kind":"rail","rot":141.2}},{"type":"Feature","geometry":{"type":"Point","coordinates":[-70.90947644063847,41.09882917002938]},"properties":{"kind":"rail","rot":141.2}},{"type":"Feature","geometry":{"type":"Point","coordinates":[-70.90950596651084,41.09884705743671]},"properties":{"kind":"rail","rot":141.2}},{"type":"Feature","geometry":{"type":"Point","coordinates":[-70.90953549238318,41.09886494484404]},"properties":{"kind":"rail","rot":141.2}},{"type":"Feature","geometry":{"type":"Point","coordinates":[-70.90954255522813,41.09886922366712]},"properties":{"kind":"rail","rot":134.7}},{"type":"Feature","geometry":{"type":"Point","coordinates":[-70.90957057062577,41.09889056788164]},"properties":{"kind":"rail","rot":134.7}},{"type":"Feature","geometry":{"type":"Point","coordinates":[-70.90959858602342,41.098911912096156]},"properties":{"kind":"rail","rot":134.7}},{"type":"Feature","geometry":{"type":"Point","coordinates":[-70.90962660142108,41.09893325631067]},"properties":{"kind":"rail","rot":134.7}},{"type":"Feature","geometry":{"type":"Point","coordinates":[-70.90965461681873,41.09895460052518]},"properties":{"kind":"rail","rot":134.7}},{"type":"Feature","geometry":{"type":"Point","coordinates":[-70.90968263221637,41.0989759447397]},"properties":{"kind":"rail","rot":134.7}},{"type":"Feature","geometry":{"type":"Point","coordinates":[-70.90971064761402,41.098997288954216]},"properties":{"kind":"rail","rot":134.7}},{"type":"Feature","geometry":{"type":"Point","coordinates":[-70.90973866301168,41.09901863316873]},"properties":{"kind":"rail","rot":134.7}},{"type":"Feature","geometry":{"type":"Point","coordinates":[-70.90976667840933,41.09903997738324]},"properties":{"kind":"rail","rot":134.7}},{"type":"Feature","geometry":{"type":"Point","coordinates":[-70.90979469380697,41.09906132159776]},"properties":{"kind":"rail","rot":134.7}},{"type":"Feature","geometry":{"type":"Point","coordinates":[-70.90982270920462,41.099082665812276]},"properties":{"kind":"rail","rot":134.7}},{"type":"Feature","geometry":{"type":"Point","coordinates":[-70.90985072460228,41.09910401002679]},"properties":{"kind":"rail","rot":134.7}},{"type":"Feature","geometry":{"type":"Point","coordinates":[-70.90985348701598,41.0991061146391]},"properties":{"kind":"rail","rot":128.2}},{"type":"Feature","geometry":{"type":"Point","coordinates":[-70.90987819870645,41.09912982559534]},"properties":{"kind":"rail","rot":128.2}},{"type":"Feature","geometry":{"type":"Point","coordinates":[-70.90990291039692,41.09915353655158]},"properties":{"kind":"rail","rot":128.2}},{"type":"Feature","geometry":{"type":"Point","coordinates":[-70.9099276220874,41.099177247507825]},"properties":{"kind":"rail","rot":128.2}},{"type":"Feature","geometry":{"type":"Point","coordinates":[-70.90995233377785,41.09920095846407]},"properties":{"kind":"rail","rot":128.2}},{"type":"Feature","geometry":{"type":"Point","coordinates":[-70.90997704546832,41.09922466942031]},"properties":{"kind":"rail","rot":128.2}},{"type":"Feature","geometry":{"type":"Point","coordinates":[-70.9100017571588,41.09924838037655]},"properties":{"kind":"rail","rot":128.2}},{"type":"Feature","geometry":{"type":"Point","coordinates":[-70.91002646884927,41.09927209133279]},"properties":{"kind":"rail","rot":128.2}},{"type":"Feature","geometry":{"type":"Point","coordinates":[-70.91005118053974,41.099295802289035]},"properties":{"kind":"rail","rot":128.2}},{"type":"Feature","geometry":{"type":"Point","coordinates":[-70.9100758922302,41.09931951324528]},"properties":{"kind":"rail","rot":128.2}},{"type":"Feature","geometry":{"type":"Point","coordinates":[-70.91010060392067,41.09934322420152]},"properties":{"kind":"rail","rot":128.2}},{"type":"Feature","geometry":{"type":"Point","coordinates":[-70.91012531561114,41.099366935157754]},"properties":{"kind":"rail","rot":128.2}},{"type":"Feature","geometry":{"type":"Point","coordinates":[-70.91012718347262,41.0993687273776]},"properties":{"kind":"rail","rot":120.2}},{"type":"Feature","geometry":{"type":"Point","coordinates":[-70.91014742835853,41.099394937832486]},"properties":{"kind":"rail","rot":120.2}},{"type":"Feature","geometry":{"type":"Point","coordinates":[-70.91016767324443,41.09942114828738]},"properties":{"kind":"rail","rot":120.2}},{"type":"Feature","geometry":{"type":"Point","coordinates":[-70.91018791813033,41.09944735874227]},"properties":{"kind":"rail","rot":120.2}},{"type":"Feature","geometry":{"type":"Point","coordinates":[-70.91020816301624,41.09947356919716]},"properties":{"kind":"rail","rot":120.2}},{"type":"Feature","geometry":{"type":"Point","coordinates":[-70.91022840790214,41.09949977965204]},"properties":{"kind":"rail","rot":120.2}},{"type":"Feature","geometry":{"type":"Point","coordinates":[-70.91024865278806,41.09952599010693]},"properties":{"kind":"rail","rot":120.2}},{"type":"Feature","geometry":{"type":"Point","coordinates":[-70.91026889767396,41.099552200561824]},"properties":{"kind":"rail","rot":120.2}},{"type":"Feature","geometry":{"type":"Point","coordinates":[-70.91028914255986,41.099578411016715]},"properties":{"kind":"rail","rot":120.2}},{"type":"Feature","geometry":{"type":"Point","coordinates":[-70.91030938744576,41.099604621471606]},"properties":{"kind":"rail","rot":120.2}},{"type":"Feature","geometry":{"type":"Point","coordinates":[-70.91032963233167,41.09963083192649]},"properties":{"kind":"rail","rot":120.2}},{"type":"Feature","geometry":{"type":"Point","coordinates":[-70.91034699407113,41.099653309656986]},"properties":{"kind":"rail","rot":113.2}},{"type":"Feature","geometry":{"type":"Point","coordinates":[-70.91036348047024,41.099683090701255]},"properties":{"kind":"rail","rot":113.2}},{"type":"Feature","geometry":{"type":"Point","coordinates":[-70.91037996686933,41.09971287174553]},"properties":{"kind":"rail","rot":113.2}},{"type":"Feature","geometry":{"type":"Point","coordinates":[-70.91039645326842,41.0997426527898]},"properties":{"kind":"rail","rot":113.2}},{"type":"Feature","geometry":{"type":"Point","coordinates":[-70.91041293966752,41.09977243383407]},"properties":{"kind":"rail","rot":113.2}},{"type":"Feature","geometry":{"type":"Point","coordinates":[-70.91042942606661,41.09980221487834]},"properties":{"kind":"rail","rot":113.2}},{"type":"Feature","geometry":{"type":"Point","coordinates":[-70.91044591246572,41.09983199592261]},"properties":{"kind":"rail","rot":113.2}},{"type":"Feature","geometry":{"type":"Point","coordinates":[-70.91046239886481,41.09986177696688]},"properties":{"kind":"rail","rot":113.2}},{"type":"Feature","geometry":{"type":"Point","coordinates":[-70.9104788852639,41.09989155801115]},"properties":{"kind":"rail","rot":113.2}},{"type":"Feature","geometry":{"type":"Point","coordinates":[-70.910495371663,41.09992133905542]},"properties":{"kind":"rail","rot":113.2}},{"type":"Feature","geometry":{"type":"Point","coordinates":[-70.91050956669476,41.099946980971936]},"properties":{"kind":"rail","rot":86.2}},{"type":"Feature","geometry":{"type":"Point","coordinates":[-70.91050627192995,41.0999841440823]},"properties":{"kind":"rail","rot":86.2}},{"type":"Feature","geometry":{"type":"Point","coordinates":[-70.91050297716514,41.100021307192655]},"properties":{"kind":"rail","rot":86.2}},{"type":"Feature","geometry":{"type":"Point","coordinates":[-70.91049968240031,41.10005847030302]},"properties":{"kind":"rail","rot":86.2}},{"type":"Feature","geometry":{"type":"Point","coordinates":[-70.9104963876355,41.100095633413375]},"properties":{"kind":"rail","rot":86.2}},{"type":"Feature","geometry":{"type":"Point","coordinates":[-70.9104930928707,41.10013279652374]},"properties":{"kind":"rail","rot":86.2}},{"type":"Feature","geometry":{"type":"Point","coordinates":[-70.91048979810589,41.100169959634094]},"properties":{"kind":"rail","rot":86.2}},{"type":"Feature","geometry":{"type":"Point","coordinates":[-70.89599605559603,41.09815113773379]},"properties":{"kind":"buoy","side":0}},{"type":"Feature","geometry":{"type":"Point","coordinates":[-70.90482253694059,41.096216782568796]},"properties":{"kind":"buoy","side":1}},{"type":"Feature","geometry":{"type":"Point","coordinates":[-70.91168558027451,41.10204152446749]},"properties":{"kind":"buoy","side":0}},{"type":"Feature","geometry":{"type":"Point","coordinates":[-70.89307104045467,41.09577547477004]},"properties":{"kind":"buoy","side":0}},{"type":"Feature","geometry":{"type":"Point","coordinates":[-70.89427453689277,41.09573821936825]},"properties":{"kind":"buoy","side":1}},{"type":"Feature","geometry":{"type":"Point","coordinates":[-70.89235927649108,41.09599250356353]},"properties":{"kind":"buoy","side":0}},{"type":"Feature","geometry":{"type":"Point","coordinates":[-70.90114859860061,41.10063322380138]},"properties":{"kind":"tree"}},{"type":"Feature","geometry":{"type":"Point","coordinates":[-70.90113317182256,41.10058983850473]},"properties":{"kind":"tree"}},{"type":"Feature","geometry":{"type":"Point","coordinates":[-70.90102848457417,41.10065747682952]},"properties":{"kind":"tree"}},{"type":"Feature","geometry":{"type":"Point","coordinates":[-70.90089429288629,41.10068457237262]},"properties":{"kind":"tree"}},{"type":"Feature","geometry":{"type":"Point","coordinates":[-70.900759400721,41.10071180935382]},"properties":{"kind":"tree"}},{"type":"Feature","geometry":{"type":"Point","coordinates":[-70.90074397394295,41.10066842405717]},"properties":{"kind":"tree"}},{"type":"Feature","geometry":{"type":"Point","coordinates":[-70.9006608270978,41.10073171301477]},"properties":{"kind":"tree"}},{"type":"Feature","geometry":{"type":"Point","coordinates":[-70.90064540031975,41.10068832771811]},"properties":{"kind":"tree"}},{"type":"Feature","geometry":{"type":"Point","coordinates":[-70.90056693486174,41.10075067142545]},"properties":{"kind":"tree"}},{"type":"Feature","geometry":{"type":"Point","coordinates":[-70.90044965705303,41.10077435177385]},"properties":{"kind":"tree"}},{"type":"Feature","geometry":{"type":"Point","coordinates":[-70.90043423027498,41.100730966477194]},"properties":{"kind":"tree"}},{"type":"Feature","geometry":{"type":"Point","coordinates":[-70.90033530173096,41.100797442023385]},"properties":{"kind":"tree"}},{"type":"Feature","geometry":{"type":"Point","coordinates":[-70.90031987495291,41.100754056726736]},"properties":{"kind":"tree"}},{"type":"Feature","geometry":{"type":"Point","coordinates":[-70.90022467086553,41.10081978024292]},"properties":{"kind":"tree"}},{"type":"Feature","geometry":{"type":"Point","coordinates":[-70.90020924408748,41.100776394946266]},"properties":{"kind":"tree"}},{"type":"Feature","geometry":{"type":"Point","coordinates":[-70.90010542682906,41.10084385760555]},"properties":{"kind":"tree"}},{"type":"Feature","geometry":{"type":"Point","coordinates":[-70.89998129608385,41.10086892167629]},"properties":{"kind":"tree"}},{"type":"Feature","geometry":{"type":"Point","coordinates":[-70.8999658693058,41.10082553637963]},"properties":{"kind":"tree"}},{"type":"Feature","geometry":{"type":"Point","coordinates":[-70.89985183722499,41.10089506158217]},"properties":{"kind":"tree"}},{"type":"Feature","geometry":{"type":"Point","coordinates":[-70.89983641044692,41.100851676285515]},"properties":{"kind":"tree"}},{"type":"Feature","geometry":{"type":"Point","coordinates":[-70.89974007863043,41.10091762750905]},"properties":{"kind":"tree"}},{"type":"Feature","geometry":{"type":"Point","coordinates":[-70.89972465185237,41.10087424221239]},"properties":{"kind":"tree"}},{"type":"Feature","geometry":{"type":"Point","coordinates":[-70.89964014949867,41.10093780486981]},"properties":{"kind":"tree"}},{"type":"Feature","geometry":{"type":"Point","coordinates":[-70.8996247227206,41.10089441957315]},"properties":{"kind":"tree"}},{"type":"Feature","geometry":{"type":"Point","coordinates":[-70.89954143566067,41.10095773684246]},"properties":{"kind":"tree"}},{"type":"Feature","geometry":{"type":"Point","coordinates":[-70.8995260088826,41.1009143515458]},"properties":{"kind":"tree"}},{"type":"Feature","geometry":{"type":"Point","coordinates":[-70.89943204371663,41.10097982490307]},"properties":{"kind":"tree"}},{"type":"Feature","geometry":{"type":"Point","coordinates":[-70.89941661693857,41.100936439606414]},"properties":{"kind":"tree"}},{"type":"Feature","geometry":{"type":"Point","coordinates":[-70.89933666243486,41.10099908397695]},"properties":{"kind":"tree"}},{"type":"Feature","geometry":{"type":"Point","coordinates":[-70.89932123565681,41.1009556986803]},"properties":{"kind":"tree"}},{"type":"Feature","geometry":{"type":"Point","coordinates":[-70.89923894254274,41.10101881525534]},"properties":{"kind":"tree"}},{"type":"Feature","geometry":{"type":"Point","coordinates":[-70.89911514974119,41.1010438110896]},"properties":{"kind":"tree"}},{"type":"Feature","geometry":{"type":"Point","coordinates":[-70.89909972296314,41.10100042579295]},"properties":{"kind":"tree"}},{"type":"Feature","geometry":{"type":"Point","coordinates":[-70.89899940429143,41.10106718202914]},"properties":{"kind":"tree"}},{"type":"Feature","geometry":{"type":"Point","coordinates":[-70.89898397751338,41.101023796732484]},"properties":{"kind":"tree"}},{"type":"Feature","geometry":{"type":"Point","coordinates":[-70.89890036036697,41.10108718065176]},"properties":{"kind":"tree"}},{"type":"Feature","geometry":{"type":"Point","coordinates":[-70.8987737965524,41.10111273599984]},"properties":{"kind":"tree"}},{"type":"Feature","geometry":{"type":"Point","coordinates":[-70.89866416705195,41.10113487202706]},"properties":{"kind":"tree"}},{"type":"Feature","geometry":{"type":"Point","coordinates":[-70.89864874027388,41.10109148673041]},"properties":{"kind":"tree"}},{"type":"Feature","geometry":{"type":"Point","coordinates":[-70.89854514820233,41.101158903920705]},"properties":{"kind":"tree"}},{"type":"Feature","geometry":{"type":"Point","coordinates":[-70.89842021200649,41.10118413062538]},"properties":{"kind":"tree"}},{"type":"Feature","geometry":{"type":"Point","coordinates":[-70.89840478522844,41.10114074532872]},"properties":{"kind":"tree"}},{"type":"Feature","geometry":{"type":"Point","coordinates":[-70.89828674953985,41.10121107892654]},"properties":{"kind":"tree"}},{"type":"Feature","geometry":{"type":"Point","coordinates":[-70.89827132276179,41.10116769362988]},"properties":{"kind":"tree"}},{"type":"Feature","geometry":{"type":"Point","coordinates":[-70.89828030801145,41.10122632964495]},"properties":{"kind":"tree"}},{"type":"Feature","geometry":{"type":"Point","coordinates":[-70.89822273449197,41.10123795470015]},"properties":{"kind":"tree"}},{"type":"Feature","geometry":{"type":"Point","coordinates":[-70.89830633650963,41.10129953054999]},"properties":{"kind":"tree"}},{"type":"Feature","geometry":{"type":"Point","coordinates":[-70.89824876299015,41.10131115560519]},"properties":{"kind":"tree"}},{"type":"Feature","geometry":{"type":"Point","coordinates":[-70.89833464768321,41.10137915110719]},"properties":{"kind":"tree"}},{"type":"Feature","geometry":{"type":"Point","coordinates":[-70.89837133191392,41.101482319521615]},"properties":{"kind":"tree"}},{"type":"Feature","geometry":{"type":"Point","coordinates":[-70.89831375839442,41.101493944576816]},"properties":{"kind":"tree"}},{"type":"Feature","geometry":{"type":"Point","coordinates":[-70.89840424296669,41.10157487648867]},"properties":{"kind":"tree"}},{"type":"Feature","geometry":{"type":"Point","coordinates":[-70.8983466694472,41.10158650154387]},"properties":{"kind":"tree"}},{"type":"Feature","geometry":{"type":"Point","coordinates":[-70.89843159552953,41.10165180110953]},"properties":{"kind":"tree"}},{"type":"Feature","geometry":{"type":"Point","coordinates":[-70.89846749537507,41.101752763568655]},"properties":{"kind":"tree"}},{"type":"Feature","geometry":{"type":"Point","coordinates":[-70.89850078329466,41.10184638041217]},"properties":{"kind":"tree"}},{"type":"Feature","geometry":{"type":"Point","coordinates":[-70.89844320977518,41.10185800546737]},"properties":{"kind":"tree"}},{"type":"Feature","geometry":{"type":"Point","coordinates":[-70.89852596929957,41.10191721194226]},"properties":{"kind":"tree"}},{"type":"Feature","geometry":{"type":"Point","coordinates":[-70.89846839578007,41.10192883699746]},"properties":{"kind":"tree"}},{"type":"Feature","geometry":{"type":"Point","coordinates":[-70.89856177677704,41.10201791463126]},"properties":{"kind":"tree"}},{"type":"Feature","geometry":{"type":"Point","coordinates":[-70.89850420325754,41.10202953968646]},"properties":{"kind":"tree"}},{"type":"Feature","geometry":{"type":"Point","coordinates":[-70.89859402467664,41.10210860658819]},"properties":{"kind":"tree"}},{"type":"Feature","geometry":{"type":"Point","coordinates":[-70.89861875856568,41.10217816661617]},"properties":{"kind":"tree"}},{"type":"Feature","geometry":{"type":"Point","coordinates":[-70.89856118504618,41.10218979167137]},"properties":{"kind":"tree"}},{"type":"Feature","geometry":{"type":"Point","coordinates":[-70.89865202200603,41.10227171461582]},"properties":{"kind":"tree"}},{"type":"Feature","geometry":{"type":"Point","coordinates":[-70.89868887461829,41.10237535657592]},"properties":{"kind":"tree"}},{"type":"Feature","geometry":{"type":"Point","coordinates":[-70.8986313010988,41.10238698163112]},"properties":{"kind":"tree"}},{"type":"Feature","geometry":{"type":"Point","coordinates":[-70.8987178718529,41.1024569065678]},"properties":{"kind":"tree"}},{"type":"Feature","geometry":{"type":"Point","coordinates":[-70.8986602983334,41.102468531623]},"properties":{"kind":"tree"}},{"type":"Feature","geometry":{"type":"Point","coordinates":[-70.89874655460753,41.10253757213611]},"properties":{"kind":"tree"}},{"type":"Feature","geometry":{"type":"Point","coordinates":[-70.89868898108803,41.10254919719131]},"properties":{"kind":"tree"}},{"type":"Feature","geometry":{"type":"Point","coordinates":[-70.89877193614876,41.10260895358026]},"properties":{"kind":"tree"}},{"type":"Feature","geometry":{"type":"Point","coordinates":[-70.89880542951546,41.102703148210246]},"properties":{"kind":"tree"}},{"type":"Feature","geometry":{"type":"Point","coordinates":[-70.89884078621479,41.10280258315926]},"properties":{"kind":"tree"}},{"type":"Feature","geometry":{"type":"Point","coordinates":[-70.8988514013994,41.102780374278275]},"properties":{"kind":"tree"}},{"type":"Feature","geometry":{"type":"Point","coordinates":[-70.89898793289274,41.10275280628936]},"properties":{"kind":"tree"}},{"type":"Feature","geometry":{"type":"Point","coordinates":[-70.89912159476705,41.10272581772446]},"properties":{"kind":"tree"}},{"type":"Feature","geometry":{"type":"Point","coordinates":[-70.8992335383962,41.102703214436005]},"properties":{"kind":"tree"}},{"type":"Feature","geometry":{"type":"Point","coordinates":[-70.8993652708795,41.10267661544738]},"properties":{"kind":"tree"}},{"type":"Feature","geometry":{"type":"Point","coordinates":[-70.89938069765755,41.102720000744036]},"properties":{"kind":"tree"}},{"type":"Feature","geometry":{"type":"Point","coordinates":[-70.8994794784379,41.1026535550338]},"properties":{"kind":"tree"}},{"type":"Feature","geometry":{"type":"Point","coordinates":[-70.89949490521595,41.10269694033045]},"properties":{"kind":"tree"}},{"type":"Feature","geometry":{"type":"Point","coordinates":[-70.89959918216101,41.10262938485276]},"properties":{"kind":"tree"}},{"type":"Feature","geometry":{"type":"Point","coordinates":[-70.89961460893906,41.10267277014941]},"properties":{"kind":"tree"}},{"type":"Feature","geometry":{"type":"Point","coordinates":[-70.8997182824205,41.10260533652111]},"properties":{"kind":"tree"}},{"type":"Feature","geometry":{"type":"Point","coordinates":[-70.89982390753018,41.10258400904727]},"properties":{"kind":"tree"}},{"type":"Feature","geometry":{"type":"Point","coordinates":[-70.89983933430823,41.102627394343926]},"properties":{"kind":"tree"}},{"type":"Feature","geometry":{"type":"Point","coordinates":[-70.89992835108247,41.1025629201496]},"properties":{"kind":"tree"}},{"type":"Feature","geometry":{"type":"Point","coordinates":[-70.89994377786053,41.10260630544626]},"properties":{"kind":"tree"}},{"type":"Feature","geometry":{"type":"Point","coordinates":[-70.900051561279,41.10253804195302]},"properties":{"kind":"tree"}},{"type":"Feature","geometry":{"type":"Point","coordinates":[-70.90006698805705,41.10258142724967]},"properties":{"kind":"tree"}},{"type":"Feature","geometry":{"type":"Point","coordinates":[-70.90018940250788,41.102510209506626]},"properties":{"kind":"tree"}},{"type":"Feature","geometry":{"type":"Point","coordinates":[-70.90020482928593,41.102553594803275]},"properties":{"kind":"tree"}},{"type":"Feature","geometry":{"type":"Point","coordinates":[-70.90028894111042,41.102490111000236]},"properties":{"kind":"tree"}},{"type":"Feature","geometry":{"type":"Point","coordinates":[-70.90030436788847,41.10253349629689]},"properties":{"kind":"tree"}},{"type":"Feature","geometry":{"type":"Point","coordinates":[-70.90040573499981,41.10246652836323]},"properties":{"kind":"tree"}},{"type":"Feature","geometry":{"type":"Point","coordinates":[-70.90053681019695,41.10244006209165]},"properties":{"kind":"tree"}},{"type":"Feature","geometry":{"type":"Point","coordinates":[-70.900552236975,41.10248344738831]},"properties":{"kind":"tree"}},{"type":"Feature","geometry":{"type":"Point","coordinates":[-70.90064322606104,41.102418574951294]},"properties":{"kind":"tree"}},{"type":"Feature","geometry":{"type":"Point","coordinates":[-70.90076018960899,41.10239495805739]},"properties":{"kind":"tree"}},{"type":"Feature","geometry":{"type":"Point","coordinates":[-70.9008694953128,41.10237288741012]},"properties":{"kind":"tree"}},{"type":"Feature","geometry":{"type":"Point","coordinates":[-70.90098256883856,41.10235005597667]},"properties":{"kind":"tree"}},{"type":"Feature","geometry":{"type":"Point","coordinates":[-70.9009979956166,41.10239344127332]},"properties":{"kind":"tree"}},{"type":"Feature","geometry":{"type":"Point","coordinates":[-70.90107530911584,41.1023313301657]},"properties":{"kind":"tree"}},{"type":"Feature","geometry":{"type":"Point","coordinates":[-70.9010907358939,41.10237471546235]},"properties":{"kind":"tree"}},{"type":"Feature","geometry":{"type":"Point","coordinates":[-70.90117328300013,41.102311547602056]},"properties":{"kind":"tree"}},{"type":"Feature","geometry":{"type":"Point","coordinates":[-70.90130520337885,41.10228491067421]},"properties":{"kind":"tree"}},{"type":"Feature","geometry":{"type":"Point","coordinates":[-70.90132063015692,41.10232829597086]},"properties":{"kind":"tree"}},{"type":"Feature","geometry":{"type":"Point","coordinates":[-70.90143437060384,41.102258829654076]},"properties":{"kind":"tree"}},{"type":"Feature","geometry":{"type":"Point","coordinates":[-70.90144979738189,41.10230221495073]},"properties":{"kind":"tree"}},{"type":"Feature","geometry":{"type":"Point","coordinates":[-70.90154689569732,41.102236108958266]},"properties":{"kind":"tree"}},{"type":"Feature","geometry":{"type":"Point","coordinates":[-70.90165794653633,41.10221368593905]},"properties":{"kind":"tree"}},{"type":"Feature","geometry":{"type":"Point","coordinates":[-70.90171969198856,41.102187268434704]},"properties":{"kind":"tree"}},{"type":"Feature","geometry":{"type":"Point","coordinates":[-70.90177726550804,41.1021756433795]},"properties":{"kind":"tree"}},{"type":"Feature","geometry":{"type":"Point","coordinates":[-70.90168704145971,41.10209544414869]},"properties":{"kind":"tree"}},{"type":"Feature","geometry":{"type":"Point","coordinates":[-70.9017446149792,41.10208381909349]},"properties":{"kind":"tree"}},{"type":"Feature","geometry":{"type":"Point","coordinates":[-70.90165298286988,41.101999659920885]},"properties":{"kind":"tree"}},{"type":"Feature","geometry":{"type":"Point","coordinates":[-70.90161886165045,41.101903699557546]},"properties":{"kind":"tree"}},{"type":"Feature","geometry":{"type":"Point","coordinates":[-70.90158646993065,41.10181260312978]},"properties":{"kind":"tree"}},{"type":"Feature","geometry":{"type":"Point","coordinates":[-70.90164404345015,41.10180097807458]},"properties":{"kind":"tree"}},{"type":"Feature","geometry":{"type":"Point","coordinates":[-70.90155220277367,41.10171623234089]},"properties":{"kind":"tree"}},{"type":"Feature","geometry":{"type":"Point","coordinates":[-70.90152104150255,41.101628596349265]},"properties":{"kind":"tree"}},{"type":"Feature","geometry":{"type":"Point","coordinates":[-70.90149408215194,41.10155277757369]},"properties":{"kind":"tree"}},{"type":"Feature","geometry":{"type":"Point","coordinates":[-70.90146422715429,41.10146881526312]},"properties":{"kind":"tree"}},{"type":"Feature","geometry":{"type":"Point","coordinates":[-70.90142781648711,41.10136641620147]},"properties":{"kind":"tree"}},{"type":"Feature","geometry":{"type":"Point","coordinates":[-70.9014853900066,41.101354791146264]},"properties":{"kind":"tree"}},{"type":"Feature","geometry":{"type":"Point","coordinates":[-70.90139651135934,41.1012783756365]},"properties":{"kind":"tree"}},{"type":"Feature","geometry":{"type":"Point","coordinates":[-70.90145408487882,41.101266750581296]},"properties":{"kind":"tree"}},{"type":"Feature","geometry":{"type":"Point","coordinates":[-70.90136741495846,41.10119654675564]},"properties":{"kind":"tree"}},{"type":"Feature","geometry":{"type":"Point","coordinates":[-70.90134060197417,41.101121139611394]},"properties":{"kind":"tree"}},{"type":"Feature","geometry":{"type":"Point","coordinates":[-70.90139817549365,41.10110951455619]},"properties":{"kind":"tree"}},{"type":"Feature","geometry":{"type":"Point","coordinates":[-70.90130496141745,41.10102090635978]},"properties":{"kind":"tree"}},{"type":"Feature","geometry":{"type":"Point","coordinates":[-70.90127890511253,41.10094762725287]},"properties":{"kind":"tree"}},{"type":"Feature","geometry":{"type":"Point","coordinates":[-70.90133647863203,41.10093600219767]},"properties":{"kind":"tree"}},{"type":"Feature","geometry":{"type":"Point","coordinates":[-70.90124239079704,41.100844936697236]},"properties":{"kind":"tree"}},{"type":"Feature","geometry":{"type":"Point","coordinates":[-70.90121143064334,41.100757866315575]},"properties":{"kind":"tree"}},{"type":"Feature","geometry":{"type":"Point","coordinates":[-70.90126900416283,41.100746241260374]},"properties":{"kind":"tree"}},{"type":"Feature","geometry":{"type":"Point","coordinates":[-70.90118313151055,41.10067827962113]},"properties":{"kind":"tree"}},{"type":"Feature","geometry":{"type":"Point","coordinates":[-70.90124070503003,41.10066665456593]},"properties":{"kind":"tree"}},{"type":"Feature","geometry":{"type":"Point","coordinates":[-70.8992981637886,41.10196225344446]},"properties":{"kind":"tree"}},{"type":"Feature","geometry":{"type":"Point","coordinates":[-70.8997448562639,41.10178027828682]},"properties":{"kind":"tree"}},{"type":"Feature","geometry":{"type":"Point","coordinates":[-70.89994449409673,41.10131082258372]},"properties":{"kind":"tree"}},{"type":"Feature","geometry":{"type":"Point","coordinates":[-70.89964747493302,41.10100622816202]},"properties":{"kind":"tree"}},{"type":"Feature","geometry":{"type":"Point","coordinates":[-70.89917266103481,41.10113049295056]},"properties":{"kind":"tree"}},{"type":"Feature","geometry":{"type":"Point","coordinates":[-70.89902971695048,41.10160901377623]},"properties":{"kind":"tree"}},{"type":"Feature","geometry":{"type":"Point","coordinates":[-70.9016849809664,41.10201094714127]},"properties":{"kind":"tree"}},{"type":"Feature","geometry":{"type":"Point","coordinates":[-70.901747029805,41.10226892323082]},"properties":{"kind":"tree"}},{"type":"Feature","geometry":{"type":"Point","coordinates":[-70.90155123707187,41.10163589289182]},"properties":{"kind":"tree"}},{"type":"Feature","geometry":{"type":"Point","coordinates":[-70.9015854413372,41.102020679003864]},"properties":{"kind":"tree"}},{"type":"Feature","geometry":{"type":"Point","coordinates":[-70.90153447403463,41.10214947279359]},"properties":{"kind":"tree"}},{"type":"Feature","geometry":{"type":"Point","coordinates":[-70.90161018536743,41.10222980738277]},"properties":{"kind":"tree"}},{"type":"Feature","geometry":{"type":"Point","coordinates":[-70.90138981839547,41.10109725061473]},"properties":{"kind":"tree"}},{"type":"Feature","geometry":{"type":"Point","coordinates":[-70.90143028979347,41.10130238776794]},"properties":{"kind":"tree"}},{"type":"Feature","geometry":{"type":"Point","coordinates":[-70.90146304655444,41.10140370372195]},"properties":{"kind":"tree"}},{"type":"Feature","geometry":{"type":"Point","coordinates":[-70.90143629215359,41.10150115690233]},"properties":{"kind":"tree"}},{"type":"Feature","geometry":{"type":"Point","coordinates":[-70.90139579211076,41.10162481413211]},"properties":{"kind":"tree"}},{"type":"Feature","geometry":{"type":"Point","coordinates":[-70.90142266619411,41.10169876567917]},"properties":{"kind":"tree"}},{"type":"Feature","geometry":{"type":"Point","coordinates":[-70.90144812030152,41.10184919951042]},"properties":{"kind":"tree"}},{"type":"Feature","geometry":{"type":"Point","coordinates":[-70.90144295073362,41.10227895254741]},"properties":{"kind":"tree"}},{"type":"Feature","geometry":{"type":"Point","coordinates":[-70.90125023935711,41.100741137867594]},"properties":{"kind":"tree"}},{"type":"Feature","geometry":{"type":"Point","coordinates":[-70.9013319870056,41.100946412223315]},"properties":{"kind":"tree"}},{"type":"Feature","geometry":{"type":"Point","coordinates":[-70.90128341082617,41.101087784724804]},"properties":{"kind":"tree"}},{"type":"Feature","geometry":{"type":"Point","coordinates":[-70.90131195805309,41.10127099611503]},"properties":{"kind":"tree"}},{"type":"Feature","geometry":{"type":"Point","coordinates":[-70.9012647690182,41.10137293572766]},"properties":{"kind":"tree"}},{"type":"Feature","geometry":{"type":"Point","coordinates":[-70.90128679972194,41.10152394387022]},"properties":{"kind":"tree"}},{"type":"Feature","geometry":{"type":"Point","coordinates":[-70.901277284907,41.10163049390543]},"properties":{"kind":"tree"}},{"type":"Feature","geometry":{"type":"Point","coordinates":[-70.90128292438648,41.10182434392552]},"properties":{"kind":"tree"}},{"type":"Feature","geometry":{"type":"Point","coordinates":[-70.90126426361294,41.1019421327465]},"properties":{"kind":"tree"}},{"type":"Feature","geometry":{"type":"Point","coordinates":[-70.90124634918857,41.102011115552266]},"properties":{"kind":"tree"}},{"type":"Feature","geometry":{"type":"Point","coordinates":[-70.90115152829092,41.100604933452686]},"properties":{"kind":"tree"}},{"type":"Feature","geometry":{"type":"Point","coordinates":[-70.9011868172911,41.100833878647414]},"properties":{"kind":"tree"}},{"type":"Feature","geometry":{"type":"Point","coordinates":[-70.90112968033188,41.10097265113495]},"properties":{"kind":"tree"}},{"type":"Feature","geometry":{"type":"Point","coordinates":[-70.90110026833892,41.1010311510417]},"properties":{"kind":"tree"}},{"type":"Feature","geometry":{"type":"Point","coordinates":[-70.9011833270445,41.10127096580545]},"properties":{"kind":"tree"}},{"type":"Feature","geometry":{"type":"Point","coordinates":[-70.90110784557214,41.10146266095097]},"properties":{"kind":"tree"}},{"type":"Feature","geometry":{"type":"Point","coordinates":[-70.9011142222072,41.10173634351102]},"properties":{"kind":"tree"}},{"type":"Feature","geometry":{"type":"Point","coordinates":[-70.90115611731999,41.101940413923714]},"properties":{"kind":"tree"}},{"type":"Feature","geometry":{"type":"Point","coordinates":[-70.90118467536875,41.10202131515054]},"properties":{"kind":"tree"}},{"type":"Feature","geometry":{"type":"Point","coordinates":[-70.90110223585852,41.10212023914394]},"properties":{"kind":"tree"}},{"type":"Feature","geometry":{"type":"Point","coordinates":[-70.90113444157717,41.102246246629335]},"properties":{"kind":"tree"}},{"type":"Feature","geometry":{"type":"Point","coordinates":[-70.90100681776596,41.100600513664716]},"properties":{"kind":"tree"}},{"type":"Feature","geometry":{"type":"Point","coordinates":[-70.90101757723308,41.1009477837553]},"properties":{"kind":"tree"}},{"type":"Feature","geometry":{"type":"Point","coordinates":[-70.9009930856886,41.10105786951767]},"properties":{"kind":"tree"}},{"type":"Feature","geometry":{"type":"Point","coordinates":[-70.9010514541414,41.10116593373039]},"properties":{"kind":"tree"}},{"type":"Feature","geometry":{"type":"Point","coordinates":[-70.90095923004705,41.101573140974224]},"properties":{"kind":"tree"}},{"type":"Feature","geometry":{"type":"Point","coordinates":[-70.90096019857742,41.10172179734469]},"properties":{"kind":"tree"}},{"type":"Feature","geometry":{"type":"Point","coordinates":[-70.90097832605633,41.10180023221168]},"properties":{"kind":"tree"}},{"type":"Feature","geometry":{"type":"Point","coordinates":[-70.90104573730173,41.10190221427472]},"properties":{"kind":"tree"}},{"type":"Feature","geometry":{"type":"Point","coordinates":[-70.90097828411415,41.10215769283601]},"properties":{"kind":"tree"}},{"type":"Feature","geometry":{"type":"Point","coordinates":[-70.9009888404296,41.102365257662164]},"properties":{"kind":"tree"}},{"type":"Feature","geometry":{"type":"Point","coordinates":[-70.90084474417131,41.10065530250254]},"properties":{"kind":"tree"}},{"type":"Feature","geometry":{"type":"Point","coordinates":[-70.90084527759362,41.100770333591626]},"properties":{"kind":"tree"}},{"type":"Feature","geometry":{"type":"Point","coordinates":[-70.90085798106874,41.1008595035648]},"properties":{"kind":"tree"}},{"type":"Feature","geometry":{"type":"Point","coordinates":[-70.90087575836466,41.10116980266207]},"properties":{"kind":"tree"}},{"type":"Feature","geometry":{"type":"Point","coordinates":[-70.9008879388215,41.10170949818302]},"properties":{"kind":"tree"}},{"type":"Feature","geometry":{"type":"Point","coordinates":[-70.90088193489623,41.10182039127378]},"properties":{"kind":"tree"}},{"type":"Feature","geometry":{"type":"Point","coordinates":[-70.90089407725112,41.102152273578184]},"properties":{"kind":"tree"}},{"type":"Feature","geometry":{"type":"Point","coordinates":[-70.9007072496874,41.100721964675046]},"properties":{"kind":"tree"}},{"type":"Feature","geometry":{"type":"Point","coordinates":[-70.90068606139289,41.10082958541137]},"properties":{"kind":"tree"}},{"type":"Feature","geometry":{"type":"Point","coordinates":[-70.90069364533844,41.10097955587586]},"properties":{"kind":"tree"}},{"type":"Feature","geometry":{"type":"Point","coordinates":[-70.90073255651794,41.101083202968]},"properties":{"kind":"tree"}},{"type":"Feature","geometry":{"type":"Point","coordinates":[-70.90074731092305,41.101150159920245]},"properties":{"kind":"tree"}},{"type":"Feature","geometry":{"type":"Point","coordinates":[-70.90076309812322,41.10162437953408]},"properties":{"kind":"tree"}},{"type":"Feature","geometry":{"type":"Point","coordinates":[-70.90067326039615,41.10193098710027]},"properties":{"kind":"tree"}},{"type":"Feature","geometry":{"type":"Point","coordinates":[-70.90070289431557,41.10201201650772]},"properties":{"kind":"tree"}},{"type":"Feature","geometry":{"type":"Point","coordinates":[-70.90076181721227,41.10213835519716]},"properties":{"kind":"tree"}},{"type":"Feature","geometry":{"type":"Point","coordinates":[-70.90075468767478,41.102264882141036]},"properties":{"kind":"tree"}},{"type":"Feature","geometry":{"type":"Point","coordinates":[-70.90072801453697,41.10233263383217]},"properties":{"kind":"tree"}},{"type":"Feature","geometry":{"type":"Point","coordinates":[-70.90071512861009,41.1024898877197]},"properties":{"kind":"tree"}},{"type":"Feature","geometry":{"type":"Point","coordinates":[-70.90061526910848,41.10075200181912]},"properties":{"kind":"tree"}},{"type":"Feature","geometry":{"type":"Point","coordinates":[-70.90057797652837,41.10092183518442]},"properties":{"kind":"tree"}},{"type":"Feature","geometry":{"type":"Point","coordinates":[-70.90057242684146,41.10104744756576]},"properties":{"kind":"tree"}},{"type":"Feature","geometry":{"type":"Point","coordinates":[-70.90054252291168,41.10115614755764]},"properties":{"kind":"tree"}},{"type":"Feature","geometry":{"type":"Point","coordinates":[-70.90060769125324,41.10173336708319]},"properties":{"kind":"tree"}},{"type":"Feature","geometry":{"type":"Point","coordinates":[-70.90062276684813,41.10236807829141]},"properties":{"kind":"tree"}},{"type":"Feature","geometry":{"type":"Point","coordinates":[-70.90057265563775,41.10249267054302]},"properties":{"kind":"tree"}},{"type":"Feature","geometry":{"type":"Point","coordinates":[-70.90042678423075,41.100852207848]},"properties":{"kind":"tree"}},{"type":"Feature","geometry":{"type":"Point","coordinates":[-70.90043822491872,41.10093509770519]},"properties":{"kind":"tree"}},{"type":"Feature","geometry":{"type":"Point","coordinates":[-70.90042881251699,41.10238170861223]},"properties":{"kind":"tree"}},{"type":"Feature","geometry":{"type":"Point","coordinates":[-70.90044388112078,41.10244039806597]},"properties":{"kind":"tree"}},{"type":"Feature","geometry":{"type":"Point","coordinates":[-70.9003167021795,41.10115198160034]},"properties":{"kind":"tree"}},{"type":"Feature","geometry":{"type":"Point","coordinates":[-70.90024884425263,41.102392597128336]},"properties":{"kind":"tree"}},{"type":"Feature","geometry":{"type":"Point","coordinates":[-70.90028704333112,41.102483351570676]},"properties":{"kind":"tree"}},{"type":"Feature","geometry":{"type":"Point","coordinates":[-70.90017529810798,41.10085487883411]},"properties":{"kind":"tree"}},{"type":"Feature","geometry":{"type":"Point","coordinates":[-70.9001148728764,41.1009755559021]},"properties":{"kind":"tree"}},{"type":"Feature","geometry":{"type":"Point","coordinates":[-70.90018020095633,41.10115338758154]},"properties":{"kind":"tree"}},{"type":"Feature","geometry":{"type":"Point","coordinates":[-70.90016738109568,41.10244414509957]},"properties":{"kind":"tree"}},{"type":"Feature","geometry":{"type":"Point","coordinates":[-70.90018153178524,41.10255577417254]},"properties":{"kind":"tree"}},{"type":"Feature","geometry":{"type":"Point","coordinates":[-70.89998744159611,41.10084504282705]},"properties":{"kind":"tree"}},{"type":"Feature","geometry":{"type":"Point","coordinates":[-70.90003245433084,41.1009313921054]},"properties":{"kind":"tree"}},{"type":"Feature","geometry":{"type":"Point","coordinates":[-70.89996806697906,41.10178732941347]},"properties":{"kind":"tree"}},{"type":"Feature","geometry":{"type":"Point","coordinates":[-70.89996404704556,41.10249054163808]},"properties":{"kind":"tree"}},{"type":"Feature","geometry":{"type":"Point","coordinates":[-70.90004558006716,41.1026081512043]},"properties":{"kind":"tree"}},{"type":"Feature","geometry":{"type":"Point","coordinates":[-70.89988534371513,41.100965582344145]},"properties":{"kind":"tree"}},{"type":"Feature","geometry":{"type":"Point","coordinates":[-70.89985687293051,41.10172117609761]},"properties":{"kind":"tree"}},{"type":"Feature","geometry":{"type":"Point","coordinates":[-70.89968014111786,41.10095534364863]},"properties":{"kind":"tree"}},{"type":"Feature","geometry":{"type":"Point","coordinates":[-70.89975230749332,41.10245558007011]},"properties":{"kind":"tree"}},{"type":"Feature","geometry":{"type":"Point","coordinates":[-70.89972823416684,41.10265860709648]},"properties":{"kind":"tree"}},{"type":"Feature","geometry":{"type":"Point","coordinates":[-70.8995380159523,41.10092534905888]},"properties":{"kind":"tree"}},{"type":"Feature","geometry":{"type":"Point","coordinates":[-70.89961521457595,41.10225170104065]},"properties":{"kind":"tree"}},{"type":"Feature","geometry":{"type":"Point","coordinates":[-70.89960537988333,41.10235030384048]},"properties":{"kind":"tree"}},{"type":"Feature","geometry":{"type":"Point","coordinates":[-70.89959649217278,41.10245817205968]},"properties":{"kind":"tree"}},{"type":"Feature","geometry":{"type":"Point","coordinates":[-70.89961698183474,41.102608187076314]},"properties":{"kind":"tree"}},{"type":"Feature","geometry":{"type":"Point","coordinates":[-70.89960589143907,41.10266634870162]},"properties":{"kind":"tree"}},{"type":"Feature","geometry":{"type":"Point","coordinates":[-70.8994236820077,41.101035057773565]},"properties":{"kind":"tree"}},{"type":"Feature","geometry":{"type":"Point","coordinates":[-70.89940436856688,41.10254592193998]},"properties":{"kind":"tree"}},{"type":"Feature","geometry":{"type":"Point","coordinates":[-70.89945566601357,41.10269914802182]},"properties":{"kind":"tree"}},{"type":"Feature","geometry":{"type":"Point","coordinates":[-70.8992673981177,41.10104499634812]},"properties":{"kind":"tree"}},{"type":"Feature","geometry":{"type":"Point","coordinates":[-70.89930105658276,41.10237156549374]},"properties":{"kind":"tree"}},{"type":"Feature","geometry":{"type":"Point","coordinates":[-70.89925560794858,41.10249248184026]},"properties":{"kind":"tree"}},{"type":"Feature","geometry":{"type":"Point","coordinates":[-70.89916584330655,41.10107538585654]},"properties":{"kind":"tree"}},{"type":"Feature","geometry":{"type":"Point","coordinates":[-70.89912083201861,41.10114132735936]},"properties":{"kind":"tree"}},{"type":"Feature","geometry":{"type":"Point","coordinates":[-70.8990991507246,41.101823286596385]},"properties":{"kind":"tree"}},{"type":"Feature","geometry":{"type":"Point","coordinates":[-70.89916188475533,41.10215064580265]},"properties":{"kind":"tree"}},{"type":"Feature","geometry":{"type":"Point","coordinates":[-70.89914320613974,41.10233582785787]},"properties":{"kind":"tree"}},{"type":"Feature","geometry":{"type":"Point","coordinates":[-70.89902864901994,41.10126449163359]},"properties":{"kind":"tree"}},{"type":"Feature","geometry":{"type":"Point","coordinates":[-70.89899056118567,41.1015277366582]},"properties":{"kind":"tree"}},{"type":"Feature","geometry":{"type":"Point","coordinates":[-70.89895693597862,41.10160474628616]},"properties":{"kind":"tree"}},{"type":"Feature","geometry":{"type":"Point","coordinates":[-70.89896775007033,41.10168663236044]},"properties":{"kind":"tree"}},{"type":"Feature","geometry":{"type":"Point","coordinates":[-70.89901020635273,41.10205461217386]},"properties":{"kind":"tree"}},{"type":"Feature","geometry":{"type":"Point","coordinates":[-70.89903387376592,41.10214786955922]},"properties":{"kind":"tree"}},{"type":"Feature","geometry":{"type":"Point","coordinates":[-70.89901678045888,41.10223281739177]},"properties":{"kind":"tree"}},{"type":"Feature","geometry":{"type":"Point","coordinates":[-70.89903572293622,41.10234258616302]},"properties":{"kind":"tree"}},{"type":"Feature","geometry":{"type":"Point","coordinates":[-70.89898264279209,41.10264942446074]},"properties":{"kind":"tree"}},{"type":"Feature","geometry":{"type":"Point","coordinates":[-70.89890325928876,41.101056091223136]},"properties":{"kind":"tree"}},{"type":"Feature","geometry":{"type":"Point","coordinates":[-70.89889282293457,41.101353834739626]},"properties":{"kind":"tree"}},{"type":"Feature","geometry":{"type":"Point","coordinates":[-70.8988694777133,41.10157319002528]},"properties":{"kind":"tree"}},{"type":"Feature","geometry":{"type":"Point","coordinates":[-70.89881822596095,41.101791367033904]},"properties":{"kind":"tree"}},{"type":"Feature","geometry":{"type":"Point","coordinates":[-70.898897680116,41.10194927771079]},"properties":{"kind":"tree"}},{"type":"Feature","geometry":{"type":"Point","coordinates":[-70.89887137670371,41.102056770272746]},"properties":{"kind":"tree"}},{"type":"Feature","geometry":{"type":"Point","coordinates":[-70.89888167280435,41.10227660949177]},"properties":{"kind":"tree"}},{"type":"Feature","geometry":{"type":"Point","coordinates":[-70.89888093917052,41.102492689850365]},"properties":{"kind":"tree"}},{"type":"Feature","geometry":{"type":"Point","coordinates":[-70.89889928882143,41.10255654311092]},"properties":{"kind":"tree"}},{"type":"Feature","geometry":{"type":"Point","coordinates":[-70.89882171091601,41.10270274957277]},"properties":{"kind":"tree"}},{"type":"Feature","geometry":{"type":"Point","coordinates":[-70.89884611554257,41.10277257940451]},"properties":{"kind":"tree"}},{"type":"Feature","geometry":{"type":"Point","coordinates":[-70.89875436077148,41.101151203688396]},"properties":{"kind":"tree"}},{"type":"Feature","geometry":{"type":"Point","coordinates":[-70.898752306135,41.10124752072602]},"properties":{"kind":"tree"}},{"type":"Feature","geometry":{"type":"Point","coordinates":[-70.89873201184753,41.10135714927538]},"properties":{"kind":"tree"}},{"type":"Feature","geometry":{"type":"Point","coordinates":[-70.89874622912119,41.101499197913874]},"properties":{"kind":"tree"}},{"type":"Feature","geometry":{"type":"Point","coordinates":[-70.89869039962028,41.10170566488412]},"properties":{"kind":"tree"}},{"type":"Feature","geometry":{"type":"Point","coordinates":[-70.89871084450577,41.10181227928236]},"properties":{"kind":"tree"}},{"type":"Feature","geometry":{"type":"Point","coordinates":[-70.8987567469308,41.101951865678046]},"properties":{"kind":"tree"}},{"type":"Feature","geometry":{"type":"Point","coordinates":[-70.89867103478075,41.10201721944197]},"properties":{"kind":"tree"}},{"type":"Feature","geometry":{"type":"Point","coordinates":[-70.8986711140937,41.10225193982059]},"properties":{"kind":"tree"}},{"type":"Feature","geometry":{"type":"Point","coordinates":[-70.89875060294531,41.10236730165728]},"properties":{"kind":"tree"}},{"type":"Feature","geometry":{"type":"Point","coordinates":[-70.8987406876564,41.102483647914624]},"properties":{"kind":"tree"}},{"type":"Feature","geometry":{"type":"Point","coordinates":[-70.89875429452624,41.10271076059152]},"properties":{"kind":"tree"}},{"type":"Feature","geometry":{"type":"Point","coordinates":[-70.89859296437139,41.101147206999784]},"properties":{"kind":"tree"}},{"type":"Feature","geometry":{"type":"Point","coordinates":[-70.89853184756963,41.10130904913999]},"properties":{"kind":"tree"}},{"type":"Feature","geometry":{"type":"Point","coordinates":[-70.89854052289832,41.10137265407027]},"properties":{"kind":"tree"}},{"type":"Feature","geometry":{"type":"Point","coordinates":[-70.89853025034134,41.10151736333079]},"properties":{"kind":"tree"}},{"type":"Feature","geometry":{"type":"Point","coordinates":[-70.89858082998116,41.10160489498423]},"properties":{"kind":"tree"}},{"type":"Feature","geometry":{"type":"Point","coordinates":[-70.89860335801171,41.101697866246006]},"properties":{"kind":"tree"}},{"type":"Feature","geometry":{"type":"Point","coordinates":[-70.89856859585326,41.101797907030246]},"properties":{"kind":"tree"}},{"type":"Feature","geometry":{"type":"Point","coordinates":[-70.898596104249,41.1019008951145]},"properties":{"kind":"tree"}},{"type":"Feature","geometry":{"type":"Point","coordinates":[-70.89858997638807,41.101998943157]},"properties":{"kind":"tree"}},{"type":"Feature","geometry":{"type":"Point","coordinates":[-70.89861936321658,41.102150906664384]},"properties":{"kind":"tree"}},{"type":"Feature","geometry":{"type":"Point","coordinates":[-70.89861473680769,41.102344173709966]},"properties":{"kind":"tree"}},{"type":"Feature","geometry":{"type":"Point","coordinates":[-70.89841736934378,41.101303367156255]},"properties":{"kind":"tree"}},{"type":"Feature","geometry":{"type":"Point","coordinates":[-70.89841683542333,41.10138052931061]},"properties":{"kind":"tree"}},{"type":"Feature","geometry":{"type":"Point","coordinates":[-70.89844549234893,41.10148616807859]},"properties":{"kind":"tree"}},{"type":"Feature","geometry":{"type":"Point","coordinates":[-70.89847347640645,41.10163072666612]},"properties":{"kind":"tree"}},{"type":"Feature","geometry":{"type":"Point","coordinates":[-70.8984747290851,41.101843843290695]},"properties":{"kind":"tree"}},{"type":"Feature","geometry":{"type":"Point","coordinates":[-70.89823996343102,41.10130311201502]},"properties":{"kind":"tree"}},{"type":"Feature","geometry":{"type":"Point","coordinates":[-70.89825102267861,41.10136869054583]},"properties":{"kind":"tree"}},{"type":"Feature","geometry":{"type":"Point","coordinates":[-70.89818255984274,41.10127446833064]},"properties":{"kind":"tree"}},{"type":"Feature","geometry":{"type":"Point","coordinates":[-70.89384468452646,41.10078072388774]},"properties":{"kind":"tree"}},{"type":"Feature","geometry":{"type":"Point","coordinates":[-70.89373158895611,41.100803559772366]},"properties":{"kind":"tree"}},{"type":"Feature","geometry":{"type":"Point","coordinates":[-70.89359648958364,41.10083083859215]},"properties":{"kind":"tree"}},{"type":"Feature","geometry":{"type":"Point","coordinates":[-70.89358106280558,41.100787453295496]},"properties":{"kind":"tree"}},{"type":"Feature","geometry":{"type":"Point","coordinates":[-70.89347065564364,41.100856246566366]},"properties":{"kind":"tree"}},{"type":"Feature","geometry":{"type":"Point","coordinates":[-70.89335328994093,41.10087994466203]},"properties":{"kind":"tree"}},{"type":"Feature","geometry":{"type":"Point","coordinates":[-70.89322979803323,41.10090487974081]},"properties":{"kind":"tree"}},{"type":"Feature","geometry":{"type":"Point","coordinates":[-70.89321437125518,41.10086149444416]},"properties":{"kind":"tree"}},{"type":"Feature","geometry":{"type":"Point","coordinates":[-70.89312698603067,41.100925639201336]},"properties":{"kind":"tree"}},{"type":"Feature","geometry":{"type":"Point","coordinates":[-70.89311155925262,41.100882253904686]},"properties":{"kind":"tree"}},{"type":"Feature","geometry":{"type":"Point","coordinates":[-70.89303316797661,41.10094458263344]},"properties":{"kind":"tree"}},{"type":"Feature","geometry":{"type":"Point","coordinates":[-70.89301774119856,41.10090119733678]},"properties":{"kind":"tree"}},{"type":"Feature","geometry":{"type":"Point","coordinates":[-70.89304904063896,41.10095532774404]},"properties":{"kind":"tree"}},{"type":"Feature","geometry":{"type":"Point","coordinates":[-70.89307870311941,41.10103874863139]},"properties":{"kind":"tree"}},{"type":"Feature","geometry":{"type":"Point","coordinates":[-70.89302112959993,41.1010503736866]},"properties":{"kind":"tree"}},{"type":"Feature","geometry":{"type":"Point","coordinates":[-70.89311132379737,41.10113048896664]},"properties":{"kind":"tree"}},{"type":"Feature","geometry":{"type":"Point","coordinates":[-70.89314012236447,41.10121148023861]},"properties":{"kind":"tree"}},{"type":"Feature","geometry":{"type":"Point","coordinates":[-70.89308254884499,41.10122310529381]},"properties":{"kind":"tree"}},{"type":"Feature","geometry":{"type":"Point","coordinates":[-70.89316911379366,41.10129301390373]},"properties":{"kind":"tree"}},{"type":"Feature","geometry":{"type":"Point","coordinates":[-70.89320327461414,41.10138908563854]},"properties":{"kind":"tree"}},{"type":"Feature","geometry":{"type":"Point","coordinates":[-70.89314570109464,41.10140071069374]},"properties":{"kind":"tree"}},{"type":"Feature","geometry":{"type":"Point","coordinates":[-70.89323531901532,41.10147920528937]},"properties":{"kind":"tree"}},{"type":"Feature","geometry":{"type":"Point","coordinates":[-70.89317774549583,41.101490830344574]},"properties":{"kind":"tree"}},{"type":"Feature","geometry":{"type":"Point","coordinates":[-70.89328074490975,41.101554895850974]},"properties":{"kind":"tree"}},{"type":"Feature","geometry":{"type":"Point","coordinates":[-70.89337516296507,41.10153583126859]},"properties":{"kind":"tree"}},{"type":"Feature","geometry":{"type":"Point","coordinates":[-70.89339058974313,41.10157921656525]},"properties":{"kind":"tree"}},{"type":"Feature","geometry":{"type":"Point","coordinates":[-70.89348864569904,41.10151291720917]},"properties":{"kind":"tree"}},{"type":"Feature","geometry":{"type":"Point","coordinates":[-70.89359053210445,41.10149234464217]},"properties":{"kind":"tree"}},{"type":"Feature","geometry":{"type":"Point","coordinates":[-70.8936059588825,41.101535729938824]},"properties":{"kind":"tree"}},{"type":"Feature","geometry":{"type":"Point","coordinates":[-70.89372658429377,41.10146487343275]},"properties":{"kind":"tree"}},{"type":"Feature","geometry":{"type":"Point","coordinates":[-70.89374201107182,41.101508258729396]},"properties":{"kind":"tree"}},{"type":"Feature","geometry":{"type":"Point","coordinates":[-70.89385764452793,41.101438410182446]},"properties":{"kind":"tree"}},{"type":"Feature","geometry":{"type":"Point","coordinates":[-70.89398661037487,41.101412369823905]},"properties":{"kind":"tree"}},{"type":"Feature","geometry":{"type":"Point","coordinates":[-70.89400203715292,41.10145575512056]},"properties":{"kind":"tree"}},{"type":"Feature","geometry":{"type":"Point","coordinates":[-70.89410261290004,41.101388946976556]},"properties":{"kind":"tree"}},{"type":"Feature","geometry":{"type":"Point","coordinates":[-70.89411803967809,41.101432332273205]},"properties":{"kind":"tree"}},{"type":"Feature","geometry":{"type":"Point","coordinates":[-70.89407638879725,41.10138029199467]},"properties":{"kind":"tree"}},{"type":"Feature","geometry":{"type":"Point","coordinates":[-70.89413396231673,41.10136866693947]},"properties":{"kind":"tree"}},{"type":"Feature","geometry":{"type":"Point","coordinates":[-70.89404038825975,41.10127904635586]},"properties":{"kind":"tree"}},{"type":"Feature","geometry":{"type":"Point","coordinates":[-70.89400769028511,41.1011870886363]},"properties":{"kind":"tree"}},{"type":"Feature","geometry":{"type":"Point","coordinates":[-70.89397876073083,41.10110572898428]},"properties":{"kind":"tree"}},{"type":"Feature","geometry":{"type":"Point","coordinates":[-70.89403633425033,41.10109410392908]},"properties":{"kind":"tree"}},{"type":"Feature","geometry":{"type":"Point","coordinates":[-70.89395305807395,41.101033444454735]},"properties":{"kind":"tree"}},{"type":"Feature","geometry":{"type":"Point","coordinates":[-70.89401063159343,41.10102181939953]},"properties":{"kind":"tree"}},{"type":"Feature","geometry":{"type":"Point","coordinates":[-70.8939244057297,41.10095286441072]},"properties":{"kind":"tree"}},{"type":"Feature","geometry":{"type":"Point","coordinates":[-70.8939819792492,41.10094123935552]},"properties":{"kind":"tree"}},{"type":"Feature","geometry":{"type":"Point","coordinates":[-70.89389096988084,41.10085883154027]},"properties":{"kind":"tree"}},{"type":"Feature","geometry":{"type":"Point","coordinates":[-70.89386490162597,41.100785518826065]},"properties":{"kind":"tree"}},{"type":"Feature","geometry":{"type":"Point","coordinates":[-70.89419233459346,41.10139921865125]},"properties":{"kind":"tree"}},{"type":"Feature","geometry":{"type":"Point","coordinates":[-70.89403693630594,41.101108724342936]},"properties":{"kind":"tree"}},{"type":"Feature","geometry":{"type":"Point","coordinates":[-70.89411657052962,41.10132300062193]},"properties":{"kind":"tree"}},{"type":"Feature","geometry":{"type":"Point","coordinates":[-70.89392329082939,41.10070814834988]},"properties":{"kind":"tree"}},{"type":"Feature","geometry":{"type":"Point","coordinates":[-70.89398098771285,41.1008010655549]},"properties":{"kind":"tree"}},{"type":"Feature","geometry":{"type":"Point","coordinates":[-70.89389893581273,41.100881169937836]},"properties":{"kind":"tree"}},{"type":"Feature","geometry":{"type":"Point","coordinates":[-70.89393011801705,41.10100580966047]},"properties":{"kind":"tree"}},{"type":"Feature","geometry":{"type":"Point","coordinates":[-70.89392228049563,41.101451266764386]},"properties":{"kind":"tree"}},{"type":"Feature","geometry":{"type":"Point","coordinates":[-70.89382128898585,41.101205439339424]},"properties":{"kind":"tree"}},{"type":"Feature","geometry":{"type":"Point","coordinates":[-70.89375956547886,41.10139307228348]},"properties":{"kind":"tree"}},{"type":"Feature","geometry":{"type":"Point","coordinates":[-70.89361340321854,41.100804494673866]},"properties":{"kind":"tree"}},{"type":"Feature","geometry":{"type":"Point","coordinates":[-70.89369197098986,41.10096355203335]},"properties":{"kind":"tree"}},{"type":"Feature","geometry":{"type":"Point","coordinates":[-70.8936240748283,41.101546054002554]},"properties":{"kind":"tree"}},{"type":"Feature","geometry":{"type":"Point","coordinates":[-70.89350274655922,41.10076297576168]},"properties":{"kind":"tree"}},{"type":"Feature","geometry":{"type":"Point","coordinates":[-70.8934007594338,41.10087810715713]},"properties":{"kind":"tree"}},{"type":"Feature","geometry":{"type":"Point","coordinates":[-70.89338494553498,41.10103004086355]},"properties":{"kind":"tree"}},{"type":"Feature","geometry":{"type":"Point","coordinates":[-70.8933386189991,41.10155749991356]},"properties":{"kind":"tree"}},{"type":"Feature","geometry":{"type":"Point","coordinates":[-70.8933139318059,41.101620630972874]},"properties":{"kind":"tree"}},{"type":"Feature","geometry":{"type":"Point","coordinates":[-70.89318710320319,41.100916945260394]},"properties":{"kind":"tree"}},{"type":"Feature","geometry":{"type":"Point","coordinates":[-70.893261769048,41.10112138562359]},"properties":{"kind":"tree"}},{"type":"Feature","geometry":{"type":"Point","coordinates":[-70.89317323059183,41.10143820573837]},"properties":{"kind":"tree"}},{"type":"Feature","geometry":{"type":"Point","coordinates":[-70.89307198801308,41.100885618276344]},"properties":{"kind":"tree"}},{"type":"Feature","geometry":{"type":"Point","coordinates":[-70.89310127065897,41.101004096545566]},"properties":{"kind":"tree"}},{"type":"Feature","geometry":{"type":"Point","coordinates":[-70.8931225054803,41.101096512255396]},"properties":{"kind":"tree"}},{"type":"Feature","geometry":{"type":"Point","coordinates":[-70.89303600939596,41.10120970524703]},"properties":{"kind":"tree"}},{"type":"Feature","geometry":{"type":"Point","coordinates":[-70.89295265696845,41.1009033233316]},"properties":{"kind":"tree"}},{"type":"Feature","geometry":{"type":"Point","coordinates":[-70.9051969942737,41.103923380239756]},"properties":{"kind":"tree"}},{"type":"Feature","geometry":{"type":"Point","coordinates":[-70.90507926763482,41.10388388200607]},"properties":{"kind":"tree"}},{"type":"Feature","geometry":{"type":"Point","coordinates":[-70.9049849771293,41.103852246783525]},"properties":{"kind":"tree"}},{"type":"Feature","geometry":{"type":"Point","coordinates":[-70.90500922046084,41.10381121419116]},"properties":{"kind":"tree"}},{"type":"Feature","geometry":{"type":"Point","coordinates":[-70.90487692260064,41.10381599362057]},"properties":{"kind":"tree"}},{"type":"Feature","geometry":{"type":"Point","coordinates":[-70.90490116593217,41.1037749610282]},"properties":{"kind":"tree"}},{"type":"Feature","geometry":{"type":"Point","coordinates":[-70.90478936916864,41.10378661874034]},"properties":{"kind":"tree"}},{"type":"Feature","geometry":{"type":"Point","coordinates":[-70.90481361250018,41.10374558614797]},"properties":{"kind":"tree"}},{"type":"Feature","geometry":{"type":"Point","coordinates":[-70.90466891549963,41.103746205566125]},"properties":{"kind":"tree"}},{"type":"Feature","geometry":{"type":"Point","coordinates":[-70.90457592885701,41.103715007800055]},"properties":{"kind":"tree"}},{"type":"Feature","geometry":{"type":"Point","coordinates":[-70.90460017218855,41.10367397520769]},"properties":{"kind":"tree"}},{"type":"Feature","geometry":{"type":"Point","coordinates":[-70.90446421631154,41.10367752734306]},"properties":{"kind":"tree"}},{"type":"Feature","geometry":{"type":"Point","coordinates":[-70.90448845964308,41.10363649475069]},"properties":{"kind":"tree"}},{"type":"Feature","geometry":{"type":"Point","coordinates":[-70.90434552468582,41.10363770534853]},"properties":{"kind":"tree"}},{"type":"Feature","geometry":{"type":"Point","coordinates":[-70.90436976801736,41.10359667275617]},"properties":{"kind":"tree"}},{"type":"Feature","geometry":{"type":"Point","coordinates":[-70.9042357845123,41.10360088663817]},"properties":{"kind":"tree"}},{"type":"Feature","geometry":{"type":"Point","coordinates":[-70.9041410970816,41.10356911824404]},"properties":{"kind":"tree"}},{"type":"Feature","geometry":{"type":"Point","coordinates":[-70.90401933035204,41.10352826452745]},"properties":{"kind":"tree"}},{"type":"Feature","geometry":{"type":"Point","coordinates":[-70.90404357368358,41.103487231935084]},"properties":{"kind":"tree"}},{"type":"Feature","geometry":{"type":"Point","coordinates":[-70.90390015274463,41.10348827948216]},"properties":{"kind":"tree"}},{"type":"Feature","geometry":{"type":"Point","coordinates":[-70.90392439607616,41.10344724688979]},"properties":{"kind":"tree"}},{"type":"Feature","geometry":{"type":"Point","coordinates":[-70.90380094665365,41.103454995041176]},"properties":{"kind":"tree"}},{"type":"Feature","geometry":{"type":"Point","coordinates":[-70.90382518998518,41.103413962448805]},"properties":{"kind":"tree"}},{"type":"Feature","geometry":{"type":"Point","coordinates":[-70.9037794296476,41.10346252584017]},"properties":{"kind":"tree"}},{"type":"Feature","geometry":{"type":"Point","coordinates":[-70.90372497823344,41.10344425695302]},"properties":{"kind":"tree"}},{"type":"Feature","geometry":{"type":"Point","coordinates":[-70.90372537192968,41.103554020208435]},"properties":{"kind":"tree"}},{"type":"Feature","geometry":{"type":"Point","coordinates":[-70.90367092051552,41.10353575132128]},"properties":{"kind":"tree"}},{"type":"Feature","geometry":{"type":"Point","coordinates":[-70.90368614268833,41.10362041691907]},"properties":{"kind":"tree"}},{"type":"Feature","geometry":{"type":"Point","coordinates":[-70.903647205004,41.103686320160385]},"properties":{"kind":"tree"}},{"type":"Feature","geometry":{"type":"Point","coordinates":[-70.90359275358985,41.10366805127323]},"properties":{"kind":"tree"}},{"type":"Feature","geometry":{"type":"Point","coordinates":[-70.9036008035295,41.103764856098636]},"properties":{"kind":"tree"}},{"type":"Feature","geometry":{"type":"Point","coordinates":[-70.90354635211534,41.10374658721148]},"properties":{"kind":"tree"}},{"type":"Feature","geometry":{"type":"Point","coordinates":[-70.90355669862254,41.10383950502492]},"properties":{"kind":"tree"}},{"type":"Feature","geometry":{"type":"Point","coordinates":[-70.90350224720838,41.10382123613777]},"properties":{"kind":"tree"}},{"type":"Feature","geometry":{"type":"Point","coordinates":[-70.9035129622536,41.103913530189125]},"properties":{"kind":"tree"}},{"type":"Feature","geometry":{"type":"Point","coordinates":[-70.90346638752392,41.10399235936717]},"properties":{"kind":"tree"}},{"type":"Feature","geometry":{"type":"Point","coordinates":[-70.90341193610976,41.103974090480015]},"properties":{"kind":"tree"}},{"type":"Feature","geometry":{"type":"Point","coordinates":[-70.90342568439902,41.10406125067152]},"properties":{"kind":"tree"}},{"type":"Feature","geometry":{"type":"Point","coordinates":[-70.9033795934426,41.104139261048275]},"properties":{"kind":"tree"}},{"type":"Feature","geometry":{"type":"Point","coordinates":[-70.90332514202844,41.10412099216112]},"properties":{"kind":"tree"}},{"type":"Feature","geometry":{"type":"Point","coordinates":[-70.90338605276885,41.10416145731732]},"properties":{"kind":"tree"}},{"type":"Feature","geometry":{"type":"Point","coordinates":[-70.90336180943731,41.10420248990969]},"properties":{"kind":"tree"}},{"type":"Feature","geometry":{"type":"Point","coordinates":[-70.90348574494503,41.1041949048438]},"properties":{"kind":"tree"}},{"type":"Feature","geometry":{"type":"Point","coordinates":[-70.90346150161349,41.104235937436165]},"properties":{"kind":"tree"}},{"type":"Feature","geometry":{"type":"Point","coordinates":[-70.9035800992656,41.10422656147681]},"properties":{"kind":"tree"}},{"type":"Feature","geometry":{"type":"Point","coordinates":[-70.90355585593406,41.10426759406918]},"properties":{"kind":"tree"}},{"type":"Feature","geometry":{"type":"Point","coordinates":[-70.90367340730612,41.10425786707446]},"properties":{"kind":"tree"}},{"type":"Feature","geometry":{"type":"Point","coordinates":[-70.90364916397458,41.10429889966682]},"properties":{"kind":"tree"}},{"type":"Feature","geometry":{"type":"Point","coordinates":[-70.90376137410196,41.10428738064158]},"properties":{"kind":"tree"}},{"type":"Feature","geometry":{"type":"Point","coordinates":[-70.90373713077042,41.104328413233944]},"properties":{"kind":"tree"}},{"type":"Feature","geometry":{"type":"Point","coordinates":[-70.90388901586188,41.10433020547808]},"properties":{"kind":"tree"}},{"type":"Feature","geometry":{"type":"Point","coordinates":[-70.90386477253034,41.10437123807044]},"properties":{"kind":"tree"}},{"type":"Feature","geometry":{"type":"Point","coordinates":[-70.90398836461478,41.10436353778328]},"properties":{"kind":"tree"}},{"type":"Feature","geometry":{"type":"Point","coordinates":[-70.9040913156564,41.104398078685314]},"properties":{"kind":"tree"}},{"type":"Feature","geometry":{"type":"Point","coordinates":[-70.90406707232486,41.10443911127768]},"properties":{"kind":"tree"}},{"type":"Feature","geometry":{"type":"Point","coordinates":[-70.90420828551656,41.10443732301365]},"properties":{"kind":"tree"}},{"type":"Feature","geometry":{"type":"Point","coordinates":[-70.90418404218502,41.10447835560602]},"properties":{"kind":"tree"}},{"type":"Feature","geometry":{"type":"Point","coordinates":[-70.90429757808774,41.104467281389056]},"properties":{"kind":"tree"}},{"type":"Feature","geometry":{"type":"Point","coordinates":[-70.9042733347562,41.10450831398142]},"properties":{"kind":"tree"}},{"type":"Feature","geometry":{"type":"Point","coordinates":[-70.90440123982546,41.10450206073534]},"properties":{"kind":"tree"}},{"type":"Feature","geometry":{"type":"Point","coordinates":[-70.90437699649392,41.104543093327706]},"properties":{"kind":"tree"}},{"type":"Feature","geometry":{"type":"Point","coordinates":[-70.90450961714197,41.104538422196214]},"properties":{"kind":"tree"}},{"type":"Feature","geometry":{"type":"Point","coordinates":[-70.90460948446724,41.10457192848663]},"properties":{"kind":"tree"}},{"type":"Feature","geometry":{"type":"Point","coordinates":[-70.90470192577602,41.1046029432888]},"properties":{"kind":"tree"}},{"type":"Feature","geometry":{"type":"Point","coordinates":[-70.90482286766279,41.104643520264]},"properties":{"kind":"tree"}},{"type":"Feature","geometry":{"type":"Point","coordinates":[-70.90480361739495,41.10462231171691]},"properties":{"kind":"tree"}},{"type":"Feature","geometry":{"type":"Point","coordinates":[-70.90484984743634,41.104544065934554]},"properties":{"kind":"tree"}},{"type":"Feature","geometry":{"type":"Point","coordinates":[-70.9049042988505,41.10456233482171]},"properties":{"kind":"tree"}},{"type":"Feature","geometry":{"type":"Point","coordinates":[-70.9048946809336,41.104468183846535]},"properties":{"kind":"tree"}},{"type":"Feature","geometry":{"type":"Point","coordinates":[-70.90494913234775,41.10448645273369]},"properties":{"kind":"tree"}},{"type":"Feature","geometry":{"type":"Point","coordinates":[-70.90494706682765,41.10437951909214]},"properties":{"kind":"tree"}},{"type":"Feature","geometry":{"type":"Point","coordinates":[-70.9050015182418,41.104397787979295]},"properties":{"kind":"tree"}},{"type":"Feature","geometry":{"type":"Point","coordinates":[-70.90500118675206,41.10428791943747]},"properties":{"kind":"tree"}},{"type":"Feature","geometry":{"type":"Point","coordinates":[-70.9050556381662,41.10430618832462]},"properties":{"kind":"tree"}},{"type":"Feature","geometry":{"type":"Point","coordinates":[-70.90505806656365,41.1041916485879]},"properties":{"kind":"tree"}},{"type":"Feature","geometry":{"type":"Point","coordinates":[-70.9051080878762,41.10410698596123]},"properties":{"kind":"tree"}},{"type":"Feature","geometry":{"type":"Point","coordinates":[-70.90516253929036,41.104125254848384]},"properties":{"kind":"tree"}},{"type":"Feature","geometry":{"type":"Point","coordinates":[-70.9051551798279,41.10402728136886]},"properties":{"kind":"tree"}},{"type":"Feature","geometry":{"type":"Point","coordinates":[-70.90520583723823,41.10394154212692]},"properties":{"kind":"tree"}},{"type":"Feature","geometry":{"type":"Point","coordinates":[-70.90434511920476,41.10406869419937]},"properties":{"kind":"tree"}},{"type":"Feature","geometry":{"type":"Point","coordinates":[-70.90432019763911,41.10381467749645]},"properties":{"kind":"tree"}},{"type":"Feature","geometry":{"type":"Point","coordinates":[-70.9039812081742,41.103626986978426]},"properties":{"kind":"tree"}},{"type":"Feature","geometry":{"type":"Point","coordinates":[-70.90365398864921,41.10371683173819]},"properties":{"kind":"tree"}},{"type":"Feature","geometry":{"type":"Point","coordinates":[-70.90368615805625,41.10399228172556]},"properties":{"kind":"tree"}},{"type":"Feature","geometry":{"type":"Point","coordinates":[-70.90401190288571,41.104143378038124]},"properties":{"kind":"tree"}},{"type":"Feature","geometry":{"type":"Point","coordinates":[-70.90518750232043,41.10408736317931]},"properties":{"kind":"tree"}},{"type":"Feature","geometry":{"type":"Point","coordinates":[-70.90517330955745,41.10417213804948]},"properties":{"kind":"tree"}},{"type":"Feature","geometry":{"type":"Point","coordinates":[-70.90506475515615,41.10407121634795]},"properties":{"kind":"tree"}},{"type":"Feature","geometry":{"type":"Point","coordinates":[-70.90508815182135,41.10427343696267]},"properties":{"kind":"tree"}},{"type":"Feature","geometry":{"type":"Point","coordinates":[-70.90504470585344,41.1044064918403]},"properties":{"kind":"tree"}},{"type":"Feature","geometry":{"type":"Point","coordinates":[-70.9049307240623,41.10451270871522]},"properties":{"kind":"tree"}},{"type":"Feature","geometry":{"type":"Point","coordinates":[-70.90477202300349,41.10377265830493]},"properties":{"kind":"tree"}},{"type":"Feature","geometry":{"type":"Point","coordinates":[-70.90483831316068,41.103857623653795]},"properties":{"kind":"tree"}},{"type":"Feature","geometry":{"type":"Point","coordinates":[-70.90479646236433,41.1041960153522]},"properties":{"kind":"tree"}},{"type":"Feature","geometry":{"type":"Point","coordinates":[-70.90479502831273,41.104313043971565]},"properties":{"kind":"tree"}},{"type":"Feature","geometry":{"type":"Point","coordinates":[-70.90479244318232,41.104437811226056]},"properties":{"kind":"tree"}},{"type":"Feature","geometry":{"type":"Point","coordinates":[-70.90474417010311,41.1045309723525]},"properties":{"kind":"tree"}},{"type":"Feature","geometry":{"type":"Point","coordinates":[-70.90468924683576,41.10394907311821]},"properties":{"kind":"tree"}},{"type":"Feature","geometry":{"type":"Point","coordinates":[-70.90461234034095,41.104416376625494]},"properties":{"kind":"tree"}},{"type":"Feature","geometry":{"type":"Point","coordinates":[-70.90466224980672,41.104538070127695]},"properties":{"kind":"tree"}},{"type":"Feature","geometry":{"type":"Point","coordinates":[-70.90446961778105,41.103803749932204]},"properties":{"kind":"tree"}},{"type":"Feature","geometry":{"type":"Point","coordinates":[-70.90431975235042,41.1035721237442]},"properties":{"kind":"tree"}},{"type":"Feature","geometry":{"type":"Point","coordinates":[-70.9044061868345,41.104501322175196]},"properties":{"kind":"tree"}},{"type":"Feature","geometry":{"type":"Point","coordinates":[-70.90425367377938,41.10356770252785]},"properties":{"kind":"tree"}},{"type":"Feature","geometry":{"type":"Point","coordinates":[-70.9042612323649,41.10438848269277]},"properties":{"kind":"tree"}},{"type":"Feature","geometry":{"type":"Point","coordinates":[-70.90406810587608,41.103476529181194]},"properties":{"kind":"tree"}},{"type":"Feature","geometry":{"type":"Point","coordinates":[-70.90403821272554,41.10362929981853]},"properties":{"kind":"tree"}},{"type":"Feature","geometry":{"type":"Point","coordinates":[-70.9039131057252,41.10342474634994]},"properties":{"kind":"tree"}},{"type":"Feature","geometry":{"type":"Point","coordinates":[-70.90388840495383,41.10354564108393]},"properties":{"kind":"tree"}},{"type":"Feature","geometry":{"type":"Point","coordinates":[-70.90392117261054,41.10439164610648]},"properties":{"kind":"tree"}},{"type":"Feature","geometry":{"type":"Point","coordinates":[-70.90376416745885,41.103365777406424]},"properties":{"kind":"tree"}},{"type":"Feature","geometry":{"type":"Point","coordinates":[-70.90378911142656,41.103556984692986]},"properties":{"kind":"tree"}},{"type":"Feature","geometry":{"type":"Point","coordinates":[-70.90367201360779,41.10347180459403]},"properties":{"kind":"tree"}},{"type":"Feature","geometry":{"type":"Point","coordinates":[-70.90361437540489,41.10385109178802]},"properties":{"kind":"tree"}},{"type":"Feature","geometry":{"type":"Point","coordinates":[-70.90364945551657,41.1040046938254]},"properties":{"kind":"tree"}},{"type":"Feature","geometry":{"type":"Point","coordinates":[-70.9036069249997,41.10412279753232]},"properties":{"kind":"tree"}},{"type":"Feature","geometry":{"type":"Point","coordinates":[-70.90368323972487,41.104215004423445]},"properties":{"kind":"tree"}},{"type":"Feature","geometry":{"type":"Point","coordinates":[-70.90362153254421,41.104333179265694]},"properties":{"kind":"tree"}},{"type":"Feature","geometry":{"type":"Point","coordinates":[-70.90349725500916,41.103802881074756]},"properties":{"kind":"tree"}},{"type":"Feature","geometry":{"type":"Point","coordinates":[-70.90347948505453,41.10390512989578]},"properties":{"kind":"tree"}},{"type":"Feature","geometry":{"type":"Point","coordinates":[-70.9035188717611,41.10400191123456]},"properties":{"kind":"tree"}},{"type":"Feature","geometry":{"type":"Point","coordinates":[-70.90353809851774,41.104274722037644]},"properties":{"kind":"tree"}},{"type":"Feature","geometry":{"type":"Point","coordinates":[-70.90339456617782,41.104090312586536]},"properties":{"kind":"tree"}},{"type":"Feature","geometry":{"type":"Point","coordinates":[-70.90335849414716,41.1041810609235]},"properties":{"kind":"tree"}},{"type":"Feature","geometry":{"type":"Point","coordinates":[-70.90985551953916,41.10274621031152]},"properties":{"kind":"tree"}},{"type":"Feature","geometry":{"type":"Point","coordinates":[-70.90930083737183,41.10333210504555]},"properties":{"kind":"tree"}},{"type":"Feature","geometry":{"type":"Point","coordinates":[-70.90708021239986,41.10445884625095]},"properties":{"kind":"tree"}},{"type":"Feature","geometry":{"type":"Point","coordinates":[-70.90614038000949,41.10460764592038]},"properties":{"kind":"tree"}},{"type":"Feature","geometry":{"type":"Point","coordinates":[-70.90507117144143,41.10473119830461]},"properties":{"kind":"tree"}},{"type":"Feature","geometry":{"type":"Point","coordinates":[-70.90412478704819,41.10509494834193]},"properties":{"kind":"tree"}},{"type":"Feature","geometry":{"type":"Point","coordinates":[-70.9032538794306,41.105373727362]},"properties":{"kind":"tree"}},{"type":"Feature","geometry":{"type":"Point","coordinates":[-70.90211142516827,41.10545692385997]},"properties":{"kind":"tree"}},{"type":"Feature","geometry":{"type":"Point","coordinates":[-70.89871069755009,41.105655036921405]},"properties":{"kind":"tree"}},{"type":"Feature","geometry":{"type":"Point","coordinates":[-70.8929444516426,41.1044356162025]},"properties":{"kind":"tree"}},{"type":"Feature","geometry":{"type":"Point","coordinates":[-70.89076901256125,41.10227502212468]},"properties":{"kind":"tree"}},{"type":"Feature","geometry":{"type":"Point","coordinates":[-70.89030338996764,41.10177696222862]},"properties":{"kind":"tree"}},{"type":"Feature","geometry":{"type":"Point","coordinates":[-70.89016247857893,41.100594997676076]},"properties":{"kind":"tree"}},{"type":"Feature","geometry":{"type":"Point","coordinates":[-70.89124171658791,41.09847066545357]},"properties":{"kind":"tree"}},{"type":"Feature","geometry":{"type":"Point","coordinates":[-70.89216500706262,41.09754934802205]},"properties":{"kind":"tree"}},{"type":"Feature","geometry":{"type":"Point","coordinates":[-70.892581011833,41.09730862685159]},"properties":{"kind":"tree"}},{"type":"Feature","geometry":{"type":"Point","coordinates":[-70.89407788312622,41.09776680682744]},"properties":{"kind":"tree"}},{"type":"Feature","geometry":{"type":"Point","coordinates":[-70.8946463685572,41.09860441431812]},"properties":{"kind":"tree"}},{"type":"Feature","geometry":{"type":"Point","coordinates":[-70.89470978770188,41.09908922577903]},"properties":{"kind":"tree"}},{"type":"Feature","geometry":{"type":"Point","coordinates":[-70.89477689666376,41.099469277907154]},"properties":{"kind":"tree"}},{"type":"Feature","geometry":{"type":"Point","coordinates":[-70.89500953805313,41.09995876999034]},"properties":{"kind":"tree"}},{"type":"Feature","geometry":{"type":"Point","coordinates":[-70.89611599609916,41.09935242600355]},"properties":{"kind":"tree"}},{"type":"Feature","geometry":{"type":"Point","coordinates":[-70.89658785053048,41.09922637595619]},"properties":{"kind":"tree"}},{"type":"Feature","geometry":{"type":"Point","coordinates":[-70.8972619466858,41.09913548638583]},"properties":{"kind":"tree"}},{"type":"Feature","geometry":{"type":"Point","coordinates":[-70.89853076103483,41.098284900563435]},"properties":{"kind":"tree"}},{"type":"Feature","geometry":{"type":"Point","coordinates":[-70.89872324572897,41.09773246116717]},"properties":{"kind":"tree"}},{"type":"Feature","geometry":{"type":"Point","coordinates":[-70.89995669115092,41.09741839671302]},"properties":{"kind":"tree"}},{"type":"Feature","geometry":{"type":"Point","coordinates":[-70.90073666604762,41.097192531409796]},"properties":{"kind":"tree"}},{"type":"Feature","geometry":{"type":"Point","coordinates":[-70.90311337332778,41.09664488132901]},"properties":{"kind":"tree"}},{"type":"Feature","geometry":{"type":"Point","coordinates":[-70.90404975466302,41.09662402384374]},"properties":{"kind":"tree"}},{"type":"Feature","geometry":{"type":"Point","coordinates":[-70.90573353977716,41.09700073768772]},"properties":{"kind":"tree"}},{"type":"Feature","geometry":{"type":"Point","coordinates":[-70.9064458443781,41.09739684505554]},"properties":{"kind":"tree"}},{"type":"Feature","geometry":{"type":"Point","coordinates":[-70.90794131529883,41.09781252114414]},"properties":{"kind":"tree"}},{"type":"Feature","geometry":{"type":"Point","coordinates":[-70.9091295078737,41.09869315553882]},"properties":{"kind":"tree"}},{"type":"Feature","geometry":{"type":"Point","coordinates":[-70.90979327869881,41.09915822663505]},"properties":{"kind":"tree"}},{"type":"Feature","geometry":{"type":"Point","coordinates":[-70.91027260540035,41.09968803162441]},"properties":{"kind":"tree"}},{"type":"Feature","geometry":{"type":"Point","coordinates":[-70.89528917645836,41.10047140516195]},"properties":{"kind":"tree"}},{"type":"Feature","geometry":{"type":"Point","coordinates":[-70.89544138859381,41.100321062931584]},"properties":{"kind":"tree"}},{"type":"Feature","geometry":{"type":"Point","coordinates":[-70.8954640706196,41.10055881648925]},"properties":{"kind":"tree"}},{"type":"Feature","geometry":{"type":"Point","coordinates":[-70.89559234194974,41.10040737755036]},"properties":{"kind":"tree"}},{"type":"Feature","geometry":{"type":"Point","coordinates":[-70.8956313300238,41.10062997528634]},"properties":{"kind":"tree"}},{"type":"Feature","geometry":{"type":"Point","coordinates":[-70.89577496317321,41.10048287227887]},"properties":{"kind":"tree"}},{"type":"Feature","geometry":{"type":"Point","coordinates":[-70.89577656206775,41.10069799820341]},"properties":{"kind":"tree"}},{"type":"Feature","geometry":{"type":"Point","coordinates":[-70.89590461595063,41.10054109437966]},"properties":{"kind":"tree"}},{"type":"Feature","geometry":{"type":"Point","coordinates":[-70.89594173827429,41.10077858370143]},"properties":{"kind":"tree"}},{"type":"Feature","geometry":{"type":"Point","coordinates":[-70.89607092346178,41.10061274764739]},"properties":{"kind":"tree"}},{"type":"Feature","geometry":{"type":"Point","coordinates":[-70.8960753588001,41.10084882964769]},"properties":{"kind":"tree"}},{"type":"Feature","geometry":{"type":"Point","coordinates":[-70.89620185140188,41.10068847234802]},"properties":{"kind":"tree"}},{"type":"Feature","geometry":{"type":"Point","coordinates":[-70.89624885919865,41.10092109261399]},"properties":{"kind":"tree"}},{"type":"Feature","geometry":{"type":"Point","coordinates":[-70.89637789041488,41.100758121427454]},"properties":{"kind":"tree"}},{"type":"Feature","geometry":{"type":"Point","coordinates":[-70.89640212956994,41.10099187521032]},"properties":{"kind":"tree"}},{"type":"Feature","geometry":{"type":"Point","coordinates":[-70.89651835838342,41.10082905795681]},"properties":{"kind":"tree"}},{"type":"Feature","geometry":{"type":"Point","coordinates":[-70.89656156124364,41.10106472905581]},"properties":{"kind":"tree"}},{"type":"Feature","geometry":{"type":"Point","coordinates":[-70.89668998575543,41.100910488816496]},"properties":{"kind":"tree"}},{"type":"Feature","geometry":{"type":"Point","coordinates":[-70.89671707120756,41.10115566909781]},"properties":{"kind":"tree"}},{"type":"Feature","geometry":{"type":"Point","coordinates":[-70.89684147679708,41.100997677445235]},"properties":{"kind":"tree"}},{"type":"Feature","geometry":{"type":"Point","coordinates":[-70.8968694884787,41.101226459378076]},"properties":{"kind":"tree"}},{"type":"Feature","geometry":{"type":"Point","coordinates":[-70.89700685915207,41.101056425302026]},"properties":{"kind":"tree"}},{"type":"Feature","geometry":{"type":"Point","coordinates":[-70.89703714332103,41.10129379142448]},"properties":{"kind":"tree"}},{"type":"Feature","geometry":{"type":"Point","coordinates":[-70.89715933736117,41.1011324899524]},"properties":{"kind":"tree"}},{"type":"Feature","geometry":{"type":"Point","coordinates":[-70.8971981884822,41.101379737617286]},"properties":{"kind":"tree"}},{"type":"Feature","geometry":{"type":"Point","coordinates":[-70.89734024905722,41.101217407936]},"properties":{"kind":"tree"}},{"type":"Feature","geometry":{"type":"Point","coordinates":[-70.89735497296914,41.1014560567385]},"properties":{"kind":"tree"}},{"type":"Feature","geometry":{"type":"Point","coordinates":[-70.89749626053292,41.101299490305806]},"properties":{"kind":"tree"}},{"type":"Feature","geometry":{"type":"Point","coordinates":[-70.8975079600755,41.10152229272998]},"properties":{"kind":"tree"}},{"type":"Feature","geometry":{"type":"Point","coordinates":[-70.89763012430741,41.101352645554584]},"properties":{"kind":"tree"}},{"type":"Feature","geometry":{"type":"Point","coordinates":[-70.89766767075015,41.10159008034635]},"properties":{"kind":"tree"}},{"type":"Feature","geometry":{"type":"Point","coordinates":[-70.89780918152576,41.101444312991255]},"properties":{"kind":"tree"}},{"type":"Feature","geometry":{"type":"Point","coordinates":[-70.89783499657067,41.10167774483597]},"properties":{"kind":"tree"}},{"type":"Feature","geometry":{"type":"Point","coordinates":[-70.89796715455944,41.10150902990333]},"properties":{"kind":"tree"}},{"type":"Feature","geometry":{"type":"Point","coordinates":[-70.89797068098878,41.10174040724276]},"properties":{"kind":"tree"}},{"type":"Feature","geometry":{"type":"Point","coordinates":[-70.89809947269498,41.10157949964794]},"properties":{"kind":"tree"}},{"type":"Feature","geometry":{"type":"Point","coordinates":[-70.8981460371297,41.10181512434506]},"properties":{"kind":"tree"}},{"type":"Feature","geometry":{"type":"Point","coordinates":[-70.89827270909599,41.10165082459657]},"properties":{"kind":"tree"}},{"type":"Feature","geometry":{"type":"Point","coordinates":[-70.89828680553424,41.10188660046818]},"properties":{"kind":"tree"}},{"type":"Feature","geometry":{"type":"Point","coordinates":[-70.89840524174592,41.10173486914372]},"properties":{"kind":"tree"}},{"type":"Feature","geometry":{"type":"Point","coordinates":[-70.89845088429992,41.1019602607896]},"properties":{"kind":"tree"}},{"type":"Feature","geometry":{"type":"Point","coordinates":[-70.89856496107018,41.101798154493274]},"properties":{"kind":"tree"}},{"type":"Feature","geometry":{"type":"Point","coordinates":[-70.89860793037681,41.10203922579932]},"properties":{"kind":"tree"}},{"type":"Feature","geometry":{"type":"Point","coordinates":[-70.89874418553394,41.101877087302675]},"properties":{"kind":"tree"}},{"type":"Feature","geometry":{"type":"Point","coordinates":[-70.89875965225097,41.10210069966841]},"properties":{"kind":"tree"}},{"type":"Feature","geometry":{"type":"Point","coordinates":[-70.89887640998174,41.10195325953903]},"properties":{"kind":"tree"}},{"type":"Feature","geometry":{"type":"Point","coordinates":[-70.89891695798106,41.1021832849074]},"properties":{"kind":"tree"}},{"type":"Feature","geometry":{"type":"Point","coordinates":[-70.89903108982371,41.10201836296288]},"properties":{"kind":"tree"}},{"type":"Feature","geometry":{"type":"Point","coordinates":[-70.89907528931361,41.10225139460735]},"properties":{"kind":"tree"}},{"type":"Feature","geometry":{"type":"Point","coordinates":[-70.89921715066407,41.10210961891263]},"properties":{"kind":"tree"}},{"type":"Feature","geometry":{"type":"Point","coordinates":[-70.89926333290931,41.10234492615366]},"properties":{"kind":"tree"}},{"type":"Feature","geometry":{"type":"Point","coordinates":[-70.89937808548153,41.102192410648264]},"properties":{"kind":"tree"}},{"type":"Feature","geometry":{"type":"Point","coordinates":[-70.89941126490318,41.10241396237769]},"properties":{"kind":"tree"}},{"type":"Feature","geometry":{"type":"Point","coordinates":[-70.89955215536129,41.10224894743012]},"properties":{"kind":"tree"}},{"type":"Feature","geometry":{"type":"Point","coordinates":[-70.89955101829399,41.10247994242622]},"properties":{"kind":"tree"}},{"type":"Feature","geometry":{"type":"Point","coordinates":[-70.89967195302847,41.1023150702226]},"properties":{"kind":"tree"}},{"type":"Feature","geometry":{"type":"Point","coordinates":[-70.8997036461443,41.10255696512809]},"properties":{"kind":"tree"}},{"type":"Feature","geometry":{"type":"Point","coordinates":[-70.89983702061996,41.102399427162624]},"properties":{"kind":"tree"}},{"type":"Feature","geometry":{"type":"Point","coordinates":[-70.89987403615746,41.10263876701826]},"properties":{"kind":"tree"}},{"type":"Feature","geometry":{"type":"Point","coordinates":[-70.90000577143266,41.102480306122494]},"properties":{"kind":"tree"}},{"type":"Feature","geometry":{"type":"Point","coordinates":[-70.90003048375804,41.102716800264]},"properties":{"kind":"tree"}},{"type":"Feature","geometry":{"type":"Point","coordinates":[-70.90017004341937,41.102553352201724]},"properties":{"kind":"tree"}},{"type":"Feature","geometry":{"type":"Point","coordinates":[-70.90022098287717,41.102795594471495]},"properties":{"kind":"tree"}},{"type":"Feature","geometry":{"type":"Point","coordinates":[-70.90034581974896,41.10263779087499]},"properties":{"kind":"tree"}},{"type":"Feature","geometry":{"type":"Point","coordinates":[-70.9003654307931,41.102859613943245]},"properties":{"kind":"tree"}},{"type":"Feature","geometry":{"type":"Point","coordinates":[-70.90050687895186,41.10270776605416]},"properties":{"kind":"tree"}},{"type":"Feature","geometry":{"type":"Point","coordinates":[-70.90056699396459,41.102946272980994]},"properties":{"kind":"tree"}},{"type":"Feature","geometry":{"type":"Point","coordinates":[-70.90069449381275,41.10279809861622]},"properties":{"kind":"tree"}},{"type":"Feature","geometry":{"type":"Point","coordinates":[-70.9007418488102,41.10304131615875]},"properties":{"kind":"tree"}},{"type":"Feature","geometry":{"type":"Point","coordinates":[-70.9008595452873,41.10287803909944]},"properties":{"kind":"tree"}},{"type":"Feature","geometry":{"type":"Point","coordinates":[-70.90087355848935,41.103109223849266]},"properties":{"kind":"tree"}},{"type":"Feature","geometry":{"type":"Point","coordinates":[-70.90100270723079,41.1029481738555]},"properties":{"kind":"tree"}},{"type":"Feature","geometry":{"type":"Point","coordinates":[-70.90105422285852,41.10318458757795]},"properties":{"kind":"tree"}},{"type":"Feature","geometry":{"type":"Point","coordinates":[-70.90117041919187,41.103029352559496]},"properties":{"kind":"tree"}},{"type":"Feature","geometry":{"type":"Point","coordinates":[-70.90120641557266,41.10326219086509]},"properties":{"kind":"tree"}},{"type":"Feature","geometry":{"type":"Point","coordinates":[-70.9013346559394,41.103101851385055]},"properties":{"kind":"tree"}},{"type":"Feature","geometry":{"type":"Point","coordinates":[-70.90135252484944,41.1033350640528]},"properties":{"kind":"tree"}},{"type":"Feature","geometry":{"type":"Point","coordinates":[-70.90149270582651,41.10317231804764]},"properties":{"kind":"tree"}},{"type":"Feature","geometry":{"type":"Point","coordinates":[-70.90150426754434,41.10340198942266]},"properties":{"kind":"tree"}},{"type":"Feature","geometry":{"type":"Point","coordinates":[-70.90163515790302,41.10324618530928]},"properties":{"kind":"tree"}},{"type":"Feature","geometry":{"type":"Point","coordinates":[-70.90163771245864,41.103459871092376]},"properties":{"kind":"tree"}},{"type":"Feature","geometry":{"type":"Point","coordinates":[-70.90176248356134,41.103302359279404]},"properties":{"kind":"tree"}},{"type":"Feature","geometry":{"type":"Point","coordinates":[-70.90177728683798,41.10353283540107]},"properties":{"kind":"tree"}},{"type":"Feature","geometry":{"type":"Point","coordinates":[-70.90189234615372,41.103363005360904]},"properties":{"kind":"tree"}},{"type":"Feature","geometry":{"type":"Point","coordinates":[-70.90192286432568,41.103597481831194]},"properties":{"kind":"tree"}},{"type":"Feature","geometry":{"type":"Point","coordinates":[-70.90204704851831,41.10343606281614]},"properties":{"kind":"tree"}},{"type":"Feature","geometry":{"type":"Point","coordinates":[-70.90207354115118,41.10366026200666]},"properties":{"kind":"tree"}},{"type":"Feature","geometry":{"type":"Point","coordinates":[-70.90219033073652,41.10350906500575]},"properties":{"kind":"tree"}},{"type":"Feature","geometry":{"type":"Point","coordinates":[-70.90222912126625,41.103735934542996]},"properties":{"kind":"tree"}},{"type":"Feature","geometry":{"type":"Point","coordinates":[-70.90237802965629,41.10358706920261]},"properties":{"kind":"tree"}},{"type":"Feature","geometry":{"type":"Point","coordinates":[-70.90235859758486,41.103802106589754]},"properties":{"kind":"tree"}},{"type":"Feature","geometry":{"type":"Point","coordinates":[-70.90249249968682,41.10364149189399]},"properties":{"kind":"tree"}},{"type":"Feature","geometry":{"type":"Point","coordinates":[-70.90253019333404,41.1038836121983]},"properties":{"kind":"tree"}},{"type":"Feature","geometry":{"type":"Point","coordinates":[-70.90264828107138,41.10372214342656]},"properties":{"kind":"tree"}},{"type":"Feature","geometry":{"type":"Point","coordinates":[-70.90266820457174,41.10394968458742]},"properties":{"kind":"tree"}},{"type":"Feature","geometry":{"type":"Point","coordinates":[-70.9027908529203,41.10379637950386]},"properties":{"kind":"tree"}},{"type":"Feature","geometry":{"type":"Point","coordinates":[-70.90282813335223,41.10403225377046]},"properties":{"kind":"tree"}},{"type":"Feature","geometry":{"type":"Point","coordinates":[-70.90296703882852,41.10387252819691]},"properties":{"kind":"tree"}},{"type":"Feature","geometry":{"type":"Point","coordinates":[-70.902980150976,41.10409027045891]},"properties":{"kind":"tree"}},{"type":"Feature","geometry":{"type":"Point","coordinates":[-70.90310356005244,41.10393432084312]},"properties":{"kind":"tree"}},{"type":"Feature","geometry":{"type":"Point","coordinates":[-70.90317397596726,41.10417924534757]},"properties":{"kind":"tree"}},{"type":"Feature","geometry":{"type":"Point","coordinates":[-70.90329323460541,41.10401646206259]},"properties":{"kind":"tree"}},{"type":"Feature","geometry":{"type":"Point","coordinates":[-70.9033125635718,41.10425739567661]},"properties":{"kind":"tree"}},{"type":"Feature","geometry":{"type":"Point","coordinates":[-70.90343607650756,41.10410032176328]},"properties":{"kind":"tree"}},{"type":"Feature","geometry":{"type":"Point","coordinates":[-70.90344887565709,41.104306590335824]},"properties":{"kind":"tree"}},{"type":"Feature","geometry":{"type":"Point","coordinates":[-70.90357665660004,41.10414906593018]},"properties":{"kind":"tree"}},{"type":"Feature","geometry":{"type":"Point","coordinates":[-70.90359607871581,41.104394826986066]},"properties":{"kind":"tree"}},{"type":"Feature","geometry":{"type":"Point","coordinates":[-70.90373784233809,41.104233151648906]},"properties":{"kind":"tree"}},{"type":"Feature","geometry":{"type":"Point","coordinates":[-70.90375306076345,41.104459743244924]},"properties":{"kind":"tree"}},{"type":"Feature","geometry":{"type":"Point","coordinates":[-70.90387920718848,41.104297967385875]},"properties":{"kind":"tree"}},{"type":"Feature","geometry":{"type":"Point","coordinates":[-70.90389316258482,41.10451541385611]},"properties":{"kind":"tree"}},{"type":"Feature","geometry":{"type":"Point","coordinates":[-70.90400950723537,41.10435707219027]},"properties":{"kind":"tree"}},{"type":"Feature","geometry":{"type":"Point","coordinates":[-70.90404949598408,41.104599852321094]},"properties":{"kind":"tree"}},{"type":"Feature","geometry":{"type":"Point","coordinates":[-70.90416390411426,41.10444660954718]},"properties":{"kind":"tree"}},{"type":"Feature","geometry":{"type":"Point","coordinates":[-70.90422251683447,41.104679231156815]},"properties":{"kind":"tree"}},{"type":"Feature","geometry":{"type":"Point","coordinates":[-70.90433945867625,41.10452801216859]},"properties":{"kind":"tree"}},{"type":"Feature","geometry":{"type":"Point","coordinates":[-70.90435254350558,41.104750491495686]},"properties":{"kind":"tree"}},{"type":"Feature","geometry":{"type":"Point","coordinates":[-70.90449354954914,41.10459439892602]},"properties":{"kind":"tree"}},{"type":"Feature","geometry":{"type":"Point","coordinates":[-70.90453809592704,41.10482283693038]},"properties":{"kind":"tree"}},{"type":"Feature","geometry":{"type":"Point","coordinates":[-70.90466898077216,41.10467382779212]},"properties":{"kind":"tree"}},{"type":"Feature","geometry":{"type":"Point","coordinates":[-70.89380113269151,41.10098814681253]},"properties":{"kind":"station","name":"Sable Exchange"}},{"type":"Feature","geometry":{"type":"Point","coordinates":[-70.89558926749203,41.099640673886356]},"properties":{"kind":"station","name":"The Hook"}},{"type":"Feature","geometry":{"type":"Point","coordinates":[-70.9,41.10170679903983]},"properties":{"kind":"station","name":"Sable Common"}},{"type":"Feature","geometry":{"type":"Point","coordinates":[-70.89845028317288,41.1037729241933]},"properties":{"kind":"station","name":"Seaward"}},{"type":"Feature","geometry":{"type":"Point","coordinates":[-70.90429152352128,41.10404241877854]},"properties":{"kind":"station","name":"Winslow"}},{"type":"Feature","geometry":{"type":"Point","coordinates":[-70.90143050784043,41.1044915764206]},"properties":{"kind":"station","name":"Landward"}},{"type":"Feature","geometry":{"type":"Point","coordinates":[-70.9061988673085,41.10179663056824]},"properties":{"kind":"station","name":"Spit Gate"}},{"type":"Feature","geometry":{"type":"Point","coordinates":[-70.90905988298935,41.100538989170474]},"properties":{"kind":"station","name":"Drydock"}},{"type":"Feature","geometry":{"type":"Point","coordinates":[-70.89380113269151,41.099820336943175]},"properties":{"kind":"label","labelKind":"district","name":"THE HOOK"}},{"type":"Feature","geometry":{"type":"Point","coordinates":[-70.8992847460798,41.100538989170474]},"properties":{"kind":"label","labelKind":"district","name":"SEAWARD"}},{"type":"Feature","geometry":{"type":"Point","coordinates":[-70.90214576176064,41.104671239477426]},"properties":{"kind":"label","labelKind":"district","name":"LANDWARD"}},{"type":"Feature","geometry":{"type":"Point","coordinates":[-70.90834462906913,41.1022457882103]},"properties":{"kind":"label","labelKind":"district","name":"THE SPIT"}},{"type":"Feature","geometry":{"type":"Point","coordinates":[-70.9,41.10170679903983]},"properties":{"kind":"label","labelKind":"park","name":"Sable Common"}},{"type":"Feature","geometry":{"type":"Point","coordinates":[-70.90429152352128,41.10404241877854]},"properties":{"kind":"label","labelKind":"park","name":"Winslow Green"}},{"type":"Feature","geometry":{"type":"Point","coordinates":[-70.89666214837236,41.097933874846525]},"properties":{"kind":"label","labelKind":"water","name":"Sable Harbor"}},{"type":"Feature","geometry":{"type":"Point","coordinates":[-70.9119208986702,41.10089831528412]},"properties":{"kind":"label","labelKind":"water","name":"The Roads"}}]}