{"type":"FeatureCollection","features":[{"type":"Feature","geometry":{"type":"Polygon","coordinates":[[[-70.91091497005708,41.09952389609077],[-70.9109927133144,41.09984475578784],[-70.911059362567,41.10013788853784],[-70.91112436336358,41.1004355770233],[-70.91117647703562,41.10073896556058],[-70.91121324784079,41.1010322916324],[-70.91126398302694,41.10131248975675],[-70.911337895619,41.10164418670588],[-70.91126682007153,41.10201854786198],[-70.91105999478896,41.1023350111559],[-70.91083467976198,41.102603554365146],[-70.91061416563824,41.102814868811784],[-70.91049958770745,41.103006002678775],[-70.91043192994162,41.10327819160943],[-70.91029036203253,41.10359126950514],[-70.91006389147636,41.10391924871358],[-70.90964235907448,41.10422189324515],[-70.90910668348879,41.10446232465433],[-70.90861786658765,41.104694075758985],[-70.9081207499913,41.10494421424155],[-70.9075848903655,41.1051742366524],[-70.90702947734415,41.10537472151948],[-70.90646283727735,41.10554946438195],[-70.90586492004465,41.10570318102164],[-70.90516088643508,41.1058049215892],[-70.90439031655201,41.10585124137429],[-70.9036424065817,41.10589963303266],[-70.90290541580244,41.10595096640447],[-70.90218543890329,41.10603366039942],[-70.90145669832118,41.106150886519735],[-70.90071023711849,41.10626054981707],[-70.89993460647045,41.10636302082331],[-70.89917335352455,41.10637335446126],[-70.89848852675182,41.10628977813518],[-70.89783970357482,41.10619925274704],[-70.89720083856147,41.106100122475866],[-70.89656740193692,41.1060107829335],[-70.8959246622609,41.105929153524926],[-70.89527690808046,41.105837902148544],[-70.89460271955615,41.1057324846305],[-70.89400391586761,41.10555223026937],[-70.89355541962692,41.10531795993526],[-70.89314924414239,41.10510463835092],[-70.89274010349646,41.10489118052573],[-70.89233076524835,41.104673311437665],[-70.89193990265585,41.10446074293631],[-70.89154420812196,41.10428442800766],[-70.89106326724762,41.10410950643858],[-70.8906306623828,41.1038215934845],[-70.8903628527728,41.103493268111116],[-70.89012328873113,41.1032120213677],[-70.88985594561825,41.10291613115008],[-70.88962676669264,41.102578540668425],[-70.88946550865842,41.10224348494284],[-70.88930018630825,41.101936979356694],[-70.8890939577643,41.10158559459854],[-70.88904383228346,41.10117552213745],[-70.88916646077114,41.10085090416084],[-70.8892259161813,41.100596667001916],[-70.88924623238677,41.10031486121348],[-70.88927860352989,41.100012793903794],[-70.88931924958385,41.09972347979764],[-70.88933973156861,41.09944474769528],[-70.889350381716,41.09909621780894],[-70.88957202363517,41.09872713763043],[-70.88993600762478,41.09846999708358],[-70.89028375038527,41.09826992886108],[-70.89062408359878,41.09810729122274],[-70.89091326715149,41.09793955738717],[-70.8911855816399,41.09774937690006],[-70.89144332469556,41.097543893766236],[-70.89173512097273,41.097283309214056],[-70.89216686400015,41.097082980395946],[-70.89257644580127,41.0970169471304],[-70.89288042208649,41.0969412071929],[-70.89322618693525,41.09681878554938],[-70.89364604083819,41.096730975347285],[-70.89403463221436,41.096700802917255],[-70.89437051073304,41.09665719250213],[-70.89478365014992,41.09658470611867],[-70.89526443316946,41.096629502230975],[-70.89562235099423,41.09678187232791],[-70.89590458204096,41.09691073770215],[-70.8961946464921,41.09704627353311],[-70.89648188065532,41.09720072459546],[-70.89676361411809,41.09737448589218],[-70.897023394524,41.09757505546789],[-70.89715264659016,41.0977213440443],[-70.8970084928432,41.09770850671684],[-70.89714400776919,41.09760427382792],[-70.89745908244585,41.09747085589593],[-70.89774673524123,41.097391306676144],[-70.8979641479117,41.0973067174911],[-70.89816664340651,41.09720151665462],[-70.89834646842705,41.09707915804872],[-70.89858501357723,41.09687798221153],[-70.89901228615527,41.09671510849285],[-70.89946622344762,41.096648606480535],[-70.89985375121496,41.09657545241873],[-70.90028061253429,41.096475147329315],[-70.90076523217513,41.096426523352484],[-70.90120873564797,41.09643909734746],[-70.9016002910219,41.09642777897848],[-70.90203259709077,41.096389912076894],[-70.90255138581881,41.09639178760177],[-70.90310374211889,41.09643446277322],[-70.90364173183858,41.09649009080057],[-70.90416382630693,41.09655757748501],[-70.90467607922481,41.09661051903769],[-70.90521877365056,41.0966530781861],[-70.9057772341563,41.09673978587599],[-70.90629314342,41.09686128390963],[-70.90671242094534,41.09693880744711],[-70.9071056773296,41.0969852985247],[-70.90752761600957,41.09707412359972],[-70.90791619775626,41.09719389145987],[-70.90828265870812,41.09731227828101],[-70.90866125635064,41.097440120842045],[-70.90903479940695,41.09760023271183],[-70.90939411607737,41.09779163379911],[-70.90968212553479,41.09800182305959],[-70.90987008043706,41.09821450026015],[-70.91001413649168,41.0984192045387],[-70.91011484158182,41.09860202840332],[-70.91022262750259,41.09874066264103],[-70.9103702893009,41.09888139860688],[-70.9105358576774,41.09903305946826],[-70.91075006620146,41.09922718657251],[-70.91091497005708,41.09952389609077]]]},"properties":{"kind":"shallows"}},{"type":"Feature","geometry":{"type":"Polygon","coordinates":[[[-70.91052474301758,41.09960644311659],[-70.91059344739315,41.09989730769072],[-70.91065965425115,41.10018849472724],[-70.91072336359153,41.10048000422616],[-70.91077368245827,41.10077294428691],[-70.91081061085139,41.101067314909464],[-70.9108636129801,41.10136003280762],[-70.91093268884443,41.10165109798137],[-70.91088060917727,41.1019258939073],[-70.91070737397865,41.102184420585424],[-70.91050293635172,41.10242808092695],[-70.91026729629647,41.10265687493189],[-70.91011302373349,41.10291418865651],[-70.91004011866275,41.10320002210082],[-70.90991673157625,41.103472893047666],[-70.90974286247399,41.10373280149703],[-70.90940248152124,41.10397570118405],[-70.90889558871801,41.10420159210872],[-70.9083973271171,41.104437821003735],[-70.9079076967185,41.1046843878691],[-70.90739696125176,41.10490362523502],[-70.90686512071694,41.10509553310149],[-70.90632030368421,41.10526354608433],[-70.90576251015361,41.10540766418353],[-70.90510807778749,41.10550209794882],[-70.90435700658588,41.105546847380204],[-70.90360637048262,41.10559541542624],[-70.9028561694777,41.10564780208692],[-70.90211259653505,41.10573320622158],[-70.90137565165469,41.105851627830205],[-70.90063617542417,41.10596026495889],[-70.89989416784353,41.106059117607636],[-70.89920155153449,41.10606866732184],[-70.89855832649708,41.10598891410149],[-70.89791747490622,41.105899500928444],[-70.89727899676191,41.1058004278027],[-70.89663836660917,41.10571007368972],[-70.89599558444802,41.1056284385895],[-70.89535493943183,41.10553818870572],[-70.89471643156062,41.105439324038386],[-70.8941940139652,41.105282480509786],[-70.8937876866456,41.10506765811992],[-70.89338047471514,41.104853792198725],[-70.89297237817385,41.104640882746196],[-70.89256614150797,41.10442466444962],[-70.8921617647175,41.10420513730899],[-70.89173451374104,41.10401476135233],[-70.89128438857858,41.10385353657965],[-70.89094190151864,41.10362594711365],[-70.89070705256123,41.103331992954345],[-70.89046119860186,41.10304336188539],[-70.89020433964053,41.102760053906785],[-70.8899985874781,41.102456971601775],[-70.88984394211455,41.102134114970355],[-70.88967256462045,41.10181638322253],[-70.88948445499584,41.1015037763583],[-70.88944718069547,41.10120553917298],[-70.88956074171934,41.10092167166657],[-70.8896285473992,41.100631727936346],[-70.88965059773506,41.100335707982296],[-70.88968216675511,41.100041123969646],[-70.88972325445935,41.09974797589838],[-70.88974485551951,41.099454014693926],[-70.8897469699356,41.099159240356286],[-70.8898972651348,41.09890939190689],[-70.89019574111715,41.09870446934575],[-70.89051546676419,41.09852052032032],[-70.8908564420759,41.09835754483062],[-70.8911748472736,41.09817286100961],[-70.89147068235727,41.09796646885728],[-70.89174700164375,41.09774617600485],[-70.89200380513303,41.09751198245232],[-70.8923147889071,41.097367339384476],[-70.89267995296593,41.09731224680131],[-70.89303092000404,41.09722479846135],[-70.89336769002142,41.097104994364585],[-70.89372045197952,41.09703121114406],[-70.89408920587833,41.09700344879978],[-70.89445349276043,41.096956149847124],[-70.89481331262583,41.096889314286095],[-70.89513347930539,41.096918548296145],[-70.8954139927991,41.097043851877274],[-70.89569287269335,41.09717118713098],[-70.8959701189881,41.097300554057256],[-70.89623583999645,41.09744343827487],[-70.8964900357184,41.09759983978382],[-70.89671779401765,41.09777568593851],[-70.89691911489419,41.09797097673893],[-70.8971367372055,41.09799824182553],[-70.89737066095158,41.0978574811983],[-70.89762822109383,41.09774841771561],[-70.89790941763226,41.09767105137745],[-70.8981726646505,41.09756862540034],[-70.89841796214857,41.09744113978427],[-70.89863723795312,41.097291937622785],[-70.89883049206416,41.097121018915864],[-70.89913571736561,41.09700602825725],[-70.89955291385745,41.09694696564692],[-70.89996395071671,41.09686937374683],[-70.90036882794341,41.096773252556964],[-70.90078361913494,41.096731636103605],[-70.90120832429133,41.09674452438675],[-70.90163175033898,41.09673228475844],[-70.9020538972779,41.09669491721865],[-70.90252844134034,41.09669672501208],[-70.90305538252633,41.096737708138726],[-70.90357991051411,41.09679194422575],[-70.90410202530366,41.096859433273146],[-70.90462773546798,41.096913765837016],[-70.90515704100707,41.096954941917346],[-70.90567559165294,41.09703545312294],[-70.90618338740559,41.0971552994538],[-70.90663145900326,41.09723807915932],[-70.90701980644597,41.09728379223948],[-70.9073957601807,41.0973629367225],[-70.90775932020746,41.09747551260836],[-70.908120140651,41.097592077217854],[-70.90847822151129,41.09771263055097],[-70.90881752169676,41.09785806488899],[-70.90913804120743,41.098028380231895],[-70.90937259021231,41.09819899840395],[-70.90952116871145,41.09836991940515],[-70.90964766151643,41.09854966622978],[-70.9097520686273,41.098738238877836],[-70.90988762332633,41.09891258222524],[-70.91005432561356,41.099072696271996],[-70.91022585527531,41.09922981767891],[-70.91040221231162,41.09938394644599],[-70.91052474301758,41.09960644311659]]]},"properties":{"kind":"land"}},{"type":"Feature","geometry":{"type":"LineString","coordinates":[[-70.91052474301758,41.09960644311659],[-70.91059344739315,41.09989730769072],[-70.91065965425115,41.10018849472724],[-70.91072336359153,41.10048000422616],[-70.91077368245827,41.10077294428691],[-70.91081061085139,41.101067314909464],[-70.9108636129801,41.10136003280762],[-70.91093268884443,41.10165109798137],[-70.91088060917727,41.1019258939073],[-70.91070737397865,41.102184420585424],[-70.91050293635172,41.10242808092695],[-70.91026729629647,41.10265687493189],[-70.91011302373349,41.10291418865651],[-70.91004011866275,41.10320002210082],[-70.90991673157625,41.103472893047666],[-70.90974286247399,41.10373280149703],[-70.90940248152124,41.10397570118405],[-70.90889558871801,41.10420159210872],[-70.9083973271171,41.104437821003735],[-70.9079076967185,41.1046843878691],[-70.90739696125176,41.10490362523502],[-70.90686512071694,41.10509553310149],[-70.90632030368421,41.10526354608433],[-70.90576251015361,41.10540766418353],[-70.90510807778749,41.10550209794882],[-70.90435700658588,41.105546847380204],[-70.90360637048262,41.10559541542624],[-70.9028561694777,41.10564780208692],[-70.90211259653505,41.10573320622158],[-70.90137565165469,41.105851627830205],[-70.90063617542417,41.10596026495889],[-70.89989416784353,41.106059117607636],[-70.89920155153449,41.10606866732184],[-70.89855832649708,41.10598891410149],[-70.89791747490622,41.105899500928444],[-70.89727899676191,41.1058004278027],[-70.89663836660917,41.10571007368972],[-70.89599558444802,41.1056284385895],[-70.89535493943183,41.10553818870572],[-70.89471643156062,41.105439324038386],[-70.8941940139652,41.105282480509786],[-70.8937876866456,41.10506765811992],[-70.89338047471514,41.104853792198725],[-70.89297237817385,41.104640882746196],[-70.89256614150797,41.10442466444962],[-70.8921617647175,41.10420513730899],[-70.89173451374104,41.10401476135233],[-70.89128438857858,41.10385353657965],[-70.89094190151864,41.10362594711365],[-70.89070705256123,41.103331992954345],[-70.89046119860186,41.10304336188539],[-70.89020433964053,41.102760053906785],[-70.8899985874781,41.102456971601775],[-70.88984394211455,41.102134114970355],[-70.88967256462045,41.10181638322253],[-70.88948445499584,41.1015037763583],[-70.88944718069547,41.10120553917298],[-70.88956074171934,41.10092167166657],[-70.8896285473992,41.100631727936346],[-70.88965059773506,41.100335707982296],[-70.88968216675511,41.100041123969646],[-70.88972325445935,41.09974797589838],[-70.88974485551951,41.099454014693926],[-70.8897469699356,41.099159240356286],[-70.8898972651348,41.09890939190689],[-70.89019574111715,41.09870446934575],[-70.89051546676419,41.09852052032032],[-70.8908564420759,41.09835754483062],[-70.8911748472736,41.09817286100961],[-70.89147068235727,41.09796646885728],[-70.89174700164375,41.09774617600485],[-70.89200380513303,41.09751198245232],[-70.8923147889071,41.097367339384476],[-70.89267995296593,41.09731224680131],[-70.89303092000404,41.09722479846135],[-70.89336769002142,41.097104994364585],[-70.89372045197952,41.09703121114406],[-70.89408920587833,41.09700344879978],[-70.89445349276043,41.096956149847124],[-70.89481331262583,41.096889314286095],[-70.89513347930539,41.096918548296145],[-70.8954139927991,41.097043851877274],[-70.89569287269335,41.09717118713098],[-70.8959701189881,41.097300554057256],[-70.89623583999645,41.09744343827487],[-70.8964900357184,41.09759983978382],[-70.89671779401765,41.09777568593851],[-70.89691911489419,41.09797097673893],[-70.8971367372055,41.09799824182553],[-70.89737066095158,41.0978574811983],[-70.89762822109383,41.09774841771561],[-70.89790941763226,41.09767105137745],[-70.8981726646505,41.09756862540034],[-70.89841796214857,41.09744113978427],[-70.89863723795312,41.097291937622785],[-70.89883049206416,41.097121018915864],[-70.89913571736561,41.09700602825725],[-70.89955291385745,41.09694696564692],[-70.89996395071671,41.09686937374683],[-70.90036882794341,41.096773252556964],[-70.90078361913494,41.096731636103605],[-70.90120832429133,41.09674452438675],[-70.90163175033898,41.09673228475844],[-70.9020538972779,41.09669491721865],[-70.90252844134034,41.09669672501208],[-70.90305538252633,41.096737708138726],[-70.90357991051411,41.09679194422575],[-70.90410202530366,41.096859433273146],[-70.90462773546798,41.096913765837016],[-70.90515704100707,41.096954941917346],[-70.90567559165294,41.09703545312294],[-70.90618338740559,41.0971552994538],[-70.90663145900326,41.09723807915932],[-70.90701980644597,41.09728379223948],[-70.9073957601807,41.0973629367225],[-70.90775932020746,41.09747551260836],[-70.908120140651,41.097592077217854],[-70.90847822151129,41.09771263055097],[-70.90881752169676,41.09785806488899],[-70.90913804120743,41.098028380231895],[-70.90937259021231,41.09819899840395],[-70.90952116871145,41.09836991940515],[-70.90964766151643,41.09854966622978],[-70.9097520686273,41.098738238877836],[-70.90988762332633,41.09891258222524],[-70.91005432561356,41.099072696271996],[-70.91022585527531,41.09922981767891],[-70.91040221231162,41.09938394644599],[-70.91052474301758,41.09960644311659]]},"properties":{"kind":"coastline"}},{"type":"Feature","geometry":{"type":"Polygon","coordinates":[[[-70.91052474301758,41.09960644311659],[-70.91059344739315,41.09989730769072],[-70.91065965425115,41.10018849472724],[-70.91072336359153,41.10048000422616],[-70.91077368245827,41.10077294428691],[-70.91081061085139,41.101067314909464],[-70.9108636129801,41.10136003280762],[-70.91093268884443,41.10165109798137],[-70.91088060917727,41.1019258939073],[-70.91070737397865,41.102184420585424],[-70.91050293635172,41.10242808092695],[-70.91026729629647,41.10265687493189],[-70.91011302373349,41.10291418865651],[-70.91004011866275,41.10320002210082],[-70.90991673157625,41.103472893047666],[-70.90974286247399,41.10373280149703],[-70.90940248152124,41.10397570118405],[-70.90889558871801,41.10420159210872],[-70.9083973271171,41.104437821003735],[-70.9079076967185,41.1046843878691],[-70.90739696125176,41.10490362523502],[-70.90686512071694,41.10509553310149],[-70.90632030368421,41.10526354608433],[-70.90576251015361,41.10540766418353],[-70.90510807778749,41.10550209794882],[-70.90435700658588,41.105546847380204],[-70.90360637048262,41.10559541542624],[-70.9028561694777,41.10564780208692],[-70.90211259653505,41.10573320622158],[-70.90137565165469,41.105851627830205],[-70.90063617542417,41.10596026495889],[-70.89989416784353,41.106059117607636],[-70.89920155153449,41.10606866732184],[-70.89855832649708,41.10598891410149],[-70.89791747490622,41.105899500928444],[-70.89727899676191,41.1058004278027],[-70.89663836660917,41.10571007368972],[-70.89599558444802,41.1056284385895],[-70.89535493943183,41.10553818870572],[-70.89471643156062,41.105439324038386],[-70.8941940139652,41.105282480509786],[-70.8937876866456,41.10506765811992],[-70.89338047471514,41.104853792198725],[-70.89297237817385,41.104640882746196],[-70.89256614150797,41.10442466444962],[-70.8921617647175,41.10420513730899],[-70.89173451374104,41.10401476135233],[-70.89128438857858,41.10385353657965],[-70.89094190151864,41.10362594711365],[-70.89070705256123,41.103331992954345],[-70.89046119860186,41.10304336188539],[-70.89020433964053,41.102760053906785],[-70.8899985874781,41.102456971601775],[-70.88984394211455,41.102134114970355],[-70.88967256462045,41.10181638322253],[-70.88948445499584,41.1015037763583],[-70.88944718069547,41.10120553917298],[-70.88956074171934,41.10092167166657],[-70.8896285473992,41.100631727936346],[-70.88965059773506,41.100335707982296],[-70.88968216675511,41.100041123969646],[-70.88972325445935,41.09974797589838],[-70.88974485551951,41.099454014693926],[-70.8897469699356,41.099159240356286],[-70.8898972651348,41.09890939190689],[-70.89019574111715,41.09870446934575],[-70.89051546676419,41.09852052032032],[-70.8908564420759,41.09835754483062],[-70.8911748472736,41.09817286100961],[-70.89147068235727,41.09796646885728],[-70.89174700164375,41.09774617600485],[-70.89200380513303,41.09751198245232],[-70.8923147889071,41.097367339384476],[-70.89267995296593,41.09731224680131],[-70.89303092000404,41.09722479846135],[-70.89336769002142,41.097104994364585],[-70.89372045197952,41.09703121114406],[-70.89408920587833,41.09700344879978],[-70.89445349276043,41.096956149847124],[-70.89481331262583,41.096889314286095],[-70.89513347930539,41.096918548296145],[-70.8954139927991,41.097043851877274],[-70.89569287269335,41.09717118713098],[-70.8959701189881,41.097300554057256],[-70.89623583999645,41.09744343827487],[-70.8964900357184,41.09759983978382],[-70.89671779401765,41.09777568593851],[-70.89691911489419,41.09797097673893],[-70.8971367372055,41.09799824182553],[-70.89737066095158,41.0978574811983],[-70.89762822109383,41.09774841771561],[-70.89790941763226,41.09767105137745],[-70.8981726646505,41.09756862540034],[-70.89841796214857,41.09744113978427],[-70.89863723795312,41.097291937622785],[-70.89883049206416,41.097121018915864],[-70.89913571736561,41.09700602825725],[-70.89955291385745,41.09694696564692],[-70.89996395071671,41.09686937374683],[-70.90036882794341,41.096773252556964],[-70.90078361913494,41.096731636103605],[-70.90120832429133,41.09674452438675],[-70.90163175033898,41.09673228475844],[-70.9020538972779,41.09669491721865],[-70.90252844134034,41.09669672501208],[-70.90305538252633,41.096737708138726],[-70.90357991051411,41.09679194422575],[-70.90410202530366,41.096859433273146],[-70.90462773546798,41.096913765837016],[-70.90515704100707,41.096954941917346],[-70.90567559165294,41.09703545312294],[-70.90618338740559,41.0971552994538],[-70.90663145900326,41.09723807915932],[-70.90701980644597,41.09728379223948],[-70.9073957601807,41.0973629367225],[-70.90775932020746,41.09747551260836],[-70.908120140651,41.097592077217854],[-70.90847822151129,41.09771263055097],[-70.90881752169676,41.09785806488899],[-70.90913804120743,41.098028380231895],[-70.90937259021231,41.09819899840395],[-70.90952116871145,41.09836991940515],[-70.90964766151643,41.09854966622978],[-70.9097520686273,41.098738238877836],[-70.90988762332633,41.09891258222524],[-70.91005432561356,41.099072696271996],[-70.91022585527531,41.09922981767891],[-70.91040221231162,41.09938394644599],[-70.91052474301758,41.09960644311659]],[[-70.91013620639586,41.09950382164335],[-70.9099887946149,41.09938027984],[-70.90981270632322,41.099218982721794],[-70.90963144366214,41.09904405014258],[-70.90947465401501,41.09884239982894],[-70.90936741594713,41.09864943105237],[-70.90925435386245,41.09848876933956],[-70.90913588673044,41.098349779549636],[-70.90894221924806,41.098209421621675],[-70.90865136815368,41.09805523067152],[-70.90833825369296,41.09792102032839],[-70.90799586213672,41.097806041110736],[-70.90763935502308,41.09769086995722],[-70.90729492925274,41.09758379381639],[-70.90695414047615,41.097512052139024],[-70.9065695469299,41.09746693399806],[-70.90609945633574,41.09738013486993],[-70.90559786503272,41.097261551605904],[-70.90510983369145,41.097185778888296],[-70.90459076671274,41.09714566044826],[-70.90405476571293,41.097090264169964],[-70.90353263538364,41.09702277331559],[-70.90301840166144,41.09696960165353],[-70.90251089556268,41.09692991244349],[-70.90207018565627,41.0969281564447],[-70.90165580746381,41.09696514211958],[-70.9012080097245,41.096978086240334],[-70.90079767975128,41.09696495761917],[-70.90043628678566,41.09700121537811],[-70.90004822092394,41.09709413711538],[-70.89961920652378,41.097175122656516],[-70.89923010593822,41.09722849631237],[-70.89901821090712,41.0973068705133],[-70.89885959112011,41.097454651414715],[-70.89861014706895,41.09762438100107],[-70.89833211862724,41.097768907919175],[-70.89803382181363,41.097884973796106],[-70.89775756241288,41.097960670871835],[-70.89754398397339,41.09805111036388],[-70.89723480642373,41.09821980396747],[-70.89674053183256,41.09816187232894],[-70.89648409951278,41.09792910923956],[-70.89628082870688,41.09777216923036],[-70.89604769125732,41.09762904285325],[-70.89579842148504,41.09749500386984],[-70.89553097730986,41.09737035434126],[-70.89525466006165,41.097244189179726],[-70.89503333811521,41.097139583522456],[-70.89483599569564,41.097122249943546],[-70.89451694960492,41.09718476428742],[-70.8941309386802,41.097234883886415],[-70.893777354617,41.097260803223946],[-70.89347589826379,41.09732385992915],[-70.89314600664687,41.09744166237252],[-70.89275910550361,41.09753806419671],[-70.89242790795359,41.0975847903757],[-70.89220926949092,41.09768685022276],[-70.89197922519237,41.09790086242261],[-70.8916887005529,41.098132480353975],[-70.89137487913167,41.09835126966206],[-70.89103412797017,41.098548915236655],[-70.89069266164218,41.098712149083276],[-70.89039436084661,41.09888377166388],[-70.89014597922278,41.09904876282419],[-70.89005024328,41.099207434068965],[-70.89005465618784,41.09946110122231],[-70.89003219936414,41.09976670821071],[-70.88999077392734,41.10006278813765],[-70.88995981829551,41.10035164962905],[-70.88993644185993,41.10065853923914],[-70.88986225067973,41.10097578799448],[-70.88975562359876,41.10122849337661],[-70.88978307052585,41.1014412094687],[-70.88995732450627,41.10172416264934],[-70.89013333240452,41.102050479109046],[-70.89028292101993,41.1023640070214],[-70.89047075859877,41.10264070072074],[-70.8907196002677,41.10291438698715],[-70.89097026416415,41.10320866489329],[-70.89117990791665,41.103476335183004],[-70.8914534813611,41.10365779492281],[-70.89188004156739,41.10380854567473],[-70.89233142394112,41.10400967418221],[-70.89274613511827,41.104234522635224],[-70.89314999998598,41.10444947856184],[-70.89355729809431,41.10466196867057],[-70.89396530260105,41.104876250849365],[-70.89433938309865,41.105076201281875],[-70.89480338779934,41.10521514240912],[-70.89541461046522,41.10530899607297],[-70.89604981906169,41.105398480109464],[-70.89669263371148,41.10548011956212],[-70.89733876479754,41.105571249523216],[-70.89797694710083,41.10567027894952],[-70.89861170277288,41.10575884160514],[-70.89922311471858,41.10583567127404],[-70.89986324418763,41.10582672103095],[-70.90057954001087,41.10573063536146],[-70.90131367479206,41.10562278294997],[-70.90205689354758,41.1055034471444],[-70.90281851052347,41.10541597054997],[-70.90357881346567,41.1053627784331],[-70.90433153425883,41.10531407550238],[-70.90506769470404,41.10527052692971],[-70.90568419670751,41.10518168071909],[-70.90621130740712,41.10504490268026],[-70.9067394362373,41.10488203607596],[-70.90725325075303,41.1046966870923],[-70.90774477362751,41.104485697113695],[-70.90822867928668,41.10424186148502],[-70.90873416330508,41.10400220839738],[-70.90921904574525,41.103787436666735],[-70.90949736970748,41.10359022421379],[-70.90963101416851,41.103382369874296],[-70.90974049827301,41.10314024541777],[-70.9098174159887,41.1028439779336],[-70.91000204327042,41.102536056082556],[-70.91024925021446,41.10229389535657],[-70.91043772277077,41.10206926309035],[-70.9105852714346,41.10185504088314],[-70.91062282484033,41.10165638307438],[-70.91055744765016,41.101396389258284],[-70.91050271197713,41.101094097415455],[-70.91046566307558,41.100798928018804],[-70.91041671670702,41.100513977969534],[-70.91035399495078,41.10022719357796],[-70.91028812639456,41.09993749443997],[-70.910226334105,41.0996695673128],[-70.91013620639586,41.09950382164335]]]},"properties":{"kind":"esplanade"}},{"type":"Feature","geometry":{"type":"Polygon","coordinates":[[[-70.910226334105,41.0996695673128],[-70.91028812639456,41.09993749443997],[-70.91035399495078,41.10022719357796],[-70.91041671670702,41.100513977969534],[-70.91046566307558,41.100798928018804],[-70.91050271197713,41.101094097415455],[-70.91055744765016,41.101396389258284],[-70.91062282484033,41.10165638307438],[-70.9105852714346,41.10185504088314],[-70.91043772277077,41.10206926309035],[-70.91024925021446,41.10229389535657],[-70.91000204327042,41.102536056082556],[-70.9098174159887,41.1028439779336],[-70.90974049827301,41.10314024541777],[-70.90963101416851,41.103382369874296],[-70.90949736970748,41.10359022421379],[-70.90921904574525,41.103787436666735],[-70.90873416330508,41.10400220839738],[-70.90822867928668,41.10424186148502],[-70.90774477362751,41.104485697113695],[-70.90725325075303,41.1046966870923],[-70.9067394362373,41.10488203607596],[-70.90621130740712,41.10504490268026],[-70.90568419670751,41.10518168071909],[-70.90506769470404,41.10527052692971],[-70.90433153425883,41.10531407550238],[-70.90357881346567,41.1053627784331],[-70.90281851052347,41.10541597054997],[-70.90205689354758,41.1055034471444],[-70.90131367479206,41.10562278294997],[-70.90057954001087,41.10573063536146],[-70.89986324418763,41.10582672103095],[-70.89922311471858,41.10583567127404],[-70.89861170277288,41.10575884160514],[-70.89797694710083,41.10567027894952],[-70.89733876479754,41.105571249523216],[-70.89669263371148,41.10548011956212],[-70.89604981906169,41.105398480109464],[-70.89541461046522,41.10530899607297],[-70.89480338779934,41.10521514240912],[-70.89433938309865,41.105076201281875],[-70.89396530260105,41.104876250849365],[-70.89355729809431,41.10466196867057],[-70.89314999998598,41.10444947856184],[-70.89274613511827,41.104234522635224],[-70.89233142394112,41.10400967418221],[-70.89188004156739,41.10380854567473],[-70.8914534813611,41.10365779492281],[-70.89117990791665,41.103476335183004],[-70.89097026416415,41.10320866489329],[-70.8907196002677,41.10291438698715],[-70.89047075859877,41.10264070072074],[-70.89028292101993,41.1023640070214],[-70.89013333240452,41.102050479109046],[-70.88995732450627,41.10172416264934],[-70.88978307052585,41.1014412094687],[-70.88975562359876,41.10122849337661],[-70.88986225067973,41.10097578799448],[-70.88993644185993,41.10065853923914],[-70.88995981829551,41.10035164962905],[-70.88999077392734,41.10006278813765],[-70.89003219936414,41.09976670821071],[-70.89005465618784,41.09946110122231],[-70.89005024328,41.099207434068965],[-70.89014597922278,41.09904876282419],[-70.89039436084661,41.09888377166388],[-70.89069266164218,41.098712149083276],[-70.89103412797017,41.098548915236655],[-70.89137487913167,41.09835126966206],[-70.8916887005529,41.098132480353975],[-70.89197922519237,41.09790086242261],[-70.89220926949092,41.09768685022276],[-70.89242790795359,41.0975847903757],[-70.89275910550361,41.09753806419671],[-70.89314600664687,41.09744166237252],[-70.89347589826379,41.09732385992915],[-70.893777354617,41.097260803223946],[-70.8941309386802,41.097234883886415],[-70.89451694960492,41.09718476428742],[-70.89483599569564,41.097122249943546],[-70.89503333811521,41.097139583522456],[-70.89525466006165,41.097244189179726],[-70.89553097730986,41.09737035434126],[-70.89579842148504,41.09749500386984],[-70.89604769125732,41.09762904285325],[-70.89628082870688,41.09777216923036],[-70.89648409951278,41.09792910923956],[-70.89674053183256,41.09816187232894],[-70.89723480642373,41.09821980396747],[-70.89754398397339,41.09805111036388],[-70.89775756241288,41.097960670871835],[-70.89803382181363,41.097884973796106],[-70.89833211862724,41.097768907919175],[-70.89861014706895,41.09762438100107],[-70.89885959112011,41.097454651414715],[-70.89901821090712,41.0973068705133],[-70.89923010593822,41.09722849631237],[-70.89961920652378,41.097175122656516],[-70.90004822092394,41.09709413711538],[-70.90043628678566,41.09700121537811],[-70.90079767975128,41.09696495761917],[-70.9012080097245,41.096978086240334],[-70.90165580746381,41.09696514211958],[-70.90207018565627,41.0969281564447],[-70.90251089556268,41.09692991244349],[-70.90301840166144,41.09696960165353],[-70.90353263538364,41.09702277331559],[-70.90405476571293,41.097090264169964],[-70.90459076671274,41.09714566044826],[-70.90510983369145,41.097185778888296],[-70.90559786503272,41.097261551605904],[-70.90609945633574,41.09738013486993],[-70.9065695469299,41.09746693399806],[-70.90695414047615,41.097512052139024],[-70.90729492925274,41.09758379381639],[-70.90763935502308,41.09769086995722],[-70.90799586213672,41.097806041110736],[-70.90833825369296,41.09792102032839],[-70.90865136815368,41.09805523067152],[-70.90894221924806,41.098209421621675],[-70.90913588673044,41.098349779549636],[-70.90925435386245,41.09848876933956],[-70.90936741594713,41.09864943105237],[-70.90947465401501,41.09884239982894],[-70.90963144366214,41.09904405014258],[-70.90981270632322,41.099218982721794],[-70.9099887946149,41.09938027984],[-70.91013620639586,41.09950382164335],[-70.910226334105,41.0996695673128]]]},"properties":{"kind":"paveland"}},{"type":"Feature","geometry":{"type":"Polygon","coordinates":[[[-70.89785423823938,41.09730505414764],[-70.89821186519947,41.0962270758067],[-70.89779463374602,41.09615521058397],[-70.8974370067859,41.09723318892491],[-70.89785423823938,41.09730505414764]]]},"properties":{"kind":"pier"}},{"type":"Feature","geometry":{"type":"Polygon","coordinates":[[[-70.89594689445214,41.09730505414764],[-70.89618531242554,41.09613724427829],[-70.89576808097209,41.09606537905556],[-70.89552966299868,41.09723318892491],[-70.89594689445214,41.09730505414764]]]},"properties":{"kind":"pier"}},{"type":"Feature","geometry":{"type":"Polygon","coordinates":[[[-70.89380113269151,41.09739488567605],[-70.89350311022476,41.09640673886352],[-70.89310972056863,41.096496570391935],[-70.89340774303538,41.097484717204466],[-70.89380113269151,41.09739488567605]]]},"properties":{"kind":"pier"}},{"type":"Feature","geometry":{"type":"Polygon","coordinates":[[[-70.90417231453458,41.096945728033994],[-70.90429152352128,41.09595758122146],[-70.90383852937181,41.095912665457256],[-70.90371932038511,41.09690081226979],[-70.90417231453458,41.096945728033994]]]},"properties":{"kind":"pier"}},{"type":"Feature","geometry":{"type":"Polygon","coordinates":[[[-70.90989434589626,41.100538989170474],[-70.91132485373669,41.10035932611365],[-70.9113606164327,41.100673736463094],[-70.90993010859228,41.10085339951991],[-70.90989434589626,41.100538989170474]]]},"properties":{"kind":"pier"}},{"type":"Feature","geometry":{"type":"Polygon","coordinates":[[[-70.90953671893617,41.10251528279554],[-70.91090762228323,41.10269494585236],[-70.91084801778989,41.1030093562018],[-70.90947711444281,41.102829693144976],[-70.90953671893617,41.10251528279554]]]},"properties":{"kind":"pier"}},{"type":"Feature","geometry":{"type":"Polygon","coordinates":[[[-70.89406105497318,41.095497548545865],[-70.89249865041072,41.09632195251288],[-70.89258753851621,41.09641761389706],[-70.89414994307869,41.095593209930044],[-70.89406105497318,41.095497548545865]]]},"properties":{"kind":"pier"}},{"type":"Feature","geometry":{"type":"Polygon","coordinates":[[[-70.90246257244361,41.10003386932536],[-70.89853825865676,41.10024065823691],[-70.89872951742342,41.10230175041335],[-70.90265383121027,41.102094961501805],[-70.90246257244361,41.10003386932536]]]},"properties":{"kind":"park"}},{"type":"Feature","geometry":{"type":"Polygon","coordinates":[[[-70.89689379315341,41.09932301952036],[-70.8958829850568,41.09937628333092],[-70.89595366764448,41.10013799130917],[-70.8969644757411,41.10008472749862],[-70.89689379315341,41.09932301952036]]]},"properties":{"kind":"park"}},{"type":"Feature","geometry":{"type":"Polygon","coordinates":[[[-70.90490965375105,41.10406372495157],[-70.90312587475702,41.10415771991137],[-70.9031965573447,41.10491942788962],[-70.90498033633872,41.10482543292983],[-70.90490965375105,41.10406372495157]]]},"properties":{"kind":"park"}},{"type":"Feature","geometry":{"type":"Polygon","coordinates":[[[-70.90252893424424,41.09997634190497],[-70.89846191813785,41.10019065041331],[-70.89866315562278,41.10235927783374],[-70.90273017172917,41.10214496932541],[-70.90252893424424,41.09997634190497]]]},"properties":{"kind":"apron"}},{"type":"Feature","geometry":{"type":"Polygon","coordinates":[[[-70.89696015495404,41.09926549209998],[-70.89580664453791,41.099326275507316],[-70.89588730584386,41.10019551872955],[-70.89704081625999,41.100134735322214],[-70.89696015495404,41.09926549209998]]]},"properties":{"kind":"apron"}},{"type":"Feature","geometry":{"type":"Polygon","coordinates":[[[-70.90497601555167,41.10400619753119],[-70.90304953423812,41.10410771208777],[-70.90313019554407,41.10497695531001],[-70.90505667685761,41.10487544075343],[-70.90497601555167,41.10400619753119]]]},"properties":{"kind":"apron"}},{"type":"Feature","geometry":{"type":"Polygon","coordinates":[[[-70.8975816505665,41.09949222630271],[-70.9051349939248,41.10528436927282],[-70.90539857410107,41.105089181646306],[-70.89784523074275,41.099297038676184],[-70.8975816505665,41.09949222630271]]]},"properties":{"kind":"apron"}},{"type":"Feature","geometry":{"type":"LineString","coordinates":[[-70.89773015159126,41.099407446965046],[-70.9052500730763,41.10517396098397]]},"properties":{"kind":"street","cls":"shore"}},{"type":"Feature","geometry":{"type":"Polygon","coordinates":[[[-70.89377115149456,41.0994423871845],[-70.89364509013586,41.098837426831054],[-70.89265021342558,41.09891948948281],[-70.89277479518915,41.09946489439118],[-70.89377115149456,41.0994423871845]]]},"properties":{"kind":"pavement","solo":0,"d":"oldharbor","org":1}},{"type":"Feature","geometry":{"type":"Polygon","coordinates":[[[-70.89384707290263,41.099806729139395],[-70.89377115149456,41.0994423871845],[-70.89305336641442,41.09945860160204],[-70.89281435207631,41.09963806998127],[-70.89291627697325,41.10008428568316],[-70.89384707290263,41.099806729139395]]]},"properties":{"kind":"pavement","solo":0,"d":"oldharbor","org":1}},{"type":"Feature","geometry":{"type":"Polygon","coordinates":[[[-70.89294656902234,41.10021690085716],[-70.89323827036758,41.100269494585234],[-70.89394350375223,41.100269494585234],[-70.89384707290263,41.099806729139395],[-70.89291627697325,41.10008428568316],[-70.89294656902234,41.10021690085716]]]},"properties":{"kind":"pavement","solo":0,"d":"oldharbor","org":1}},{"type":"Feature","geometry":{"type":"Polygon","coordinates":[[[-70.89189378890427,41.09898188334673],[-70.89189378890427,41.099626303559596],[-70.89275519066751,41.09937906800677],[-70.89267889615093,41.09904505921901],[-70.89244353704136,41.09893653723554],[-70.89189378890427,41.09898188334673]]]},"properties":{"kind":"pavement","solo":0,"d":"oldharbor","org":1}},{"type":"Feature","geometry":{"type":"Polygon","coordinates":[[[-70.89189378890427,41.099626303559596],[-70.89189378890427,41.100269494585234],[-70.8929585825178,41.100269494585234],[-70.89275519066751,41.09937906800677],[-70.89189378890427,41.099626303559596]]]},"properties":{"kind":"pavement","solo":0,"d":"oldharbor","org":1}},{"type":"Feature","geometry":{"type":"Polygon","coordinates":[[[-70.89443877660862,41.098771959405845],[-70.89364509013586,41.098837426831054],[-70.89377392497984,41.09945569696202],[-70.89429964794112,41.09937603029508],[-70.89440393789423,41.09926877785773],[-70.89443877660862,41.098771959405845]]]},"properties":{"kind":"pavement","solo":0,"d":"oldharbor","org":1}},{"type":"Feature","geometry":{"type":"Polygon","coordinates":[[[-70.89538319404375,41.099211832584835],[-70.89538487795626,41.09869392000194],[-70.89443877660862,41.098771959405845],[-70.89439745630969,41.09936120867363],[-70.89538319404375,41.099211832584835]]]},"properties":{"kind":"pavement","solo":0,"d":"oldharbor","org":1}},{"type":"Feature","geometry":{"type":"Polygon","coordinates":[[[-70.89470259828352,41.09984284614983],[-70.89462730079615,41.09932637864812],[-70.89377392497984,41.09945569696202],[-70.89384244110526,41.0997845014417],[-70.89470259828352,41.09984284614983]]]},"properties":{"kind":"pavement","solo":0,"d":"oldharbor","org":1}},{"type":"Feature","geometry":{"type":"Polygon","coordinates":[[[-70.89394350375223,41.100269494585234],[-70.89476480075524,41.100269494585234],[-70.89470259828352,41.09984284614983],[-70.89384244110526,41.0997845014417],[-70.89394350375223,41.100269494585234]]]},"properties":{"kind":"pavement","solo":0,"d":"oldharbor","org":1}},{"type":"Feature","geometry":{"type":"Polygon","coordinates":[[[-70.89476480075524,41.100269494585234],[-70.89537975521962,41.100269494585234],[-70.89538319404375,41.099211832584835],[-70.89462730079615,41.09932637864812],[-70.89476480075524,41.100269494585234]]]},"properties":{"kind":"pavement","solo":0,"d":"oldharbor","org":1}},{"type":"Feature","geometry":{"type":"Polygon","coordinates":[[[-70.89388618934915,41.098728406422914],[-70.89405464398699,41.098803644680245],[-70.89465250090743,41.09875433030414],[-70.8945394502025,41.09828523172144],[-70.8938324753902,41.09838807567514],[-70.89388618934915,41.098728406422914]]]},"properties":{"kind":"pavement","solo":0,"d":"oldharbor","org":1}},{"type":"Feature","geometry":{"type":"Polygon","coordinates":[[[-70.8945394502025,41.09828523172144],[-70.89444115822435,41.09787737378138],[-70.89375520118195,41.09789846758076],[-70.8938324753902,41.09838807567514],[-70.8945394502025,41.09828523172144]]]},"properties":{"kind":"pavement","solo":0,"d":"oldharbor","org":1}},{"type":"Feature","geometry":{"type":"Polygon","coordinates":[[[-70.89465250090743,41.09875433030414],[-70.89538487795626,41.09869392000194],[-70.89538670494174,41.098132003183764],[-70.89455888543047,41.09836587728576],[-70.89465250090743,41.09875433030414]]]},"properties":{"kind":"pavement","solo":0,"d":"oldharbor","org":1}},{"type":"Feature","geometry":{"type":"Polygon","coordinates":[[[-70.89538670494174,41.098132003183764],[-70.89538762745948,41.097848268996486],[-70.89444115822435,41.09787737378138],[-70.89455888543047,41.09836587728576],[-70.89538670494174,41.098132003183764]]]},"properties":{"kind":"pavement","solo":0,"d":"oldharbor","org":1}},{"type":"Feature","geometry":{"type":"Polygon","coordinates":[[[-70.89456569121516,41.09728815400368],[-70.89392909004945,41.0972496803191],[-70.893777354617,41.097260803223946],[-70.89365848379941,41.09728566785865],[-70.89375520118195,41.09789846758076],[-70.89440743459919,41.09787841081335],[-70.89456569121516,41.09728815400368]]]},"properties":{"kind":"pavement","solo":0,"d":"oldharbor","org":1}},{"type":"Feature","geometry":{"type":"Polygon","coordinates":[[[-70.89538762745948,41.097848268996486],[-70.89538928675125,41.09733792889663],[-70.89456569121516,41.09728815400368],[-70.89440743459919,41.09787841081335],[-70.89538762745948,41.097848268996486]]]},"properties":{"kind":"pavement","solo":0,"d":"oldharbor","org":1}},{"type":"Feature","geometry":{"type":"Polygon","coordinates":[[[-70.89299432781519,41.09889110512219],[-70.8936930740722,41.098833468864186],[-70.89388027327246,41.09869092225965],[-70.89381342702032,41.09826738552134],[-70.89282594716585,41.09840992052509],[-70.89299432781519,41.09889110512219]]]},"properties":{"kind":"pavement","solo":0,"d":"oldharbor","org":1}},{"type":"Feature","geometry":{"type":"Polygon","coordinates":[[[-70.89353748784046,41.09830721518658],[-70.89380683936888,41.09822564627172],[-70.89378985235764,41.098118016851906],[-70.89264817292005,41.09790189166809],[-70.89282594716585,41.09840992052509],[-70.89353748784046,41.09830721518658]]]},"properties":{"kind":"pavement","solo":0,"d":"oldharbor","org":1}},{"type":"Feature","geometry":{"type":"Polygon","coordinates":[[[-70.89251780203493,41.098930411469155],[-70.89299432781519,41.09889110512219],[-70.89282987550139,41.09842114660462],[-70.89229648217172,41.09844579141813],[-70.89251780203493,41.098930411469155]]]},"properties":{"kind":"pavement","solo":0,"d":"oldharbor","org":1}},{"type":"Feature","geometry":{"type":"Polygon","coordinates":[[[-70.89189378890427,41.09846439738848],[-70.89189378890427,41.09898188334673],[-70.89251780203493,41.098930411469155],[-70.89229648217172,41.09844579141813],[-70.89189378890427,41.09846439738848]]]},"properties":{"kind":"pavement","solo":0,"d":"oldharbor","org":1}},{"type":"Feature","geometry":{"type":"Polygon","coordinates":[[[-70.89230365709876,41.09844545990904],[-70.89268312904159,41.098427926852764],[-70.89277920412538,41.098276342045736],[-70.89264817292005,41.09790189166809],[-70.89241876253239,41.09785846322349],[-70.89230365709876,41.09844545990904]]]},"properties":{"kind":"pavement","solo":0,"d":"oldharbor","org":1}},{"type":"Feature","geometry":{"type":"Polygon","coordinates":[[[-70.89191144290048,41.09796392087479],[-70.89189378890427,41.09808036605718],[-70.89189378890427,41.09846439738848],[-70.89230365709876,41.09844545990904],[-70.89241876253239,41.09785846322349],[-70.89210654393065,41.097799358802],[-70.89197922519237,41.09790086242261],[-70.89191144290048,41.09796392087479]]]},"properties":{"kind":"pavement","solo":0,"d":"oldharbor","org":1}},{"type":"Feature","geometry":{"type":"Polygon","coordinates":[[[-70.89332809517032,41.098030604086375],[-70.89378985235764,41.098118016851906],[-70.89365848379941,41.09728566785865],[-70.89347589826379,41.09732385992915],[-70.89341689219539,41.09734493066473],[-70.89337264720656,41.09755649516315],[-70.89332809517032,41.098030604086375]]]},"properties":{"kind":"pavement","solo":0,"d":"oldharbor","org":1}},{"type":"Feature","geometry":{"type":"Polygon","coordinates":[[[-70.89256999256745,41.097887091766715],[-70.89316645653123,41.098000005146396],[-70.89333972616114,41.097906830696736],[-70.89338264576836,41.09745009357613],[-70.8929524208,41.09751079079105],[-70.89267624737188,41.09760941077093],[-70.89256999256745,41.097887091766715]]]},"properties":{"kind":"pavement","solo":0,"d":"oldharbor","org":1}},{"type":"Feature","geometry":{"type":"Polygon","coordinates":[[[-70.89209141182835,41.09779649422523],[-70.89256999256745,41.097887091766715],[-70.89268823461535,41.097578083907926],[-70.89261624567996,41.09755821921806],[-70.89242790795359,41.0975847903757],[-70.89220926949092,41.09768685022276],[-70.89209141182835,41.09779649422523]]]},"properties":{"kind":"pavement","solo":0,"d":"oldharbor","org":1}},{"type":"Feature","geometry":{"type":"Polygon","coordinates":[[[-70.89689292811603,41.09910685801967],[-70.89715087286321,41.09898317983869],[-70.89708794601466,41.09866758905402],[-70.89614470578408,41.09878228074967],[-70.8961815269635,41.09910219476193],[-70.89689292811603,41.09910685801967]]]},"properties":{"kind":"pavement","solo":0,"d":"oldharbor","org":1}},{"type":"Feature","geometry":{"type":"Polygon","coordinates":[[[-70.89720459586056,41.09925261146103],[-70.89717590338475,41.099108712931766],[-70.8961815269635,41.09910219476193],[-70.89620490259128,41.0993052895837],[-70.89720459586056,41.09925261146103]]]},"properties":{"kind":"pavement","solo":0,"d":"oldharbor","org":1}},{"type":"Feature","geometry":{"type":"Polygon","coordinates":[[[-70.89727176043662,41.09958945530048],[-70.89720459586056,41.09925261146103],[-70.89696015495404,41.09926549209998],[-70.89699017151962,41.09958896437554],[-70.89727176043662,41.09958945530048]]]},"properties":{"kind":"pavement","solo":0,"d":"oldharbor","org":1}},{"type":"Feature","geometry":{"type":"Polygon","coordinates":[[[-70.89614470578408,41.09878228074967],[-70.89538429004087,41.098874742211926],[-70.89538300676263,41.09926943370376],[-70.8955201223863,41.09934137358741],[-70.89620490259128,41.0993052895837],[-70.89614470578408,41.09878228074967]]]},"properties":{"kind":"pavement","solo":0,"d":"oldharbor","org":1}},{"type":"Feature","geometry":{"type":"Polygon","coordinates":[[[-70.89538274932549,41.09934861236271],[-70.8953819769741,41.09958616063303],[-70.89583083315834,41.099586943173406],[-70.89580664453791,41.099326275507316],[-70.89538274932549,41.09934861236271]]]},"properties":{"kind":"pavement","solo":0,"d":"oldharbor","org":1}},{"type":"Feature","geometry":{"type":"Polygon","coordinates":[[[-70.89655888952272,41.100269494585234],[-70.89740735605966,41.100269494585234],[-70.8973769541252,41.10011702277754],[-70.89655357499417,41.10016041015265],[-70.89655888952272,41.100269494585234]]]},"properties":{"kind":"pavement","solo":0,"d":"oldharbor","org":1}},{"type":"Feature","geometry":{"type":"Polygon","coordinates":[[[-70.8973769541252,41.10011702277754],[-70.89727176043662,41.09958945530048],[-70.89704330872313,41.09958905701547],[-70.8969997284294,41.099691954017935],[-70.89704081625999,41.100134735322214],[-70.8973769541252,41.10011702277754]]]},"properties":{"kind":"pavement","solo":0,"d":"oldharbor","org":1}},{"type":"Feature","geometry":{"type":"Polygon","coordinates":[[[-70.89594200529707,41.100269494585234],[-70.89655888952272,41.100269494585234],[-70.89655492744463,41.10018817014848],[-70.89639929720683,41.10016853971044],[-70.89594733193154,41.10019235569774],[-70.89594200529707,41.100269494585234]]]},"properties":{"kind":"pavement","solo":1,"d":"oldharbor","org":1}},{"type":"Feature","geometry":{"type":"Polygon","coordinates":[[[-70.89537975521962,41.100269494585234],[-70.89589417042326,41.100269494585234],[-70.89583083315834,41.099586943173406],[-70.895507112767,41.099586378796026],[-70.89538135757523,41.09977666605311],[-70.89537975521962,41.100269494585234]]]},"properties":{"kind":"pavement","solo":0,"d":"oldharbor","org":1}},{"type":"Feature","geometry":{"type":"Polygon","coordinates":[[[-70.89719293899894,41.099194149958684],[-70.89723633396284,41.099411784418784],[-70.89745667523054,41.099396391256],[-70.89719293899894,41.099194149958684]]]},"properties":{"kind":"pavement","solo":1,"d":"oldharbor","org":1}},{"type":"Feature","geometry":{"type":"Polygon","coordinates":[[[-70.89776181451104,41.09858565115741],[-70.89708794601466,41.09866758905402],[-70.89709941858227,41.09872512628489],[-70.89793153234105,41.09936321747571],[-70.89793231322633,41.099363162922636],[-70.89776181451104,41.09858565115741]]]},"properties":{"kind":"pavement","solo":0,"d":"oldharbor","org":1}},{"type":"Feature","geometry":{"type":"Polygon","coordinates":[[[-70.89709941858227,41.09872512628489],[-70.89719293899894,41.099194149958684],[-70.89745667523054,41.099396391256],[-70.89773756451515,41.099376768175276],[-70.89784523074275,41.099297038676184],[-70.89709941858227,41.09872512628489]]]},"properties":{"kind":"pavement","solo":0,"d":"oldharbor","org":1}},{"type":"Feature","geometry":{"type":"Polygon","coordinates":[[[-70.89868870114628,41.09899777857769],[-70.89868870114628,41.098472947949446],[-70.89776181451104,41.09858565115741],[-70.89784331471644,41.09895731007843],[-70.89868870114628,41.09899777857769]]]},"properties":{"kind":"pavement","solo":0,"d":"oldharbor","org":1}},{"type":"Feature","geometry":{"type":"Polygon","coordinates":[[[-70.89868870114628,41.09931032124435],[-70.89868870114628,41.09899777857769],[-70.89784331471644,41.09895731007843],[-70.89793231322633,41.099363162922636],[-70.89868870114628,41.09931032124435]]]},"properties":{"kind":"pavement","solo":0,"d":"oldharbor","org":1}},{"type":"Feature","geometry":{"type":"Polygon","coordinates":[[[-70.89740735605966,41.100269494585234],[-70.89779052247953,41.100269494585234],[-70.89790958165895,41.09974369425296],[-70.89745667523054,41.099396391256],[-70.89723633396284,41.099411784418784],[-70.89740735605966,41.100269494585234]]]},"properties":{"kind":"pavement","solo":0,"d":"oldharbor","org":1}},{"type":"Feature","geometry":{"type":"Polygon","coordinates":[[[-70.89770346461337,41.09940201999424],[-70.89767613128804,41.09938105993449],[-70.89745667523054,41.099396391256],[-70.8975816505665,41.09949222630271],[-70.89770346461337,41.09940201999424]]]},"properties":{"kind":"pavement","solo":1,"d":"oldharbor","org":1}},{"type":"Feature","geometry":{"type":"Polygon","coordinates":[[[-70.89868870114628,41.099902734940024],[-70.89868870114628,41.09931032124435],[-70.89799676654295,41.099358660178304],[-70.89798623603413,41.09940516600054],[-70.8986249782139,41.09989497373875],[-70.89868870114628,41.099902734940024]]]},"properties":{"kind":"pavement","solo":0,"d":"oldharbor","org":1}},{"type":"Feature","geometry":{"type":"Polygon","coordinates":[[[-70.89800902889891,41.099819953546955],[-70.89789544641405,41.09980611964927],[-70.8978004833973,41.10022550424445],[-70.89849047983306,41.10018914537518],[-70.89800902889891,41.099819953546955]]]},"properties":{"kind":"pavement","solo":0,"d":"oldharbor","org":1}},{"type":"Feature","geometry":{"type":"Polygon","coordinates":[[[-70.89779052247953,41.100269494585234],[-70.89831776641213,41.100269494585234],[-70.89846760168675,41.10025189894248],[-70.89846191813785,41.10019065041331],[-70.8978004833973,41.10022550424445],[-70.89779052247953,41.100269494585234]]]},"properties":{"kind":"pavement","solo":1,"d":"oldharbor","org":1}},{"type":"Feature","geometry":{"type":"Polygon","coordinates":[[[-70.89868870114628,41.098472947949446],[-70.89868870114628,41.09839020824281],[-70.89723480642373,41.09821980396747],[-70.8971562758025,41.098262651882855],[-70.89713038095756,41.098662429249124],[-70.89868870114628,41.098472947949446]]]},"properties":{"kind":"pavement","solo":0,"d":"oldharbor","org":1}},{"type":"Feature","geometry":{"type":"Polygon","coordinates":[[[-70.89868870114628,41.0981425600954],[-70.89868870114628,41.09770553211809],[-70.89835751572677,41.09779627932059],[-70.89803889484531,41.09801307900037],[-70.8980904982411,41.09816440371668],[-70.89868870114628,41.0981425600954]]]},"properties":{"kind":"pavement","solo":0,"d":"oldharbor","org":1}},{"type":"Feature","geometry":{"type":"Polygon","coordinates":[[[-70.89728225108443,41.09819391718884],[-70.8980904982411,41.09816440371668],[-70.89800246703656,41.09790625603381],[-70.89795801121515,41.0979057464489],[-70.89775756241288,41.097960670871835],[-70.89754398397339,41.09805111036388],[-70.89728225108443,41.09819391718884]]]},"properties":{"kind":"pavement","solo":0,"d":"oldharbor","org":1}},{"type":"Feature","geometry":{"type":"Polygon","coordinates":[[[-70.89538703660831,41.09802999415059],[-70.89538429004087,41.098874742211926],[-70.89604726657286,41.09879412870525],[-70.89606228312076,41.09812605868664],[-70.89538703660831,41.09802999415059]]]},"properties":{"kind":"pavement","solo":0,"d":"oldharbor","org":1}},{"type":"Feature","geometry":{"type":"Polygon","coordinates":[[[-70.89604726657286,41.09879412870525],[-70.89713038095756,41.098662429249124],[-70.89715505348522,41.09828152261889],[-70.89625125852363,41.09815294343771],[-70.89605968627308,41.098241589639],[-70.89604726657286,41.09879412870525]]]},"properties":{"kind":"pavement","solo":0,"d":"oldharbor","org":1}},{"type":"Feature","geometry":{"type":"Polygon","coordinates":[[[-70.89547074339444,41.09734285181755],[-70.89538928675125,41.09733792889663],[-70.89538703660831,41.09802999415059],[-70.8962793208915,41.098156935755036],[-70.8963475851275,41.09782371009586],[-70.89628082870688,41.09777216923036],[-70.89604769125732,41.09762904285325],[-70.89579842148504,41.09749500386984],[-70.89553097730986,41.09737035434126],[-70.89547074339444,41.09734285181755]]]},"properties":{"kind":"pavement","solo":0,"d":"oldharbor","org":1}},{"type":"Feature","geometry":{"type":"Polygon","coordinates":[[[-70.89639397835492,41.09812125439883],[-70.89628686540168,41.09812010791473],[-70.8962793208915,41.098156935755036],[-70.89681980471222,41.098233828158804],[-70.89674053183256,41.09816187232894],[-70.89639397835492,41.09812125439883]]]},"properties":{"kind":"pavement","solo":1,"d":"oldharbor","org":1}},{"type":"Feature","geometry":{"type":"Polygon","coordinates":[[[-70.89454251429802,41.09728675328146],[-70.89541227283739,41.09733931808577],[-70.895412315854,41.09731870365082],[-70.89525466006165,41.097244189179726],[-70.89502370830097,41.09713873768735],[-70.89483599569564,41.097122249943546],[-70.89454526039043,41.097179217031915],[-70.89454251429802,41.09728675328146]]]},"properties":{"kind":"pavement","solo":0,"d":"oldharbor","org":1}},{"type":"Feature","geometry":{"type":"Polygon","coordinates":[[[-70.89412516810783,41.09726153051005],[-70.89454251429802,41.09728675328146],[-70.89454461323058,41.09720455963989],[-70.89433899959661,41.09721963206463],[-70.89412516810783,41.09726153051005]]]},"properties":{"kind":"pavement","solo":1,"d":"oldharbor","org":1}},{"type":"Feature","geometry":{"type":"Polygon","coordinates":[[[-70.90656181847821,41.09746602734381],[-70.9065007055099,41.09800634021001],[-70.90667570325532,41.098016198032745],[-70.90667570325532,41.09748653506348],[-70.9065695469299,41.09746693399806],[-70.90656181847821,41.09746602734381]]]},"properties":{"kind":"pavement","solo":1,"d":"exchange","org":0}},{"type":"Feature","geometry":{"type":"Polygon","coordinates":[[[-70.90667570325532,41.098016198032745],[-70.9065007055099,41.09800634021001],[-70.90641586746291,41.09874906550439],[-70.90667570325532,41.09876527713548],[-70.90667570325532,41.098016198032745]]]},"properties":{"kind":"pavement","solo":0,"d":"exchange","org":0}},{"type":"Feature","geometry":{"type":"Polygon","coordinates":[[[-70.90667570325532,41.09876527713548],[-70.90641586746291,41.09874906550439],[-70.90632723688084,41.09949977605441],[-70.90667570325532,41.09952216144489],[-70.90667570325532,41.09876527713548]]]},"properties":{"kind":"pavement","solo":0,"d":"exchange","org":0}},{"type":"Feature","geometry":{"type":"Polygon","coordinates":[[[-70.90667570325532,41.09952216144489],[-70.90632723688084,41.09949977605441],[-70.90624550579169,41.1001870215348],[-70.90667570325532,41.10021152542838],[-70.90667570325532,41.09952216144489]]]},"properties":{"kind":"pavement","solo":0,"d":"exchange","org":0}},{"type":"Feature","geometry":{"type":"Polygon","coordinates":[[[-70.90667570325532,41.10021152542838],[-70.90624550579169,41.1001870215348],[-70.90618682370186,41.1009417045016],[-70.90667570325532,41.10097474354112],[-70.90667570325532,41.10021152542838]]]},"properties":{"kind":"pavement","solo":0,"d":"exchange","org":0}},{"type":"Feature","geometry":{"type":"Polygon","coordinates":[[[-70.90667570325532,41.10097474354112],[-70.90618682370186,41.1009417045016],[-70.90610526078403,41.1016618346732],[-70.90667570325532,41.10169382909366],[-70.90667570325532,41.10097474354112]]]},"properties":{"kind":"pavement","solo":0,"d":"exchange","org":0}},{"type":"Feature","geometry":{"type":"Polygon","coordinates":[[[-70.90667570325532,41.10169382909366],[-70.90610526078403,41.1016618346732],[-70.90604784912426,41.102254254927786],[-70.90667570325532,41.10229289140633],[-70.90667570325532,41.10169382909366]]]},"properties":{"kind":"pavement","solo":0,"d":"exchange","org":0}},{"type":"Feature","geometry":{"type":"Polygon","coordinates":[[[-70.90667570325532,41.10229289140633],[-70.90604784912426,41.102254254927786],[-70.90595253972754,41.102964440437596],[-70.90667570325532,41.102964440437596],[-70.90667570325532,41.10229289140633]]]},"properties":{"kind":"pavement","solo":0,"d":"exchange","org":0}},{"type":"Feature","geometry":{"type":"Polygon","coordinates":[[[-70.90426492810114,41.097120476536865],[-70.90425264455729,41.09720360841661],[-70.90570413588209,41.09728667553471],[-70.90559786503272,41.097261551605904],[-70.90537042798489,41.097226239277084],[-70.90459076671274,41.09714566044826],[-70.90426492810114,41.097120476536865]]]},"properties":{"kind":"pavement","solo":1,"d":"exchange","org":0}},{"type":"Feature","geometry":{"type":"Polygon","coordinates":[[[-70.90554351048402,41.097277483134675],[-70.90425264455729,41.09720360841661],[-70.90421180803722,41.09789137469597],[-70.9065007055099,41.09800634021001],[-70.90655923889894,41.097488833957726],[-70.90609945633574,41.09738013486993],[-70.90554351048402,41.097277483134675]]]},"properties":{"kind":"pavement","solo":0,"d":"exchange","org":0}},{"type":"Feature","geometry":{"type":"Polygon","coordinates":[[[-70.9065007055099,41.09800634021001],[-70.90421180803722,41.09789137469597],[-70.90409389693208,41.09863659212428],[-70.90641586746291,41.09874906550439],[-70.9065007055099,41.09800634021001]]]},"properties":{"kind":"pavement","solo":0,"d":"exchange","org":0}},{"type":"Feature","geometry":{"type":"Polygon","coordinates":[[[-70.90641586746291,41.09874906550439],[-70.90409389693208,41.09863659212428],[-70.904040636658,41.099386941687925],[-70.90632723688084,41.09949977605441],[-70.90641586746291,41.09874906550439]]]},"properties":{"kind":"pavement","solo":0,"d":"exchange","org":0}},{"type":"Feature","geometry":{"type":"Polygon","coordinates":[[[-70.90632723688084,41.09949977605441],[-70.904040636658,41.099386941687925],[-70.90395063867962,41.10006277125314],[-70.90624550579169,41.1001870215348],[-70.90632723688084,41.09949977605441]]]},"properties":{"kind":"pavement","solo":0,"d":"exchange","org":0}},{"type":"Feature","geometry":{"type":"Polygon","coordinates":[[[-70.90624550579169,41.1001870215348],[-70.90395063867962,41.10006277125314],[-70.90387638473658,41.100817585159234],[-70.90618682370186,41.1009417045016],[-70.90624550579169,41.1001870215348]]]},"properties":{"kind":"pavement","solo":0,"d":"exchange","org":0}},{"type":"Feature","geometry":{"type":"Polygon","coordinates":[[[-70.90618682370186,41.1009417045016],[-70.90387638473658,41.100817585159234],[-70.9038130325677,41.10151996747423],[-70.90610526078403,41.1016618346732],[-70.90618682370186,41.1009417045016]]]},"properties":{"kind":"pavement","solo":0,"d":"exchange","org":0}},{"type":"Feature","geometry":{"type":"Polygon","coordinates":[[[-70.90610526078403,41.1016618346732],[-70.9038130325677,41.10151996747423],[-70.90376611033811,41.10213826049957],[-70.90604784912426,41.102254254927786],[-70.90610526078403,41.1016618346732]]]},"properties":{"kind":"pavement","solo":0,"d":"exchange","org":0}},{"type":"Feature","geometry":{"type":"Polygon","coordinates":[[[-70.90604784912426,41.102254254927786],[-70.90376611033811,41.10213826049957],[-70.90367756047284,41.10285522525643],[-70.9059224683686,41.102964440437596],[-70.90595253972754,41.102964440437596],[-70.90604784912426,41.102254254927786]]]},"properties":{"kind":"pavement","solo":0,"d":"exchange","org":0}},{"type":"Feature","geometry":{"type":"Polygon","coordinates":[[[-70.9059224683686,41.102964440437596],[-70.90367756047284,41.10285522525643],[-70.90366905649704,41.102964440437596],[-70.9059224683686,41.102964440437596]]]},"properties":{"kind":"pavement","solo":1,"d":"exchange","org":0}},{"type":"Feature","geometry":{"type":"Polygon","coordinates":[[[-70.90163217116024,41.09696725179778],[-70.90162264973179,41.0970563956507],[-70.90425264455729,41.09720360841661],[-70.90426536983794,41.097117486975336],[-70.90405476571293,41.097090264169964],[-70.90258439820815,41.09693830011108],[-70.90165580746381,41.09696514211958],[-70.90163217116024,41.09696725179778]]]},"properties":{"kind":"pavement","solo":0,"d":"exchange","org":0}},{"type":"Feature","geometry":{"type":"Polygon","coordinates":[[[-70.90425264455729,41.09720360841661],[-70.90162264973179,41.0970563956507],[-70.90155493963847,41.09774027366116],[-70.90421180803722,41.09789137469597],[-70.90425264455729,41.09720360841661]]]},"properties":{"kind":"pavement","solo":0,"d":"exchange","org":0}},{"type":"Feature","geometry":{"type":"Polygon","coordinates":[[[-70.90421180803722,41.09789137469597],[-70.90155493963847,41.09774027366116],[-70.9014684642251,41.098504766743574],[-70.90409389693208,41.09863659212428],[-70.90421180803722,41.09789137469597]]]},"properties":{"kind":"pavement","solo":0,"d":"exchange","org":0}},{"type":"Feature","geometry":{"type":"Polygon","coordinates":[[[-70.90409389693208,41.09863659212428],[-70.9014684642251,41.098504766743574],[-70.9014270619998,41.09924576971038],[-70.904040636658,41.099386941687925],[-70.90409389693208,41.09863659212428]]]},"properties":{"kind":"pavement","solo":0,"d":"exchange","org":0}},{"type":"Feature","geometry":{"type":"Polygon","coordinates":[[[-70.904040636658,41.099386941687925],[-70.9014270619998,41.09924576971038],[-70.90132549338135,41.09992495385959],[-70.90241684200467,41.099982248525464],[-70.90397227629754,41.09990028602657],[-70.904040636658,41.099386941687925]]]},"properties":{"kind":"pavement","solo":0,"d":"exchange","org":0}},{"type":"Feature","geometry":{"type":"Polygon","coordinates":[[[-70.90253003377713,41.0999881909756],[-70.90395063867962,41.10006277125314],[-70.90397227629754,41.09990028602657],[-70.90252893424424,41.09997634190497],[-70.90253003377713,41.0999881909756]]]},"properties":{"kind":"pavement","solo":1,"d":"exchange","org":0}},{"type":"Feature","geometry":{"type":"Polygon","coordinates":[[[-70.90241684200467,41.099982248525464],[-70.90132549338135,41.09992495385959],[-70.90131941959639,41.10004007641529],[-70.90241684200467,41.099982248525464]]]},"properties":{"kind":"pavement","solo":1,"d":"exchange","org":0}},{"type":"Feature","geometry":{"type":"Polygon","coordinates":[[[-70.90395063867962,41.10006277125314],[-70.90253003377713,41.0999881909756],[-70.9026003695659,41.100746161689756],[-70.90387638473658,41.100817585159234],[-70.90395063867962,41.10006277125314]]]},"properties":{"kind":"pavement","solo":0,"d":"exchange","org":0}},{"type":"Feature","geometry":{"type":"Polygon","coordinates":[[[-70.90387638473658,41.100817585159234],[-70.9026003695659,41.100746161689756],[-70.9026667175357,41.10146115783787],[-70.9038130325677,41.10151996747423],[-70.90387638473658,41.100817585159234]]]},"properties":{"kind":"pavement","solo":0,"d":"exchange","org":0}},{"type":"Feature","geometry":{"type":"Polygon","coordinates":[[[-70.9033482078597,41.10211240235302],[-70.90376611033811,41.10213826049957],[-70.90376975847866,41.1020901890443],[-70.9033482078597,41.10211240235302]]]},"properties":{"kind":"pavement","solo":1,"d":"exchange","org":0}},{"type":"Feature","geometry":{"type":"Polygon","coordinates":[[[-70.9038130325677,41.10151996747423],[-70.9026667175357,41.10146115783787],[-70.90272356311007,41.10207375181536],[-70.9033482078597,41.10211240235302],[-70.90376975847866,41.1020901890443],[-70.9038130325677,41.10151996747423]]]},"properties":{"kind":"pavement","solo":0,"d":"exchange","org":0}},{"type":"Feature","geometry":{"type":"Polygon","coordinates":[[[-70.9011496164313,41.10222825555771],[-70.90111930446302,41.102229852825225],[-70.90108482360208,41.102697735632056],[-70.90182009241832,41.10274239778462],[-70.9011496164313,41.10222825555771]]]},"properties":{"kind":"pavement","solo":0,"d":"exchange","org":0}},{"type":"Feature","geometry":{"type":"Polygon","coordinates":[[[-70.90376611033811,41.10213826049957],[-70.9033482078597,41.10211240235302],[-70.90163442017489,41.102202709170776],[-70.90238278242067,41.10277657704828],[-70.90367756047284,41.10285522525643],[-70.90376611033811,41.10213826049957]]]},"properties":{"kind":"pavement","solo":0,"d":"exchange","org":0}},{"type":"Feature","geometry":{"type":"Polygon","coordinates":[[[-70.9033482078597,41.10211240235302],[-70.90272356311007,41.10207375181536],[-70.90273017172917,41.10214496932541],[-70.9033482078597,41.10211240235302]]]},"properties":{"kind":"pavement","solo":1,"d":"exchange","org":0}},{"type":"Feature","geometry":{"type":"Polygon","coordinates":[[[-70.90182009241832,41.10274239778462],[-70.90108482360208,41.102697735632056],[-70.90106730401115,41.102964440437596],[-70.90210965094731,41.102964440437596],[-70.90182009241832,41.10274239778462]]]},"properties":{"kind":"pavement","solo":0,"d":"exchange","org":0}},{"type":"Feature","geometry":{"type":"Polygon","coordinates":[[[-70.90367756047284,41.10285522525643],[-70.90238278242067,41.10277657704828],[-70.90262776889482,41.102964440437596],[-70.90366905649704,41.102964440437596],[-70.90367756047284,41.10285522525643]]]},"properties":{"kind":"pavement","solo":1,"d":"exchange","org":0}},{"type":"Feature","geometry":{"type":"Polygon","coordinates":[[[-70.90040099531933,41.097009665862124],[-70.90162264973179,41.0970563956507],[-70.9016295732828,41.096991574283166],[-70.9012080097245,41.096978086240334],[-70.90044778999544,41.09700006128645],[-70.90043628678566,41.09700121537811],[-70.90040099531933,41.097009665862124]]]},"properties":{"kind":"pavement","solo":1,"d":"exchange","org":0}},{"type":"Feature","geometry":{"type":"Polygon","coordinates":[[[-70.90162264973179,41.0970563956507],[-70.90073286358228,41.09702236023264],[-70.89983177986909,41.09714596357273],[-70.89903170390537,41.09733754045652],[-70.89885959112011,41.097454651414715],[-70.89870948923038,41.09759449646802],[-70.89870862338259,41.09760025068221],[-70.90155493963847,41.09774027366116],[-70.90162264973179,41.0970563956507]]]},"properties":{"kind":"pavement","solo":0,"d":"exchange","org":0}},{"type":"Feature","geometry":{"type":"Polygon","coordinates":[[[-70.90155493963847,41.09774027366116],[-70.89870862338259,41.09760025068221],[-70.89868870114628,41.0980182598956],[-70.89868870114628,41.098348868842386],[-70.9014684642251,41.098504766743574],[-70.90155493963847,41.09774027366116]]]},"properties":{"kind":"pavement","solo":0,"d":"exchange","org":0}},{"type":"Feature","geometry":{"type":"Polygon","coordinates":[[[-70.9014684642251,41.098504766743574],[-70.89868870114628,41.098348868842386],[-70.89868870114628,41.09911466572402],[-70.9014270619998,41.09924576971038],[-70.9014684642251,41.098504766743574]]]},"properties":{"kind":"pavement","solo":0,"d":"exchange","org":0}},{"type":"Feature","geometry":{"type":"Polygon","coordinates":[[[-70.9014270619998,41.09924576971038],[-70.89868870114628,41.09911466572402],[-70.89868870114628,41.09980491705002],[-70.90132549338135,41.09992495385959],[-70.9014270619998,41.09924576971038]]]},"properties":{"kind":"pavement","solo":0,"d":"exchange","org":0}},{"type":"Feature","geometry":{"type":"Polygon","coordinates":[[[-70.90132549338135,41.09992495385959],[-70.89868870114628,41.09980491705002],[-70.89868870114628,41.099943838501986],[-70.89897528357665,41.100163598988246],[-70.90131941959639,41.10004007641529],[-70.90132549338135,41.09992495385959]]]},"properties":{"kind":"pavement","solo":0,"d":"exchange","org":0}},{"type":"Feature","geometry":{"type":"Polygon","coordinates":[[[-70.8984722977532,41.100302505908125],[-70.89845164102277,41.10053980338405],[-70.89849450408279,41.10054181149901],[-70.8984722977532,41.100302505908125]]]},"properties":{"kind":"pavement","solo":1,"d":"exchange","org":0}},{"type":"Feature","geometry":{"type":"Polygon","coordinates":[[[-70.89849450408279,41.10054181149901],[-70.89845164102277,41.10053980338405],[-70.89838624761592,41.10124288862995],[-70.89856038173187,41.10125173925547],[-70.89849450408279,41.10054181149901]]]},"properties":{"kind":"pavement","solo":1,"d":"exchange","org":0}},{"type":"Feature","geometry":{"type":"Polygon","coordinates":[[[-70.89856038173187,41.10125173925547],[-70.89838624761592,41.10124288862995],[-70.89835843162058,41.1018343180648],[-70.89861565566424,41.101847396498044],[-70.89856038173187,41.10125173925547]]]},"properties":{"kind":"pavement","solo":0,"d":"exchange","org":0}},{"type":"Feature","geometry":{"type":"Polygon","coordinates":[[[-70.89868870114628,41.10235793173063],[-70.89868870114628,41.102574109719136],[-70.90108482360208,41.102697735632056],[-70.90111930446302,41.102229852825225],[-70.89868870114628,41.10235793173063]]]},"properties":{"kind":"pavement","solo":0,"d":"exchange","org":0}},{"type":"Feature","geometry":{"type":"Polygon","coordinates":[[[-70.89861565566424,41.101847396498044],[-70.89835843162058,41.1018343180648],[-70.89828944811187,41.102553510596266],[-70.89868306392907,41.102573818871676],[-70.89861565566424,41.101847396498044]]]},"properties":{"kind":"pavement","solo":0,"d":"exchange","org":0}},{"type":"Feature","geometry":{"type":"Polygon","coordinates":[[[-70.90108482360208,41.102697735632056],[-70.89868870114628,41.102574109719136],[-70.89868870114628,41.102964440437596],[-70.90106730401115,41.102964440437596],[-70.90108482360208,41.102697735632056]]]},"properties":{"kind":"pavement","solo":0,"d":"exchange","org":0}},{"type":"Feature","geometry":{"type":"Polygon","coordinates":[[[-70.89868870114628,41.102574109719136],[-70.89828944811187,41.102553510596266],[-70.89824009323482,41.102964440437596],[-70.89868870114628,41.102964440437596],[-70.89868870114628,41.102574109719136]]]},"properties":{"kind":"pavement","solo":0,"d":"exchange","org":0}},{"type":"Feature","geometry":{"type":"Polygon","coordinates":[[[-70.89613055637984,41.100269494585234],[-70.8961117592451,41.100445707471486],[-70.89845164102277,41.10053980338405],[-70.89847517138679,41.100269494585234],[-70.89613055637984,41.100269494585234]]]},"properties":{"kind":"pavement","solo":0,"d":"exchange","org":0}},{"type":"Feature","geometry":{"type":"Polygon","coordinates":[[[-70.89845164102277,41.10053980338405],[-70.8961117592451,41.100445707471486],[-70.89607502647154,41.101144747118674],[-70.89838624761592,41.10124288862995],[-70.89845164102277,41.10053980338405]]]},"properties":{"kind":"pavement","solo":0,"d":"exchange","org":0}},{"type":"Feature","geometry":{"type":"Polygon","coordinates":[[[-70.89838624761592,41.10124288862995],[-70.89607502647154,41.101144747118674],[-70.89599718959546,41.10173689571286],[-70.89835843162058,41.1018343180648],[-70.89838624761592,41.10124288862995]]]},"properties":{"kind":"pavement","solo":0,"d":"exchange","org":0}},{"type":"Feature","geometry":{"type":"Polygon","coordinates":[[[-70.89835843162058,41.1018343180648],[-70.89599718959546,41.10173689571286],[-70.895963985299,41.102432060940146],[-70.89828944811187,41.102553510596266],[-70.89835843162058,41.1018343180648]]]},"properties":{"kind":"pavement","solo":0,"d":"exchange","org":0}},{"type":"Feature","geometry":{"type":"Polygon","coordinates":[[[-70.89828944811187,41.102553510596266],[-70.895963985299,41.102432060940146],[-70.89589978732236,41.102964440437596],[-70.89824009323482,41.102964440437596],[-70.89828944811187,41.102553510596266]]]},"properties":{"kind":"pavement","solo":0,"d":"exchange","org":0}},{"type":"Feature","geometry":{"type":"Polygon","coordinates":[[[-70.89395589576867,41.100269494585234],[-70.89394985502358,41.10033337973457],[-70.8961117592451,41.100445707471486],[-70.89613055637984,41.100269494585234],[-70.89395589576867,41.100269494585234]]]},"properties":{"kind":"pavement","solo":1,"d":"exchange","org":0}},{"type":"Feature","geometry":{"type":"Polygon","coordinates":[[[-70.8961117592451,41.100445707471486],[-70.89394985502358,41.10033337973457],[-70.89388999516052,41.10104710018667],[-70.89607502647154,41.101144747118674],[-70.8961117592451,41.100445707471486]]]},"properties":{"kind":"pavement","solo":0,"d":"exchange","org":0}},{"type":"Feature","geometry":{"type":"Polygon","coordinates":[[[-70.89607502647154,41.101144747118674],[-70.89388999516052,41.10104710018667],[-70.89382381014946,41.10161778235399],[-70.89599718959546,41.10173689571286],[-70.89607502647154,41.101144747118674]]]},"properties":{"kind":"pavement","solo":0,"d":"exchange","org":0}},{"type":"Feature","geometry":{"type":"Polygon","coordinates":[[[-70.89599718959546,41.10173689571286],[-70.89382381014946,41.10161778235399],[-70.893772973555,41.102340503975746],[-70.895963985299,41.102432060940146],[-70.89599718959546,41.10173689571286]]]},"properties":{"kind":"pavement","solo":0,"d":"exchange","org":0}},{"type":"Feature","geometry":{"type":"Polygon","coordinates":[[[-70.895963985299,41.102432060940146],[-70.893772973555,41.102340503975746],[-70.8937215929496,41.102964440437596],[-70.89589978732236,41.102964440437596],[-70.895963985299,41.102432060940146]]]},"properties":{"kind":"pavement","solo":0,"d":"exchange","org":0}},{"type":"Feature","geometry":{"type":"Polygon","coordinates":[[[-70.89189378890427,41.09801048009416],[-70.89186585645648,41.09800897120213],[-70.8916887005529,41.098132480353975],[-70.8915009855194,41.098282134331086],[-70.89145186703887,41.09875058338429],[-70.89189378890427,41.09877225006865],[-70.89189378890427,41.09801048009416]]]},"properties":{"kind":"pavement","solo":0,"d":"exchange","org":0}},{"type":"Feature","geometry":{"type":"Polygon","coordinates":[[[-70.89189378890427,41.09877225006865],[-70.89145186703887,41.09875058338429],[-70.8913950888405,41.09942460925554],[-70.89189378890427,41.099451475292796],[-70.89189378890427,41.09877225006865]]]},"properties":{"kind":"pavement","solo":0,"d":"exchange","org":0}},{"type":"Feature","geometry":{"type":"Polygon","coordinates":[[[-70.89262785465122,41.100269494585234],[-70.89394985502358,41.10033337973457],[-70.89395589576867,41.100269494585234],[-70.89262785465122,41.100269494585234]]]},"properties":{"kind":"pavement","solo":1,"d":"exchange","org":0}},{"type":"Feature","geometry":{"type":"Polygon","coordinates":[[[-70.89189378890427,41.099451475292796],[-70.8913950888405,41.09942460925554],[-70.89132540849738,41.100206554385835],[-70.89189378890427,41.10023402114601],[-70.89189378890427,41.099451475292796]]]},"properties":{"kind":"pavement","solo":0,"d":"exchange","org":0}},{"type":"Feature","geometry":{"type":"Polygon","coordinates":[[[-70.89394985502358,41.10033337973457],[-70.89262785465122,41.100269494585234],[-70.89189378890427,41.100269494585234],[-70.89189378890427,41.10094597030482],[-70.89388999516052,41.10104710018667],[-70.89394985502358,41.10033337973457]]]},"properties":{"kind":"pavement","solo":0,"d":"exchange","org":0}},{"type":"Feature","geometry":{"type":"Polygon","coordinates":[[[-70.89189378890427,41.10023402114601],[-70.89132540849738,41.100206554385835],[-70.89125486966435,41.10091360199266],[-70.89189378890427,41.10094597030482],[-70.89189378890427,41.10023402114601]]]},"properties":{"kind":"pavement","solo":0,"d":"exchange","org":0}},{"type":"Feature","geometry":{"type":"Polygon","coordinates":[[[-70.89388999516052,41.10104710018667],[-70.89189378890427,41.10094597030482],[-70.89189378890427,41.10154022527196],[-70.89382381014946,41.10161778235399],[-70.89388999516052,41.10104710018667]]]},"properties":{"kind":"pavement","solo":0,"d":"exchange","org":0}},{"type":"Feature","geometry":{"type":"Polygon","coordinates":[[[-70.89189378890427,41.10094597030482],[-70.89125486966435,41.10091360199266],[-70.89121141177695,41.10151280423763],[-70.89189378890427,41.10154022527196],[-70.89189378890427,41.10094597030482]]]},"properties":{"kind":"pavement","solo":0,"d":"exchange","org":0}},{"type":"Feature","geometry":{"type":"Polygon","coordinates":[[[-70.89382381014946,41.10161778235399],[-70.89189378890427,41.10154022527196],[-70.89189378890427,41.102250862529104],[-70.893772973555,41.102340503975746],[-70.89382381014946,41.10161778235399]]]},"properties":{"kind":"pavement","solo":0,"d":"exchange","org":0}},{"type":"Feature","geometry":{"type":"Polygon","coordinates":[[[-70.89189378890427,41.10154022527196],[-70.89121141177695,41.10151280423763],[-70.89112493596296,41.102214186468615],[-70.89189378890427,41.102250862529104],[-70.89189378890427,41.10154022527196]]]},"properties":{"kind":"pavement","solo":0,"d":"exchange","org":0}},{"type":"Feature","geometry":{"type":"Polygon","coordinates":[[[-70.893772973555,41.102340503975746],[-70.89189378890427,41.102250862529104],[-70.89189378890427,41.102964440437596],[-70.8937215929496,41.102964440437596],[-70.893772973555,41.102340503975746]]]},"properties":{"kind":"pavement","solo":0,"d":"exchange","org":0}},{"type":"Feature","geometry":{"type":"Polygon","coordinates":[[[-70.89189378890427,41.102250862529104],[-70.89112493596296,41.102214186468615],[-70.89105547275298,41.102964440437596],[-70.89189378890427,41.102964440437596],[-70.89189378890427,41.102250862529104]]]},"properties":{"kind":"pavement","solo":0,"d":"exchange","org":0}},{"type":"Feature","geometry":{"type":"Polygon","coordinates":[[[-70.8908583933525,41.098711352048475],[-70.89145186703887,41.09875058338429],[-70.89149617208669,41.098328040637114],[-70.89121628813635,41.09846183577321],[-70.8908583933525,41.098711352048475]]]},"properties":{"kind":"pavement","solo":0,"d":"exchange","org":0}},{"type":"Feature","geometry":{"type":"Polygon","coordinates":[[[-70.89145186703887,41.09875058338429],[-70.89071426014263,41.09870182418146],[-70.89069266164218,41.098712149083276],[-70.89039436084661,41.09888377166388],[-70.89014597922278,41.09904876282419],[-70.89005024328,41.099207434068965],[-70.89005272252656,41.0993499485831],[-70.8913950888405,41.09942460925554],[-70.89145186703887,41.09875058338429]]]},"properties":{"kind":"pavement","solo":0,"d":"exchange","org":0}},{"type":"Feature","geometry":{"type":"Polygon","coordinates":[[[-70.8913950888405,41.09942460925554],[-70.89009021768328,41.09935203401506],[-70.89005690128658,41.09959015621866],[-70.89006630406325,41.10013065596911],[-70.89132540849738,41.100206554385835],[-70.8913950888405,41.09942460925554]]]},"properties":{"kind":"pavement","solo":0,"d":"exchange","org":0}},{"type":"Feature","geometry":{"type":"Polygon","coordinates":[[[-70.89132540849738,41.100206554385835],[-70.8900599807592,41.100130274802346],[-70.88993644185993,41.10065853923914],[-70.88992279272003,41.10083772734542],[-70.89125486966435,41.10091360199266],[-70.89132540849738,41.100206554385835]]]},"properties":{"kind":"pavement","solo":0,"d":"exchange","org":0}},{"type":"Feature","geometry":{"type":"Polygon","coordinates":[[[-70.89125486966435,41.10091360199266],[-70.8899205580108,41.10083760005715],[-70.88986225067973,41.10097578799448],[-70.8897725235925,41.10135946981027],[-70.88978194624627,41.10143249620338],[-70.89121141177695,41.10151280423763],[-70.89125486966435,41.10091360199266]]]},"properties":{"kind":"pavement","solo":0,"d":"exchange","org":0}},{"type":"Feature","geometry":{"type":"Polygon","coordinates":[[[-70.89121141177695,41.10151280423763],[-70.88984004119801,41.10143576000462],[-70.89004751983568,41.10187062160122],[-70.89023099706779,41.10216855147504],[-70.89112493596296,41.102214186468615],[-70.89121141177695,41.10151280423763]]]},"properties":{"kind":"pavement","solo":0,"d":"exchange","org":0}},{"type":"Feature","geometry":{"type":"Polygon","coordinates":[[[-70.89112493596296,41.102214186468615],[-70.89018863461006,41.10216638889939],[-70.89028292101993,41.1023640070214],[-70.89040905610457,41.10254981000823],[-70.8907196002677,41.10291438698715],[-70.8907533549647,41.102951511786365],[-70.89100387109481,41.102964440437596],[-70.89105547275298,41.102964440437596],[-70.89112493596296,41.102214186468615]]]},"properties":{"kind":"pavement","solo":0,"d":"exchange","org":0}},{"type":"Feature","geometry":{"type":"Polygon","coordinates":[[[-70.9058840994702,41.102964440437596],[-70.90602376430299,41.10337376097873],[-70.90667570325532,41.103221846945694],[-70.90667570325532,41.102964440437596],[-70.9058840994702,41.102964440437596]]]},"properties":{"kind":"pavement","solo":0,"d":"northside","org":0}},{"type":"Feature","geometry":{"type":"Polygon","coordinates":[[[-70.90667570325532,41.103221846945694],[-70.90602376430299,41.10337376097873],[-70.90626863995027,41.10385120027697],[-70.90667570325532,41.10375469640544],[-70.90667570325532,41.103221846945694]]]},"properties":{"kind":"pavement","solo":0,"d":"northside","org":0}},{"type":"Feature","geometry":{"type":"Polygon","coordinates":[[[-70.90667570325532,41.10375469640544],[-70.90626863995027,41.10385120027697],[-70.90647235051273,41.104417524757224],[-70.90667570325532,41.10437062762758],[-70.90667570325532,41.10375469640544]]]},"properties":{"kind":"pavement","solo":0,"d":"northside","org":0}},{"type":"Feature","geometry":{"type":"Polygon","coordinates":[[[-70.90667570325532,41.10437062762758],[-70.90647235051273,41.104417524757224],[-70.90667570325532,41.10483930185116],[-70.90667570325532,41.10437062762758]]]},"properties":{"kind":"pavement","solo":1,"d":"northside","org":0}},{"type":"Feature","geometry":{"type":"Polygon","coordinates":[[[-70.9036552929596,41.102964440437596],[-70.90383151967484,41.10334813979827],[-70.90550675502698,41.102964440437596],[-70.9036552929596,41.102964440437596]]]},"properties":{"kind":"pavement","solo":0,"d":"northside","org":0}},{"type":"Feature","geometry":{"type":"Polygon","coordinates":[[[-70.90550675502698,41.102964440437596],[-70.90383151967484,41.10334813979827],[-70.90404982745454,41.10383292010683],[-70.90602376430299,41.10337376097873],[-70.9058840994702,41.102964440437596],[-70.90550675502698,41.102964440437596]]]},"properties":{"kind":"pavement","solo":0,"d":"northside","org":0}},{"type":"Feature","geometry":{"type":"Polygon","coordinates":[[[-70.90602376430299,41.10337376097873],[-70.90404982745454,41.10383292010683],[-70.90414744175318,41.104049858635584],[-70.90579489207092,41.103963047418],[-70.90626863995027,41.10385120027697],[-70.90602376430299,41.10337376097873]]]},"properties":{"kind":"pavement","solo":0,"d":"northside","org":0}},{"type":"Feature","geometry":{"type":"Polygon","coordinates":[[[-70.90498965258132,41.10415315641622],[-70.90579489207092,41.103963047418],[-70.90497601555167,41.10400619753119],[-70.90498965258132,41.10415315641622]]]},"properties":{"kind":"pavement","solo":1,"d":"northside","org":0}},{"type":"Feature","geometry":{"type":"Polygon","coordinates":[[[-70.90626863995027,41.10385120027697],[-70.90579489207092,41.103963047418],[-70.90629931109002,41.10393646741813],[-70.90626863995027,41.10385120027697]]]},"properties":{"kind":"pavement","solo":1,"d":"northside","org":0}},{"type":"Feature","geometry":{"type":"Polygon","coordinates":[[[-70.90579489207092,41.103963047418],[-70.90498965258132,41.10415315641622],[-70.90504708532062,41.104772077952326],[-70.90647235051273,41.104417524757224],[-70.90629931109002,41.10393646741813],[-70.90579489207092,41.103963047418]]]},"properties":{"kind":"pavement","solo":0,"d":"northside","org":0}},{"type":"Feature","geometry":{"type":"Polygon","coordinates":[[[-70.90451733104973,41.10490386119548],[-70.90451640275784,41.10490409212012],[-70.90468390650537,41.10529323044274],[-70.90506769470404,41.10527052692971],[-70.90510915146307,41.10526455245449],[-70.90463097648168,41.104897872730625],[-70.90451733104973,41.10490386119548]]]},"properties":{"kind":"pavement","solo":0,"d":"northside","org":0}},{"type":"Feature","geometry":{"type":"Polygon","coordinates":[[[-70.9051744651172,41.10525513988058],[-70.90568419670751,41.10518168071909],[-70.90621130740712,41.10504490268026],[-70.90667570325532,41.10490169032274],[-70.90667570325532,41.10483930185116],[-70.90665258198919,41.1047913456726],[-70.90573551315565,41.10483966995965],[-70.9051744651172,41.10525513988058]]]},"properties":{"kind":"pavement","solo":0,"d":"northside","org":0}},{"type":"Feature","geometry":{"type":"Polygon","coordinates":[[[-70.90539857410107,41.105089181646306],[-70.90573551315565,41.10483966995965],[-70.90511578022526,41.104872326343695],[-70.90539857410107,41.105089181646306]]]},"properties":{"kind":"pavement","solo":1,"d":"northside","org":0}},{"type":"Feature","geometry":{"type":"Polygon","coordinates":[[[-70.90647235051273,41.104417524757224],[-70.90622121049222,41.10447999909335],[-70.90573551315565,41.10483966995965],[-70.90665258198919,41.1047913456726],[-70.90647235051273,41.104417524757224]]]},"properties":{"kind":"pavement","solo":0,"d":"northside","org":0}},{"type":"Feature","geometry":{"type":"Polygon","coordinates":[[[-70.90622121049222,41.10447999909335],[-70.90504708532062,41.104772077952326],[-70.90505183784165,41.1048232932983],[-70.90511578022526,41.104872326343695],[-70.90573551315565,41.10483966995965],[-70.90622121049222,41.10447999909335]]]},"properties":{"kind":"pavement","solo":0,"d":"northside","org":0}},{"type":"Feature","geometry":{"type":"Polygon","coordinates":[[[-70.90186730984315,41.102964440437596],[-70.90196375944338,41.1031884867755],[-70.90230132025232,41.103111418532585],[-70.90210965094731,41.102964440437596],[-70.90186730984315,41.102964440437596]]]},"properties":{"kind":"pavement","solo":1,"d":"northside","org":0}},{"type":"Feature","geometry":{"type":"Polygon","coordinates":[[[-70.90270056950281,41.10302026625007],[-70.90294508794132,41.102964440437596],[-70.90262776889482,41.102964440437596],[-70.90270056950281,41.10302026625007]]]},"properties":{"kind":"pavement","solo":1,"d":"northside","org":0}},{"type":"Feature","geometry":{"type":"Polygon","coordinates":[[[-70.90230132025232,41.103111418532585],[-70.90196375944338,41.1031884867755],[-70.90222187188998,41.10375801776229],[-70.90291452343162,41.103581642156186],[-70.90230132025232,41.103111418532585]]]},"properties":{"kind":"pavement","solo":0,"d":"northside","org":0}},{"type":"Feature","geometry":{"type":"Polygon","coordinates":[[[-70.90294508794132,41.102964440437596],[-70.90270056950281,41.10302026625007],[-70.90330348176282,41.10348259847075],[-70.90383151967484,41.10334813979827],[-70.9036552929596,41.102964440437596],[-70.90294508794132,41.102964440437596]]]},"properties":{"kind":"pavement","solo":0,"d":"northside","org":0}},{"type":"Feature","geometry":{"type":"Polygon","coordinates":[[[-70.90291452343162,41.103581642156186],[-70.90222187188998,41.10375801776229],[-70.90241553471164,41.10422740451018],[-70.90343556202251,41.103981191053705],[-70.90291452343162,41.103581642156186]]]},"properties":{"kind":"pavement","solo":0,"d":"northside","org":0}},{"type":"Feature","geometry":{"type":"Polygon","coordinates":[[[-70.90383151967484,41.10334813979827],[-70.90330348176282,41.10348259847075],[-70.90382963555703,41.10388606986822],[-70.90404982745454,41.10383292010683],[-70.90383151967484,41.10334813979827]]]},"properties":{"kind":"pavement","solo":0,"d":"northside","org":0}},{"type":"Feature","geometry":{"type":"Polygon","coordinates":[[[-70.90343556202251,41.103981191053705],[-70.90287282741365,41.10411702352765],[-70.90356512420884,41.10408054344259],[-70.90343556202251,41.103981191053705]]]},"properties":{"kind":"pavement","solo":1,"d":"northside","org":0}},{"type":"Feature","geometry":{"type":"Polygon","coordinates":[[[-70.90404982745454,41.10383292010683],[-70.90382963555703,41.10388606986822],[-70.90404992795241,41.104054997055655],[-70.90414744175318,41.104049858635584],[-70.90404982745454,41.10383292010683]]]},"properties":{"kind":"pavement","solo":1,"d":"northside","org":0}},{"type":"Feature","geometry":{"type":"Polygon","coordinates":[[[-70.90287282741365,41.10411702352765],[-70.90241553471164,41.10422740451018],[-70.90266147944601,41.104715513810206],[-70.90309609524653,41.104609474866095],[-70.90304953423812,41.10410771208777],[-70.90287282741365,41.10411702352765]]]},"properties":{"kind":"pavement","solo":0,"d":"northside","org":0}},{"type":"Feature","geometry":{"type":"Polygon","coordinates":[[[-70.90309609524653,41.104609474866095],[-70.90266147944601,41.104715513810206],[-70.90289252326322,41.10529029187935],[-70.90315351181862,41.10522822217677],[-70.90309609524653,41.104609474866095]]]},"properties":{"kind":"pavement","solo":0,"d":"northside","org":0}},{"type":"Feature","geometry":{"type":"Polygon","coordinates":[[[-70.90313019554407,41.10497695531001],[-70.90315351181862,41.10522822217677],[-70.90451640275784,41.10490409212012],[-70.90451632736996,41.104903914083664],[-70.90313019554407,41.10497695531001]]]},"properties":{"kind":"pavement","solo":0,"d":"northside","org":0}},{"type":"Feature","geometry":{"type":"Polygon","coordinates":[[[-70.90451640275784,41.10490409212012],[-70.90289252326322,41.10529029187935],[-70.90293877325965,41.105396466174106],[-70.9039651680656,41.105335748392974],[-70.90468066127322,41.105285691243104],[-70.90451640275784,41.10490409212012]]]},"properties":{"kind":"pavement","solo":0,"d":"northside","org":0}},{"type":"Feature","geometry":{"type":"Polygon","coordinates":[[[-70.90033931030803,41.102964440437596],[-70.90036166110605,41.10301813154908],[-70.90058435797795,41.102964440437596],[-70.90033931030803,41.102964440437596]]]},"properties":{"kind":"pavement","solo":1,"d":"northside","org":0}},{"type":"Feature","geometry":{"type":"Polygon","coordinates":[[[-70.90058435797795,41.102964440437596],[-70.90036166110605,41.10301813154908],[-70.90062066261898,41.103544631762524],[-70.90196375944338,41.1031884867755],[-70.90186730984315,41.102964440437596],[-70.90058435797795,41.102964440437596]]]},"properties":{"kind":"pavement","solo":0,"d":"northside","org":0}},{"type":"Feature","geometry":{"type":"Polygon","coordinates":[[[-70.90196375944338,41.1031884867755],[-70.90062066261898,41.103544631762524],[-70.90085171646099,41.104075278260304],[-70.90222187188998,41.10375801776229],[-70.90196375944338,41.1031884867755]]]},"properties":{"kind":"pavement","solo":0,"d":"northside","org":0}},{"type":"Feature","geometry":{"type":"Polygon","coordinates":[[[-70.90222187188998,41.10375801776229],[-70.90085171646099,41.104075278260304],[-70.90104769640092,41.10455824873963],[-70.90241553471164,41.10422740451018],[-70.90222187188998,41.10375801776229]]]},"properties":{"kind":"pavement","solo":0,"d":"northside","org":0}},{"type":"Feature","geometry":{"type":"Polygon","coordinates":[[[-70.90241553471164,41.10422740451018],[-70.90104769640092,41.10455824873963],[-70.90125895296192,41.10502503335444],[-70.90266147944601,41.104715513810206],[-70.90241553471164,41.10422740451018]]]},"properties":{"kind":"pavement","solo":0,"d":"northside","org":0}},{"type":"Feature","geometry":{"type":"Polygon","coordinates":[[[-70.90266147944601,41.104715513810206],[-70.90125895296192,41.10502503335444],[-70.90151824198668,41.10558993637448],[-70.90162603427513,41.105572628577164],[-70.90289252326322,41.10529029187935],[-70.90266147944601,41.104715513810206]]]},"properties":{"kind":"pavement","solo":0,"d":"northside","org":0}},{"type":"Feature","geometry":{"type":"Polygon","coordinates":[[[-70.90289252326322,41.10529029187935],[-70.902104767272,41.10546590526987],[-70.9024342761671,41.10544285225417],[-70.90292467883762,41.1053641101647],[-70.90289252326322,41.10529029187935]]]},"properties":{"kind":"pavement","solo":1,"d":"northside","org":0}},{"type":"Feature","geometry":{"type":"Polygon","coordinates":[[[-70.89862376792738,41.102964440437596],[-70.89883943295862,41.10339082788432],[-70.90036166110605,41.10301813154908],[-70.90033931030803,41.102964440437596],[-70.89862376792738,41.102964440437596]]]},"properties":{"kind":"pavement","solo":0,"d":"northside","org":0}},{"type":"Feature","geometry":{"type":"Polygon","coordinates":[[[-70.90036166110605,41.10301813154908],[-70.89883943295862,41.10339082788432],[-70.89904331881931,41.1039387448067],[-70.90062066261898,41.103544631762524],[-70.90036166110605,41.10301813154908]]]},"properties":{"kind":"pavement","solo":0,"d":"northside","org":0}},{"type":"Feature","geometry":{"type":"Polygon","coordinates":[[[-70.90062066261898,41.103544631762524],[-70.89904331881931,41.1039387448067],[-70.899304939198,41.104463004469004],[-70.90085171646099,41.104075278260304],[-70.90062066261898,41.103544631762524]]]},"properties":{"kind":"pavement","solo":0,"d":"northside","org":0}},{"type":"Feature","geometry":{"type":"Polygon","coordinates":[[[-70.90085171646099,41.104075278260304],[-70.899304939198,41.104463004469004],[-70.89952495354486,41.10494170484005],[-70.90104769640092,41.10455824873963],[-70.90085171646099,41.104075278260304]]]},"properties":{"kind":"pavement","solo":0,"d":"northside","org":0}},{"type":"Feature","geometry":{"type":"Polygon","coordinates":[[[-70.90104769640092,41.10455824873963],[-70.89952495354486,41.10494170484005],[-70.89971702256263,41.105405164983864],[-70.90125895296192,41.10502503335444],[-70.90104769640092,41.10455824873963]]]},"properties":{"kind":"pavement","solo":0,"d":"northside","org":0}},{"type":"Feature","geometry":{"type":"Polygon","coordinates":[[[-70.90125895296192,41.10502503335444],[-70.89971702256263,41.105405164983864],[-70.89988643272204,41.10582361046436],[-70.90057954001087,41.10573063536146],[-70.90131367479206,41.10562278294997],[-70.90151824198668,41.10558993637448],[-70.90125895296192,41.10502503335444]]]},"properties":{"kind":"pavement","solo":0,"d":"northside","org":0}},{"type":"Feature","geometry":{"type":"Polygon","coordinates":[[[-70.89689902402506,41.102964440437596],[-70.89705800861313,41.10331552914841],[-70.89850172368769,41.102964440437596],[-70.89689902402506,41.102964440437596]]]},"properties":{"kind":"pavement","solo":0,"d":"northside","org":0}},{"type":"Feature","geometry":{"type":"Polygon","coordinates":[[[-70.89850172368769,41.102964440437596],[-70.89705800861313,41.10331552914841],[-70.89727737815618,41.1038138640094],[-70.89883943295862,41.10339082788432],[-70.89862376792738,41.102964440437596],[-70.89850172368769,41.102964440437596]]]},"properties":{"kind":"pavement","solo":0,"d":"northside","org":0}},{"type":"Feature","geometry":{"type":"Polygon","coordinates":[[[-70.89883943295862,41.10339082788432],[-70.89727737815618,41.1038138640094],[-70.89750194364635,41.104328851703265],[-70.89904331881931,41.1039387448067],[-70.89883943295862,41.10339082788432]]]},"properties":{"kind":"pavement","solo":0,"d":"northside","org":0}},{"type":"Feature","geometry":{"type":"Polygon","coordinates":[[[-70.89904331881931,41.1039387448067],[-70.89750194364635,41.104328851703265],[-70.89772356604009,41.10486265740763],[-70.899304939198,41.104463004469004],[-70.89904331881931,41.1039387448067]]]},"properties":{"kind":"pavement","solo":0,"d":"northside","org":0}},{"type":"Feature","geometry":{"type":"Polygon","coordinates":[[[-70.899304939198,41.104463004469004],[-70.89772356604009,41.10486265740763],[-70.8979078756867,41.10533361066772],[-70.89952495354486,41.10494170484005],[-70.899304939198,41.104463004469004]]]},"properties":{"kind":"pavement","solo":0,"d":"northside","org":0}},{"type":"Feature","geometry":{"type":"Polygon","coordinates":[[[-70.89952495354486,41.10494170484005],[-70.8979078756867,41.10533361066772],[-70.8980810899904,41.10568480921883],[-70.8984036464843,41.10572981308559],[-70.89971702256263,41.105405164983864],[-70.89952495354486,41.10494170484005]]]},"properties":{"kind":"pavement","solo":0,"d":"northside","org":0}},{"type":"Feature","geometry":{"type":"Polygon","coordinates":[[[-70.89971702256263,41.105405164983864],[-70.8984036464843,41.10572981308559],[-70.89861170277288,41.10575884160514],[-70.89922311471858,41.10583567127404],[-70.89986324418763,41.10582672103095],[-70.89988643272204,41.10582361046436],[-70.89971702256263,41.105405164983864]]]},"properties":{"kind":"pavement","solo":0,"d":"northside","org":0}},{"type":"Feature","geometry":{"type":"Polygon","coordinates":[[[-70.89490211356856,41.102964440437596],[-70.8950548384061,41.10333989768482],[-70.89647100081174,41.102964440437596],[-70.89490211356856,41.102964440437596]]]},"properties":{"kind":"pavement","solo":0,"d":"northside","org":0}},{"type":"Feature","geometry":{"type":"Polygon","coordinates":[[[-70.89647100081174,41.102964440437596],[-70.8950548384061,41.10333989768482],[-70.89524372683778,41.10379464958654],[-70.89705800861313,41.10331552914841],[-70.89689902402506,41.102964440437596],[-70.89647100081174,41.102964440437596]]]},"properties":{"kind":"pavement","solo":0,"d":"northside","org":0}},{"type":"Feature","geometry":{"type":"Polygon","coordinates":[[[-70.89705800861313,41.10331552914841],[-70.89524372683778,41.10379464958654],[-70.8954472821041,41.10425477421806],[-70.89727737815618,41.1038138640094],[-70.89705800861313,41.10331552914841]]]},"properties":{"kind":"pavement","solo":0,"d":"northside","org":0}},{"type":"Feature","geometry":{"type":"Polygon","coordinates":[[[-70.89727737815618,41.1038138640094],[-70.8954472821041,41.10425477421806],[-70.89568379948287,41.104790619008284],[-70.89750194364635,41.104328851703265],[-70.89727737815618,41.1038138640094]]]},"properties":{"kind":"pavement","solo":0,"d":"northside","org":0}},{"type":"Feature","geometry":{"type":"Polygon","coordinates":[[[-70.89750194364635,41.104328851703265],[-70.89568379948287,41.104790619008284],[-70.89590484119653,41.105309868175986],[-70.89772356604009,41.10486265740763],[-70.89750194364635,41.104328851703265]]]},"properties":{"kind":"pavement","solo":0,"d":"northside","org":0}},{"type":"Feature","geometry":{"type":"Polygon","coordinates":[[[-70.89772356604009,41.10486265740763],[-70.89590484119653,41.105309868175986],[-70.89593181210405,41.10537281371508],[-70.89669263371148,41.10548011956212],[-70.89713105889572,41.105535800919235],[-70.8979078756867,41.10533361066772],[-70.89772356604009,41.10486265740763]]]},"properties":{"kind":"pavement","solo":0,"d":"northside","org":0}},{"type":"Feature","geometry":{"type":"Polygon","coordinates":[[[-70.8979078756867,41.10533361066772],[-70.89712331314716,41.105537816986434],[-70.89733876479754,41.105571249523216],[-70.89807639209485,41.105675284057945],[-70.8979078756867,41.10533361066772]]]},"properties":{"kind":"pavement","solo":0,"d":"northside","org":0}},{"type":"Feature","geometry":{"type":"Polygon","coordinates":[[[-70.89296038860665,41.102964440437596],[-70.89306483030163,41.10324702798624],[-70.89416924528298,41.102964440437596],[-70.89296038860665,41.102964440437596]]]},"properties":{"kind":"pavement","solo":0,"d":"northside","org":0}},{"type":"Feature","geometry":{"type":"Polygon","coordinates":[[[-70.89416924528298,41.102964440437596],[-70.89306483030163,41.10324702798624],[-70.89328551104876,41.10375629899306],[-70.8950548384061,41.10333989768482],[-70.89490211356856,41.102964440437596],[-70.89416924528298,41.102964440437596]]]},"properties":{"kind":"pavement","solo":0,"d":"northside","org":0}},{"type":"Feature","geometry":{"type":"Polygon","coordinates":[[[-70.8950548384061,41.10333989768482],[-70.89328551104876,41.10375629899306],[-70.89349366746342,41.10421691105488],[-70.89524372683778,41.10379464958654],[-70.8950548384061,41.10333989768482]]]},"properties":{"kind":"pavement","solo":0,"d":"northside","org":0}},{"type":"Feature","geometry":{"type":"Polygon","coordinates":[[[-70.89524372683778,41.10379464958654],[-70.89349366746342,41.10421691105488],[-70.89370177256757,41.10469783186796],[-70.8954472821041,41.10425477421806],[-70.89524372683778,41.10379464958654]]]},"properties":{"kind":"pavement","solo":0,"d":"northside","org":0}},{"type":"Feature","geometry":{"type":"Polygon","coordinates":[[[-70.8954472821041,41.10425477421806],[-70.89370177256757,41.10469783186796],[-70.89372009649612,41.104745185297844],[-70.89396530260105,41.104876250849365],[-70.89435482005668,41.10508082370993],[-70.89443448898788,41.10510467969909],[-70.89568379948287,41.104790619008284],[-70.8954472821041,41.10425477421806]]]},"properties":{"kind":"pavement","solo":0,"d":"northside","org":0}},{"type":"Feature","geometry":{"type":"Polygon","coordinates":[[[-70.89568379948287,41.104790619008284],[-70.89443448898788,41.10510467969909],[-70.89480338779934,41.10521514240912],[-70.89541461046522,41.10530899607297],[-70.89573250656785,41.105353779198715],[-70.89590484119653,41.105309868175986],[-70.89568379948287,41.104790619008284]]]},"properties":{"kind":"pavement","solo":0,"d":"northside","org":0}},{"type":"Feature","geometry":{"type":"Polygon","coordinates":[[[-70.89590484119653,41.105309868175986],[-70.89573250656785,41.105353779198715],[-70.89593593546043,41.105382436931855],[-70.89590484119653,41.105309868175986]]]},"properties":{"kind":"pavement","solo":1,"d":"northside","org":0}},{"type":"Feature","geometry":{"type":"Polygon","coordinates":[[[-70.89091921012175,41.102964440437596],[-70.8910519081789,41.10326661003968],[-70.89227963984183,41.102964440437596],[-70.89091921012175,41.102964440437596]]]},"properties":{"kind":"pavement","solo":0,"d":"northside","org":0}},{"type":"Feature","geometry":{"type":"Polygon","coordinates":[[[-70.89227963984183,41.102964440437596],[-70.8910519081789,41.10326661003968],[-70.89108527503069,41.10335550920226],[-70.89117990791665,41.103476335183004],[-70.89143866295147,41.10364796595436],[-70.89306483030163,41.10324702798624],[-70.89296038860665,41.102964440437596],[-70.89227963984183,41.102964440437596]]]},"properties":{"kind":"pavement","solo":0,"d":"northside","org":0}},{"type":"Feature","geometry":{"type":"Polygon","coordinates":[[[-70.89306483030163,41.10324702798624],[-70.89149080762647,41.103635109479264],[-70.89188004156739,41.10380854567473],[-70.89238887979475,41.10398837432317],[-70.89328551104876,41.10375629899306],[-70.89306483030163,41.10324702798624]]]},"properties":{"kind":"pavement","solo":0,"d":"northside","org":0}},{"type":"Feature","geometry":{"type":"Polygon","coordinates":[[[-70.89328551104876,41.10375629899306],[-70.89232339840517,41.104005322890416],[-70.89233142394112,41.10400967418221],[-70.89305051216967,41.1043300879834],[-70.89349366746342,41.10421691105488],[-70.89328551104876,41.10375629899306]]]},"properties":{"kind":"pavement","solo":0,"d":"northside","org":0}},{"type":"Feature","geometry":{"type":"Polygon","coordinates":[[[-70.89349366746342,41.10421691105488],[-70.89296632020593,41.104351589673655],[-70.89355729809431,41.10466196867057],[-70.89365051852748,41.10471060238523],[-70.89370177256757,41.10469783186796],[-70.89349366746342,41.10421691105488]]]},"properties":{"kind":"pavement","solo":0,"d":"northside","org":0}},{"type":"Feature","geometry":{"type":"Polygon","coordinates":[[[-70.8910251864338,41.10327314330737],[-70.8910519081789,41.10326661003968],[-70.89091921012175,41.102964440437596],[-70.89077898357266,41.102964440437596],[-70.89097026416415,41.10320866489329],[-70.8910251864338,41.10327314330737]]]},"properties":{"kind":"pavement","solo":1,"d":"northside","org":0}},{"type":"Feature","geometry":{"type":"Polygon","coordinates":[[[-70.90667570325532,41.09747938760291],[-70.90667570325532,41.09769645073001],[-70.90702803594749,41.097527608358675],[-70.90695414047615,41.097512052139024],[-70.90667570325532,41.09747938760291]]]},"properties":{"kind":"pavement","solo":1,"d":"millside","org":0}},{"type":"Feature","geometry":{"type":"Polygon","coordinates":[[[-70.90702803594749,41.097527608358675],[-70.90667570325532,41.09769645073001],[-70.90667570325532,41.098403160370815],[-70.90687579534938,41.09864201273125],[-70.9083817546703,41.09793966616507],[-70.90833825369296,41.09792102032839],[-70.90799586213672,41.097806041110736],[-70.90763935502308,41.09769086995722],[-70.90729492925274,41.09758379381639],[-70.90702803594749,41.097527608358675]]]},"properties":{"kind":"pavement","solo":0,"d":"millside","org":0}},{"type":"Feature","geometry":{"type":"Polygon","coordinates":[[[-70.9083817546703,41.09793966616507],[-70.90687579534938,41.09864201273125],[-70.90747590491661,41.099397584537044],[-70.9092942999938,41.09854553296551],[-70.90925435386245,41.09848876933956],[-70.90913588673044,41.098349779549636],[-70.90894221924806,41.098209421621675],[-70.90865136815368,41.09805523067152],[-70.9083817546703,41.09793966616507]]]},"properties":{"kind":"pavement","solo":0,"d":"millside","org":0}},{"type":"Feature","geometry":{"type":"Polygon","coordinates":[[[-70.90915087051258,41.09861274020579],[-70.90747590491661,41.099397584537044],[-70.90817299889845,41.10021570729182],[-70.90980403006562,41.099435093214474],[-70.90955041060195,41.098978719479085],[-70.90915087051258,41.09861274020579]]]},"properties":{"kind":"pavement","solo":0,"d":"millside","org":0}},{"type":"Feature","geometry":{"type":"Polygon","coordinates":[[[-70.90996326421059,41.09935888350269],[-70.90817299889845,41.10021570729182],[-70.90883672709583,41.101021417278886],[-70.91036710178703,41.10028712232174],[-70.91035399495078,41.10022719357796],[-70.91028812639456,41.09993749443997],[-70.910226334105,41.0996695673128],[-70.91014865222084,41.099526709627675],[-70.9099887946149,41.09938027984],[-70.90996326421059,41.09935888350269]]]},"properties":{"kind":"pavement","solo":0,"d":"millside","org":0}},{"type":"Feature","geometry":{"type":"Polygon","coordinates":[[[-70.91035743377783,41.10029176116636],[-70.90883672709583,41.101021417278886],[-70.90936866160739,41.10169008595289],[-70.91051033545621,41.1011548338375],[-70.91050271197713,41.101094097415455],[-70.91035743377783,41.10029176116636]]]},"properties":{"kind":"pavement","solo":0,"d":"millside","org":0}},{"type":"Feature","geometry":{"type":"Polygon","coordinates":[[[-70.91049814415892,41.10116054949585],[-70.90936866160739,41.10169008595289],[-70.91005822708317,41.10248101914605],[-70.91024925021446,41.10229389535657],[-70.91043772277077,41.10206926309035],[-70.9105852714346,41.10185504088314],[-70.91061347768976,41.10170582957367],[-70.91055744765016,41.101396389258284],[-70.91049814415892,41.10116054949585]]]},"properties":{"kind":"pavement","solo":0,"d":"millside","org":0}},{"type":"Feature","geometry":{"type":"Polygon","coordinates":[[[-70.90667570325532,41.09873604383953],[-70.90687579534938,41.09864201273125],[-70.90667570325532,41.098403160370815],[-70.90667570325532,41.09873604383953]]]},"properties":{"kind":"pavement","solo":1,"d":"millside","org":0}},{"type":"Feature","geometry":{"type":"Polygon","coordinates":[[[-70.90687579534938,41.09864201273125],[-70.90667570325532,41.09873604383953],[-70.90667570325532,41.0997631017751],[-70.90747590491661,41.099397584537044],[-70.90687579534938,41.09864201273125]]]},"properties":{"kind":"pavement","solo":0,"d":"millside","org":0}},{"type":"Feature","geometry":{"type":"Polygon","coordinates":[[[-70.90747590491661,41.099397584537044],[-70.90667570325532,41.0997631017751],[-70.90667570325532,41.10088085836392],[-70.90817299889845,41.10021570729182],[-70.90747590491661,41.099397584537044]]]},"properties":{"kind":"pavement","solo":0,"d":"millside","org":0}},{"type":"Feature","geometry":{"type":"Polygon","coordinates":[[[-70.90817299889845,41.10021570729182],[-70.90667570325532,41.10088085836392],[-70.90667570325532,41.101993071247534],[-70.90883672709583,41.101021417278886],[-70.90817299889845,41.10021570729182]]]},"properties":{"kind":"pavement","solo":0,"d":"millside","org":0}},{"type":"Feature","geometry":{"type":"Polygon","coordinates":[[[-70.90883672709583,41.101021417278886],[-70.90667570325532,41.101993071247534],[-70.90667570325532,41.10259464830336],[-70.90688042818152,41.102840086505914],[-70.90936866160739,41.10169008595289],[-70.90883672709583,41.101021417278886]]]},"properties":{"kind":"pavement","solo":0,"d":"millside","org":0}},{"type":"Feature","geometry":{"type":"Polygon","coordinates":[[[-70.90936866160739,41.10169008595289],[-70.90688042818152,41.102840086505914],[-70.90761314322677,41.10370066298168],[-70.90990621967212,41.10262992364044],[-70.91000204327042,41.102536056082556],[-70.91004449022695,41.10246526294025],[-70.90936866160739,41.10169008595289]]]},"properties":{"kind":"pavement","solo":0,"d":"millside","org":0}},{"type":"Feature","geometry":{"type":"Polygon","coordinates":[[[-70.90986840506916,41.10264758095978],[-70.90761314322677,41.10370066298168],[-70.90809922854413,41.10428344365393],[-70.90848716735925,41.104111611713215],[-70.90930420379529,41.103699914537835],[-70.9098174159887,41.1028439779336],[-70.90986840506916,41.10264758095978]]]},"properties":{"kind":"pavement","solo":0,"d":"millside","org":0}},{"type":"Feature","geometry":{"type":"Polygon","coordinates":[[[-70.90667570325532,41.102941498679264],[-70.90688042818152,41.102840086505914],[-70.90667570325532,41.10259464830336],[-70.90667570325532,41.102941498679264]]]},"properties":{"kind":"pavement","solo":1,"d":"millside","org":0}},{"type":"Feature","geometry":{"type":"Polygon","coordinates":[[[-70.90688042818152,41.102840086505914],[-70.90667570325532,41.102941498679264],[-70.90667570325532,41.104166130256694],[-70.90761314322677,41.10370066298168],[-70.90688042818152,41.102840086505914]]]},"properties":{"kind":"pavement","solo":0,"d":"millside","org":0}},{"type":"Feature","geometry":{"type":"Polygon","coordinates":[[[-70.90761314322677,41.10370066298168],[-70.90667570325532,41.104166130256694],[-70.90667570325532,41.10490169032274],[-70.9067394362373,41.10488203607596],[-70.90725325075303,41.1046966870923],[-70.90774477362751,41.104485697113695],[-70.9081131154543,41.104300093041495],[-70.90761314322677,41.10370066298168]]]},"properties":{"kind":"pavement","solo":0,"d":"millside","org":0}},{"type":"Feature","geometry":{"type":"Polygon","coordinates":[[[-70.90657984987675,41.09809907771671],[-70.9065759650478,41.09813308793773],[-70.90646907221793,41.09812615446827],[-70.90647295704689,41.09809214424724],[-70.90657984987675,41.09809907771671]]]},"properties":{"kind":"crosswalk"}},{"type":"Feature","geometry":{"type":"Polygon","coordinates":[[[-70.90651887343365,41.098632903615],[-70.9065149886047,41.09866691383603],[-70.90640809577484,41.09865998036656],[-70.90641198060379,41.098625970145534],[-70.90651887343365,41.098632903615]]]},"properties":{"kind":"crosswalk"}},{"type":"Feature","geometry":{"type":"Polygon","coordinates":[[[-70.90658629651529,41.09867143345409],[-70.90658629651529,41.098637297473296],[-70.90669358460332,41.098637297473296],[-70.90669358460332,41.09867143345409],[-70.90658629651529,41.09867143345409]]]},"properties":{"kind":"crosswalk"}},{"type":"Feature","geometry":{"type":"Polygon","coordinates":[[[-70.90658629651529,41.098133520507886],[-70.90658629651529,41.09809938452709],[-70.90669358460332,41.09809938452709],[-70.90669358460332,41.098133520507886],[-70.90658629651529,41.098133520507886]]]},"properties":{"kind":"crosswalk"}},{"type":"Feature","geometry":{"type":"Polygon","coordinates":[[[-70.90649461813784,41.09884231464215],[-70.90649060382262,41.098876316323164],[-70.90638373783369,41.0988691517524],[-70.9063877521489,41.09883515007139],[-70.90649461813784,41.09884231464215]]]},"properties":{"kind":"crosswalk"}},{"type":"Feature","geometry":{"type":"Polygon","coordinates":[[[-70.90643068819567,41.099383808118965],[-70.90642667388046,41.09941780979998],[-70.90631980789152,41.09941064522922],[-70.90632382220673,41.099376643548204],[-70.90643068819567,41.099383808118965]]]},"properties":{"kind":"crosswalk"}},{"type":"Feature","geometry":{"type":"Polygon","coordinates":[[[-70.90658629651529,41.09942813871478],[-70.90658629651529,41.09939400273399],[-70.90669358460332,41.09939400273399],[-70.90669358460332,41.09942813871478],[-70.90658629651529,41.09942813871478]]]},"properties":{"kind":"crosswalk"}},{"type":"Feature","geometry":{"type":"Polygon","coordinates":[[[-70.90658629651529,41.09888210029707],[-70.90658629651529,41.09884796431627],[-70.90669358460332,41.09884796431627],[-70.90669358460332,41.09888210029707],[-70.90658629651529,41.09888210029707]]]},"properties":{"kind":"crosswalk"}},{"type":"Feature","geometry":{"type":"Polygon","coordinates":[[[-70.90640589346165,41.099593182941014],[-70.90640185002398,41.099627182662445],[-70.90629499019394,41.09961996611522],[-70.90629903363161,41.09958596639379],[-70.90640589346165,41.099593182941014]]]},"properties":{"kind":"crosswalk"}},{"type":"Feature","geometry":{"type":"Polygon","coordinates":[[[-70.9063491388956,41.10007041038792],[-70.90634509545794,41.10010441010935],[-70.9062382356279,41.10009719356213],[-70.90624227906557,41.1000631938407],[-70.9063491388956,41.10007041038792]]]},"properties":{"kind":"crosswalk"}},{"type":"Feature","geometry":{"type":"Polygon","coordinates":[[[-70.90658629651529,41.10011820576232],[-70.90658629651529,41.10008406978152],[-70.90669358460332,41.10008406978152],[-70.90669358460332,41.10011820576232],[-70.90658629651529,41.10011820576232]]]},"properties":{"kind":"crosswalk"}},{"type":"Feature","geometry":{"type":"Polygon","coordinates":[[[-70.90658629651529,41.099638833223715],[-70.90658629651529,41.09960469724292],[-70.90669358460332,41.09960469724292],[-70.90669358460332,41.099638833223715],[-70.90658629651529,41.099638833223715]]]},"properties":{"kind":"crosswalk"}},{"type":"Feature","geometry":{"type":"Polygon","coordinates":[[[-70.90632783658808,41.100279994132315],[-70.90632518681223,41.100314071662716],[-70.90621808243156,41.100309342460946],[-70.90622073220742,41.100275264930545],[-70.90632783658808,41.100279994132315]]]},"properties":{"kind":"crosswalk"}},{"type":"Feature","geometry":{"type":"Polygon","coordinates":[[[-70.90628540153097,41.100825731594966],[-70.90628275175511,41.10085980912537],[-70.90617564737444,41.100855079923605],[-70.90617829715029,41.100821002393204],[-70.90628540153097,41.100825731594966]]]},"properties":{"kind":"crosswalk"}},{"type":"Feature","geometry":{"type":"Polygon","coordinates":[[[-70.90658629651529,41.10088039603709],[-70.90658629651529,41.100846260056294],[-70.90669358460332,41.100846260056294],[-70.90669358460332,41.10088039603709],[-70.90658629651529,41.10088039603709]]]},"properties":{"kind":"crosswalk"}},{"type":"Feature","geometry":{"type":"Polygon","coordinates":[[[-70.90658629651529,41.100328795923396],[-70.90658629651529,41.1002946599426],[-70.90669358460332,41.1002946599426],[-70.90669358460332,41.100328795923396],[-70.90658629651529,41.100328795923396]]]},"properties":{"kind":"crosswalk"}},{"type":"Feature","geometry":{"type":"Polygon","coordinates":[[[-70.90655898804775,41.101034499836594],[-70.90651386971008,41.101031450687714],[-70.90652345306893,41.1009509254908],[-70.90656857140658,41.10095397463968],[-70.90655898804775,41.101034499836594]]]},"properties":{"kind":"crosswalk"}},{"type":"Feature","geometry":{"type":"Polygon","coordinates":[[[-70.90634069742285,41.10101974750643],[-70.90629557908518,41.101016698357554],[-70.90630516244401,41.10093617316064],[-70.90635028078168,41.10093922230951],[-70.90634069742285,41.10101974750643]]]},"properties":{"kind":"crosswalk"}},{"type":"Feature","geometry":{"type":"Polygon","coordinates":[[[-70.90626593897342,41.10103543922625],[-70.90626208669165,41.1010694515495],[-70.90615518725458,41.101062576168815],[-70.90615903953635,41.10102856384556],[-70.90626593897342,41.10103543922625]]]},"properties":{"kind":"crosswalk"}},{"type":"Feature","geometry":{"type":"Polygon","coordinates":[[[-70.90620821371637,41.10154510342631],[-70.9062043614346,41.101579115749566],[-70.90609746199753,41.101572240368874],[-70.9061013142793,41.10153822804563],[-70.90620821371637,41.10154510342631]]]},"properties":{"kind":"crosswalk"}},{"type":"Feature","geometry":{"type":"Polygon","coordinates":[[[-70.90622937222764,41.10160123571167],[-70.90627454668922,41.101603769412776],[-70.90626658336312,41.10168439477714],[-70.90622140890154,41.10168186107604],[-70.90622937222764,41.10160123571167]]]},"properties":{"kind":"crosswalk"}},{"type":"Feature","geometry":{"type":"Polygon","coordinates":[[[-70.90651377961645,41.10161718727566],[-70.90655895407802,41.10161972097676],[-70.90655099075192,41.101700346341126],[-70.90650581629035,41.10169781264002],[-70.90651377961645,41.10161718727566]]]},"properties":{"kind":"crosswalk"}},{"type":"Feature","geometry":{"type":"Polygon","coordinates":[[[-70.90658629651529,41.10160059328115],[-70.90658629651529,41.10156645730035],[-70.90669358460332,41.10156645730035],[-70.90669358460332,41.10160059328115],[-70.90658629651529,41.10160059328115]]]},"properties":{"kind":"crosswalk"}},{"type":"Feature","geometry":{"type":"Polygon","coordinates":[[[-70.90658629651529,41.1010911426064],[-70.90658629651529,41.1010570066256],[-70.90669358460332,41.1010570066256],[-70.90669358460332,41.1010911426064],[-70.90658629651529,41.1010911426064]]]},"properties":{"kind":"crosswalk"}},{"type":"Feature","geometry":{"type":"Polygon","coordinates":[[[-70.90655895407802,41.1017548409828],[-70.90651377961645,41.1017523072817],[-70.90652174294254,41.10167168191733],[-70.90656691740412,41.10167421561843],[-70.90655895407802,41.1017548409828]]]},"properties":{"kind":"crosswalk"}},{"type":"Feature","geometry":{"type":"Polygon","coordinates":[[[-70.90626042602149,41.101738097432595],[-70.90621525155991,41.101735563731495],[-70.90622321488603,41.101654938367126],[-70.9062683893476,41.101657472068226],[-70.90626042602149,41.101738097432595]]]},"properties":{"kind":"crosswalk"}},{"type":"Feature","geometry":{"type":"Polygon","coordinates":[[[-70.90618591215129,41.101754636552194],[-70.90618261280729,41.10178868187011],[-70.90607560966924,41.10178279334809],[-70.90607890901323,41.101748748030175],[-70.90618591215129,41.101754636552194]]]},"properties":{"kind":"crosswalk"}},{"type":"Feature","geometry":{"type":"Polygon","coordinates":[[[-70.90614877093607,41.102137889854056],[-70.90614547159208,41.102171935171974],[-70.90603846845403,41.102166046649955],[-70.90604176779802,41.10213200133204],[-70.90614877093607,41.102137889854056]]]},"properties":{"kind":"crosswalk"}},{"type":"Feature","geometry":{"type":"Polygon","coordinates":[[[-70.90617080172161,41.10219422318594],[-70.90621595084484,41.102197001543274],[-70.9062072185735,41.10227758168488],[-70.90616206945027,41.102274803327546],[-70.90617080172161,41.10219422318594]]]},"properties":{"kind":"crosswalk"}},{"type":"Feature","geometry":{"type":"Polygon","coordinates":[[[-70.90643621746055,41.102210556166796],[-70.90648136658378,41.10221333452413],[-70.90647263431244,41.10229391466574],[-70.90642748518921,41.1022911363084],[-70.90643621746055,41.102210556166796]]]},"properties":{"kind":"crosswalk"}},{"type":"Feature","geometry":{"type":"Polygon","coordinates":[[[-70.90658629651529,41.10211791832221],[-70.90658629651529,41.10208378234142],[-70.90669358460332,41.10208378234142],[-70.90669358460332,41.10211791832221],[-70.90658629651529,41.10211791832221]]]},"properties":{"kind":"crosswalk"}},{"type":"Feature","geometry":{"type":"Polygon","coordinates":[[[-70.90658629651529,41.10181117177106],[-70.90658629651529,41.10177703579026],[-70.90669358460332,41.10177703579026],[-70.90669358460332,41.10181117177106],[-70.90658629651529,41.10181117177106]]]},"properties":{"kind":"crosswalk"}},{"type":"Feature","geometry":{"type":"Polygon","coordinates":[[[-70.90655896941439,41.10235330583396],[-70.90651382029117,41.10235052747662],[-70.90652255256249,41.10226994733502],[-70.90656770168572,41.10227272569235],[-70.90655896941439,41.10235330583396]]]},"properties":{"kind":"crosswalk"}},{"type":"Feature","geometry":{"type":"Polygon","coordinates":[[[-70.9062004544992,41.10233124377663],[-70.90615530537598,41.1023284654193],[-70.9061640376473,41.10224788527769],[-70.90620918677052,41.10225066363503],[-70.9062004544992,41.10233124377663]]]},"properties":{"kind":"crosswalk"}},{"type":"Feature","geometry":{"type":"Polygon","coordinates":[[[-70.9061252195339,41.102347340181126],[-70.90612066161371,41.10238130292757],[-70.90601391799467,41.102373168154884],[-70.90601847591486,41.10233920540844],[-70.9061252195339,41.102347340181126]]]},"properties":{"kind":"crosswalk"}},{"type":"Feature","geometry":{"type":"Polygon","coordinates":[[[-70.90605876094801,41.102842547645686],[-70.90605420302784,41.10287651039212],[-70.90594745940878,41.10286837561944],[-70.90595201732897,41.102834412872994],[-70.90605876094801,41.102842547645686]]]},"properties":{"kind":"crosswalk"}},{"type":"Feature","geometry":{"type":"Polygon","coordinates":[[[-70.9060788623536,41.102897066791286],[-70.90612416176855,41.102897066791286],[-70.90612416176855,41.10297791516686],[-70.9060788623536,41.10297791516686],[-70.9060788623536,41.102897066791286]]]},"properties":{"kind":"crosswalk"}},{"type":"Feature","geometry":{"type":"Polygon","coordinates":[[[-70.9065135790334,41.102897066791286],[-70.90655887844835,41.102897066791286],[-70.90655887844835,41.10297791516686],[-70.9065135790334,41.10297791516686],[-70.9065135790334,41.102897066791286]]]},"properties":{"kind":"crosswalk"}},{"type":"Feature","geometry":{"type":"Polygon","coordinates":[[[-70.90658629651529,41.10287640553975],[-70.90658629651529,41.102842269558955],[-70.90669358460332,41.102842269558955],[-70.90669358460332,41.10287640553975],[-70.90658629651529,41.10287640553975]]]},"properties":{"kind":"crosswalk"}},{"type":"Feature","geometry":{"type":"Polygon","coordinates":[[[-70.90658629651529,41.102409784703624],[-70.90658629651529,41.10237564872283],[-70.90669358460332,41.10237564872283],[-70.90669358460332,41.102409784703624],[-70.90658629651529,41.102409784703624]]]},"properties":{"kind":"crosswalk"}},{"type":"Feature","geometry":{"type":"Polygon","coordinates":[[[-70.90550205181097,41.097342678160956],[-70.90545688246651,41.09734009317322],[-70.90546500698454,41.097259476941645],[-70.905510176329,41.09726206192938],[-70.90550205181097,41.097342678160956]]]},"properties":{"kind":"crosswalk"}},{"type":"Feature","geometry":{"type":"Polygon","coordinates":[[[-70.90441034807131,41.097280201257426],[-70.90436517872685,41.09727761626969],[-70.90437330324488,41.097197000038115],[-70.90441847258934,41.097199585025855],[-70.90441034807131,41.097280201257426]]]},"properties":{"kind":"crosswalk"}},{"type":"Feature","geometry":{"type":"Polygon","coordinates":[[[-70.90433661383918,41.09729669227289],[-70.90433458902139,41.09733079413549],[-70.90422740816557,41.097327180331],[-70.90422943298336,41.09729307846841],[-70.90433661383918,41.09729669227289]]]},"properties":{"kind":"crosswalk"}},{"type":"Feature","geometry":{"type":"Polygon","coordinates":[[[-70.90430828578704,41.097773791667876],[-70.90430626096925,41.097807893530465],[-70.90419908011344,41.097804279725985],[-70.90420110493123,41.09777017786339],[-70.90430828578704,41.097773791667876]]]},"properties":{"kind":"crosswalk"}},{"type":"Feature","geometry":{"type":"Polygon","coordinates":[[[-70.90433239278622,41.097829908222536],[-70.90437759191029,41.09783217845989],[-70.90437045664073,41.097912847840796],[-70.90432525751665,41.09791057760344],[-70.90433239278622,41.097829908222536]]]},"properties":{"kind":"crosswalk"}},{"type":"Feature","geometry":{"type":"Polygon","coordinates":[[[-70.90634651917266,41.0979310726819],[-70.90639171829673,41.09793334291925],[-70.90638458302718,41.09801401230016],[-70.90633938390309,41.09801174206281],[-70.90634651917266,41.0979310726819]]]},"properties":{"kind":"crosswalk"}},{"type":"Feature","geometry":{"type":"Polygon","coordinates":[[[-70.90642140414336,41.09791413040086],[-70.90642525120066,41.097880117741816],[-70.9065321516931,41.09788698379811],[-70.9065283046358,41.097920996457155],[-70.90642140414336,41.09791413040086]]]},"properties":{"kind":"crosswalk"}},{"type":"Feature","geometry":{"type":"Polygon","coordinates":[[[-70.90645789074127,41.09759154455957],[-70.90646173779857,41.09755753190053],[-70.906568638291,41.09756439795682],[-70.90656479123372,41.097598410615866],[-70.90645789074127,41.09759154455957]]]},"properties":{"kind":"crosswalk"}},{"type":"Feature","geometry":{"type":"Polygon","coordinates":[[[-70.90643790544887,41.09753076050123],[-70.90639468320514,41.09752054215272],[-70.90642679908545,41.097443401019675],[-70.9064700213292,41.09745361936818],[-70.90643790544887,41.09753076050123]]]},"properties":{"kind":"crosswalk"}},{"type":"Feature","geometry":{"type":"Polygon","coordinates":[[[-70.90614479458182,41.097461464954975],[-70.90610157233807,41.097451246606475],[-70.9061336882184,41.09737410547343],[-70.90617691046215,41.097384323821935],[-70.90614479458182,41.097461464954975]]]},"properties":{"kind":"crosswalk"}},{"type":"Feature","geometry":{"type":"Polygon","coordinates":[[[-70.90604878120601,41.09744014470725],[-70.9060047833185,41.09743202078747],[-70.90603031648907,41.09735349532002],[-70.90607431437658,41.097361619239805],[-70.90604878120601,41.09744014470725]]]},"properties":{"kind":"crosswalk"}},{"type":"Feature","geometry":{"type":"Polygon","coordinates":[[[-70.90560001933888,41.09735728378791],[-70.90555602145137,41.09734915986813],[-70.90558155462195,41.09727063440069],[-70.90562555250945,41.09727875832046],[-70.90560001933888,41.09735728378791]]]},"properties":{"kind":"crosswalk"}},{"type":"Feature","geometry":{"type":"Polygon","coordinates":[[[-70.90630507351379,41.09806403725059],[-70.9062598743897,41.098061767013235],[-70.90626700965927,41.09798109763233],[-70.90631220878335,41.09798336786967],[-70.90630507351379,41.09806403725059]]]},"properties":{"kind":"crosswalk"}},{"type":"Feature","geometry":{"type":"Polygon","coordinates":[[[-70.90443455915269,41.09797008605897],[-70.9043893600286,41.09796781582162],[-70.90439649529817,41.09788714644071],[-70.90444169442225,41.09788941667806],[-70.90443455915269,41.09797008605897]]]},"properties":{"kind":"crosswalk"}},{"type":"Feature","geometry":{"type":"Polygon","coordinates":[[[-70.9043587565553,41.0979869576676],[-70.90435339341911,41.09802085356353],[-70.90424685990867,41.098011281677266],[-70.90425222304485,41.097977385781334],[-70.9043587565553,41.0979869576676]]]},"properties":{"kind":"crosswalk"}},{"type":"Feature","geometry":{"type":"Polygon","coordinates":[[[-70.90427394635907,41.09852297194932],[-70.90426858322289,41.098556867845254],[-70.90416204971244,41.09854729595899],[-70.90416741284862,41.098513400063055],[-70.90427394635907,41.09852297194932]]]},"properties":{"kind":"crosswalk"}},{"type":"Feature","geometry":{"type":"Polygon","coordinates":[[[-70.9042926987121,41.09857870914422],[-70.90433790483044,41.098580898872676],[-70.90433102259729,41.09866158073664],[-70.90428581647895,41.098659391008184],[-70.9042926987121,41.09857870914422]]]},"properties":{"kind":"crosswalk"}},{"type":"Feature","geometry":{"type":"Polygon","coordinates":[[[-70.90619033056342,41.09867062808363],[-70.90623553668178,41.09867281781208],[-70.90622865444861,41.09875349967604],[-70.90618344833027,41.098751309947595],[-70.90619033056342,41.09867062808363]]]},"properties":{"kind":"crosswalk"}},{"type":"Feature","geometry":{"type":"Polygon","coordinates":[[[-70.90626524962356,41.098653558040255],[-70.90626913445251,41.09861954781923],[-70.90637602728238,41.0986264812887],[-70.90637214245342,41.098660491509726],[-70.90626524962356,41.098653558040255]]]},"properties":{"kind":"crosswalk"}},{"type":"Feature","geometry":{"type":"Polygon","coordinates":[[[-70.90632619470557,41.09812000669642],[-70.90633007953453,41.09808599647539],[-70.90643697236439,41.09809292994486],[-70.90643308753543,41.09812694016588],[-70.90632619470557,41.09812000669642]]]},"properties":{"kind":"crosswalk"}},{"type":"Feature","geometry":{"type":"Polygon","coordinates":[[[-70.90621993142439,41.09880708729742],[-70.90617472530604,41.098804897568975],[-70.9061816075392,41.09872421570501],[-70.90622681365754,41.09872640543346],[-70.90621993142439,41.09880708729742]]]},"properties":{"kind":"crosswalk"}},{"type":"Feature","geometry":{"type":"Polygon","coordinates":[[[-70.90432229894606,41.098715168327644],[-70.90427709282771,41.098712978599195],[-70.90428397506086,41.09863229673523],[-70.90432918117921,41.09863448646368],[-70.90432229894606,41.098715168327644]]]},"properties":{"kind":"crosswalk"}},{"type":"Feature","geometry":{"type":"Polygon","coordinates":[[[-70.90424826677481,41.09873228499604],[-70.90424584724056,41.098766372249706],[-70.90413871230004,41.09876205397287],[-70.9041411318343,41.0987279667192],[-70.90424826677481,41.09873228499604]]]},"properties":{"kind":"crosswalk"}},{"type":"Feature","geometry":{"type":"Polygon","coordinates":[[[-70.90422201087785,41.0991021873514],[-70.90421959134359,41.099136274605065],[-70.90411245640308,41.099131956328236],[-70.90411487593734,41.09909786907457],[-70.90422201087785,41.0991021873514]]]},"properties":{"kind":"crosswalk"}},{"type":"Feature","geometry":{"type":"Polygon","coordinates":[[[-70.90424273230741,41.09916602179516],[-70.9042833847384,41.09918108207297],[-70.90423605085866,41.09925363671883],[-70.90419539842766,41.099238576441024],[-70.90424273230741,41.09916602179516]]]},"properties":{"kind":"crosswalk"}},{"type":"Feature","geometry":{"type":"Polygon","coordinates":[[[-70.90468624164353,41.099330326208076],[-70.90472689407453,41.09934538648587],[-70.90467956019478,41.09941794113173],[-70.90463890776378,41.09940288085394],[-70.90468624164353,41.099330326208076]]]},"properties":{"kind":"crosswalk"}},{"type":"Feature","geometry":{"type":"Polygon","coordinates":[[[-70.90477885896321,41.099355851995085],[-70.90482406156568,41.09935808255859],[-70.9048170509895,41.09943875814756],[-70.90477184838703,41.09943652758406],[-70.90477885896321,41.099355851995085]]]},"properties":{"kind":"crosswalk"}},{"type":"Feature","geometry":{"type":"Polygon","coordinates":[[[-70.90610196800074,41.09942114201323],[-70.9061471706032,41.09942337257674],[-70.90614016002702,41.09950404816571],[-70.90609495742456,41.0995018176022],[-70.90610196800074,41.09942114201323]]]},"properties":{"kind":"crosswalk"}},{"type":"Feature","geometry":{"type":"Polygon","coordinates":[[[-70.90617695979023,41.09940414268982],[-70.90618097410544,41.099370141008805],[-70.90628784009438,41.099377305579566],[-70.90628382577917,41.09941130726058],[-70.90617695979023,41.09940414268982]]]},"properties":{"kind":"crosswalk"}},{"type":"Feature","geometry":{"type":"Polygon","coordinates":[[[-70.90624084899002,41.09886299430522],[-70.90624486330523,41.098828992624206],[-70.90635172929417,41.09883615719497],[-70.90634771497896,41.09887015887598],[-70.90624084899002,41.09886299430522]]]},"properties":{"kind":"crosswalk"}},{"type":"Feature","geometry":{"type":"Polygon","coordinates":[[[-70.90613126023331,41.09955762335212],[-70.90608605763084,41.09955539278861],[-70.90609306820703,41.099474717199634],[-70.90613827080949,41.099476947763144],[-70.90613126023331,41.09955762335212]]]},"properties":{"kind":"crosswalk"}},{"type":"Feature","geometry":{"type":"Polygon","coordinates":[[[-70.90426495079025,41.0994655286162],[-70.90421974818777,41.0994632980527],[-70.90422675876395,41.09938262246372],[-70.90427196136642,41.099384853027225],[-70.90426495079025,41.0994655286162]]]},"properties":{"kind":"crosswalk"}},{"type":"Feature","geometry":{"type":"Polygon","coordinates":[[[-70.90418965107716,41.09948250597577],[-70.9041851280186,41.0995164713687],[-70.90407837608173,41.0995083988155],[-70.90408289914029,41.09947443342257],[-70.90418965107716,41.09948250597577]]]},"properties":{"kind":"crosswalk"}},{"type":"Feature","geometry":{"type":"Polygon","coordinates":[[[-70.90412741263842,41.099949878440626],[-70.90412288957987,41.099983843833556],[-70.904016137643,41.099975771280356],[-70.90402066070155,41.099941805887426],[-70.90412741263842,41.099949878440626]]]},"properties":{"kind":"crosswalk"}},{"type":"Feature","geometry":{"type":"Polygon","coordinates":[[[-70.90414749950929,41.10000588250559],[-70.90419268245125,41.10000832883167],[-70.90418499374152,41.10008896933145],[-70.90413981079956,41.10008652300537],[-70.90414749950929,41.10000588250559]]]},"properties":{"kind":"crosswalk"}},{"type":"Feature","geometry":{"type":"Polygon","coordinates":[[[-70.90602041363,41.10010728711669],[-70.90606559657196,41.10010973344277],[-70.90605790786223,41.10019037394255],[-70.90601272492026,41.100187927616474],[-70.90602041363,41.10010728711669]]]},"properties":{"kind":"crosswalk"}},{"type":"Feature","geometry":{"type":"Polygon","coordinates":[[[-70.90609539148595,41.10009063533506],[-70.90609943492362,41.100056635613626],[-70.90620629475366,41.10006385216085],[-70.90620225131599,41.10009785188228],[-70.90609539148595,41.10009063533506]]]},"properties":{"kind":"crosswalk"}},{"type":"Feature","geometry":{"type":"Polygon","coordinates":[[[-70.9061521289217,41.099613551930226],[-70.90615617235937,41.099579552208795],[-70.90626303218941,41.09958676875602],[-70.90625898875174,41.09962076847745],[-70.9061521289217,41.099613551930226]]]},"properties":{"kind":"crosswalk"}},{"type":"Feature","geometry":{"type":"Polygon","coordinates":[[[-70.90605239561874,41.10024411335301],[-70.90600721267678,41.10024166702693],[-70.90601490138651,41.10016102652714],[-70.90606008432847,41.10016347285322],[-70.90605239561874,41.10024411335301]]]},"properties":{"kind":"crosswalk"}},{"type":"Feature","geometry":{"type":"Polygon","coordinates":[[[-70.9041770782668,41.1001425786245],[-70.90413189532484,41.10014013229842],[-70.90413958403457,41.10005949179863],[-70.90418476697654,41.10006193812472],[-70.9041770782668,41.1001425786245]]]},"properties":{"kind":"crosswalk"}},{"type":"Feature","geometry":{"type":"Polygon","coordinates":[[[-70.90410252078989,41.100159256340966],[-70.9040991718915,41.10019329891124],[-70.90399217738916,41.10018732194675],[-70.90399552628755,41.10015327937647],[-70.90410252078989,41.100159256340966]]]},"properties":{"kind":"crosswalk"}},{"type":"Feature","geometry":{"type":"Polygon","coordinates":[[[-70.90404889567621,41.10070437192498],[-70.90404554677782,41.10073841449526],[-70.90393855227548,41.100732437530766],[-70.90394190117387,41.10069839496048],[-70.90404889567621,41.10070437192498]]]},"properties":{"kind":"crosswalk"}},{"type":"Feature","geometry":{"type":"Polygon","coordinates":[[[-70.90407086847256,41.10076048840916],[-70.90411605321445,41.100762915783584],[-70.90410842406905,41.100843559495786],[-70.90406323932717,41.10084113212136],[-70.90407086847256,41.10076048840916]]]},"properties":{"kind":"crosswalk"}},{"type":"Feature","geometry":{"type":"Polygon","coordinates":[[[-70.90595898297194,41.10086192001307],[-70.90600416771382,41.10086434738749],[-70.90599653856843,41.100944991099695],[-70.90595135382654,41.10094256372527],[-70.90595898297194,41.10086192001307]]]},"properties":{"kind":"crosswalk"}},{"type":"Feature","geometry":{"type":"Polygon","coordinates":[[[-70.90603312018509,41.10084519071413],[-70.90603576996094,41.10081111318373],[-70.9061428743416,41.1008158423855],[-70.90614022456575,41.1008499199159],[-70.90603312018509,41.10084519071413]]]},"properties":{"kind":"crosswalk"}},{"type":"Feature","geometry":{"type":"Polygon","coordinates":[[[-70.90607548960132,41.10030029742812],[-70.90607813937717,41.10026621989772],[-70.90618524375785,41.10027094909948],[-70.906182593982,41.10030502662988],[-70.90607548960132,41.10030029742812]]]},"properties":{"kind":"crosswalk"}},{"type":"Feature","geometry":{"type":"Polygon","coordinates":[[[-70.90599133069644,41.1009987470326],[-70.90594614595454,41.10099631965818],[-70.90595377509995,41.10091567594598],[-70.90599895984182,41.1009181033204],[-70.90599133069644,41.1009987470326]]]},"properties":{"kind":"crosswalk"}},{"type":"Feature","geometry":{"type":"Polygon","coordinates":[[[-70.90410338086829,41.10089732427502],[-70.90405819612641,41.10089489690059],[-70.9040658252718,41.10081425318839],[-70.90411101001368,41.100816680562815],[-70.90410338086829,41.10089732427502]]]},"properties":{"kind":"crosswalk"}},{"type":"Feature","geometry":{"type":"Polygon","coordinates":[[[-70.90402898819157,41.10091404139197],[-70.90402591634545,41.10094809879562],[-70.90391887522239,41.100942616301666],[-70.90392194706851,41.10090855889801],[-70.90402898819157,41.10091404139197]]]},"properties":{"kind":"crosswalk"}},{"type":"Feature","geometry":{"type":"Polygon","coordinates":[[[-70.90398443513548,41.10140799888746],[-70.90398136328936,41.10144205629111],[-70.9038743221663,41.10143657379716],[-70.90387739401243,41.101402516393506],[-70.90398443513548,41.10140799888746]]]},"properties":{"kind":"crosswalk"}},{"type":"Feature","geometry":{"type":"Polygon","coordinates":[[[-70.90400683007311,41.10146436120683],[-70.90405197747499,41.101467155403064],[-70.9040431954226,41.10154773247248],[-70.90399804802074,41.10154493827625],[-70.90400683007311,41.10146436120683]]]},"properties":{"kind":"crosswalk"}},{"type":"Feature","geometry":{"type":"Polygon","coordinates":[[[-70.90544723769165,41.10155350878505],[-70.90549238509352,41.10155630298129],[-70.90548360304113,41.101636880050705],[-70.90543845563927,41.10163408585447],[-70.90544723769165,41.10155350878505]]]},"properties":{"kind":"crosswalk"}},{"type":"Feature","geometry":{"type":"Polygon","coordinates":[[[-70.90554596602502,41.101552040002176],[-70.9055893436404,41.10154220262307],[-70.90562026214839,41.10161962105649],[-70.905576884533,41.101629458435596],[-70.90554596602502,41.101552040002176]]]},"properties":{"kind":"crosswalk"}},{"type":"Feature","geometry":{"type":"Polygon","coordinates":[[[-70.90589736104906,41.10147234899022],[-70.90594073866444,41.10146251161112],[-70.90597165717244,41.10153993004453],[-70.90592827955706,41.101549767423634],[-70.90589736104906,41.10147234899022]]]},"properties":{"kind":"crosswalk"}},{"type":"Feature","geometry":{"type":"Polygon","coordinates":[[[-70.90596932518113,41.1014359710018],[-70.9059731774629,41.101401958678544],[-70.90608007689997,41.101408834059235],[-70.90607622461822,41.10144284638248],[-70.90596932518113,41.1014359710018]]]},"properties":{"kind":"crosswalk"}},{"type":"Feature","geometry":{"type":"Polygon","coordinates":[[[-70.90601249543,41.10105481496234],[-70.90601634771177,41.10102080263909],[-70.90612324714884,41.101027678019776],[-70.90611939486708,41.10106169034303],[-70.90601249543,41.10105481496234]]]},"properties":{"kind":"crosswalk"}},{"type":"Feature","geometry":{"type":"Polygon","coordinates":[[[-70.90591102394431,41.10171741374998],[-70.90586587654244,41.101714619553746],[-70.90587465859481,41.10163404248433],[-70.90591980599669,41.101636836680555],[-70.90591102394431,41.10171741374998]]]},"properties":{"kind":"crosswalk"}},{"type":"Feature","geometry":{"type":"Polygon","coordinates":[[[-70.90404084131843,41.10160166717256],[-70.90399569391656,41.101598872976325],[-70.90400447596893,41.10151829590691],[-70.90404962337081,41.10152109010314],[-70.90404084131843,41.10160166717256]]]},"properties":{"kind":"crosswalk"}},{"type":"Feature","geometry":{"type":"Polygon","coordinates":[[[-70.90396680243381,41.10161780930063],[-70.9039642160816,41.101651889597875],[-70.90385710300485,41.101647273591794],[-70.90385968935705,41.10161319329455],[-70.90396680243381,41.10161780930063]]]},"properties":{"kind":"crosswalk"}},{"type":"Feature","geometry":{"type":"Polygon","coordinates":[[[-70.90393594261067,41.102024448404876],[-70.90393335625848,41.10205852870212],[-70.90382624318171,41.10205391269604],[-70.90382882953392,41.102019832398796],[-70.90393594261067,41.102024448404876]]]},"properties":{"kind":"crosswalk"}},{"type":"Feature","geometry":{"type":"Polygon","coordinates":[[[-70.90395914672462,41.10208054691394],[-70.9040043434122,41.102082844531864],[-70.90399712208654,41.10216350956421],[-70.90395192539896,41.10216121194628],[-70.90395914672462,41.10208054691394]]]},"properties":{"kind":"crosswalk"}},{"type":"Feature","geometry":{"type":"Polygon","coordinates":[[[-70.90582123886632,41.10217520819356],[-70.9058664355539,41.10217750581148],[-70.90585921422824,41.102258170843825],[-70.90581401754066,41.1022558732259],[-70.90582123886632,41.10217520819356]]]},"properties":{"kind":"crosswalk"}},{"type":"Feature","geometry":{"type":"Polygon","coordinates":[[[-70.90589578841512,41.10215829009833],[-70.90589908775911,41.10212424478041],[-70.90600609089716,41.10213013330243],[-70.90600279155316,41.10216417862035],[-70.90589578841512,41.10215829009833]]]},"properties":{"kind":"crosswalk"}},{"type":"Feature","geometry":{"type":"Polygon","coordinates":[[[-70.90593305368799,41.101773756668564],[-70.90593635303198,41.101739711350646],[-70.90604335617003,41.101745599872665],[-70.90604005682604,41.10177964519058],[-70.90593305368799,41.101773756668564]]]},"properties":{"kind":"crosswalk"}},{"type":"Feature","geometry":{"type":"Polygon","coordinates":[[[-70.9059222384545,41.102315396165835],[-70.90587704176691,41.10231309854791],[-70.90588426309257,41.10223243351557],[-70.90592945978015,41.102234731133485],[-70.9059222384545,41.102315396165835]]]},"properties":{"kind":"crosswalk"}},{"type":"Feature","geometry":{"type":"Polygon","coordinates":[[[-70.90391960782212,41.10221359047426],[-70.90387441113454,41.10221129285634],[-70.9038816324602,41.10213062782399],[-70.90392682914778,41.102132925441914],[-70.90391960782212,41.10221359047426]]]},"properties":{"kind":"crosswalk"}},{"type":"Feature","geometry":{"type":"Polygon","coordinates":[[[-70.90384451442478,41.10223047453735],[-70.9038403165484,41.10226446362826],[-70.9037334901297,41.102256971445705],[-70.90373768800607,41.102222982354796],[-70.90384451442478,41.10223047453735]]]},"properties":{"kind":"crosswalk"}},{"type":"Feature","geometry":{"type":"Polygon","coordinates":[[[-70.90378184459493,41.10273789551636],[-70.90377764671854,41.10277188460727],[-70.90367082029984,41.10276439242472],[-70.90367501817623,41.10273040333381],[-70.90378184459493,41.10273789551636]]]},"properties":{"kind":"crosswalk"}},{"type":"Feature","geometry":{"type":"Polygon","coordinates":[[[-70.9038024670041,41.10279378807457],[-70.90384767230879,41.10279598732094],[-70.90384076016117,41.10287666773272],[-70.90379555485649,41.10287446848635],[-70.9038024670041,41.10279378807457]]]},"properties":{"kind":"crosswalk"}},{"type":"Feature","geometry":{"type":"Polygon","coordinates":[[[-70.90579950021733,41.10289094410694],[-70.90584470552203,41.10289314335331],[-70.90583779337442,41.10297382376509],[-70.90579258806972,41.10297162451872],[-70.90579950021733,41.10289094410694]]]},"properties":{"kind":"crosswalk"}},{"type":"Feature","geometry":{"type":"Polygon","coordinates":[[[-70.90587482536867,41.10287391807695],[-70.90587938328885,41.10283995533051],[-70.9059861269079,41.102848090103194],[-70.90598156898771,41.10288205284964],[-70.90587482536867,41.10287391807695]]]},"properties":{"kind":"crosswalk"}},{"type":"Feature","geometry":{"type":"Polygon","coordinates":[[[-70.90594227768298,41.10237130597492],[-70.90594683560317,41.10233734322848],[-70.90605357922222,41.10234547800116],[-70.90604902130202,41.102379440747605],[-70.90594227768298,41.10237130597492]]]},"properties":{"kind":"crosswalk"}},{"type":"Feature","geometry":{"type":"Polygon","coordinates":[[[-70.90217646519753,41.09701983596252],[-70.9022216401577,41.097022364610396],[-70.90221369271369,41.09710299086465],[-70.90216851775351,41.09710046221677],[-70.90217646519753,41.09701983596252]]]},"properties":{"kind":"crosswalk"}},{"type":"Feature","geometry":{"type":"Polygon","coordinates":[[[-70.90327946254006,41.097081575737825],[-70.90332463750023,41.09708410438571],[-70.90331669005622,41.09716473063996],[-70.90327151509604,41.097162201992084],[-70.90327946254006,41.097081575737825]]]},"properties":{"kind":"crosswalk"}},{"type":"Feature","geometry":{"type":"Polygon","coordinates":[[[-70.90332481645844,41.097082827477216],[-70.90327993716832,41.097078189154445],[-70.90329451524022,41.096998090598944],[-70.90333939453032,41.097002728921716],[-70.90332481645844,41.097082827477216]]]},"properties":{"kind":"crosswalk"}},{"type":"Feature","geometry":{"type":"Polygon","coordinates":[[[-70.90265204719417,41.097013296052076],[-70.90260716790405,41.0970086577293],[-70.90262174597595,41.0969285591738],[-70.90266662526606,41.096933197496575],[-70.90265204719417,41.097013296052076]]]},"properties":{"kind":"crosswalk"}},{"type":"Feature","geometry":{"type":"Polygon","coordinates":[[[-70.902552606206,41.097006642292456],[-70.90250734008194,41.09700795076306],[-70.90250322760866,41.09692716180358],[-70.90254849373272,41.096925853332976],[-70.902552606206,41.097006642292456]]]},"properties":{"kind":"crosswalk"}},{"type":"Feature","geometry":{"type":"Polygon","coordinates":[[[-70.90222178649972,41.09701620502547],[-70.90217652037566,41.09701751349607],[-70.90217240790238,41.09693672453659],[-70.90221767402645,41.09693541606599],[-70.90222178649972,41.09701620502547]]]},"properties":{"kind":"crosswalk"}},{"type":"Feature","geometry":{"type":"Polygon","coordinates":[[[-70.90406074421763,41.097260426139606],[-70.90401556925745,41.09725789749173],[-70.90402351670147,41.09717727123748],[-70.90406869166165,41.09717979988535],[-70.90406074421763,41.097260426139606]]]},"properties":{"kind":"crosswalk"}},{"type":"Feature","geometry":{"type":"Polygon","coordinates":[[[-70.90184900531963,41.09713662505927],[-70.90180383035946,41.097134096411395],[-70.90181177780347,41.09705347015714],[-70.90185695276365,41.09705599880502],[-70.90184900531963,41.09713662505927]]]},"properties":{"kind":"crosswalk"}},{"type":"Feature","geometry":{"type":"Polygon","coordinates":[[[-70.90177444764007,41.097153169898164],[-70.90177107723778,41.09718721126331],[-70.90166408652313,41.09718119591962],[-70.90166745692542,41.09714715455447],[-70.90177444764007,41.097153169898164]]]},"properties":{"kind":"crosswalk"}},{"type":"Feature","geometry":{"type":"Polygon","coordinates":[[[-70.90172747795367,41.097627567939945],[-70.90172410755139,41.09766160930509],[-70.90161711683675,41.0976555939614],[-70.90162048723903,41.09762155259625],[-70.90172747795367,41.097627567939945]]]},"properties":{"kind":"crosswalk"}},{"type":"Feature","geometry":{"type":"Polygon","coordinates":[[[-70.90174940788599,41.097683768183686],[-70.90179457884109,41.097686337139706],[-70.90178650471013,41.09776695624588],[-70.90174133375503,41.097764387289864],[-70.90174940788599,41.097683768183686]]]},"properties":{"kind":"crosswalk"}},{"type":"Feature","geometry":{"type":"Polygon","coordinates":[[[-70.90398274399874,41.09781078215166],[-70.90402791495384,41.09781335110768],[-70.90401984082288,41.09789397021385],[-70.90397466986778,41.09789140125784],[-70.90398274399874,41.09781078215166]]]},"properties":{"kind":"crosswalk"}},{"type":"Feature","geometry":{"type":"Polygon","coordinates":[[[-70.90405648081638,41.09779426540107],[-70.90405850563417,41.09776016353848],[-70.90416568648997,41.09776377734297],[-70.90416366167219,41.09779787920556],[-70.90405648081638,41.09779426540107]]]},"properties":{"kind":"crosswalk"}},{"type":"Feature","geometry":{"type":"Polygon","coordinates":[[[-70.9040848365913,41.09731669910064],[-70.90408686140908,41.09728259723805],[-70.90419404226489,41.09728621104254],[-70.9041920174471,41.097320312905126],[-70.9040848365913,41.09731669910064]]]},"properties":{"kind":"crosswalk"}},{"type":"Feature","geometry":{"type":"Polygon","coordinates":[[[-70.90401324601412,41.09794764735283],[-70.90396807505901,41.09794507839681],[-70.90397614918996,41.09786445929064],[-70.90402132014506,41.09786702824666],[-70.90401324601412,41.09794764735283]]]},"properties":{"kind":"crosswalk"}},{"type":"Feature","geometry":{"type":"Polygon","coordinates":[[[-70.90178034045665,41.09782065787133],[-70.90173516950155,41.09781808891532],[-70.9017432436325,41.09773746980915],[-70.9017884145876,41.09774003876516],[-70.90178034045665,41.09782065787133]]]},"properties":{"kind":"crosswalk"}},{"type":"Feature","geometry":{"type":"Polygon","coordinates":[[[-70.90170550053945,41.0978371206197],[-70.90170165320937,41.097871133261215],[-70.901594752772,41.09786426671806],[-70.90159860010208,41.09783025407654],[-70.90170550053945,41.0978371206197]]]},"properties":{"kind":"crosswalk"}},{"type":"Feature","geometry":{"type":"Polygon","coordinates":[[[-70.90164283847045,41.098391089851205],[-70.90163899114036,41.098425102492726],[-70.90153209070299,41.098418235949566],[-70.90153593803306,41.09838422330805],[-70.90164283847045,41.098391089851205]]]},"properties":{"kind":"crosswalk"}},{"type":"Feature","geometry":{"type":"Polygon","coordinates":[[[-70.90166401989764,41.09844706273187],[-70.90170921908758,41.09844933222459],[-70.90170208615835,41.09853000172303],[-70.90165688696842,41.09852773223031],[-70.90166401989764,41.09844706273187]]]},"properties":{"kind":"crosswalk"}},{"type":"Feature","geometry":{"type":"Polygon","coordinates":[[[-70.9038711453053,41.09855788451997],[-70.90391634449524,41.098560154012695],[-70.90390921156602,41.09864082351113],[-70.90386401237609,41.09863855401841],[-70.9038711453053,41.09855788451997]]]},"properties":{"kind":"crosswalk"}},{"type":"Feature","geometry":{"type":"Polygon","coordinates":[[[-70.90394694800841,41.098541011716016],[-70.9039523111446,41.098507115820084],[-70.90405884465503,41.09851668770635],[-70.90405348151886,41.09855058360228],[-70.90394694800841,41.098541011716016]]]},"properties":{"kind":"crosswalk"}},{"type":"Feature","geometry":{"type":"Polygon","coordinates":[[[-70.90403197708413,41.098003614080206],[-70.9040373402203,41.097969718184274],[-70.90414387373075,41.09797929007054],[-70.90413851059458,41.09801318596647],[-70.90403197708413,41.098003614080206]]]},"properties":{"kind":"crosswalk"}},{"type":"Feature","geometry":{"type":"Polygon","coordinates":[[[-70.90390117388235,41.098694438364575],[-70.90385597469242,41.09869216887185],[-70.90386310762163,41.09861149937341],[-70.90390830681157,41.09861376886613],[-70.90390117388235,41.098694438364575]]]},"properties":{"kind":"crosswalk"}},{"type":"Feature","geometry":{"type":"Polygon","coordinates":[[[-70.90169788273677,41.09858380909828],[-70.90165268354684,41.098581539605554],[-70.90165981647606,41.09850087010712],[-70.901705015666,41.09850313959984],[-70.90169788273677,41.09858380909828]]]},"properties":{"kind":"crosswalk"}},{"type":"Feature","geometry":{"type":"Polygon","coordinates":[[[-70.90162417275354,41.09860080892747],[-70.90162226715454,41.09863491469119],[-70.90151507403763,41.09863151366308],[-70.90151697963664,41.09859740789936],[-70.90162417275354,41.09860080892747]]]},"properties":{"kind":"crosswalk"}},{"type":"Feature","geometry":{"type":"Polygon","coordinates":[[[-70.90159447372929,41.099132351976685],[-70.90159256813028,41.0991664577404],[-70.90148537501338,41.09916305671229],[-70.90148728061239,41.099128950948575],[-70.90159447372929,41.099132351976685]]]},"properties":{"kind":"crosswalk"}},{"type":"Feature","geometry":{"type":"Polygon","coordinates":[[[-70.90161876264266,41.09918857789685],[-70.90166394613168,41.09919101847855],[-70.9016562754763,41.09927165995469],[-70.90161109198728,41.099269219372985],[-70.90161876264266,41.09918857789685]]]},"properties":{"kind":"crosswalk"}},{"type":"Feature","geometry":{"type":"Polygon","coordinates":[[[-70.90381233480421,41.09930706348093],[-70.90385751829322,41.09930950406264],[-70.90384984763784,41.09939014553878],[-70.90380466414882,41.099387704957074],[-70.90381233480421,41.09930706348093]]]},"properties":{"kind":"crosswalk"}},{"type":"Feature","geometry":{"type":"Polygon","coordinates":[[[-70.90388633064941,41.09929034949803],[-70.90388875018367,41.09925626224436],[-70.90399588512419,41.0992605805212],[-70.90399346558993,41.09929466777486],[-70.90388633064941,41.09929034949803]]]},"properties":{"kind":"crosswalk"}},{"type":"Feature","geometry":{"type":"Polygon","coordinates":[[[-70.90392464729759,41.098750531017366],[-70.90392706683184,41.0987164437637],[-70.90403420177236,41.098720762040536],[-70.9040317822381,41.0987548492942],[-70.90392464729759,41.098750531017366]]]},"properties":{"kind":"crosswalk"}},{"type":"Feature","geometry":{"type":"Polygon","coordinates":[[[-70.90391514399026,41.09944770971871],[-70.90386996050124,41.099445269137],[-70.90387763115662,41.09936462766086],[-70.90392281464564,41.099367068242564],[-70.90391514399026,41.09944770971871]]]},"properties":{"kind":"crosswalk"}},{"type":"Feature","geometry":{"type":"Polygon","coordinates":[[[-70.9015788247966,41.09932151366775],[-70.9015336413076,41.09931907308604],[-70.90154131196297,41.099238431609905],[-70.901586495452,41.09924087219161],[-70.9015788247966,41.09932151366775]]]},"properties":{"kind":"crosswalk"}},{"type":"Feature","geometry":{"type":"Polygon","coordinates":[[[-70.90150322305306,41.099338127187],[-70.90149815029547,41.09937204845724],[-70.90139153703454,41.099362994825704],[-70.90139660979214,41.09932907355547],[-70.90150322305306,41.099338127187]]]},"properties":{"kind":"crosswalk"}},{"type":"Feature","geometry":{"type":"Polygon","coordinates":[[[-70.9014329294187,41.099808177119485],[-70.9014278566611,41.09984209838972],[-70.90132124340018,41.099833044758185],[-70.90132631615778,41.09979912348795],[-70.9014329294187,41.099808177119485]]]},"properties":{"kind":"crosswalk"}},{"type":"Feature","geometry":{"type":"Polygon","coordinates":[[[-70.90145213807817,41.09986406562432],[-70.9014973279596,41.099866438046014],[-70.90148987152853,41.099947090931074],[-70.90144468164708,41.09994471850937],[-70.90145213807817,41.09986406562432]]]},"properties":{"kind":"crosswalk"}},{"type":"Feature","geometry":{"type":"Polygon","coordinates":[[[-70.90234428879366,41.099910902607526],[-70.9023894786751,41.09991327502923],[-70.90238202224403,41.099993927914284],[-70.90233683236258,41.099991555492586],[-70.90234428879366,41.099910902607526]]]},"properties":{"kind":"crosswalk"}},{"type":"Feature","geometry":{"type":"Polygon","coordinates":[[[-70.90244418172337,41.09991326971263],[-70.90248937079122,41.09991088850698],[-70.9024968548299,41.09999153993997],[-70.90245166576206,41.09999392114562],[-70.90244418172337,41.09991326971263]]]},"properties":{"kind":"crosswalk"}},{"type":"Feature","geometry":{"type":"Polygon","coordinates":[[[-70.90381830258038,41.09984086139571],[-70.90386349164822,41.099838480190066],[-70.90387097568691,41.099919131623054],[-70.90382578661907,41.0999215128287],[-70.90381830258038,41.09984086139571]]]},"properties":{"kind":"crosswalk"}},{"type":"Feature","geometry":{"type":"Polygon","coordinates":[[[-70.90389358056683,41.09981648093303],[-70.9038981036254,41.0997825155401],[-70.90400485556226,41.0997905880933],[-70.9040003325037,41.09982455348623],[-70.90389358056683,41.09981648093303]]]},"properties":{"kind":"crosswalk"}},{"type":"Feature","geometry":{"type":"Polygon","coordinates":[[[-70.90393523119224,41.09950371030681],[-70.9039397542508,41.09946974491388],[-70.90404650618767,41.09947781746708],[-70.9040419831291,41.09951178286001],[-70.90393523119224,41.09950371030681]]]},"properties":{"kind":"crosswalk"}},{"type":"Feature","geometry":{"type":"Polygon","coordinates":[[[-70.90382748574147,41.10012384280211],[-70.90378229586003,41.100121470380415],[-70.90378975229112,41.100040817495355],[-70.90383494217255,41.10004318991706],[-70.90382748574147,41.10012384280211]]]},"properties":{"kind":"crosswalk"}},{"type":"Feature","geometry":{"type":"Polygon","coordinates":[[[-70.90269893701145,41.10006459516939],[-70.90265374713002,41.100062222747695],[-70.9026612035611,41.099981569862635],[-70.90270639344254,41.09998394228434],[-70.90269893701145,41.10006459516939]]]},"properties":{"kind":"crosswalk"}},{"type":"Feature","geometry":{"type":"Polygon","coordinates":[[[-70.90262830794732,41.10008139773001],[-70.90263146787478,41.10011545055727],[-70.90252444113514,41.10012109025486],[-70.90252128120768,41.10008703742759],[-70.90262830794732,41.10008139773001]]]},"properties":{"kind":"crosswalk"}},{"type":"Feature","geometry":{"type":"Polygon","coordinates":[[[-70.90267908817958,41.10062862879931],[-70.90268224810703,41.100662681626574],[-70.90257522136739,41.100668321324164],[-70.90257206143994,41.100634268496904],[-70.90267908817958,41.10062862879931]]]},"properties":{"kind":"crosswalk"}},{"type":"Feature","geometry":{"type":"Polygon","coordinates":[[[-70.90271150343564,41.10068482302656],[-70.90275667839894,41.10068735164274],[-70.90274873105454,41.10076797790257],[-70.90270355609124,41.100765449286385],[-70.90271150343564,41.10068482302656]]]},"properties":{"kind":"crosswalk"}},{"type":"Feature","geometry":{"type":"Polygon","coordinates":[[[-70.90372131558752,41.10074134609076],[-70.90376649055082,41.10074387470694],[-70.90375854320642,41.10082450096677],[-70.90371336824312,41.10082197235059],[-70.90372131558752,41.10074134609076]]]},"properties":{"kind":"crosswalk"}},{"type":"Feature","geometry":{"type":"Polygon","coordinates":[[[-70.9037958602566,41.10072480047157],[-70.90379920915498,41.10069075790128],[-70.90390620365731,41.10069673486578],[-70.90390285475893,41.10073077743606],[-70.9037958602566,41.10072480047157]]]},"properties":{"kind":"crosswalk"}},{"type":"Feature","geometry":{"type":"Polygon","coordinates":[[[-70.9038494616486,41.10017992602544],[-70.90385281054701,41.100145883455156],[-70.90395980504934,41.10015186041965],[-70.90395645615095,41.100185902989935],[-70.9038494616486,41.10017992602544]]]},"properties":{"kind":"crosswalk"}},{"type":"Feature","geometry":{"type":"Polygon","coordinates":[[[-70.90375381615273,41.10087828377757],[-70.90370864118944,41.10087575516138],[-70.90371658853384,41.10079512890155],[-70.90376176349713,41.10079765751774],[-70.90375381615273,41.10087828377757]]]},"properties":{"kind":"crosswalk"}},{"type":"Feature","geometry":{"type":"Polygon","coordinates":[[[-70.90276928216721,41.100823175629415],[-70.90272410720391,41.10082064701323],[-70.90273205454831,41.1007400207534],[-70.90277722951161,41.100742549369585],[-70.90276928216721,41.100823175629415]]]},"properties":{"kind":"crosswalk"}},{"type":"Feature","geometry":{"type":"Polygon","coordinates":[[[-70.90269867705062,41.10083972745678],[-70.90270183697808,41.10087378028404],[-70.90259481023844,41.10087941998163],[-70.90259165031098,41.10084536715436],[-70.90269867705062,41.10083972745678]]]},"properties":{"kind":"crosswalk"}},{"type":"Feature","geometry":{"type":"Polygon","coordinates":[[[-70.90274540242406,41.101343261508056],[-70.90274856235152,41.10137731433532],[-70.90264153561188,41.10138295403291],[-70.90263837568442,41.10134890120565],[-70.90274540242406,41.101343261508056]]]},"properties":{"kind":"crosswalk"}},{"type":"Feature","geometry":{"type":"Polygon","coordinates":[[[-70.90277782968484,41.10139932864324],[-70.90282302448199,41.101401647281236],[-70.90281573709106,41.10148230893965],[-70.9027705422939,41.10147999030166],[-70.90277782968484,41.10139932864324]]]},"properties":{"kind":"crosswalk"}},{"type":"Feature","geometry":{"type":"Polygon","coordinates":[[[-70.90365734562097,41.1014444506306],[-70.90370254041814,41.10144676926859],[-70.9036952530272,41.101527430927014],[-70.90365005823003,41.10152511228902],[-70.90365734562097,41.1014444506306]]]},"properties":{"kind":"crosswalk"}},{"type":"Feature","geometry":{"type":"Polygon","coordinates":[[[-70.90373175443908,41.10142755896307],[-70.90373482628519,41.101393501559414],[-70.90384186740825,41.10139898405337],[-70.90383879556212,41.10143304145702],[-70.90373175443908,41.10142755896307]]]},"properties":{"kind":"crosswalk"}},{"type":"Feature","geometry":{"type":"Polygon","coordinates":[[[-70.90377622777228,41.10093448535112],[-70.9037792996184,41.100900427947465],[-70.90388634074145,41.10090591044142],[-70.90388326889534,41.10093996784507],[-70.90377622777228,41.10093448535112]]]},"properties":{"kind":"crosswalk"}},{"type":"Feature","geometry":{"type":"Polygon","coordinates":[[[-70.90369136737054,41.10158125526366],[-70.90364617257337,41.101578936625664],[-70.90365345996432,41.10149827496725],[-70.90369865476147,41.10150059360524],[-70.90369136737054,41.10158125526366]]]},"properties":{"kind":"crosswalk"}},{"type":"Feature","geometry":{"type":"Polygon","coordinates":[[[-70.90283561723274,41.10153735253795],[-70.90279042243557,41.10153503389996],[-70.90279770982652,41.10145437224154],[-70.90284290462368,41.10145669087954],[-70.90283561723274,41.10153735253795]]]},"properties":{"kind":"crosswalk"}},{"type":"Feature","geometry":{"type":"Polygon","coordinates":[[[-70.90276498027758,41.10155424143557],[-70.90276814020504,41.10158829426283],[-70.9026611134654,41.10159393396042],[-70.90265795353794,41.101559881133156],[-70.90276498027758,41.10155424143557]]]},"properties":{"kind":"crosswalk"}},{"type":"Feature","geometry":{"type":"Polygon","coordinates":[[[-70.9028023240412,41.101956674957236],[-70.90280548396865,41.101990727784504],[-70.90269845722901,41.10199636748209],[-70.90269529730156,41.10196231465483],[-70.9028023240412,41.101956674957236]]]},"properties":{"kind":"crosswalk"}},{"type":"Feature","geometry":{"type":"Polygon","coordinates":[[[-70.90283472265821,41.102013029536984],[-70.9028798701309,41.102015823083384],[-70.90287109012091,41.102096400279194],[-70.90282594264822,41.102093606732794],[-70.90283472265821,41.102013029536984]]]},"properties":{"kind":"crosswalk"}},{"type":"Feature","geometry":{"type":"Polygon","coordinates":[[[-70.90327627739346,41.102040351191306],[-70.90332142486615,41.102043144737706],[-70.90331264485616,41.102123721933516],[-70.90326749738347,41.102120928387116],[-70.90327627739346,41.102040351191306]]]},"properties":{"kind":"crosswalk"}},{"type":"Feature","geometry":{"type":"Polygon","coordinates":[[[-70.90337610224594,41.102043394312375],[-70.90342129131379,41.10204101310673],[-70.9034287753525,41.10212166453972],[-70.90338358628465,41.10212404574537],[-70.90337610224594,41.102043394312375]]]},"properties":{"kind":"crosswalk"}},{"type":"Feature","geometry":{"type":"Polygon","coordinates":[[[-70.90361245180245,41.10203094004134],[-70.90365764087029,41.10202855883569],[-70.903665124909,41.10210921026869],[-70.90361993584115,41.10211159147433],[-70.90361245180245,41.10203094004134]]]},"properties":{"kind":"crosswalk"}},{"type":"Feature","geometry":{"type":"Polygon","coordinates":[[[-70.90368655757192,41.10200649003131],[-70.90368914392413,41.10197240973406],[-70.90379625700088,41.10197702574013],[-70.90379367064867,41.10201110603739],[-70.90368655757192,41.10200649003131]]]},"properties":{"kind":"crosswalk"}},{"type":"Feature","geometry":{"type":"Polygon","coordinates":[[[-70.90371457034027,41.101637366495396],[-70.90371715669248,41.10160328619815],[-70.90382426976925,41.10160790220423],[-70.90382168341704,41.10164198250148],[-70.90371457034027,41.101637366495396]]]},"properties":{"kind":"crosswalk"}},{"type":"Feature","geometry":{"type":"Polygon","coordinates":[[[-70.90119756683748,41.102382943933414],[-70.90119505503932,41.102417027397095],[-70.9010879320106,41.10241254445177],[-70.90109044380876,41.102378460988085],[-70.90119756683748,41.102382943933414]]]},"properties":{"kind":"crosswalk"}},{"type":"Feature","geometry":{"type":"Polygon","coordinates":[[[-70.9011829601852,41.10258114668371],[-70.90118044838704,41.10261523014739],[-70.90107332535831,41.102610747202064],[-70.90107583715647,41.10257666373838],[-70.9011829601852,41.10258114668371]]]},"properties":{"kind":"crosswalk"}},{"type":"Feature","geometry":{"type":"Polygon","coordinates":[[[-70.90120625751216,41.102637519673],[-70.90125141047355,41.102640262382074],[-70.90124279024336,41.10272084937387],[-70.90119763728197,41.1027181066648],[-70.90120625751216,41.102637519673]]]},"properties":{"kind":"crosswalk"}},{"type":"Feature","geometry":{"type":"Polygon","coordinates":[[[-70.90151574780963,41.102656318923806],[-70.90156090077102,41.10265906163288],[-70.90155228054084,41.10273964862467],[-70.90150712757945,41.1027369059156],[-70.90151574780963,41.102656318923806]]]},"properties":{"kind":"crosswalk"}},{"type":"Feature","geometry":{"type":"Polygon","coordinates":[[[-70.9015690126179,41.10264598504669],[-70.90153726183829,41.10262163754305],[-70.90161378511527,41.10256497016761],[-70.90164553589487,41.102589317671246],[-70.9015690126179,41.10264598504669]]]},"properties":{"kind":"crosswalk"}},{"type":"Feature","geometry":{"type":"Polygon","coordinates":[[[-70.9012500554931,41.10240139861913],[-70.9012183047135,41.102377051115496],[-70.90129482799047,41.10232038374005],[-70.90132657877008,41.10234473124369],[-70.9012500554931,41.10240139861913]]]},"properties":{"kind":"crosswalk"}},{"type":"Feature","geometry":{"type":"Polygon","coordinates":[[[-70.90364138634027,41.102198143463646],[-70.90359623886758,41.10219534991724],[-70.90360501887757,41.10211477272143],[-70.90365016635026,41.102117566267836],[-70.90364138634027,41.102198143463646]]]},"properties":{"kind":"crosswalk"}},{"type":"Feature","geometry":{"type":"Polygon","coordinates":[[[-70.90342013832594,41.10218445351473],[-70.90337499085325,41.10218165996833],[-70.90338377086324,41.10210108277252],[-70.90342891833593,41.10210387631892],[-70.90342013832594,41.10218445351473]]]},"properties":{"kind":"crosswalk"}},{"type":"Feature","geometry":{"type":"Polygon","coordinates":[[[-70.90332031347344,41.10218141039366],[-70.9032751244056,41.10218379159931],[-70.9032676403669,41.10210314016632],[-70.90331282943475,41.102100758960674],[-70.90332031347344,41.10218141039366]]]},"properties":{"kind":"crosswalk"}},{"type":"Feature","geometry":{"type":"Polygon","coordinates":[[[-70.90190666300714,41.1022559016951],[-70.90186147393929,41.10225828290075],[-70.90185398990059,41.10217763146776],[-70.90189917896843,41.102175250262114],[-70.90190666300714,41.1022559016951]]]},"properties":{"kind":"crosswalk"}},{"type":"Feature","geometry":{"type":"Polygon","coordinates":[[[-70.9018533402385,41.10227446080374],[-70.90188509101812,41.102298808307374],[-70.90180856774113,41.10235547568281],[-70.90177681696153,41.10233112817918],[-70.9018533402385,41.10227446080374]]]},"properties":{"kind":"crosswalk"}},{"type":"Feature","geometry":{"type":"Polygon","coordinates":[[[-70.90237222119663,41.102672355160095],[-70.90240397197623,41.102696702663735],[-70.90232744869925,41.102753370039174],[-70.90229569791966,41.10272902253554],[-70.90237222119663,41.102672355160095]]]},"properties":{"kind":"crosswalk"}},{"type":"Feature","geometry":{"type":"Polygon","coordinates":[[[-70.90245051897736,41.10271309937142],[-70.90249567193875,41.10271584208049],[-70.90248705170856,41.102796429072285],[-70.90244189874717,41.10279368636322],[-70.90245051897736,41.10271309937142]]]},"properties":{"kind":"crosswalk"}},{"type":"Feature","geometry":{"type":"Polygon","coordinates":[[[-70.90352423949865,41.1027783199665],[-70.90356939246004,41.10278106267556],[-70.90356077222985,41.10286164966736],[-70.90351561926846,41.10285890695829],[-70.90352423949865,41.1027783199665]]]},"properties":{"kind":"crosswalk"}},{"type":"Feature","geometry":{"type":"Polygon","coordinates":[[[-70.90359926270396,41.10276215039182],[-70.90360346058034,41.10272816130091],[-70.90371028699904,41.102735653483464],[-70.90370608912266,41.10276964257437],[-70.90359926270396,41.10276215039182]]]},"properties":{"kind":"crosswalk"}},{"type":"Feature","geometry":{"type":"Polygon","coordinates":[[[-70.90366197374586,41.102254395729766],[-70.90366617162225,41.10222040663886],[-70.90377299804095,41.10222789882141],[-70.90376880016456,41.10226188791232],[-70.90366197374586,41.102254395729766]]]},"properties":{"kind":"crosswalk"}},{"type":"Feature","geometry":{"type":"Polygon","coordinates":[[[-70.90175235586163,41.10280587546148],[-70.90170720290024,41.102803132752406],[-70.90171582313043,41.10272254576061],[-70.90176097609182,41.10272528846968],[-70.90175235586163,41.10280587546148]]]},"properties":{"kind":"crosswalk"}},{"type":"Feature","geometry":{"type":"Polygon","coordinates":[[[-70.90124204401634,41.102774877784185],[-70.90119689105495,41.102772135075114],[-70.90120551128514,41.102691548083314],[-70.90125066424653,41.102694290792385],[-70.90124204401634,41.102774877784185]]]},"properties":{"kind":"crosswalk"}},{"type":"Feature","geometry":{"type":"Polygon","coordinates":[[[-70.90118866400167,41.102897066791286],[-70.90123396341662,41.102897066791286],[-70.90123396341662,41.10297791516686],[-70.90118866400167,41.10297791516686],[-70.90118866400167,41.102897066791286]]]},"properties":{"kind":"crosswalk"}},{"type":"Feature","geometry":{"type":"Polygon","coordinates":[[[-70.90182372259035,41.102897066791286],[-70.9018690220053,41.102897066791286],[-70.9018690220053,41.10297791516686],[-70.90182372259035,41.10297791516686],[-70.90182372259035,41.102897066791286]]]},"properties":{"kind":"crosswalk"}},{"type":"Feature","geometry":{"type":"Polygon","coordinates":[[[-70.90149929595557,41.097119137605354],[-70.9014540547879,41.097117407074876],[-70.90145949377933,41.09703666265645],[-70.90150473494698,41.09703839318693],[-70.90149929595557,41.097119137605354]]]},"properties":{"kind":"crosswalk"}},{"type":"Feature","geometry":{"type":"Polygon","coordinates":[[[-70.90081130425916,41.09709282107411],[-70.9007660630915,41.097091090543636],[-70.90077150208292,41.09701034612521],[-70.90081674325059,41.09701207665569],[-70.90081130425916,41.09709282107411]]]},"properties":{"kind":"crosswalk"}},{"type":"Feature","geometry":{"type":"Polygon","coordinates":[[[-70.90071170547921,41.09709374330115],[-70.90066713841787,41.0970998566484],[-70.90064792440022,41.097020315344906],[-70.90069249146156,41.09701420199766],[-70.90071170547921,41.09709374330115]]]},"properties":{"kind":"crosswalk"}},{"type":"Feature","geometry":{"type":"Polygon","coordinates":[[[-70.89992495321229,41.09720166358268],[-70.89988038615097,41.09720777692993],[-70.89986117213331,41.097128235626435],[-70.89990573919464,41.09712212227919],[-70.89992495321229,41.09720166358268]]]},"properties":{"kind":"crosswalk"}},{"type":"Feature","geometry":{"type":"Polygon","coordinates":[[[-70.8998272807457,41.097217734044506],[-70.89978410844179,41.097228071582215],[-70.89975161795434,41.097151019579584],[-70.89979479025824,41.097140682041875],[-70.8998272807457,41.097217734044506]]]},"properties":{"kind":"crosswalk"}},{"type":"Feature","geometry":{"type":"Polygon","coordinates":[[[-70.89914654590535,41.09738073489107],[-70.89910337360146,41.09739107242878],[-70.899070883114,41.09731402042615],[-70.8991140554179,41.09730368288844],[-70.89914654590535,41.09738073489107]]]},"properties":{"kind":"crosswalk"}},{"type":"Feature","geometry":{"type":"Polygon","coordinates":[[[-70.89890899772682,41.097542590928946],[-70.89895420092076,41.097544814675466],[-70.8989472117701,41.09762549132008],[-70.89890200857616,41.09762326757356],[-70.89890899772682,41.097542590928946]]]},"properties":{"kind":"crosswalk"}},{"type":"Feature","geometry":{"type":"Polygon","coordinates":[[[-70.90139980833966,41.09766512500129],[-70.90144501153361,41.09766734874781],[-70.90143802238295,41.09774802539243],[-70.90139281918901,41.09774580164591],[-70.90139980833966,41.09766512500129]]]},"properties":{"kind":"crosswalk"}},{"type":"Feature","geometry":{"type":"Polygon","coordinates":[[[-70.90147441134185,41.09764809071549],[-70.90147778174415,41.09761404935034],[-70.90158477245879,41.097620064694034],[-70.90158140205651,41.09765410605918],[-70.90147441134185,41.09764809071549]]]},"properties":{"kind":"crosswalk"}},{"type":"Feature","geometry":{"type":"Polygon","coordinates":[[[-70.90152126838495,41.097174830381014],[-70.90152463878725,41.09714078901587],[-70.90163162950189,41.09714680435956],[-70.90162825909961,41.09718084572471],[-70.90152126838495,41.097174830381014]]]},"properties":{"kind":"crosswalk"}},{"type":"Feature","geometry":{"type":"Polygon","coordinates":[[[-70.90143075050217,41.09780168130426],[-70.90138554730824,41.09779945755774],[-70.90139253645889,41.09771878091313],[-70.90143773965283,41.09772100465965],[-70.90143075050217,41.09780168130426]]]},"properties":{"kind":"crosswalk"}},{"type":"Feature","geometry":{"type":"Polygon","coordinates":[[[-70.89886723119702,41.09767557036737],[-70.89882202800307,41.09767334662085],[-70.89882901715373,41.09759266997624],[-70.89887422034768,41.09759489372276],[-70.89886723119702,41.09767557036737]]]},"properties":{"kind":"crosswalk"}},{"type":"Feature","geometry":{"type":"Polygon","coordinates":[[[-70.89879368409846,41.097692648608316],[-70.89879205823262,41.097726762594995],[-70.89868483927125,41.09772386082214],[-70.8986864651371,41.097689746835464],[-70.89879368409846,41.097692648608316]]]},"properties":{"kind":"crosswalk"}},{"type":"Feature","geometry":{"type":"Polygon","coordinates":[[[-70.89878071782886,41.097964707431274],[-70.89877909196301,41.09799882141795],[-70.89867187300165,41.0979959196451],[-70.8986734988675,41.09796180565842],[-70.89878071782886,41.097964707431274]]]},"properties":{"kind":"crosswalk"}},{"type":"Feature","geometry":{"type":"Polygon","coordinates":[[[-70.89877810788632,41.098040130608794],[-70.89877810788632,41.09807426658959],[-70.89867081979828,41.09807426658959],[-70.89867081979828,41.098040130608794],[-70.89877810788632,41.098040130608794]]]},"properties":{"kind":"crosswalk"}},{"type":"Feature","geometry":{"type":"Polygon","coordinates":[[[-70.89877810788632,41.098231525845286],[-70.89877810788632,41.09826566182608],[-70.89867081979828,41.09826566182608],[-70.89867081979828,41.098231525845286],[-70.89877810788632,41.098231525845286]]]},"properties":{"kind":"crosswalk"}},{"type":"Feature","geometry":{"type":"Polygon","coordinates":[[[-70.89880545033395,41.098287856528515],[-70.89885062481267,41.09829039005609],[-70.89884266203195,41.09837101545105],[-70.89879748755324,41.09836848192347],[-70.89880545033395,41.098287856528515]]]},"properties":{"kind":"crosswalk"}},{"type":"Feature","geometry":{"type":"Polygon","coordinates":[[[-70.90131437584778,41.09842856500286],[-70.90135955032649,41.09843109853043],[-70.90135158754578,41.09851172392539],[-70.90130641306706,41.09850919039781],[-70.90131437584778,41.09842856500286]]]},"properties":{"kind":"crosswalk"}},{"type":"Feature","geometry":{"type":"Polygon","coordinates":[[[-70.9013892214213,41.098412045382524],[-70.90139306875137,41.098378032741],[-70.90149996918876,41.09838489928416],[-70.90149612185867,41.09841891192568],[-70.9013892214213,41.098412045382524]]]},"properties":{"kind":"crosswalk"}},{"type":"Feature","geometry":{"type":"Polygon","coordinates":[[[-70.90145193435285,41.097857626496435],[-70.90145578168294,41.09782361385492],[-70.90156268212031,41.09783048039807],[-70.90155883479022,41.097864493039594],[-70.90145193435285,41.097857626496435]]]},"properties":{"kind":"crosswalk"}},{"type":"Feature","geometry":{"type":"Polygon","coordinates":[[[-70.90134815235497,41.098565579250945],[-70.90130297787626,41.09856304572337],[-70.90131094065697,41.09848242032841],[-70.90135611513568,41.09848495385599],[-70.90134815235497,41.098565579250945]]]},"properties":{"kind":"crosswalk"}},{"type":"Feature","geometry":{"type":"Polygon","coordinates":[[[-70.89885062481267,41.09842551001088],[-70.89880545033395,41.0984229764833],[-70.89881341311468,41.09834235108835],[-70.8988585875934,41.098344884615926],[-70.89885062481267,41.09842551001088]]]},"properties":{"kind":"crosswalk"}},{"type":"Feature","geometry":{"type":"Polygon","coordinates":[[[-70.89877810788632,41.09844210428393],[-70.89877810788632,41.09847624026473],[-70.89867081979828,41.09847624026473],[-70.89867081979828,41.09844210428393],[-70.89877810788632,41.09844210428393]]]},"properties":{"kind":"crosswalk"}},{"type":"Feature","geometry":{"type":"Polygon","coordinates":[[[-70.89877810788632,41.09899663951325],[-70.89877810788632,41.09903077549405],[-70.89867081979828,41.09903077549405],[-70.89867081979828,41.09899663951325],[-70.89877810788632,41.09899663951325]]]},"properties":{"kind":"crosswalk"}},{"type":"Feature","geometry":{"type":"Polygon","coordinates":[[[-70.89880547078296,41.09905274679383],[-70.89885067904697,41.09905491122136],[-70.89884387633364,41.09913559691483],[-70.89879866806962,41.09913343248729],[-70.89880547078296,41.09905274679383]]]},"properties":{"kind":"crosswalk"}},{"type":"Feature","geometry":{"type":"Polygon","coordinates":[[[-70.90126900553508,41.09917069298274],[-70.90131421379911,41.099172857410274],[-70.90130741108577,41.099253543103735],[-70.90126220282175,41.0992513786762],[-70.90126900553508,41.09917069298274]]]},"properties":{"kind":"crosswalk"}},{"type":"Feature","geometry":{"type":"Polygon","coordinates":[[[-70.90134273008462,41.09915352449627],[-70.90134463568363,41.099119418732556],[-70.90145182880052,41.099122819760666],[-70.90144992320153,41.09915692552438],[-70.90134273008462,41.09915352449627]]]},"properties":{"kind":"crosswalk"}},{"type":"Feature","geometry":{"type":"Polygon","coordinates":[[[-70.90137243581474,41.098621861427816],[-70.90137434141374,41.0985877556641],[-70.90148153453063,41.09859115669221],[-70.90147962893164,41.098625262455926],[-70.90137243581474,41.098621861427816]]]},"properties":{"kind":"crosswalk"}},{"type":"Feature","geometry":{"type":"Polygon","coordinates":[[[-70.90130034210901,41.099307212254125],[-70.90125513384498,41.09930504782659],[-70.90126193655833,41.09922436213313],[-70.90130714482234,41.09922652656066],[-70.90130034210901,41.099307212254125]]]},"properties":{"kind":"crosswalk"}},{"type":"Feature","geometry":{"type":"Polygon","coordinates":[[[-70.89885067904697,41.099189930197504],[-70.89880547078296,41.09918776576997],[-70.89881227349629,41.09910708007651],[-70.89885748176032,41.09910924450404],[-70.89885067904697,41.099189930197504]]]},"properties":{"kind":"crosswalk"}},{"type":"Feature","geometry":{"type":"Polygon","coordinates":[[[-70.89877810788632,41.09920711697326],[-70.89877810788632,41.09924125295406],[-70.89867081979828,41.09924125295406],[-70.89867081979828,41.09920711697326],[-70.89877810788632,41.09920711697326]]]},"properties":{"kind":"crosswalk"}},{"type":"Feature","geometry":{"type":"Polygon","coordinates":[[[-70.89877810788632,41.09968669347692],[-70.89877810788632,41.099720829457716],[-70.89867081979828,41.099720829457716],[-70.89867081979828,41.09968669347692],[-70.89877810788632,41.09968669347692]]]},"properties":{"kind":"crosswalk"}},{"type":"Feature","geometry":{"type":"Polygon","coordinates":[[[-70.89880547605819,41.09974273661251],[-70.89885069303782,41.09974479506137],[-70.89884422341142,41.09982549631005],[-70.89879900643179,41.0998234378612],[-70.89880547605819,41.09974273661251]]]},"properties":{"kind":"crosswalk"}},{"type":"Feature","geometry":{"type":"Polygon","coordinates":[[[-70.90048617395162,41.09981924837187],[-70.90053139093123,41.09982130682073],[-70.90052492130484,41.09990200806942],[-70.9004797043252,41.09989994962056],[-70.90048617395162,41.09981924837187]]]},"properties":{"kind":"crosswalk"}},{"type":"Feature","geometry":{"type":"Polygon","coordinates":[[[-70.90058550640867,41.09981801054037],[-70.90062969760915,41.099810506063086],[-70.90065328389555,41.0998893765469],[-70.90060909269508,41.099896881024186],[-70.90058550640867,41.09981801054037]]]},"properties":{"kind":"crosswalk"}},{"type":"Feature","geometry":{"type":"Polygon","coordinates":[[[-70.90119792936375,41.09971400987721],[-70.90124212056422,41.09970650539993],[-70.90126570685062,41.09978537588374],[-70.90122151565014,41.09979288036103],[-70.90119792936375,41.09971400987721]]]},"properties":{"kind":"crosswalk"}},{"type":"Feature","geometry":{"type":"Polygon","coordinates":[[[-70.90127193822306,41.09968143192116],[-70.90127701098066,41.099647510650925],[-70.90138362424157,41.09965656428246],[-70.90137855148397,41.0996904855527],[-70.90127193822306,41.09968143192116]]]},"properties":{"kind":"crosswalk"}},{"type":"Feature","geometry":{"type":"Polygon","coordinates":[[[-70.90131956189477,41.09936297486775],[-70.90132463465237,41.099329053597515],[-70.90143124791328,41.09933810722905],[-70.90142617515569,41.09937202849929],[-70.90131956189477,41.09936297486775]]]},"properties":{"kind":"crosswalk"}},{"type":"Feature","geometry":{"type":"Polygon","coordinates":[[[-70.90109213321902,41.09998182689316],[-70.9010469162394,41.09997976844431],[-70.90105338586581,41.099899067195615],[-70.90109860284542,41.09990112564448],[-70.90109213321902,41.09998182689316]]]},"properties":{"kind":"crosswalk"}},{"type":"Feature","geometry":{"type":"Polygon","coordinates":[[[-70.89885069303782,41.09987978801251],[-70.89880547605819,41.099877729563644],[-70.89881194568459,41.09979702831496],[-70.89885716266421,41.099799086763824],[-70.89885069303782,41.09987978801251]]]},"properties":{"kind":"crosswalk"}},{"type":"Feature","geometry":{"type":"Polygon","coordinates":[[[-70.89879732546343,41.09993101186248],[-70.89882907624305,41.09995535936612],[-70.89875255296606,41.10001202674156],[-70.89872080218646,41.09998767923793],[-70.89879732546343,41.09993101186248]]]},"properties":{"kind":"crosswalk"}},{"type":"Feature","geometry":{"type":"Polygon","coordinates":[[[-70.89895919518999,41.10005513869668],[-70.89899094596959,41.10007948620032],[-70.89891442269261,41.10013615357576],[-70.89888267191301,41.10011180607213],[-70.89895919518999,41.10005513869668]]]},"properties":{"kind":"crosswalk"}},{"type":"Feature","geometry":{"type":"Polygon","coordinates":[[[-70.89903751482463,41.10009278159121],[-70.89908270389247,41.10009040038556],[-70.89909018793117,41.10017105181855],[-70.89904499886332,41.100173433024196],[-70.89903751482463,41.10009278159121]]]},"properties":{"kind":"crosswalk"}},{"type":"Feature","geometry":{"type":"Polygon","coordinates":[[[-70.90104696104515,41.09998689525812],[-70.901092150113,41.09998451405247],[-70.90109963415169,41.10006516548547],[-70.90105444508384,41.100067546691115],[-70.90104696104515,41.09998689525812]]]},"properties":{"kind":"crosswalk"}},{"type":"Feature","geometry":{"type":"Polygon","coordinates":[[[-70.89847135768616,41.1013354388448],[-70.89846975321666,41.101369553406734],[-70.8983625324473,41.101366689821106],[-70.8983641369168,41.10133257525917],[-70.89847135768616,41.1013354388448]]]},"properties":{"kind":"crosswalk"}},{"type":"Feature","geometry":{"type":"Polygon","coordinates":[[[-70.89845342499989,41.101716727322305],[-70.89845182053038,41.10175084188424],[-70.89834459976102,41.10174797829861],[-70.89834620423052,41.10171386373668],[-70.89845342499989,41.101716727322305]]]},"properties":{"kind":"crosswalk"}},{"type":"Feature","geometry":{"type":"Polygon","coordinates":[[[-70.89851739730135,41.10175436009051],[-70.8985142373739,41.10172030726325],[-70.89862126411354,41.10171466756566],[-70.89862442404099,41.10174872039292],[-70.89851739730135,41.10175436009051]]]},"properties":{"kind":"crosswalk"}},{"type":"Feature","geometry":{"type":"Polygon","coordinates":[[[-70.89848170029757,41.101369672807884],[-70.89847854037012,41.101335619980624],[-70.89858556710976,41.10132998028303],[-70.89858872703721,41.1013640331103],[-70.89848170029757,41.101369672807884]]]},"properties":{"kind":"crosswalk"}},{"type":"Feature","geometry":{"type":"Polygon","coordinates":[[[-70.89880546191424,41.102512602516285],[-70.89885065552559,41.102514934242464],[-70.89884332699899,41.102595593784514],[-70.89879813338763,41.10259326205833],[-70.89880546191424,41.102512602516285]]]},"properties":{"kind":"crosswalk"}},{"type":"Feature","geometry":{"type":"Polygon","coordinates":[[[-70.90061209403808,41.102605814173764],[-70.90065728764944,41.10260814589994],[-70.90064995912282,41.102688805441986],[-70.90060476551146,41.102686473715806],[-70.90061209403808,41.102605814173764]]]},"properties":{"kind":"crosswalk"}},{"type":"Feature","geometry":{"type":"Polygon","coordinates":[[[-70.9007118535063,41.10260702779728],[-70.90075681218018,41.102602848771056],[-70.9007699467005,41.10268308900717],[-70.90072498802662,41.1026872680334],[-70.9007118535063,41.10260702779728]]]},"properties":{"kind":"crosswalk"}},{"type":"Feature","geometry":{"type":"Polygon","coordinates":[[[-70.90093179437622,41.102586583718654],[-70.9009767530501,41.10258240469243],[-70.90098988757043,41.10266264492854],[-70.90094492889655,41.10266682395477],[-70.90093179437622,41.102586583718654]]]},"properties":{"kind":"crosswalk"}},{"type":"Feature","geometry":{"type":"Polygon","coordinates":[[[-70.90100548517792,41.102559245816956],[-70.90100799697608,41.102525162353274],[-70.9011151200048,41.10252964529861],[-70.90111260820665,41.102563728762284],[-70.90100548517792,41.102559245816956]]]},"properties":{"kind":"crosswalk"}},{"type":"Feature","geometry":{"type":"Polygon","coordinates":[[[-70.90102038211482,41.10235710409365],[-70.90102289391298,41.10232302062997],[-70.9011300169417,41.102327503575296],[-70.90112750514355,41.10236158703898],[-70.90102038211482,41.10235710409365]]]},"properties":{"kind":"crosswalk"}},{"type":"Feature","geometry":{"type":"Polygon","coordinates":[[[-70.90099706293395,41.10230383242116],[-70.9009518738661,41.10230621362681],[-70.9009443898274,41.102225562193816],[-70.90098957889526,41.10222318098817],[-70.90099706293395,41.10230383242116]]]},"properties":{"kind":"crosswalk"}},{"type":"Feature","geometry":{"type":"Polygon","coordinates":[[[-70.89885064823207,41.102416936210524],[-70.89880545916422,41.10241931741617],[-70.89879797512552,41.102338665983176],[-70.89884316419337,41.10233628477753],[-70.89885064823207,41.102416936210524]]]},"properties":{"kind":"crosswalk"}},{"type":"Feature","geometry":{"type":"Polygon","coordinates":[[[-70.89843921432929,41.101926660245034],[-70.89843594859401,41.10196070740301],[-70.89832893967272,41.10195487886433],[-70.898332205408,41.10192083170636],[-70.89843921432929,41.101926660245034]]]},"properties":{"kind":"crosswalk"}},{"type":"Feature","geometry":{"type":"Polygon","coordinates":[[[-70.89839033461227,41.102436259250304],[-70.898387068877,41.102470306408286],[-70.89828005995571,41.10246447786961],[-70.89828332569098,41.10243043071163],[-70.89839033461227,41.102436259250304]]]},"properties":{"kind":"crosswalk"}},{"type":"Feature","geometry":{"type":"Polygon","coordinates":[[[-70.89858479840814,41.102480705325775],[-70.89858163848069,41.10244665249851],[-70.89868866522033,41.102441012800924],[-70.89869182514778,41.102475065628184],[-70.89858479840814,41.102480705325775]]]},"properties":{"kind":"crosswalk"}},{"type":"Feature","geometry":{"type":"Polygon","coordinates":[[[-70.89853697409924,41.101965328641995],[-70.89853381417178,41.101931275814735],[-70.89864084091143,41.101925636117144],[-70.89864400083889,41.10195968894441],[-70.89853697409924,41.101965328641995]]]},"properties":{"kind":"crosswalk"}},{"type":"Feature","geometry":{"type":"Polygon","coordinates":[[[-70.9009638346344,41.10275902468451],[-70.90091864102304,41.10275669295833],[-70.90092596954965,41.10267603341629],[-70.900971163161,41.10267836514247],[-70.9009638346344,41.10275902468451]]]},"properties":{"kind":"crosswalk"}},{"type":"Feature","geometry":{"type":"Polygon","coordinates":[[[-70.89885065552559,41.10264999699444],[-70.89880546191424,41.10264766526825],[-70.89881279044086,41.10256700572621],[-70.89885798405221,41.102569337452394],[-70.89885065552559,41.10264999699444]]]},"properties":{"kind":"crosswalk"}},{"type":"Feature","geometry":{"type":"Polygon","coordinates":[[[-70.89877810788632,41.102666915211834],[-70.89877810788632,41.10270105119263],[-70.89867081979828,41.10270105119263],[-70.89867081979828,41.102666915211834],[-70.89877810788632,41.102666915211834]]]},"properties":{"kind":"crosswalk"}},{"type":"Feature","geometry":{"type":"Polygon","coordinates":[[[-70.89877810788632,41.102842269558955],[-70.89877810788632,41.10287640553975],[-70.89867081979828,41.10287640553975],[-70.89867081979828,41.102842269558955],[-70.89877810788632,41.102842269558955]]]},"properties":{"kind":"crosswalk"}},{"type":"Feature","geometry":{"type":"Polygon","coordinates":[[[-70.89880552595325,41.102897066791286],[-70.8988508253682,41.102897066791286],[-70.8988508253682,41.10297791516686],[-70.89880552595325,41.10297791516686],[-70.89880552595325,41.102897066791286]]]},"properties":{"kind":"crosswalk"}},{"type":"Feature","geometry":{"type":"Polygon","coordinates":[[[-70.90090949603018,41.102897066791286],[-70.90095479544512,41.102897066791286],[-70.90095479544512,41.10297791516686],[-70.90090949603018,41.10297791516686],[-70.90090949603018,41.102897066791286]]]},"properties":{"kind":"crosswalk"}},{"type":"Feature","geometry":{"type":"Polygon","coordinates":[[[-70.89836813507085,41.1026458064149],[-70.89836405184633,41.10267980343609],[-70.89825720050307,41.10267251587908],[-70.89826128372758,41.10263851885789],[-70.89836813507085,41.1026458064149]]]},"properties":{"kind":"crosswalk"}},{"type":"Feature","geometry":{"type":"Polygon","coordinates":[[[-70.89834451200244,41.1028424926257],[-70.89834042877793,41.10287648964688],[-70.89823357743465,41.10286920208987],[-70.89823766065916,41.102835205068686],[-70.89834451200244,41.1028424926257]]]},"properties":{"kind":"crosswalk"}},{"type":"Feature","geometry":{"type":"Polygon","coordinates":[[[-70.89859929440625,41.10287640553975],[-70.89859929440625,41.102842269558955],[-70.89870658249428,41.102842269558955],[-70.89870658249428,41.10287640553975],[-70.89859929440625,41.10287640553975]]]},"properties":{"kind":"crosswalk"}},{"type":"Feature","geometry":{"type":"Polygon","coordinates":[[[-70.89859929440625,41.10269182546226],[-70.89859929440625,41.10265768948147],[-70.89870658249428,41.10265768948147],[-70.89870658249428,41.10269182546226],[-70.89859929440625,41.10269182546226]]]},"properties":{"kind":"crosswalk"}},{"type":"Feature","geometry":{"type":"Polygon","coordinates":[[[-70.89623561678884,41.10038321876136],[-70.89628085183871,41.10038503784185],[-70.89627513453797,41.1004657713415],[-70.8962298994881,41.100463952261],[-70.89623561678884,41.10038321876136]]]},"properties":{"kind":"crosswalk"}},{"type":"Feature","geometry":{"type":"Polygon","coordinates":[[[-70.89829559325577,41.10046605857291],[-70.89834082830563,41.1004678776534],[-70.89833511100491,41.10054861115305],[-70.89828987595504,41.10054679207256],[-70.89829559325577,41.10046605857291]]]},"properties":{"kind":"crosswalk"}},{"type":"Feature","geometry":{"type":"Polygon","coordinates":[[[-70.89835228955373,41.100336868231544],[-70.89830699013879,41.100336868231544],[-70.89830699013879,41.100256019855976],[-70.89835228955373,41.100256019855976],[-70.89835228955373,41.100336868231544]]]},"properties":{"kind":"crosswalk"}},{"type":"Feature","geometry":{"type":"Polygon","coordinates":[[[-70.89628578205652,41.100336868231544],[-70.89624048264159,41.100336868231544],[-70.89624048264159,41.100256019855976],[-70.89628578205652,41.100256019855976],[-70.89628578205652,41.100336868231544]]]},"properties":{"kind":"crosswalk"}},{"type":"Feature","geometry":{"type":"Polygon","coordinates":[[[-70.89825728424132,41.10059945704065],[-70.89821204919146,41.100597637960156],[-70.89821776649218,41.100516904460505],[-70.89826300154205,41.100518723541],[-70.89825728424132,41.10059945704065]]]},"properties":{"kind":"crosswalk"}},{"type":"Feature","geometry":{"type":"Polygon","coordinates":[[[-70.89634155415843,41.10052241794744],[-70.89629631910856,41.10052059886694],[-70.8963020364093,41.10043986536729],[-70.89634727145916,41.10044168444779],[-70.89634155415843,41.10052241794744]]]},"properties":{"kind":"crosswalk"}},{"type":"Feature","geometry":{"type":"Polygon","coordinates":[[[-70.89626785515286,41.10054014291678],[-70.89626606279765,41.10057425216656],[-70.89615885872418,41.100571053250924],[-70.89616065107938,41.10053694400114],[-70.89626785515286,41.10054014291678]]]},"properties":{"kind":"crosswalk"}},{"type":"Feature","geometry":{"type":"Polygon","coordinates":[[[-70.89624214138976,41.10102948630505],[-70.89624034903456,41.101063595554834],[-70.89613314496108,41.1010603966392],[-70.89613493731629,41.101026287389416],[-70.89624214138976,41.10102948630505]]]},"properties":{"kind":"crosswalk"}},{"type":"Feature","geometry":{"type":"Polygon","coordinates":[[[-70.89626663882821,41.101085403037935],[-70.89631186649467,41.101087323542835],[-70.89630583042089,41.10116804386491],[-70.89626060275442,41.10116612336],[-70.89626663882821,41.101085403037935]]]},"properties":{"kind":"crosswalk"}},{"type":"Feature","geometry":{"type":"Polygon","coordinates":[[[-70.89815920464925,41.10116576716506],[-70.89820443231571,41.10116768766996],[-70.89819839624192,41.10124840799203],[-70.89815316857546,41.10124648748713],[-70.89815920464925,41.10116576716506]]]},"properties":{"kind":"crosswalk"}},{"type":"Feature","geometry":{"type":"Polygon","coordinates":[[[-70.89823372394002,41.10114823939099],[-70.89823689113112,41.10111418694692],[-70.89834391666639,41.10111983960834],[-70.8983407494753,41.10115389205241],[-70.89823372394002,41.10114823939099]]]},"properties":{"kind":"crosswalk"}},{"type":"Feature","geometry":{"type":"Polygon","coordinates":[[[-70.89827957917527,41.10065522119695],[-70.89828274636636,41.10062116875288],[-70.89838977190165,41.1006268214143],[-70.89838660471055,41.10066087385837],[-70.89827957917527,41.10065522119695]]]},"properties":{"kind":"crosswalk"}},{"type":"Feature","geometry":{"type":"Polygon","coordinates":[[[-70.89819499335741,41.10130224791663],[-70.89814976569095,41.10130032741173],[-70.89815580176473,41.101219607089654],[-70.89820102943119,41.101221527594554],[-70.89819499335741,41.10130224791663]]]},"properties":{"kind":"crosswalk"}},{"type":"Feature","geometry":{"type":"Polygon","coordinates":[[[-70.89629962988222,41.101221764992566],[-70.89625440221576,41.10121984448766],[-70.89626043828954,41.10113912416559],[-70.896305665956,41.10114104467049],[-70.89629962988222,41.101221764992566]]]},"properties":{"kind":"crosswalk"}},{"type":"Feature","geometry":{"type":"Polygon","coordinates":[[[-70.8962243249175,41.10123924270609],[-70.8962198596564,41.101273212441455],[-70.89611309407145,41.10126524304258],[-70.89611755933255,41.10123127330723],[-70.8962243249175,41.10123924270609]]]},"properties":{"kind":"crosswalk"}},{"type":"Feature","geometry":{"type":"Polygon","coordinates":[[[-70.89617402646181,41.10162189115406],[-70.89616956120071,41.101655860889416],[-70.89606279561576,41.10164789149055],[-70.89606726087686,41.101613921755195],[-70.89617402646181,41.10162189115406]]]},"properties":{"kind":"crosswalk"}},{"type":"Feature","geometry":{"type":"Polygon","coordinates":[[[-70.89619423560542,41.101677551067404],[-70.89623946727428,41.10167941727829],[-70.89623360184454,41.101760144743686],[-70.89618837017566,41.101758278532806],[-70.89619423560542,41.101677551067404]]]},"properties":{"kind":"crosswalk"}},{"type":"Feature","geometry":{"type":"Polygon","coordinates":[[[-70.89812826889663,41.10175734723822],[-70.8981735005655,41.1017592134491],[-70.89816763513575,41.1018399409145],[-70.89812240346687,41.101838074703615],[-70.89812826889663,41.10175734723822]]]},"properties":{"kind":"crosswalk"}},{"type":"Feature","geometry":{"type":"Polygon","coordinates":[[[-70.89820184875452,41.101739694710304],[-70.89820345322403,41.101705580148376],[-70.8983106739934,41.101708443734],[-70.89830906952388,41.10174255829593],[-70.89820184875452,41.101739694710304]]]},"properties":{"kind":"crosswalk"}},{"type":"Feature","geometry":{"type":"Polygon","coordinates":[[[-70.89821979240183,41.10135817317691],[-70.89822139687135,41.10132405861498],[-70.8983286176407,41.101326922200606],[-70.8983270131712,41.10136103676254],[-70.89821979240183,41.10135817317691]]]},"properties":{"kind":"crosswalk"}},{"type":"Feature","geometry":{"type":"Polygon","coordinates":[[[-70.89816389210017,41.101893766125364],[-70.8981186604313,41.10189189991448],[-70.89812452586105,41.10181117244908],[-70.89816975752991,41.10181303865996],[-70.89816389210017,41.101893766125364]]]},"properties":{"kind":"crosswalk"}},{"type":"Feature","geometry":{"type":"Polygon","coordinates":[[[-70.89622730138278,41.10181386443785],[-70.89618206971392,41.101811998226964],[-70.89618793514367,41.10173127076157],[-70.89623316681254,41.10173313697245],[-70.89622730138278,41.10181386443785]]]},"properties":{"kind":"crosswalk"}},{"type":"Feature","geometry":{"type":"Polygon","coordinates":[[[-70.89615370641319,41.101831516559024],[-70.89615207697652,41.101865630448955],[-70.89604485831923,41.101862722303046],[-70.89604648775591,41.10182860841312],[-70.89615370641319,41.101831516559024]]]},"properties":{"kind":"crosswalk"}},{"type":"Feature","geometry":{"type":"Polygon","coordinates":[[[-70.89613045437324,41.102318321321256],[-70.89612882493657,41.10235243521119],[-70.89602160627928,41.102349527065286],[-70.89602323571596,41.102315413175354],[-70.89613045437324,41.102318321321256]]]},"properties":{"kind":"crosswalk"}},{"type":"Feature","geometry":{"type":"Polygon","coordinates":[[[-70.89615519115402,41.10237451160169],[-70.89620038216736,41.102376871748234],[-70.89619296431663,41.10245752665346],[-70.89614777330328,41.10245516650691],[-70.89615519115402,41.10237451160169]]]},"properties":{"kind":"crosswalk"}},{"type":"Feature","geometry":{"type":"Polygon","coordinates":[[[-70.89806280247704,41.10247413853957],[-70.89810799349038,41.102476498686116],[-70.89810057563963,41.102557153591334],[-70.89805538462629,41.10255479344479],[-70.89806280247704,41.10247413853957]]]},"properties":{"kind":"crosswalk"}},{"type":"Feature","geometry":{"type":"Polygon","coordinates":[[[-70.89813732257507,41.102457319705515],[-70.89814058831034,41.10242327254753],[-70.89824759723163,41.10242910108621],[-70.89824433149636,41.10246314824419],[-70.89813732257507,41.102457319705515]]]},"properties":{"kind":"crosswalk"}},{"type":"Feature","geometry":{"type":"Polygon","coordinates":[[[-70.89818602679838,41.10194955032239],[-70.89818929253366,41.10191550316441],[-70.89829630145495,41.10192133170308],[-70.89829303571968,41.101955378861064],[-70.89818602679838,41.10194955032239]]]},"properties":{"kind":"crosswalk"}},{"type":"Feature","geometry":{"type":"Polygon","coordinates":[[[-70.89816482228751,41.10261453714441],[-70.89811963127417,41.102612176997866],[-70.89812704912492,41.10253152209265],[-70.89817224013827,41.10253388223919],[-70.89816482228751,41.10261453714441]]]},"properties":{"kind":"crosswalk"}},{"type":"Feature","geometry":{"type":"Polygon","coordinates":[[[-70.89611764913651,41.10250762144839],[-70.89607245812317,41.10250526130184],[-70.89607987597391,41.102424606396625],[-70.89612506698725,41.10242696654317],[-70.89611764913651,41.10250762144839]]]},"properties":{"kind":"crosswalk"}},{"type":"Feature","geometry":{"type":"Polygon","coordinates":[[[-70.89604262441529,41.102524409264916],[-70.89603852495476,41.102558405176545],[-70.89593167709879,41.1025510886422],[-70.89593577655933,41.10251709273057],[-70.89604262441529,41.102524409264916]]]},"properties":{"kind":"crosswalk"}},{"type":"Feature","geometry":{"type":"Polygon","coordinates":[[[-70.896004267524,41.102842494406836],[-70.89600016806347,41.10287649031846],[-70.89589332020749,41.102869173784114],[-70.89589741966803,41.10283517787249],[-70.896004267524,41.102842494406836]]]},"properties":{"kind":"crosswalk"}},{"type":"Feature","geometry":{"type":"Polygon","coordinates":[[[-70.89602510487798,41.102897066791286],[-70.89607040429291,41.102897066791286],[-70.89607040429291,41.10297791516686],[-70.89602510487798,41.10297791516686],[-70.89602510487798,41.102897066791286]]]},"properties":{"kind":"crosswalk"}},{"type":"Feature","geometry":{"type":"Polygon","coordinates":[[[-70.89808569550743,41.102897066791286],[-70.89813099492238,41.102897066791286],[-70.89813099492238,41.10297791516686],[-70.89808569550743,41.10297791516686],[-70.89808569550743,41.102897066791286]]]},"properties":{"kind":"crosswalk"}},{"type":"Feature","geometry":{"type":"Polygon","coordinates":[[[-70.8981608844147,41.10287648964688],[-70.8981649676392,41.1028424926257],[-70.89827181898248,41.10284978018271],[-70.89826773575797,41.10288377720389],[-70.8981608844147,41.10287648964688]]]},"properties":{"kind":"crosswalk"}},{"type":"Feature","geometry":{"type":"Polygon","coordinates":[[[-70.89818562009309,41.10267053981976],[-70.8981897033176,41.10263654279857],[-70.89829655466087,41.10264383035558],[-70.89829247143636,41.102677827376766],[-70.89818562009309,41.10267053981976]]]},"properties":{"kind":"crosswalk"}},{"type":"Feature","geometry":{"type":"Polygon","coordinates":[[[-70.89592024734083,41.10050329054317],[-70.89587505522077,41.10050094246108],[-70.89588243515337,41.10042028558063],[-70.89592762727342,41.100422633662724],[-70.89592024734083,41.10050329054317]]]},"properties":{"kind":"crosswalk"}},{"type":"Feature","geometry":{"type":"Polygon","coordinates":[[[-70.89417731437065,41.100412731621],[-70.89413212225058,41.100410383538915],[-70.89413950218318,41.100329726658465],[-70.89418469430325,41.10033207474055],[-70.89417731437065,41.100412731621]]]},"properties":{"kind":"crosswalk"}},{"type":"Feature","geometry":{"type":"Polygon","coordinates":[[[-70.89410303971296,41.10042958244113],[-70.89410018242302,41.10046365044862],[-70.89399310797252,41.100458550884966],[-70.89399596526245,41.100424482877486],[-70.89410303971296,41.10042958244113]]]},"properties":{"kind":"crosswalk"}},{"type":"Feature","geometry":{"type":"Polygon","coordinates":[[[-70.89406087238837,41.10093235141571],[-70.89405801509844,41.100966419423195],[-70.89395094064794,41.10096131985955],[-70.89395379793787,41.10092725185206],[-70.89406087238837,41.10093235141571]]]},"properties":{"kind":"crosswalk"}},{"type":"Feature","geometry":{"type":"Polygon","coordinates":[[[-70.8940836556663,41.10098826267088],[-70.89412887563357,41.1009902835074],[-70.89412252422133,41.1010709900883],[-70.89407730425405,41.101068969251784],[-70.8940836556663,41.10098826267088]]]},"properties":{"kind":"crosswalk"}},{"type":"Feature","geometry":{"type":"Polygon","coordinates":[[[-70.89584529382454,41.10106698857316],[-70.89589051379181,41.10106900940968],[-70.89588416237956,41.10114971599058],[-70.8958389424123,41.101147695154054],[-70.89584529382454,41.10106698857316]]]},"properties":{"kind":"crosswalk"}},{"type":"Feature","geometry":{"type":"Polygon","coordinates":[[[-70.89591896861857,41.10104958747533],[-70.89592076097377,41.10101547822555],[-70.89602796504724,41.101018677141184],[-70.89602617269203,41.101052786390966],[-70.89591896861857,41.10104958747533]]]},"properties":{"kind":"crosswalk"}},{"type":"Feature","geometry":{"type":"Polygon","coordinates":[[[-70.89594472326435,41.10055946607277],[-70.89594651561956,41.100525356822985],[-70.89605371969303,41.10052855573862],[-70.89605192733782,41.1005626649884],[-70.89594472326435,41.10055946607277]]]},"properties":{"kind":"crosswalk"}},{"type":"Feature","geometry":{"type":"Polygon","coordinates":[[[-70.89587806131576,41.10120343695286],[-70.8958328413485,41.10120141611633],[-70.89583919276073,41.10112070953544],[-70.89588441272801,41.101122730371955],[-70.89587806131576,41.10120343695286]]]},"properties":{"kind":"crosswalk"}},{"type":"Feature","geometry":{"type":"Polygon","coordinates":[[[-70.89411551066765,41.10112467027229],[-70.89407029070037,41.10112264943577],[-70.89407664211261,41.10104194285487],[-70.89412186207988,41.10104396369139],[-70.89411551066765,41.10112467027229]]]},"properties":{"kind":"crosswalk"}},{"type":"Feature","geometry":{"type":"Polygon","coordinates":[[[-70.894040533625,41.10114200909493],[-70.89403658972861,41.10117601545527],[-70.89392970903273,41.1011689765649],[-70.8939336529291,41.10113497020455],[-70.894040533625,41.10114200909493]]]},"properties":{"kind":"crosswalk"}},{"type":"Feature","geometry":{"type":"Polygon","coordinates":[[[-70.89399845120975,41.101504865934494],[-70.89399450731337,41.10153887229484],[-70.89388762661747,41.10153183340446],[-70.89389157051386,41.10149782704411],[-70.89399845120975,41.101504865934494]]]},"properties":{"kind":"crosswalk"}},{"type":"Feature","geometry":{"type":"Polygon","coordinates":[[[-70.89401946605832,41.10156095379699],[-70.89406464614204,41.10156342991847],[-70.8940568637865,41.10164406531698],[-70.8940116837028,41.1016415891955],[-70.89401946605832,41.10156095379699]]]},"properties":{"kind":"crosswalk"}},{"type":"Feature","geometry":{"type":"Polygon","coordinates":[[[-70.89577291668618,41.10165705270613],[-70.8958180967699,41.101659528827604],[-70.89581031441436,41.101740164226115],[-70.89576513433066,41.101737688104635],[-70.89577291668618,41.10165705270613]]]},"properties":{"kind":"crosswalk"}},{"type":"Feature","geometry":{"type":"Polygon","coordinates":[[[-70.89584814526808,41.10164046690341],[-70.89585261052918,41.101606497168056],[-70.89595937611412,41.10161446656692],[-70.89595491085302,41.101648436302284],[-70.89584814526808,41.10164046690341]]]},"properties":{"kind":"crosswalk"}},{"type":"Feature","geometry":{"type":"Polygon","coordinates":[[[-70.89589826337682,41.1012591904554],[-70.89590272863792,41.101225220720046],[-70.89600949422287,41.10123319011891],[-70.89600502896177,41.10126715985427],[-70.89589826337682,41.1012591904554]]]},"properties":{"kind":"crosswalk"}},{"type":"Feature","geometry":{"type":"Polygon","coordinates":[[[-70.89580600971354,41.10179396958118],[-70.89576082962982,41.10179149345971],[-70.89576861198536,41.101710858061196],[-70.89581379206908,41.101713334182676],[-70.89580600971354,41.10179396958118]]]},"properties":{"kind":"crosswalk"}},{"type":"Feature","geometry":{"type":"Polygon","coordinates":[[[-70.89405214187524,41.101697847806584],[-70.89400696179152,41.1016953716851],[-70.89401474414706,41.10161473628659],[-70.89405992423077,41.10161721240807],[-70.89405214187524,41.101697847806584]]]},"properties":{"kind":"crosswalk"}},{"type":"Feature","geometry":{"type":"Polygon","coordinates":[[[-70.89397816466614,41.10171450526723],[-70.89397576689053,41.10174859339397],[-70.893868629206,41.101744313951],[-70.8938710269816,41.10171022582426],[-70.89397816466614,41.10171450526723]]]},"properties":{"kind":"crosswalk"}},{"type":"Feature","geometry":{"type":"Polygon","coordinates":[[[-70.89394224082329,41.1022252188239],[-70.89393984304769,41.10225930695063],[-70.89383270536315,41.10225502750766],[-70.89383510313876,41.10222093938093],[-70.89394224082329,41.1022252188239]]]},"properties":{"kind":"crosswalk"}},{"type":"Feature","geometry":{"type":"Polygon","coordinates":[[[-70.89396576777025,41.102281083213555],[-70.89401099769618,41.102282973260344],[-70.89400505735107,41.10236369761502],[-70.89395982742515,41.10236180756823],[-70.89396576777025,41.102281083213555]]]},"properties":{"kind":"crosswalk"}},{"type":"Feature","geometry":{"type":"Polygon","coordinates":[[[-70.89573388040218,41.1023549682695],[-70.89577911032809,41.1023568583163],[-70.89577316998299,41.102437582670966],[-70.89572794005706,41.10243569262418],[-70.89573388040218,41.1023549682695]]]},"properties":{"kind":"crosswalk"}},{"type":"Feature","geometry":{"type":"Polygon","coordinates":[[[-70.89580747257388,41.10233735441124],[-70.89580910201056,41.10230324052131],[-70.89591632066784,41.10230614866721],[-70.89591469123117,41.10234026255714],[-70.89580747257388,41.10233735441124]]]},"properties":{"kind":"crosswalk"}},{"type":"Feature","geometry":{"type":"Polygon","coordinates":[[[-70.89583073987902,41.10185023005697],[-70.8958323693157,41.101816116167036],[-70.89593958797298,41.10181902431294],[-70.89593795853631,41.10185313820287],[-70.89583073987902,41.10185023005697]]]},"properties":{"kind":"crosswalk"}},{"type":"Feature","geometry":{"type":"Polygon","coordinates":[[[-70.89583918822804,41.1024943231349],[-70.89579395830211,41.10249243308811],[-70.89579989864723,41.102411708733435],[-70.89584512857316,41.102413598780224],[-70.89583918822804,41.1024943231349]]]},"properties":{"kind":"crosswalk"}},{"type":"Feature","geometry":{"type":"Polygon","coordinates":[[[-70.89392931338443,41.10241451418657],[-70.8938840834585,41.10241262413978],[-70.89389002380362,41.102331899785106],[-70.89393525372955,41.102333789831896],[-70.89392931338443,41.10241451418657]]]},"properties":{"kind":"crosswalk"}},{"type":"Feature","geometry":{"type":"Polygon","coordinates":[[[-70.89385500928182,41.1024321017484],[-70.89385220361149,41.10246617219204],[-70.89374512150424,41.102461164756754],[-70.89374792717457,41.102427094313114],[-70.89385500928182,41.1024321017484]]]},"properties":{"kind":"crosswalk"}},{"type":"Feature","geometry":{"type":"Polygon","coordinates":[[[-70.89382717476418,41.10277010809001],[-70.89382436909385,41.10280417853365],[-70.8937172869866,41.10279917109837],[-70.89372009265692,41.10276510065473],[-70.89382717476418,41.10277010809001]]]},"properties":{"kind":"crosswalk"}},{"type":"Feature","geometry":{"type":"Polygon","coordinates":[[[-70.89414199562763,41.102897066791286],[-70.89418729504257,41.102897066791286],[-70.89418729504257,41.10297791516686],[-70.89414199562763,41.10297791516686],[-70.89414199562763,41.102897066791286]]]},"properties":{"kind":"crosswalk"}},{"type":"Feature","geometry":{"type":"Polygon","coordinates":[[[-70.89574541910592,41.102897066791286],[-70.89579071852087,41.102897066791286],[-70.89579071852087,41.10297791516686],[-70.89574541910592,41.10297791516686],[-70.89574541910592,41.102897066791286]]]},"properties":{"kind":"crosswalk"}},{"type":"Feature","geometry":{"type":"Polygon","coordinates":[[[-70.89582061784024,41.10287649031846],[-70.89582471730078,41.102842494406836],[-70.89593156515674,41.10284981094117],[-70.8959274656962,41.1028838068528],[-70.89582061784024,41.10287649031846]]]},"properties":{"kind":"crosswalk"}},{"type":"Feature","geometry":{"type":"Polygon","coordinates":[[[-70.89585998352287,41.10255003949504],[-70.89586408298341,41.102516043583414],[-70.89597093083938,41.10252336011776],[-70.89596683137884,41.102557356029386],[-70.89585998352287,41.10255003949504]]]},"properties":{"kind":"crosswalk"}},{"type":"Feature","geometry":{"type":"Polygon","coordinates":[[[-70.89158547000814,41.098331736032115],[-70.8915819018551,41.09836576595102],[-70.89147494711555,41.09835939767062],[-70.89147851526859,41.09832536775171],[-70.89158547000814,41.098331736032115]]]},"properties":{"kind":"crosswalk"}},{"type":"Feature","geometry":{"type":"Polygon","coordinates":[[[-70.89156489249802,41.09852798630337],[-70.89156132434499,41.098562016222274],[-70.89145436960544,41.09855564794187],[-70.89145793775847,41.098521618022964],[-70.89156489249802,41.09852798630337]]]},"properties":{"kind":"crosswalk"}},{"type":"Feature","geometry":{"type":"Polygon","coordinates":[[[-70.89180438216425,41.098679689261274],[-70.89180438216425,41.09864555328048],[-70.89191167025228,41.09864555328048],[-70.89191167025228,41.098679689261274],[-70.89180438216425,41.098679689261274]]]},"properties":{"kind":"crosswalk"}},{"type":"Feature","geometry":{"type":"Polygon","coordinates":[[[-70.89180438216425,41.098198412207466],[-70.89180438216425,41.09816427622667],[-70.89191167025228,41.09816427622667],[-70.89191167025228,41.098198412207466],[-70.89180438216425,41.098198412207466]]]},"properties":{"kind":"crosswalk"}},{"type":"Feature","geometry":{"type":"Polygon","coordinates":[[[-70.89152726412908,41.09891903109828],[-70.89152439437824,41.098953098511],[-70.89141732179706,41.09894797670766],[-70.89142019154792,41.09891390929495],[-70.89152726412908,41.09891903109828]]]},"properties":{"kind":"crosswalk"}},{"type":"Feature","geometry":{"type":"Polygon","coordinates":[[[-70.8914945416862,41.09930748606365],[-70.89149167193534,41.09934155347637],[-70.89138459935418,41.09933643167304],[-70.89138746910503,41.09930236426032],[-70.8914945416862,41.09930748606365]]]},"properties":{"kind":"crosswalk"}},{"type":"Feature","geometry":{"type":"Polygon","coordinates":[[[-70.89151728325113,41.099363646535885],[-70.89156246734981,41.09936608069975],[-70.89155481686544,41.099446723263995],[-70.89150963276676,41.09944428910012],[-70.89151728325113,41.099363646535885]]]},"properties":{"kind":"crosswalk"}},{"type":"Feature","geometry":{"type":"Polygon","coordinates":[[[-70.89173184979532,41.09937520569376],[-70.891777033894,41.09937763985763],[-70.89176938340962,41.099458282421864],[-70.89172419931094,41.099455848257996],[-70.89173184979532,41.09937520569376]]]},"properties":{"kind":"crosswalk"}},{"type":"Feature","geometry":{"type":"Polygon","coordinates":[[[-70.89180438216425,41.099358451915805],[-70.89180438216425,41.09932431593501],[-70.89191167025228,41.09932431593501],[-70.89191167025228,41.099358451915805],[-70.89180438216425,41.099358451915805]]]},"properties":{"kind":"crosswalk"}},{"type":"Feature","geometry":{"type":"Polygon","coordinates":[[[-70.89180438216425,41.09889017993322],[-70.89180438216425,41.09885604395242],[-70.89191167025228,41.09885604395242],[-70.89191167025228,41.09889017993322],[-70.89180438216425,41.09889017993322]]]},"properties":{"kind":"crosswalk"}},{"type":"Feature","geometry":{"type":"Polygon","coordinates":[[[-70.891777033894,41.09951273104457],[-70.89173184979532,41.0995102968807],[-70.8917395002797,41.09942965431646],[-70.89178468437838,41.099432088480334],[-70.891777033894,41.09951273104457]]]},"properties":{"kind":"crosswalk"}},{"type":"Feature","geometry":{"type":"Polygon","coordinates":[[[-70.8915508108477,41.09950054392604],[-70.89150562674902,41.099498109762166],[-70.8915132772334,41.09941746719793],[-70.89155846133208,41.099419901361806],[-70.8915508108477,41.09950054392604]]]},"properties":{"kind":"crosswalk"}},{"type":"Feature","geometry":{"type":"Polygon","coordinates":[[[-70.89147644145977,41.09951725127722],[-70.8914734063849,41.09955131055292],[-70.89136635937807,41.09954589368664],[-70.89136939445295,41.09951183441094],[-70.89147644145977,41.09951725127722]]]},"properties":{"kind":"crosswalk"}},{"type":"Feature","geometry":{"type":"Polygon","coordinates":[[[-70.8914254947682,41.1000889694347],[-70.89142245969333,41.1001230287104],[-70.89131541268651,41.10011761184412],[-70.89131844776138,41.10008355256843],[-70.8914254947682,41.1000889694347]]]},"properties":{"kind":"crosswalk"}},{"type":"Feature","geometry":{"type":"Polygon","coordinates":[[[-70.89144798453731,41.100144965786455],[-70.89149319109353,41.10014715037555],[-70.89148632501318,41.100227833021016],[-70.89144111845695,41.10022564843192],[-70.89144798453731,41.100144965786455]]]},"properties":{"kind":"crosswalk"}},{"type":"Feature","geometry":{"type":"Polygon","coordinates":[[[-70.89173181374504,41.10015868172157],[-70.89177702030128,41.10016086631066],[-70.89177015422092,41.10024154895613],[-70.8917249476647,41.100239364367035],[-70.89173181374504,41.10015868172157]]]},"properties":{"kind":"crosswalk"}},{"type":"Feature","geometry":{"type":"Polygon","coordinates":[[[-70.89180438216425,41.10014152731042],[-70.89180438216425,41.10010739132962],[-70.89191167025228,41.10010739132962],[-70.89191167025228,41.10014152731042],[-70.89180438216425,41.10014152731042]]]},"properties":{"kind":"crosswalk"}},{"type":"Feature","geometry":{"type":"Polygon","coordinates":[[[-70.89180438216425,41.099569001586616],[-70.89180438216425,41.09953486560582],[-70.89191167025228,41.09953486560582],[-70.89191167025228,41.099569001586616],[-70.89180438216425,41.099569001586616]]]},"properties":{"kind":"crosswalk"}},{"type":"Feature","geometry":{"type":"Polygon","coordinates":[[[-70.89382763026595,41.100394985309535],[-70.89378242370971,41.10039280072044],[-70.89378928979006,41.100312118074974],[-70.89383449634629,41.10031430266407],[-70.89382763026595,41.100394985309535]]]},"properties":{"kind":"crosswalk"}},{"type":"Feature","geometry":{"type":"Polygon","coordinates":[[[-70.89269755926838,41.10034037507194],[-70.89265235271216,41.10033819048284],[-70.8926592187925,41.10025750783738],[-70.89270442534873,41.10025969242647],[-70.89269755926838,41.10034037507194]]]},"properties":{"kind":"crosswalk"}},{"type":"Feature","geometry":{"type":"Polygon","coordinates":[[[-70.89259757278224,41.100336868231544],[-70.89255227336729,41.100336868231544],[-70.89255227336729,41.100256019855976],[-70.89259757278224,41.100256019855976],[-70.89259757278224,41.100336868231544]]]},"properties":{"kind":"crosswalk"}},{"type":"Feature","geometry":{"type":"Polygon","coordinates":[[[-70.89205591312619,41.100336868231544],[-70.89201061371124,41.100336868231544],[-70.89201061371124,41.100256019855976],[-70.89205591312619,41.100256019855976],[-70.89205591312619,41.100336868231544]]]},"properties":{"kind":"crosswalk"}},{"type":"Feature","geometry":{"type":"Polygon","coordinates":[[[-70.8919831956443,41.100357529483084],[-70.8919831956443,41.100391665463874],[-70.89187590755627,41.100391665463874],[-70.89187590755627,41.100357529483084],[-70.8919831956443,41.100357529483084]]]},"properties":{"kind":"crosswalk"}},{"type":"Feature","geometry":{"type":"Polygon","coordinates":[[[-70.8919831956443,41.100828176782144],[-70.8919831956443,41.10086231276294],[-70.89187590755627,41.10086231276294],[-70.89187590755627,41.100828176782144],[-70.8919831956443,41.100828176782144]]]},"properties":{"kind":"crosswalk"}},{"type":"Feature","geometry":{"type":"Polygon","coordinates":[[[-70.89201055195991,41.10088435991383],[-70.89205574935093,41.100886649660595],[-70.89204855276402,41.100967315948395],[-70.892003355373,41.100965026201635],[-70.89201055195991,41.10088435991383]]]},"properties":{"kind":"crosswalk"}},{"type":"Feature","geometry":{"type":"Polygon","coordinates":[[[-70.89373387479301,41.10097166523809],[-70.89377907218403,41.10097395498485],[-70.89377187559712,41.10105462127265],[-70.89372667820612,41.10105233152589],[-70.89373387479301,41.10097166523809]]]},"properties":{"kind":"crosswalk"}},{"type":"Feature","geometry":{"type":"Polygon","coordinates":[[[-70.89380815791196,41.10095472077442],[-70.8938110152019,41.10092065276693],[-70.8939180896524,41.100925752330575],[-70.89391523236247,41.10095982033806],[-70.89380815791196,41.10095472077442]]]},"properties":{"kind":"crosswalk"}},{"type":"Feature","geometry":{"type":"Polygon","coordinates":[[[-70.89385040542666,41.1004509956781],[-70.89385326271659,41.10041692767062],[-70.89396033716709,41.100422027234266],[-70.89395747987716,41.100456095241746],[-70.89385040542666,41.1004509956781]]]},"properties":{"kind":"crosswalk"}},{"type":"Feature","geometry":{"type":"Polygon","coordinates":[[[-70.89177702030128,41.1002958903875],[-70.89173181374504,41.10029370579841],[-70.8917386798254,41.10021302315294],[-70.89178388638162,41.10021520774204],[-70.89177702030128,41.1002958903875]]]},"properties":{"kind":"crosswalk"}},{"type":"Feature","geometry":{"type":"Polygon","coordinates":[[[-70.8914805027349,41.100281561292434],[-70.89143529617867,41.10027937670334],[-70.89144216225903,41.10019869405788],[-70.89148736881525,41.10020087864697],[-70.8914805027349,41.100281561292434]]]},"properties":{"kind":"crosswalk"}},{"type":"Feature","geometry":{"type":"Polygon","coordinates":[[[-70.8914058788398,41.10029865756168],[-70.89140248283616,41.100332697481946],[-70.89129549666272,41.100326636446084],[-70.89129889266637,41.100292596525826],[-70.8914058788398,41.10029865756168]]]},"properties":{"kind":"crosswalk"}},{"type":"Feature","geometry":{"type":"Polygon","coordinates":[[[-70.89135623216067,41.100796292185834],[-70.89135283615703,41.10083033210609],[-70.89124584998359,41.10082427107024],[-70.89124924598724,41.10079023114997],[-70.89135623216067,41.100796292185834]]]},"properties":{"kind":"crosswalk"}},{"type":"Feature","geometry":{"type":"Polygon","coordinates":[[[-70.89137813699675,41.100852321115084],[-70.89142333438775,41.100854610861845],[-70.89141613780086,41.100935277149645],[-70.89137094040984,41.100932987402885],[-70.89137813699675,41.100852321115084]]]},"properties":{"kind":"crosswalk"}},{"type":"Feature","geometry":{"type":"Polygon","coordinates":[[[-70.89173182845762,41.10087023949177],[-70.89177702584864,41.100872529238536],[-70.89176982926173,41.10095319552634],[-70.89172463187073,41.10095090577958],[-70.89173182845762,41.10087023949177]]]},"properties":{"kind":"crosswalk"}},{"type":"Feature","geometry":{"type":"Polygon","coordinates":[[[-70.89180438216425,41.100853253886356],[-70.89180438216425,41.10081911790556],[-70.89191167025228,41.10081911790556],[-70.89191167025228,41.100853253886356],[-70.89180438216425,41.100853253886356]]]},"properties":{"kind":"crosswalk"}},{"type":"Feature","geometry":{"type":"Polygon","coordinates":[[[-70.89180438216425,41.10035200987112],[-70.89180438216425,41.100317873890326],[-70.89191167025228,41.100317873890326],[-70.89191167025228,41.10035200987112],[-70.89180438216425,41.10035200987112]]]},"properties":{"kind":"crosswalk"}},{"type":"Feature","geometry":{"type":"Polygon","coordinates":[[[-70.89376562997221,41.10110832544572],[-70.89372043258119,41.10110603569896],[-70.8937276291681,41.10102536941116],[-70.8937728265591,41.10102765915792],[-70.89376562997221,41.10110832544572]]]},"properties":{"kind":"crosswalk"}},{"type":"Feature","geometry":{"type":"Polygon","coordinates":[[[-70.89205574935093,41.10102170111787],[-70.89201055195991,41.101019411371105],[-70.89201774854682,41.100938745083305],[-70.89206294593782,41.10094103483007],[-70.89205574935093,41.10102170111787]]]},"properties":{"kind":"crosswalk"}},{"type":"Feature","geometry":{"type":"Polygon","coordinates":[[[-70.8919831956443,41.101038686723285],[-70.8919831956443,41.10107282270408],[-70.89187590755627,41.10107282270408],[-70.89187590755627,41.101038686723285],[-70.8919831956443,41.101038686723285]]]},"properties":{"kind":"crosswalk"}},{"type":"Feature","geometry":{"type":"Polygon","coordinates":[[[-70.8919831956443,41.10142155143891],[-70.8919831956443,41.10145568741971],[-70.89187590755627,41.10145568741971],[-70.89187590755627,41.10142155143891],[-70.8919831956443,41.10142155143891]]]},"properties":{"kind":"crosswalk"}},{"type":"Feature","geometry":{"type":"Polygon","coordinates":[[[-70.89201057481023,41.101477448891366],[-70.89205580995393,41.10147926664636],[-70.89205009681919,41.10156000031348],[-70.89200486167549,41.101558182558485],[-70.89201057481023,41.101477448891366]]]},"properties":{"kind":"crosswalk"}},{"type":"Feature","geometry":{"type":"Polygon","coordinates":[[[-70.8936696531132,41.101544118246615],[-70.8937148882569,41.10154593600161],[-70.89370917512217,41.101626669668725],[-70.89366393997847,41.10162485191373],[-70.8936696531132,41.101544118246615]]]},"properties":{"kind":"crosswalk"}},{"type":"Feature","geometry":{"type":"Polygon","coordinates":[[[-70.893744654518,41.10152645342468],[-70.89374859841438,41.10149244706433],[-70.89385547911027,41.10149948595471],[-70.89385153521388,41.101533492315056],[-70.893744654518,41.10152645342468]]]},"properties":{"kind":"crosswalk"}},{"type":"Feature","geometry":{"type":"Polygon","coordinates":[[[-70.89378665529625,41.101164300502475],[-70.89379059919264,41.10113029414213],[-70.89389747988852,41.10113733303251],[-70.89389353599215,41.101171339392856],[-70.89378665529625,41.101164300502475]]]},"properties":{"kind":"crosswalk"}},{"type":"Feature","geometry":{"type":"Polygon","coordinates":[[[-70.89177702584864,41.101007580695814],[-70.89173182845762,41.10100529094905],[-70.89173902504453,41.100924624661246],[-70.89178422243553,41.100926914408014],[-70.89177702584864,41.101007580695814]]]},"properties":{"kind":"crosswalk"}},{"type":"Feature","geometry":{"type":"Polygon","coordinates":[[[-70.89141175629076,41.10098907576071],[-70.89136655889976,41.10098678601395],[-70.89137375548665,41.10090611972614],[-70.89141895287767,41.10090840947291],[-70.89141175629076,41.10098907576071]]]},"properties":{"kind":"crosswalk"}},{"type":"Feature","geometry":{"type":"Polygon","coordinates":[[[-70.89133770633416,41.10100603057788],[-70.89133523426896,41.10104011569113],[-70.89122810605568,41.10103570365942],[-70.89123057812087,41.101001618546164],[-70.89133770633416,41.10100603057788]]]},"properties":{"kind":"crosswalk"}},{"type":"Feature","geometry":{"type":"Polygon","coordinates":[[[-70.89130953913948,41.10139440302981],[-70.8913070670743,41.101428488143064],[-70.891199938861,41.10142407611136],[-70.8912024109262,41.1013899909981],[-70.89130953913948,41.10139440302981]]]},"properties":{"kind":"crosswalk"}},{"type":"Feature","geometry":{"type":"Polygon","coordinates":[[[-70.89133294999023,41.10145021882648],[-70.89137818513393,41.10145203658147],[-70.89137247199919,41.10153277024859],[-70.8913272368555,41.1015309524936],[-70.89133294999023,41.10145021882648]]]},"properties":{"kind":"crosswalk"}},{"type":"Feature","geometry":{"type":"Polygon","coordinates":[[[-70.89173176785462,41.10146624515256],[-70.89177700299832,41.10146806290755],[-70.8917712898636,41.10154879657467],[-70.8917260547199,41.10154697881968],[-70.89173176785462,41.10146624515256]]]},"properties":{"kind":"crosswalk"}},{"type":"Feature","geometry":{"type":"Polygon","coordinates":[[[-70.89180438216425,41.10144850187614],[-70.89180438216425,41.101414365895344],[-70.89191167025228,41.101414365895344],[-70.89191167025228,41.10144850187614],[-70.89180438216425,41.10144850187614]]]},"properties":{"kind":"crosswalk"}},{"type":"Feature","geometry":{"type":"Polygon","coordinates":[[[-70.89180438216425,41.1010637638275],[-70.89180438216425,41.10102962784671],[-70.89191167025228,41.10102962784671],[-70.89191167025228,41.1010637638275],[-70.89180438216425,41.1010637638275]]]},"properties":{"kind":"crosswalk"}},{"type":"Feature","geometry":{"type":"Polygon","coordinates":[[[-70.893702418638,41.10168037366029],[-70.8936571834943,41.101678555905295],[-70.89366289662904,41.101597822238176],[-70.89370813177273,41.10159963999317],[-70.893702418638,41.10168037366029]]]},"properties":{"kind":"crosswalk"}},{"type":"Feature","geometry":{"type":"Polygon","coordinates":[[[-70.89205580995393,41.101614205391364],[-70.89201057481023,41.10161238763638],[-70.89201628794495,41.10153165396926],[-70.89206152308866,41.10153347172425],[-70.89205580995393,41.101614205391364]]]},"properties":{"kind":"crosswalk"}},{"type":"Feature","geometry":{"type":"Polygon","coordinates":[[[-70.8919831956443,41.10163194866779],[-70.8919831956443,41.101666084648585],[-70.89187590755627,41.101666084648585],[-70.89187590755627,41.10163194866779],[-70.8919831956443,41.10163194866779]]]},"properties":{"kind":"crosswalk"}},{"type":"Feature","geometry":{"type":"Polygon","coordinates":[[[-70.8919831956443,41.102132821704075],[-70.8919831956443,41.10216695768487],[-70.89187590755627,41.10216695768487],[-70.89187590755627,41.102132821704075],[-70.8919831956443,41.102132821704075]]]},"properties":{"kind":"crosswalk"}},{"type":"Feature","geometry":{"type":"Polygon","coordinates":[[[-70.89201055894118,41.10218892422884],[-70.89205576786647,41.10219108079896],[-70.89204898984869,41.10227176767261],[-70.8920037809234,41.10226961110249],[-70.89201055894118,41.10218892422884]]]},"properties":{"kind":"crosswalk"}},{"type":"Feature","geometry":{"type":"Polygon","coordinates":[[[-70.89361590119385,41.10226550276083],[-70.89366111011914,41.10226765933095],[-70.89365433210136,41.1023483462046],[-70.89360912317608,41.10234618963448],[-70.89361590119385,41.10226550276083]]]},"properties":{"kind":"crosswalk"}},{"type":"Feature","geometry":{"type":"Polygon","coordinates":[[[-70.89368992470125,41.10224833233615],[-70.89369232247687,41.10221424420942],[-70.8937994601614,41.10221852365239],[-70.8937970623858,41.10225261177912],[-70.89368992470125,41.10224833233615]]]},"properties":{"kind":"crosswalk"}},{"type":"Feature","geometry":{"type":"Polygon","coordinates":[[[-70.89372594874308,41.10173619429438],[-70.89372834651869,41.10170210616765],[-70.89383548420324,41.10170638561061],[-70.89383308642762,41.10174047373735],[-70.89372594874308,41.10173619429438]]]},"properties":{"kind":"crosswalk"}},{"type":"Feature","geometry":{"type":"Polygon","coordinates":[[[-70.89177700299832,41.101603001652556],[-70.89173176785462,41.10160118389757],[-70.89173748098935,41.10152045023045],[-70.89178271613305,41.10152226798544],[-70.89177700299832,41.101603001652556]]]},"properties":{"kind":"crosswalk"}},{"type":"Feature","geometry":{"type":"Polygon","coordinates":[[[-70.89136509768558,41.101586449412935],[-70.89131986254188,41.10158463165794],[-70.8913255756766,41.10150389799083],[-70.8913708108203,41.101505715745816],[-70.89136509768558,41.101586449412935]]]},"properties":{"kind":"crosswalk"}},{"type":"Feature","geometry":{"type":"Polygon","coordinates":[[[-70.89128994690368,41.101604104086974],[-70.89128575621035,41.101638093681224],[-70.89117892820967,41.10163061431868],[-70.89118311890299,41.10159662472443],[-70.89128994690368,41.101604104086974]]]},"properties":{"kind":"crosswalk"}},{"type":"Feature","geometry":{"type":"Polygon","coordinates":[[[-70.89122920460133,41.10209676867805],[-70.89122501390801,41.1021307582723],[-70.89111818590733,41.10212327890976],[-70.89112237660065,41.10208928931551],[-70.89122920460133,41.10209676867805]]]},"properties":{"kind":"crosswalk"}},{"type":"Feature","geometry":{"type":"Polygon","coordinates":[[[-70.89124984073263,41.102152636213894],[-70.8912950496579,41.102154792784006],[-70.89128827164014,41.102235479657665],[-70.89124306271485,41.102233323087546],[-70.89124984073263,41.102152636213894]]]},"properties":{"kind":"crosswalk"}},{"type":"Feature","geometry":{"type":"Polygon","coordinates":[[[-70.89173180994209,41.10217562725799],[-70.89177701886737,41.10217778382811],[-70.8917702408496,41.10225847070176],[-70.89172503192431,41.102256314131644],[-70.89173180994209,41.10217562725799]]]},"properties":{"kind":"crosswalk"}},{"type":"Feature","geometry":{"type":"Polygon","coordinates":[[[-70.89180438216425,41.102158427869014],[-70.89180438216425,41.10212429188822],[-70.89191167025228,41.10212429188822],[-70.89191167025228,41.102158427869014],[-70.89180438216425,41.102158427869014]]]},"properties":{"kind":"crosswalk"}},{"type":"Feature","geometry":{"type":"Polygon","coordinates":[[[-70.89180438216425,41.10165889910502],[-70.89180438216425,41.10162476312422],[-70.89191167025228,41.10162476312422],[-70.89191167025228,41.10165889910502],[-70.89180438216425,41.10165889910502]]]},"properties":{"kind":"crosswalk"}},{"type":"Feature","geometry":{"type":"Polygon","coordinates":[[[-70.89365084453577,41.10240218664017],[-70.89360563561048,41.10240003007005],[-70.89361241362826,41.1023193431964],[-70.89365762255355,41.10232149976652],[-70.89365084453577,41.10240218664017]]]},"properties":{"kind":"crosswalk"}},{"type":"Feature","geometry":{"type":"Polygon","coordinates":[[[-70.89205576786647,41.10232609780021],[-70.89201055894118,41.1023239412301],[-70.89201733695896,41.10224325435644],[-70.89206254588424,41.10224541092656],[-70.89205576786647,41.10232609780021]]]},"properties":{"kind":"crosswalk"}},{"type":"Feature","geometry":{"type":"Polygon","coordinates":[[[-70.8919831956443,41.102343297189186],[-70.8919831956443,41.102377433169984],[-70.89187590755627,41.102377433169984],[-70.89187590755627,41.102343297189186],[-70.8919831956443,41.102343297189186]]]},"properties":{"kind":"crosswalk"}},{"type":"Feature","geometry":{"type":"Polygon","coordinates":[[[-70.8919831956443,41.102842269558955],[-70.8919831956443,41.10287640553975],[-70.89187590755627,41.10287640553975],[-70.89187590755627,41.102842269558955],[-70.8919831956443,41.102842269558955]]]},"properties":{"kind":"crosswalk"}},{"type":"Feature","geometry":{"type":"Polygon","coordinates":[[[-70.89201061371124,41.102897066791286],[-70.89205591312619,41.102897066791286],[-70.89205591312619,41.10297791516686],[-70.89201061371124,41.10297791516686],[-70.89201061371124,41.102897066791286]]]},"properties":{"kind":"crosswalk"}},{"type":"Feature","geometry":{"type":"Polygon","coordinates":[[[-70.89356484490592,41.102897066791286],[-70.89361014432087,41.102897066791286],[-70.89361014432087,41.10297791516686],[-70.89356484490592,41.10297791516686],[-70.89356484490592,41.102897066791286]]]},"properties":{"kind":"crosswalk"}},{"type":"Feature","geometry":{"type":"Polygon","coordinates":[[[-70.8936392605567,41.102876445206974],[-70.89364206622703,41.102842374763334],[-70.89374914833428,41.10284738219862],[-70.89374634266395,41.10288145264226],[-70.8936392605567,41.102876445206974]]]},"properties":{"kind":"crosswalk"}},{"type":"Feature","geometry":{"type":"Polygon","coordinates":[[[-70.89367370399343,41.102458183960564],[-70.89367650966376,41.10242411351692],[-70.89378359177101,41.1024291209522],[-70.89378078610068,41.10246319139585],[-70.89367370399343,41.102458183960564]]]},"properties":{"kind":"crosswalk"}},{"type":"Feature","geometry":{"type":"Polygon","coordinates":[[[-70.89177701886737,41.10231280082936],[-70.89173180994209,41.10231064425924],[-70.89173858795986,41.10222995738559],[-70.89178379688514,41.10223211395571],[-70.89177701886737,41.10231280082936]]]},"properties":{"kind":"crosswalk"}},{"type":"Feature","geometry":{"type":"Polygon","coordinates":[[[-70.8912805153009,41.10228911646287],[-70.89123530637563,41.10228695989275],[-70.89124208439341,41.1022062730191],[-70.89128729331868,41.10220842958922],[-70.8912805153009,41.10228911646287]]]},"properties":{"kind":"crosswalk"}},{"type":"Feature","geometry":{"type":"Polygon","coordinates":[[[-70.89120603476971,41.10230626574729],[-70.8912028819113,41.10234031894663],[-70.89109585400223,41.10233469186554],[-70.89109900686064,41.1023006386662],[-70.89120603476971,41.10230626574729]]]},"properties":{"kind":"crosswalk"}},{"type":"Feature","geometry":{"type":"Polygon","coordinates":[[[-70.89115639587735,41.10284240244498],[-70.89115324301893,41.102876455644314],[-70.89104621510985,41.10287082856323],[-70.89104936796826,41.10283677536389],[-70.89115639587735,41.10284240244498]]]},"properties":{"kind":"crosswalk"}},{"type":"Feature","geometry":{"type":"Polygon","coordinates":[[[-70.89117875277684,41.102897066791286],[-70.89122405219179,41.102897066791286],[-70.89122405219179,41.10297791516686],[-70.89117875277684,41.10297791516686],[-70.89117875277684,41.102897066791286]]]},"properties":{"kind":"crosswalk"}},{"type":"Feature","geometry":{"type":"Polygon","coordinates":[[[-70.89173166468235,41.102897066791286],[-70.8917769640973,41.102897066791286],[-70.8917769640973,41.10297791516686],[-70.89173166468235,41.10297791516686],[-70.89173166468235,41.102897066791286]]]},"properties":{"kind":"crosswalk"}},{"type":"Feature","geometry":{"type":"Polygon","coordinates":[[[-70.89180438216425,41.10287640553975],[-70.89180438216425,41.102842269558955],[-70.89191167025228,41.102842269558955],[-70.89191167025228,41.10287640553975],[-70.89180438216425,41.10287640553975]]]},"properties":{"kind":"crosswalk"}},{"type":"Feature","geometry":{"type":"Polygon","coordinates":[[[-70.89180438216425,41.102368903354126],[-70.89180438216425,41.10233476737333],[-70.89191167025228,41.10233476737333],[-70.89191167025228,41.102368903354126],[-70.89180438216425,41.102368903354126]]]},"properties":{"kind":"crosswalk"}},{"type":"Feature","geometry":{"type":"Polygon","coordinates":[[[-70.89132979764231,41.098810146415246],[-70.89128467152337,41.098807163371575],[-70.89129404711606,41.09872662428699],[-70.89133917323501,41.09872960733066],[-70.89132979764231,41.098810146415246]]]},"properties":{"kind":"crosswalk"}},{"type":"Feature","geometry":{"type":"Polygon","coordinates":[[[-70.89081013339944,41.09877579422257],[-70.8907650072805,41.0987728111789],[-70.8907743828732,41.09869227209431],[-70.89081950899214,41.09869525513798],[-70.89081013339944,41.09877579422257]]]},"properties":{"kind":"crosswalk"}},{"type":"Feature","geometry":{"type":"Polygon","coordinates":[[[-70.89071590150985,41.09878354367171],[-70.89067989635555,41.09880425866003],[-70.89061478993591,41.09873999826635],[-70.89065079509021,41.09871928327803],[-70.89071590150985,41.09878354367171]]]},"properties":{"kind":"crosswalk"}},{"type":"Feature","geometry":{"type":"Polygon","coordinates":[[[-70.8905089172094,41.098902628770766],[-70.8904729120551,41.09892334375909],[-70.89040780563545,41.09885908336541],[-70.89044381078976,41.09883836837709],[-70.8905089172094,41.098902628770766]]]},"properties":{"kind":"crosswalk"}},{"type":"Feature","geometry":{"type":"Polygon","coordinates":[[[-70.89016839084836,41.09928882499696],[-70.89021356737948,41.099291337657],[-70.89020567018464,41.09937196671498],[-70.89016049365353,41.09936945405495],[-70.89016839084836,41.09928882499696]]]},"properties":{"kind":"crosswalk"}},{"type":"Feature","geometry":{"type":"Polygon","coordinates":[[[-70.8912390639823,41.0993483744473],[-70.89128424051341,41.09935088710734],[-70.89127634331858,41.099431516165325],[-70.89123116678746,41.09942900350529],[-70.8912390639823,41.0993483744473]]]},"properties":{"kind":"crosswalk"}},{"type":"Feature","geometry":{"type":"Polygon","coordinates":[[[-70.89131332115777,41.099331788178084],[-70.89131619090861,41.09929772076537],[-70.89142326348978,41.099302842568704],[-70.89142039373893,41.09933690998142],[-70.89131332115777,41.099331788178084]]]},"properties":{"kind":"crosswalk"}},{"type":"Feature","geometry":{"type":"Polygon","coordinates":[[[-70.89135250411425,41.0988666391042],[-70.8913553738651,41.09883257169148],[-70.89146244644627,41.098837693494815],[-70.89145957669541,41.098871760907535],[-70.89135250411425,41.0988666391042]]]},"properties":{"kind":"crosswalk"}},{"type":"Feature","geometry":{"type":"Polygon","coordinates":[[[-70.89127258857785,41.099485352858],[-70.89122741204673,41.09948284019796],[-70.89123530924157,41.099402211139974],[-70.89128048577268,41.09940472380001],[-70.89127258857785,41.099485352858]]]},"properties":{"kind":"crosswalk"}},{"type":"Feature","geometry":{"type":"Polygon","coordinates":[[[-70.89024256689919,41.099428064388846],[-70.89019739036807,41.099425551728814],[-70.8902052875629,41.099344922670824],[-70.89025046409402,41.09934743533086],[-70.89024256689919,41.099428064388846]]]},"properties":{"kind":"crosswalk"}},{"type":"Feature","geometry":{"type":"Polygon","coordinates":[[[-70.89014672906319,41.09961391706913],[-70.89014732285705,41.09964805011709],[-70.89004004398679,41.09964910989387],[-70.89003945019294,41.099614976845906],[-70.89014672906319,41.09961391706913]]]},"properties":{"kind":"crosswalk"}},{"type":"Feature","geometry":{"type":"Polygon","coordinates":[[[-70.89015368211263,41.100013599164505],[-70.89015427590647,41.100047732212474],[-70.89004699703622,41.10004879198925],[-70.89004640324237,41.10001465894129],[-70.89015368211263,41.100013599164505]]]},"properties":{"kind":"crosswalk"}},{"type":"Feature","geometry":{"type":"Polygon","coordinates":[[[-70.89018196607158,41.10007003917865],[-70.89022712124617,41.10007276111828],[-70.89021856629354,41.1001533520601],[-70.89017341111895,41.10015063012047],[-70.89018196607158,41.10007003917865]]]},"properties":{"kind":"crosswalk"}},{"type":"Feature","geometry":{"type":"Polygon","coordinates":[[[-70.89116978400224,41.10012958453082],[-70.89121493917685,41.10013230647045],[-70.8912063842242,41.10021289741227],[-70.89116122904962,41.10021017547264],[-70.89116978400224,41.10012958453082]]]},"properties":{"kind":"crosswalk"}},{"type":"Feature","geometry":{"type":"Polygon","coordinates":[[[-70.8912441069594,41.10011333913547],[-70.89124714203429,41.10007927985977],[-70.89135418904111,41.10008469672604],[-70.89135115396624,41.10011875600174],[-70.8912441069594,41.10011333913547]]]},"properties":{"kind":"crosswalk"}},{"type":"Feature","geometry":{"type":"Polygon","coordinates":[[[-70.89129506017386,41.099541547779005],[-70.89129809524873,41.09950748850331],[-70.89140514225555,41.099512905369586],[-70.89140210718068,41.099546964645285],[-70.89129506017386,41.099541547779005]]]},"properties":{"kind":"crosswalk"}},{"type":"Feature","geometry":{"type":"Polygon","coordinates":[[[-70.89120225194311,41.10026671940744],[-70.89115709676852,41.10026399746781],[-70.89116565172115,41.10018340652599],[-70.89121080689574,41.10018612846562],[-70.89120225194311,41.10026671940744]]]},"properties":{"kind":"crosswalk"}},{"type":"Feature","geometry":{"type":"Polygon","coordinates":[[[-70.89020640265964,41.100206689927866],[-70.89016124748505,41.10020396798823],[-70.89016980243768,41.100123377046415],[-70.89021495761227,41.100126098986046],[-70.89020640265964,41.100206689927866]]]},"properties":{"kind":"crosswalk"}},{"type":"Feature","geometry":{"type":"Polygon","coordinates":[[[-70.89012915824563,41.10022266820739],[-70.89012129641597,41.10025628616127],[-70.8900156364668,41.1002422547183],[-70.89002349829647,41.10020863676442],[-70.89012915824563,41.10022266820739]]]},"properties":{"kind":"crosswalk"}},{"type":"Feature","geometry":{"type":"Polygon","coordinates":[[[-70.89003802165567,41.10061237719497],[-70.89003015982601,41.10064599514885],[-70.88992449987686,41.10063196370589],[-70.88993236170651,41.100598345752005],[-70.89003802165567,41.10061237719497]]]},"properties":{"kind":"crosswalk"}},{"type":"Feature","geometry":{"type":"Polygon","coordinates":[[[-70.89004442423224,41.10077708959605],[-70.89008959479209,41.1007796624957],[-70.89008150826646,41.10086028089641],[-70.89003633770663,41.100857707996774],[-70.89004442423224,41.10077708959605]]]},"properties":{"kind":"crosswalk"}},{"type":"Feature","geometry":{"type":"Polygon","coordinates":[[[-70.8910999092401,41.10083720966117],[-70.89114507979993,41.10083978256081],[-70.89113699327432,41.100920400961535],[-70.89109182271447,41.10091782806189],[-70.8910999092401,41.10083720966117]]]},"properties":{"kind":"crosswalk"}},{"type":"Feature","geometry":{"type":"Polygon","coordinates":[[[-70.89117447535152,41.100820736732544],[-70.89117787135517,41.10078669681228],[-70.89128485752859,41.10079275784814],[-70.89128146152495,41.1008267977684],[-70.89117447535152,41.100820736732544]]]},"properties":{"kind":"crosswalk"}},{"type":"Feature","geometry":{"type":"Polygon","coordinates":[[[-70.89122413122713,41.100323009927116],[-70.89122752723078,41.10028897000685],[-70.89133451340422,41.100295031042705],[-70.89133111740057,41.10032907096297],[-70.89122413122713,41.100323009927116]]]},"properties":{"kind":"crosswalk"}},{"type":"Feature","geometry":{"type":"Polygon","coordinates":[[[-70.89113347765954,41.10097425338429],[-70.89108830709971,41.10097168048465],[-70.89109639362532,41.100891062083925],[-70.89114156418516,41.10089363498357],[-70.89113347765954,41.10097425338429]]]},"properties":{"kind":"crosswalk"}},{"type":"Feature","geometry":{"type":"Polygon","coordinates":[[[-70.89005684439591,41.100912928721755],[-70.89001167383607,41.10091035582211],[-70.8900197603617,41.100829737421385],[-70.89006493092153,41.10083231032103],[-70.89005684439591,41.100912928721755]]]},"properties":{"kind":"crosswalk"}},{"type":"Feature","geometry":{"type":"Polygon","coordinates":[[[-70.88994450553291,41.10101226129799],[-70.88993664370325,41.10104587925187],[-70.88983098375408,41.101031847808905],[-70.88983884558375,41.10099822985502],[-70.88994450553291,41.10101226129799]]]},"properties":{"kind":"crosswalk"}},{"type":"Feature","geometry":{"type":"Polygon","coordinates":[[[-70.88987531221753,41.101308138693646],[-70.88986745038787,41.101341756647535],[-70.8897617904387,41.10132772520457],[-70.88976965226837,41.10129410725069],[-70.88987531221753,41.101308138693646]]]},"properties":{"kind":"crosswalk"}},{"type":"Feature","geometry":{"type":"Polygon","coordinates":[[[-70.88989099168079,41.10137106180269],[-70.88993616572742,41.10137359970151],[-70.88992818920805,41.10145422432529],[-70.88988301516142,41.10145168642647],[-70.88989099168079,41.10137106180269]]]},"properties":{"kind":"crosswalk"}},{"type":"Feature","geometry":{"type":"Polygon","coordinates":[[[-70.89105459876667,41.101436433786624],[-70.8910997728133,41.10143897168544],[-70.89109179629394,41.101519596309224],[-70.8910466222473,41.1015170584104],[-70.89105459876667,41.101436433786624]]]},"properties":{"kind":"crosswalk"}},{"type":"Feature","geometry":{"type":"Polygon","coordinates":[[[-70.8911286112494,41.10141987731881],[-70.89113108331459,41.101385792205555],[-70.89123821152788,41.10139020423727],[-70.89123573946269,41.101424289350525],[-70.8911286112494,41.10141987731881]]]},"properties":{"kind":"crosswalk"}},{"type":"Feature","geometry":{"type":"Polygon","coordinates":[[[-70.89115684942006,41.10103052624219],[-70.89115932148525,41.100996441128935],[-70.89126644969853,41.10100085316065],[-70.89126397763334,41.101034938273905],[-70.89115684942006,41.10103052624219]]]},"properties":{"kind":"crosswalk"}},{"type":"Feature","geometry":{"type":"Polygon","coordinates":[[[-70.8910866229946,41.10157335416976],[-70.89104144894799,41.101570816270936],[-70.89104942546736,41.10149019164716],[-70.89109459951398,41.10149272954598],[-70.8910866229946,41.10157335416976]]]},"properties":{"kind":"crosswalk"}},{"type":"Feature","geometry":{"type":"Polygon","coordinates":[[[-70.89004330600783,41.101514740139194],[-70.8899981319612,41.10151220224038],[-70.89000610848058,41.101431577616594],[-70.8900512825272,41.10143411551542],[-70.89004330600783,41.101514740139194]]]},"properties":{"kind":"crosswalk"}},{"type":"Feature","geometry":{"type":"Polygon","coordinates":[[[-70.88998006620429,41.10153010892999],[-70.8899953924786,41.101562231794276],[-70.88989443153913,41.10158958544516],[-70.88987910526482,41.101557462580885],[-70.88998006620429,41.10153010892999]]]},"properties":{"kind":"crosswalk"}},{"type":"Feature","geometry":{"type":"Polygon","coordinates":[[[-70.89010569893316,41.101793426877705],[-70.89012102520748,41.10182554974199],[-70.89002006426801,41.101852903392874],[-70.8900047379937,41.1018207805286],[-70.89010569893316,41.101793426877705]]]},"properties":{"kind":"crosswalk"}},{"type":"Feature","geometry":{"type":"Polygon","coordinates":[[[-70.89014184337772,41.1018637339787],[-70.89016091234119,41.10189469811423],[-70.89006359324209,41.101928731549805],[-70.89004452427862,41.101897767414286],[-70.89014184337772,41.1018637339787]]]},"properties":{"kind":"crosswalk"}},{"type":"Feature","geometry":{"type":"Polygon","coordinates":[[[-70.89025921452861,41.10205432096203],[-70.89027828349208,41.10208528509755],[-70.890180964393,41.102119318533134],[-70.89016189542951,41.10208835439761],[-70.89025921452861,41.10205432096203]]]},"properties":{"kind":"crosswalk"}},{"type":"Feature","geometry":{"type":"Polygon","coordinates":[[[-70.89031718060176,41.102105423021605],[-70.89036237642817,41.10210773023886],[-70.89035512493216,41.10218839373425],[-70.89030992910574,41.102186086516994],[-70.89031718060176,41.102105423021605]]]},"properties":{"kind":"crosswalk"}},{"type":"Feature","geometry":{"type":"Polygon","coordinates":[[[-70.89097142828079,41.102138821935995],[-70.89101662410721,41.10214112915325],[-70.8910093726112,41.10222179264864],[-70.89096417678478,41.102219485431384],[-70.89097142828079,41.102138821935995]]]},"properties":{"kind":"crosswalk"}},{"type":"Feature","geometry":{"type":"Polygon","coordinates":[[[-70.8910465159481,41.10212195297771],[-70.89105070664142,41.102087963383454],[-70.89115753464212,41.102095442746],[-70.89115334394879,41.10212943234025],[-70.8910465159481,41.10212195297771]]]},"properties":{"kind":"crosswalk"}},{"type":"Feature","geometry":{"type":"Polygon","coordinates":[[[-70.89110723801514,41.10162945250981],[-70.89111142870846,41.10159546291556],[-70.89121825670915,41.101602942278106],[-70.89121406601582,41.101636931872356],[-70.89110723801514,41.10162945250981]]]},"properties":{"kind":"crosswalk"}},{"type":"Feature","geometry":{"type":"Polygon","coordinates":[[[-70.89100215536455,41.10227544666594],[-70.89095695953813,41.10227313944868],[-70.89096421103413,41.10219247595329],[-70.89100940686056,41.10219478317055],[-70.89100215536455,41.10227544666594]]]},"properties":{"kind":"crosswalk"}},{"type":"Feature","geometry":{"type":"Polygon","coordinates":[[[-70.89039159038052,41.102244277724445],[-70.89034639455409,41.10224197050719],[-70.8903536460501,41.1021613070118],[-70.89039884187652,41.102163614229056],[-70.89039159038052,41.102244277724445]]]},"properties":{"kind":"crosswalk"}},{"type":"Feature","geometry":{"type":"Polygon","coordinates":[[[-70.89050147033683,41.10253357832517],[-70.89052593997884,41.10256230553765],[-70.89043565144368,41.10260597786345],[-70.89041118180167,41.10257725065096],[-70.89050147033683,41.10253357832517]]]},"properties":{"kind":"crosswalk"}},{"type":"Feature","geometry":{"type":"Polygon","coordinates":[[[-70.89075483484204,41.10283102672976],[-70.89077930448406,41.10285975394225],[-70.89068901594891,41.102903426268036],[-70.89066454630688,41.10287469905555],[-70.89075483484204,41.10283102672976]]]},"properties":{"kind":"crosswalk"}},{"type":"Feature","geometry":{"type":"Polygon","coordinates":[[[-70.89097416054575,41.10287466604182],[-70.89097731340416,41.10284061284248],[-70.89108434131323,41.102846239923565],[-70.89108118845482,41.10288029312291],[-70.89097416054575,41.10287466604182]]]},"properties":{"kind":"crosswalk"}},{"type":"Feature","geometry":{"type":"Polygon","coordinates":[[[-70.89102444956572,41.10233150748586],[-70.89102760242413,41.102297454286514],[-70.8911346303332,41.1023030813676],[-70.8911314774748,41.10233713456694],[-70.89102444956572,41.10233150748586]]]},"properties":{"kind":"crosswalk"}},{"type":"Feature","geometry":{"type":"Polygon","coordinates":[[[-70.90624504016436,41.10326108116171],[-70.90628831773725,41.103250996673566],[-70.90632001289956,41.10332823655559],[-70.90627673532667,41.10333832104374],[-70.90624504016436,41.10326108116171]]]},"properties":{"kind":"crosswalk"}},{"type":"Feature","geometry":{"type":"Polygon","coordinates":[[[-70.90652874552065,41.103194972479734],[-70.90657202309353,41.10318488799159],[-70.90660371825584,41.10326212787362],[-70.90656044068295,41.103272212361766],[-70.90652874552065,41.103194972479734]]]},"properties":{"kind":"crosswalk"}},{"type":"Feature","geometry":{"type":"Polygon","coordinates":[[[-70.90657079934702,41.10302283093106],[-70.90652549993207,41.10302283093106],[-70.90652549993207,41.10294198255549],[-70.90657079934702,41.10294198255549],[-70.90657079934702,41.10302283093106]]]},"properties":{"kind":"crosswalk"}},{"type":"Feature","geometry":{"type":"Polygon","coordinates":[[[-70.90605674671313,41.10302283093106],[-70.90601144729818,41.10302283093106],[-70.90601144729818,41.10294198255549],[-70.90605674671313,41.10294198255549],[-70.90605674671313,41.10302283093106]]]},"properties":{"kind":"crosswalk"}},{"type":"Feature","geometry":{"type":"Polygon","coordinates":[[[-70.90657202309353,41.10330712475378],[-70.90652874552065,41.10331720924193],[-70.90649705035833,41.103239969359905],[-70.90654032793121,41.10322988487176],[-70.90657202309353,41.10330712475378]]]},"properties":{"kind":"crosswalk"}},{"type":"Feature","geometry":{"type":"Polygon","coordinates":[[[-70.90619544052649,41.10339487557206],[-70.9061521629536,41.1034049600602],[-70.90612046779128,41.10332772017817],[-70.90616374536417,41.103317635690026],[-70.90619544052649,41.10339487557206]]]},"properties":{"kind":"crosswalk"}},{"type":"Feature","geometry":{"type":"Polygon","coordinates":[[[-70.90613585307412,41.10343033573572],[-70.90615218388959,41.10346217627669],[-70.90605211028154,41.103491322787846],[-70.90603577946605,41.103459482246876],[-70.90613585307412,41.10343033573572]]]},"properties":{"kind":"crosswalk"}},{"type":"Feature","geometry":{"type":"Polygon","coordinates":[[[-70.90628849906358,41.10372795289326],[-70.90630482987906,41.10375979343423],[-70.90620475627101,41.10378893994538],[-70.90618842545553,41.103757099404405],[-70.90628849906358,41.10372795289326]]]},"properties":{"kind":"crosswalk"}},{"type":"Feature","geometry":{"type":"Polygon","coordinates":[[[-70.90659821741396,41.10369119305379],[-70.90659821741396,41.10365705707299],[-70.90670550550199,41.10365705707299],[-70.90670550550199,41.10369119305379],[-70.90659821741396,41.10369119305379]]]},"properties":{"kind":"crosswalk"}},{"type":"Feature","geometry":{"type":"Polygon","coordinates":[[[-70.90659821741396,41.103355818216976],[-70.90659821741396,41.10332168223618],[-70.90670550550199,41.10332168223618],[-70.90670550550199,41.103355818216976],[-70.90659821741396,41.103355818216976]]]},"properties":{"kind":"crosswalk"}},{"type":"Feature","geometry":{"type":"Polygon","coordinates":[[[-70.9063700750524,41.10391000684008],[-70.90638192631862,41.10394295389053],[-70.9062783749934,41.10396410550193],[-70.9062665237272,41.10393115845149],[-70.9063700750524,41.10391000684008]]]},"properties":{"kind":"crosswalk"}},{"type":"Feature","geometry":{"type":"Polygon","coordinates":[[[-70.9065071759672,41.10429115351889],[-70.90651902723341,41.104324100569336],[-70.90641547590822,41.104345252180735],[-70.906403624642,41.10431230513029],[-70.9065071759672,41.10429115351889]]]},"properties":{"kind":"crosswalk"}},{"type":"Feature","geometry":{"type":"Polygon","coordinates":[[[-70.90659821741396,41.104306772410794],[-70.90659821741396,41.10427263643],[-70.90670550550199,41.10427263643],[-70.90670550550199,41.104306772410794],[-70.90659821741396,41.104306772410794]]]},"properties":{"kind":"crosswalk"}},{"type":"Feature","geometry":{"type":"Polygon","coordinates":[[[-70.90659821741396,41.103889075397724],[-70.90659821741396,41.10385493941693],[-70.90670550550199,41.10385493941693],[-70.90670550550199,41.103889075397724],[-70.90659821741396,41.103889075397724]]]},"properties":{"kind":"crosswalk"}},{"type":"Feature","geometry":{"type":"Polygon","coordinates":[[[-70.9037730736317,41.10304235585645],[-70.90378788945583,41.10307461442883],[-70.90368650199099,41.103101057051],[-70.90367168616685,41.103068798478624],[-70.9037730736317,41.10304235585645]]]},"properties":{"kind":"crosswalk"}},{"type":"Feature","geometry":{"type":"Polygon","coordinates":[[[-70.90385656598801,41.10322414420614],[-70.90387138181214,41.10325640277851],[-70.90376999434729,41.10328284540069],[-70.90375517852316,41.10325058682831],[-70.90385656598801,41.10322414420614]]]},"properties":{"kind":"crosswalk"}},{"type":"Feature","geometry":{"type":"Polygon","coordinates":[[[-70.90390658237256,41.10326991922333],[-70.90394992399608,41.103259992168475],[-70.90398112435155,41.103337346365215],[-70.90393778272802,41.10334727342007],[-70.90390658237256,41.10326991922333]]]},"properties":{"kind":"crosswalk"}},{"type":"Feature","geometry":{"type":"Polygon","coordinates":[[[-70.9049157976846,41.10303876646649],[-70.9049591393081,41.103028839411635],[-70.90499033966357,41.103106193608376],[-70.90494699804006,41.10311612066322],[-70.9049157976846,41.10303876646649]]]},"properties":{"kind":"crosswalk"}},{"type":"Feature","geometry":{"type":"Polygon","coordinates":[[[-70.90495795432908,41.10302283093106],[-70.90491265491414,41.10302283093106],[-70.90491265491414,41.10294198255549],[-70.90495795432908,41.10294198255549],[-70.90495795432908,41.10302283093106]]]},"properties":{"kind":"crosswalk"}},{"type":"Feature","geometry":{"type":"Polygon","coordinates":[[[-70.90383682364109,41.10302283093106],[-70.90379152422614,41.10302283093106],[-70.90379152422614,41.10294198255549],[-70.90383682364109,41.10294198255549],[-70.90383682364109,41.10302283093106]]]},"properties":{"kind":"crosswalk"}},{"type":"Feature","geometry":{"type":"Polygon","coordinates":[[[-70.90549203758084,41.103028839411635],[-70.90544869595732,41.10303876646649],[-70.90541749560185,41.10296141226975],[-70.90546083722536,41.102951485214895],[-70.90549203758084,41.103028839411635]]]},"properties":{"kind":"crosswalk"}},{"type":"Feature","geometry":{"type":"Polygon","coordinates":[[[-70.90400018230989,41.10337053702025],[-70.90395684068636,41.1033804640751],[-70.9039256403309,41.10330310987836],[-70.90396898195442,41.103293182823506],[-70.90400018230989,41.10337053702025]]]},"properties":{"kind":"crosswalk"}},{"type":"Feature","geometry":{"type":"Polygon","coordinates":[[[-70.90393941835045,41.103406037955835],[-70.90395397524505,41.1034383633996],[-70.903852377606,41.10346434389587],[-70.9038378207114,41.10343201845212],[-70.90393941835045,41.103406037955835]]]},"properties":{"kind":"crosswalk"}},{"type":"Feature","geometry":{"type":"Polygon","coordinates":[[[-70.90407561751489,41.10370848559675],[-70.90409017440949,41.1037408110405],[-70.90398857677044,41.103766791536785],[-70.90397401987585,41.10373446609303],[-70.90407561751489,41.10370848559675]]]},"properties":{"kind":"crosswalk"}},{"type":"Feature","geometry":{"type":"Polygon","coordinates":[[[-70.9041251834816,41.10375428242716],[-70.90416846766267,41.10374421405701],[-70.90420011216672,41.103821465733034],[-70.90415682798566,41.10383153410318],[-70.9041251834816,41.10375428242716]]]},"properties":{"kind":"crosswalk"}},{"type":"Feature","geometry":{"type":"Polygon","coordinates":[[[-70.90586084080115,41.103350549702796],[-70.90590412498223,41.10334048133265],[-70.90593576948629,41.10341773300867],[-70.90589248530522,41.10342780137882],[-70.90586084080115,41.103350549702796]]]},"properties":{"kind":"crosswalk"}},{"type":"Feature","geometry":{"type":"Polygon","coordinates":[[[-70.90592349553776,41.103314376954046],[-70.90591221488323,41.10328131635086],[-70.9060161231004,41.10326118314173],[-70.90602740375493,41.10329424374493],[-70.90592349553776,41.103314376954046]]]},"properties":{"kind":"crosswalk"}},{"type":"Feature","geometry":{"type":"Polygon","coordinates":[[[-70.90584212513171,41.103075901899345],[-70.90583084447718,41.10304284129615],[-70.90593475269434,41.10302270808703],[-70.90594603334887,41.103055768690226],[-70.90584212513171,41.103075901899345]]]},"properties":{"kind":"crosswalk"}},{"type":"Feature","geometry":{"type":"Polygon","coordinates":[[[-70.90595135025615,41.103451714321885],[-70.90590806607509,41.10346178269203],[-70.90587642157102,41.10338453101601],[-70.9059197057521,41.10337446264587],[-70.90595135025615,41.103451714321885]]]},"properties":{"kind":"crosswalk"}},{"type":"Feature","geometry":{"type":"Polygon","coordinates":[[[-70.90421826821375,41.10385484800884],[-70.90417498403268,41.10386491637898],[-70.90414333952863,41.10378766470296],[-70.90418662370969,41.10377759633282],[-70.90421826821375,41.10385484800884]]]},"properties":{"kind":"crosswalk"}},{"type":"Feature","geometry":{"type":"Polygon","coordinates":[[[-70.90422898933635,41.10398702846685],[-70.9042741784042,41.1039846472612],[-70.90428166244288,41.10406529869419],[-70.90423647337504,41.104067679899835],[-70.90422898933635,41.10398702846685]]]},"properties":{"kind":"crosswalk"}},{"type":"Feature","geometry":{"type":"Polygon","coordinates":[[[-70.90535329302202,41.103927784087304],[-70.90539848208986,41.10392540288166],[-70.90540596612857,41.10400605431465],[-70.90536077706072,41.1040084355203],[-70.90535329302202,41.103927784087304]]]},"properties":{"kind":"crosswalk"}},{"type":"Feature","geometry":{"type":"Polygon","coordinates":[[[-70.90545306330158,41.103921545388346],[-70.90549805188788,41.10391755334418],[-70.90551059873071,41.10399784696663],[-70.90546561014442,41.10400183901079],[-70.90545306330158,41.103921545388346]]]},"properties":{"kind":"crosswalk"}},{"type":"Feature","geometry":{"type":"Polygon","coordinates":[[[-70.90579491360045,41.103891211439134],[-70.90583990218673,41.10388721939496],[-70.90585244902957,41.10396751301741],[-70.90580746044328,41.10397150506158],[-70.90579491360045,41.103891211439134]]]},"properties":{"kind":"crosswalk"}},{"type":"Feature","geometry":{"type":"Polygon","coordinates":[[[-70.90589329616434,41.10387862608837],[-70.90593652371497,41.10386842049556],[-70.90596859950465,41.103945571100105],[-70.90592537195401,41.103955776692914],[-70.90589329616434,41.10387862608837]]]},"properties":{"kind":"crosswalk"}},{"type":"Feature","geometry":{"type":"Polygon","coordinates":[[[-70.90609715527289,41.10383049698963],[-70.90614038282352,41.10382029139682],[-70.90617245861318,41.10389744200136],[-70.90612923106255,41.10390764759418],[-70.90609715527289,41.10383049698963]]]},"properties":{"kind":"crosswalk"}},{"type":"Feature","geometry":{"type":"Polygon","coordinates":[[[-70.90615666242638,41.10379484242111],[-70.9061403316109,41.10376300188014],[-70.90624040521895,41.103733855368986],[-70.90625673603444,41.103765695909956],[-70.90615666242638,41.10379484242111]]]},"properties":{"kind":"crosswalk"}},{"type":"Feature","geometry":{"type":"Polygon","coordinates":[[[-70.90600376383269,41.10349673275572],[-70.90598743301722,41.10346489221475],[-70.90608750662527,41.1034357457036],[-70.90610383744074,41.10346758624457],[-70.90600376383269,41.10349673275572]]]},"properties":{"kind":"crosswalk"}},{"type":"Feature","geometry":{"type":"Polygon","coordinates":[[[-70.9057832105308,41.10402699441924],[-70.90573998298017,41.10403720001206],[-70.9057079071905,41.10396004940751],[-70.90575113474114,41.1039498438147],[-70.9057832105308,41.10402699441924]]]},"properties":{"kind":"crosswalk"}},{"type":"Feature","geometry":{"type":"Polygon","coordinates":[[[-70.90514061031823,41.10417870590911],[-70.9050973827676,41.10418891150193],[-70.90506530697793,41.10411176089738],[-70.90510853452857,41.104101555304574],[-70.90514061031823,41.10417870590911]]]},"properties":{"kind":"crosswalk"}},{"type":"Feature","geometry":{"type":"Polygon","coordinates":[[[-70.90507313131145,41.104215699493025],[-70.90507629123891,41.104249752320285],[-70.90496926449927,41.104255392017876],[-70.90496610457181,41.10422133919061],[-70.90507313131145,41.104215699493025]]]},"properties":{"kind":"crosswalk"}},{"type":"Feature","geometry":{"type":"Polygon","coordinates":[[[-70.9051123580744,41.10463842507902],[-70.90511551800185,41.104672477906284],[-70.90500849126221,41.10467811760387],[-70.90500533133476,41.10464406477661],[-70.9051123580744,41.10463842507902]]]},"properties":{"kind":"crosswalk"}},{"type":"Feature","geometry":{"type":"Polygon","coordinates":[[[-70.90514346667625,41.104686612013914],[-70.90518648281953,41.10467591119057],[-70.90522011509992,41.10475268448471],[-70.90517709895663,41.104763385308054],[-70.90514346667625,41.104686612013914]]]},"properties":{"kind":"crosswalk"}},{"type":"Feature","geometry":{"type":"Polygon","coordinates":[[[-70.9063093083654,41.104396593778596],[-70.90635232450869,41.10438589295525],[-70.90638595678907,41.10446266624939],[-70.90634294064579,41.104473367072735],[-70.9063093083654,41.104396593778596]]]},"properties":{"kind":"crosswalk"}},{"type":"Feature","geometry":{"type":"Polygon","coordinates":[[[-70.9063711874606,41.10435947450532],[-70.90635933619438,41.10432652745487],[-70.9064628875196,41.104305375843474],[-70.9064747387858,41.104338322893916],[-70.9063711874606,41.10435947450532]]]},"properties":{"kind":"crosswalk"}},{"type":"Feature","geometry":{"type":"Polygon","coordinates":[[[-70.90626020995214,41.10405095206522],[-70.90624835868591,41.10401800501478],[-70.90635191001113,41.10399685340337],[-70.90636376127733,41.10402980045382],[-70.90626020995214,41.10405095206522]]]},"properties":{"kind":"crosswalk"}},{"type":"Feature","geometry":{"type":"Polygon","coordinates":[[[-70.9062138342732,41.103999504635034],[-70.90616864520536,41.10400188584068],[-70.90616116116665,41.103921234407686],[-70.9062063502345,41.10391885320204],[-70.9062138342732,41.103999504635034]]]},"properties":{"kind":"crosswalk"}},{"type":"Feature","geometry":{"type":"Polygon","coordinates":[[[-70.90588191492037,41.10401699488821],[-70.90583672585252,41.10401937609386],[-70.90582924181382,41.10393872466087],[-70.90587443088167,41.103936343455224],[-70.90588191492037,41.10401699488821]]]},"properties":{"kind":"crosswalk"}},{"type":"Feature","geometry":{"type":"Polygon","coordinates":[[[-70.90463953863454,41.10500091128618],[-70.9046535154871,41.10503338177739],[-70.90455146196943,41.10505832704051],[-70.90453748511688,41.105025856549304],[-70.90463953863454,41.10500091128618]]]},"properties":{"kind":"crosswalk"}},{"type":"Feature","geometry":{"type":"Polygon","coordinates":[[[-70.9047163221274,41.10517929177054],[-70.90473029897996,41.105211762261746],[-70.90462824546229,41.10523670752487],[-70.90461426860973,41.10520423703366],[-70.9047163221274,41.10517929177054]]]},"properties":{"kind":"crosswalk"}},{"type":"Feature","geometry":{"type":"Polygon","coordinates":[[[-70.90492243161711,41.105204676540914],[-70.9048906808375,41.105180329037275],[-70.90496720411448,41.105123661661835],[-70.90499895489408,41.10514800916547],[-70.90492243161711,41.105204676540914]]]},"properties":{"kind":"crosswalk"}},{"type":"Feature","geometry":{"type":"Polygon","coordinates":[[[-70.90468204731735,41.10502034224471],[-70.90465029653775,41.10499599474107],[-70.90472681981473,41.10493932736563],[-70.90475857059432,41.10496367486927],[-70.90468204731735,41.10502034224471]]]},"properties":{"kind":"crosswalk"}},{"type":"Feature","geometry":{"type":"Polygon","coordinates":[[[-70.90569012782528,41.10511838633633],[-70.90573295902422,41.10510727222425],[-70.90576789025535,41.10518371543798],[-70.90572505905641,41.10519482955006],[-70.90569012782528,41.10511838633633]]]},"properties":{"kind":"crosswalk"}},{"type":"Feature","geometry":{"type":"Polygon","coordinates":[[[-70.90611524221792,41.10500807494833],[-70.90615807341688,41.10499696083625],[-70.90619300464799,41.105073404049975],[-70.90615017344905,41.10508451816205],[-70.90611524221792,41.10500807494833]]]},"properties":{"kind":"crosswalk"}},{"type":"Feature","geometry":{"type":"Polygon","coordinates":[[[-70.90620937299379,41.1049824084911],[-70.90625129761757,41.10496947959814],[-70.90629193263591,41.10504430479696],[-70.90625000801212,41.10505723368992],[-70.90620937299379,41.1049824084911]]]},"properties":{"kind":"crosswalk"}},{"type":"Feature","geometry":{"type":"Polygon","coordinates":[[[-70.90653091735999,41.10488324927831],[-70.90657284198377,41.10487032038535],[-70.90661347700211,41.10494514558417],[-70.90657155237832,41.104958074477125],[-70.90653091735999,41.10488324927831]]]},"properties":{"kind":"crosswalk"}},{"type":"Feature","geometry":{"type":"Polygon","coordinates":[[[-70.90657086613605,41.10485418470821],[-70.9065256770682,41.104856565913856],[-70.9065181930295,41.10477591448087],[-70.90656338209736,41.104773533275214],[-70.90657086613605,41.10485418470821]]]},"properties":{"kind":"crosswalk"}},{"type":"Feature","geometry":{"type":"Polygon","coordinates":[[[-70.90584197504239,41.104892593103685],[-70.90579678597454,41.10489497430933],[-70.90578930193585,41.104814322876344],[-70.9058344910037,41.10481194167069],[-70.90584197504239,41.104892593103685]]]},"properties":{"kind":"crosswalk"}},{"type":"Feature","geometry":{"type":"Polygon","coordinates":[[[-70.90574987874808,41.104910897227995],[-70.90571756892002,41.104934823453185],[-70.90564236970518,41.104877158312995],[-70.90567467953322,41.104853232087805],[-70.90574987874808,41.104910897227995]]]},"properties":{"kind":"crosswalk"}},{"type":"Feature","geometry":{"type":"Polygon","coordinates":[[[-70.9054632714685,41.1051231369929],[-70.90543096164045,41.105147063218084],[-70.9053557624256,41.1050893980779],[-70.90538807225366,41.10506547185271],[-70.9054632714685,41.1051231369929]]]},"properties":{"kind":"crosswalk"}},{"type":"Feature","geometry":{"type":"Polygon","coordinates":[[[-70.906243088264,41.10454566340746],[-70.90621077843595,41.104569589632646],[-70.9061355792211,41.104511924492456],[-70.90616788904916,41.10448799826727],[-70.906243088264,41.10454566340746]]]},"properties":{"kind":"crosswalk"}},{"type":"Feature","geometry":{"type":"Polygon","coordinates":[[[-70.9059914967231,41.10473197315358],[-70.90595918689506,41.104755899378766],[-70.9058839876802,41.104698234238576],[-70.90591629750826,41.10467430801339],[-70.9059914967231,41.10473197315358]]]},"properties":{"kind":"crosswalk"}},{"type":"Feature","geometry":{"type":"Polygon","coordinates":[[[-70.9059669822244,41.10476893978533],[-70.90601217129225,41.104766558579676],[-70.90601965533095,41.10484721001267],[-70.9059744662631,41.10484959121832],[-70.9059669822244,41.10476893978533]]]},"properties":{"kind":"crosswalk"}},{"type":"Feature","geometry":{"type":"Polygon","coordinates":[[[-70.90647212125583,41.104742321844924],[-70.90651731032368,41.10473994063928],[-70.90652479436238,41.10482059207227],[-70.90647960529454,41.10482297327792],[-70.90647212125583,41.104742321844924]]]},"properties":{"kind":"crosswalk"}},{"type":"Feature","geometry":{"type":"Polygon","coordinates":[[[-70.90653529891534,41.10471908008969],[-70.90651983012934,41.10468699603949],[-70.90662066907764,41.10465938804012],[-70.90663613786363,41.104691472090316],[-70.90653529891534,41.10471908008969]]]},"properties":{"kind":"crosswalk"}},{"type":"Feature","geometry":{"type":"Polygon","coordinates":[[[-70.90645004080221,41.104542244907975],[-70.90643457201622,41.10451016085778],[-70.90653541096451,41.10448255285841],[-70.9065508797505,41.104514636908604],[-70.90645004080221,41.104542244907975]]]},"properties":{"kind":"crosswalk"}},{"type":"Feature","geometry":{"type":"Polygon","coordinates":[[[-70.90590366092358,41.1046204834922],[-70.90586064478029,41.10463118431555],[-70.90582701249991,41.104554411021404],[-70.9058700286432,41.10454371019806],[-70.90590366092358,41.1046204834922]]]},"properties":{"kind":"crosswalk"}},{"type":"Feature","geometry":{"type":"Polygon","coordinates":[[[-70.90521187027659,41.104792575384714],[-70.9051688541333,41.10480327620806],[-70.90513522185292,41.10472650291392],[-70.9051782379962,41.10471580209057],[-70.90521187027659,41.104792575384714]]]},"properties":{"kind":"crosswalk"}},{"type":"Feature","geometry":{"type":"Polygon","coordinates":[[[-70.90517336081058,41.10481075909878],[-70.90521854987843,41.104808377893136],[-70.90522603391712,41.104889029326124],[-70.90518084484927,41.10489141053177],[-70.90517336081058,41.10481075909878]]]},"properties":{"kind":"crosswalk"}},{"type":"Feature","geometry":{"type":"Polygon","coordinates":[[[-70.9056290512689,41.10478674681562],[-70.90567424033675,41.104784365609966],[-70.90568172437546,41.10486501704296],[-70.90563653530761,41.10486739824861],[-70.9056290512689,41.10478674681562]]]},"properties":{"kind":"crosswalk"}},{"type":"Feature","geometry":{"type":"Polygon","coordinates":[[[-70.90572114756323,41.1047684426913],[-70.90575345739128,41.10474451646612],[-70.90582865660613,41.10480218160631],[-70.90579634677808,41.10482610783149],[-70.90572114756323,41.1047684426913]]]},"properties":{"kind":"crosswalk"}},{"type":"Feature","geometry":{"type":"Polygon","coordinates":[[[-70.9058778312337,41.10465241456587],[-70.90591014106175,41.10462848834068],[-70.9059853402766,41.10468615348087],[-70.90595303044854,41.10471007970606],[-70.9058778312337,41.10465241456587]]]},"properties":{"kind":"crosswalk"}},{"type":"Feature","geometry":{"type":"Polygon","coordinates":[[[-70.90207188071521,41.103246388815016],[-70.90208652097142,41.103278692873474],[-70.90198499054556,41.10330482214984],[-70.90197035028935,41.10327251809138],[-70.90207188071521,41.103246388815016]]]},"properties":{"kind":"crosswalk"}},{"type":"Feature","geometry":{"type":"Polygon","coordinates":[[[-70.90224673619751,41.103632211415565],[-70.90226137645372,41.10366451547402],[-70.90215984602786,41.10369064475038],[-70.90214520577165,41.10365834069192],[-70.90224673619751,41.103632211415565]]]},"properties":{"kind":"crosswalk"}},{"type":"Feature","geometry":{"type":"Polygon","coordinates":[[[-70.902296212822,41.10367745365991],[-70.90233912830467,41.10366652573467],[-70.90237347435767,41.10374311937424],[-70.902330558875,41.10375404729949],[-70.902296212822,41.10367745365991]]]},"properties":{"kind":"crosswalk"}},{"type":"Feature","geometry":{"type":"Polygon","coordinates":[[[-70.90270373842264,41.10357368203667],[-70.90274665390533,41.10356275411142],[-70.90278099995834,41.103639347751006],[-70.90273808447566,41.10365027567625],[-70.90270373842264,41.10357368203667]]]},"properties":{"kind":"crosswalk"}},{"type":"Feature","geometry":{"type":"Polygon","coordinates":[[[-70.90275341148877,41.103541403193944],[-70.90272166070916,41.103517055690304],[-70.90279818398615,41.103460388314865],[-70.90282993476575,41.103484735818505],[-70.90275341148877,41.103541403193944]]]},"properties":{"kind":"crosswalk"}},{"type":"Feature","geometry":{"type":"Polygon","coordinates":[[[-70.90232988453614,41.10321662930972],[-70.90229813375653,41.10319228180609],[-70.90237465703352,41.10313561443064],[-70.90240640781312,41.10315996193428],[-70.90232988453614,41.10321662930972]]]},"properties":{"kind":"crosswalk"}},{"type":"Feature","geometry":{"type":"Polygon","coordinates":[[[-70.90286481011208,41.103062904372834],[-70.90289656089169,41.10308725187647],[-70.90282003761472,41.10314391925191],[-70.9027882868351,41.10311957174827],[-70.90286481011208,41.103062904372834]]]},"properties":{"kind":"crosswalk"}},{"type":"Feature","geometry":{"type":"Polygon","coordinates":[[[-70.90327373059861,41.103376477556125],[-70.90330548137821,41.103400825059765],[-70.90322895810124,41.103457492435204],[-70.90319720732164,41.10343314493157],[-70.90327373059861,41.103376477556125]]]},"properties":{"kind":"crosswalk"}},{"type":"Feature","geometry":{"type":"Polygon","coordinates":[[[-70.90335067411591,41.10340894743616],[-70.9033935895986,41.10339801951091],[-70.9034279356516,41.10347461315049],[-70.90338502016893,41.103485541075734],[-70.90335067411591,41.10340894743616]]]},"properties":{"kind":"crosswalk"}},{"type":"Feature","geometry":{"type":"Polygon","coordinates":[[[-70.90356056952797,41.10335550002675],[-70.90360348501065,41.103344572101506],[-70.90363783106366,41.10342116574109],[-70.90359491558098,41.103432093666335],[-70.90356056952797,41.10335550002675]]]},"properties":{"kind":"crosswalk"}},{"type":"Feature","geometry":{"type":"Polygon","coordinates":[[[-70.90357269725213,41.10302283093106],[-70.9035273978372,41.10302283093106],[-70.9035273978372,41.10294198255549],[-70.90357269725213,41.10294198255549],[-70.90357269725213,41.10302283093106]]]},"properties":{"kind":"crosswalk"}},{"type":"Feature","geometry":{"type":"Polygon","coordinates":[[[-70.90302928580448,41.10302283093106],[-70.90298398638954,41.10302283093106],[-70.90298398638954,41.10294198255549],[-70.90302928580448,41.10294198255549],[-70.90302928580448,41.10302283093106]]]},"properties":{"kind":"crosswalk"}},{"type":"Feature","geometry":{"type":"Polygon","coordinates":[[[-70.90286733107853,41.103655293190776],[-70.90282441559584,41.10366622111602],[-70.90279006954285,41.103589627476445],[-70.90283298502553,41.10357869955119],[-70.90286733107853,41.103655293190776]]]},"properties":{"kind":"crosswalk"}},{"type":"Feature","geometry":{"type":"Polygon","coordinates":[[[-70.90238720428307,41.10377755185832],[-70.90234428880039,41.10378847978357],[-70.9023099427474,41.103711886143984],[-70.90235285823007,41.10370095821874],[-70.90238720428307,41.10377755185832]]]},"properties":{"kind":"crosswalk"}},{"type":"Feature","geometry":{"type":"Polygon","coordinates":[[[-70.90232645383864,41.103814823713186],[-70.90233990286276,41.10384742054122],[-70.90223745227325,41.103871423759685],[-70.90222400324913,41.10383882693165],[-70.90232645383864,41.103814823713186]]]},"properties":{"kind":"crosswalk"}},{"type":"Feature","geometry":{"type":"Polygon","coordinates":[[[-70.90244473502732,41.104101505596745],[-70.90245818405144,41.10413410242479],[-70.90235573346193,41.10415810564325],[-70.90234228443781,41.10412550881521],[-70.90244473502732,41.104101505596745]]]},"properties":{"kind":"crosswalk"}},{"type":"Feature","geometry":{"type":"Polygon","coordinates":[[[-70.90249243547437,41.10414752937542],[-70.90253557575768,41.10413711620495],[-70.90256830395602,41.10421411105869],[-70.90252516367269,41.10422452422915],[-70.90249243547437,41.10414752937542]]]},"properties":{"kind":"crosswalk"}},{"type":"Feature","geometry":{"type":"Polygon","coordinates":[[[-70.90322286864665,41.10397121794321],[-70.90326600892998,41.10396080477274],[-70.90329873712831,41.104037799626475],[-70.90325559684499,41.10404821279695],[-70.90322286864665,41.10397121794321]]]},"properties":{"kind":"crosswalk"}},{"type":"Feature","geometry":{"type":"Polygon","coordinates":[[[-70.90327290257696,41.103939765417365],[-70.90324115179735,41.103915417913726],[-70.90331767507433,41.103858750538286],[-70.90334942585393,41.10388309804192],[-70.90327290257696,41.103939765417365]]]},"properties":{"kind":"crosswalk"}},{"type":"Feature","geometry":{"type":"Polygon","coordinates":[[[-70.90294427459584,41.1036877630708],[-70.90291252381623,41.10366341556717],[-70.9029890470932,41.10360674819173],[-70.90302079787281,41.10363109569536],[-70.90294427459584,41.1036877630708]]]},"properties":{"kind":"crosswalk"}},{"type":"Feature","geometry":{"type":"Polygon","coordinates":[[[-70.90375703636289,41.10342874015603],[-70.90371412088021,41.10343966808128],[-70.9036797748272,41.103363074441695],[-70.90372269030988,41.10335214651645],[-70.90375703636289,41.10342874015603]]]},"properties":{"kind":"crosswalk"}},{"type":"Feature","geometry":{"type":"Polygon","coordinates":[[[-70.9035142667718,41.103490558590266],[-70.90347135128911,41.10350148651551],[-70.90343700523611,41.10342489287593],[-70.9034799207188,41.10341396495068],[-70.9035142667718,41.103490558590266]]]},"properties":{"kind":"crosswalk"}},{"type":"Feature","geometry":{"type":"Polygon","coordinates":[[[-70.90346459370568,41.10352283743299],[-70.90349634448528,41.10354718493662],[-70.9034198212083,41.10360385231207],[-70.90338807042869,41.10357950480843],[-70.90346459370568,41.10352283743299]]]},"properties":{"kind":"crosswalk"}},{"type":"Feature","geometry":{"type":"Polygon","coordinates":[[[-70.9038004819754,41.10378040719884],[-70.903832232755,41.10380475470247],[-70.90375570947802,41.10386142207791],[-70.90372395869841,41.10383707457428],[-70.9038004819754,41.10378040719884]]]},"properties":{"kind":"crosswalk"}},{"type":"Feature","geometry":{"type":"Polygon","coordinates":[[[-70.90394230962465,41.103775867665796],[-70.90392775273006,41.10374354222204],[-70.9040293503691,41.10371756172576],[-70.9040439072637,41.10374988716951],[-70.90394230962465,41.103775867665796]]]},"properties":{"kind":"crosswalk"}},{"type":"Feature","geometry":{"type":"Polygon","coordinates":[[[-70.90380637917005,41.103474016729415],[-70.90379182227545,41.10344169128566],[-70.9038934199145,41.10341571078938],[-70.9039079768091,41.10344803623313],[-70.90380637917005,41.103474016729415]]]},"properties":{"kind":"crosswalk"}},{"type":"Feature","geometry":{"type":"Polygon","coordinates":[[[-70.90286144871797,41.10418108299313],[-70.90281830843466,41.1041914961636],[-70.90278558023633,41.10411450130986],[-70.90282872051965,41.104104088139394],[-70.90286144871797,41.10418108299313]]]},"properties":{"kind":"crosswalk"}},{"type":"Feature","geometry":{"type":"Polygon","coordinates":[[[-70.902586226015,41.104247516050634],[-70.90254308573168,41.104257929221106],[-70.90251035753334,41.10418093436737],[-70.90255349781667,41.1041705211969],[-70.902586226015,41.104247516050634]]]},"properties":{"kind":"crosswalk"}},{"type":"Feature","geometry":{"type":"Polygon","coordinates":[[[-70.9025267071651,41.10428354765372],[-70.90254278720796,41.10431546058932],[-70.90244248606635,41.10434415953271],[-70.90242640602348,41.10431224659711],[-70.9025267071651,41.10428354765372]]]},"properties":{"kind":"crosswalk"}},{"type":"Feature","geometry":{"type":"Polygon","coordinates":[[[-70.9026819369153,41.10459162127403],[-70.90269801695817,41.10462353420964],[-70.90259771581655,41.10465223315302],[-70.90258163577369,41.10462032021742],[-70.9026819369153,41.10459162127403]]]},"properties":{"kind":"crosswalk"}},{"type":"Feature","geometry":{"type":"Polygon","coordinates":[[[-70.90273383452671,41.10463648565433],[-70.90277693133622,41.104625970757795],[-70.90280997925572,41.104702888021414],[-70.9027668824462,41.10471340291795],[-70.90273383452671,41.10463648565433]]]},"properties":{"kind":"crosswalk"}},{"type":"Feature","geometry":{"type":"Polygon","coordinates":[[[-70.90294538895974,41.10458486993149],[-70.90298848576926,41.104574355034956],[-70.90302153368874,41.104651272298575],[-70.90297843687924,41.10466178719511],[-70.90294538895974,41.10458486993149]]]},"properties":{"kind":"crosswalk"}},{"type":"Feature","geometry":{"type":"Polygon","coordinates":[[[-70.9030126580926,41.10454737983371],[-70.90300949816516,41.104513327006444],[-70.9031165249048,41.10450768730886],[-70.90311968483225,41.10454174013612],[-70.9030126580926,41.10454737983371]]]},"properties":{"kind":"crosswalk"}},{"type":"Feature","geometry":{"type":"Polygon","coordinates":[[[-70.90298271480256,41.104224697208885],[-70.9029795548751,41.10419064438162],[-70.90308658161474,41.104185004684034],[-70.9030897415422,41.104219057511294],[-70.90298271480256,41.104224697208885]]]},"properties":{"kind":"crosswalk"}},{"type":"Feature","geometry":{"type":"Polygon","coordinates":[[[-70.90276562689886,41.104773191611905],[-70.90277875929667,41.10480586166706],[-70.9026760785571,41.10482929978499],[-70.90266294615931,41.10479662972983],[-70.90276562689886,41.104773191611905]]]},"properties":{"kind":"crosswalk"}},{"type":"Feature","geometry":{"type":"Polygon","coordinates":[[[-70.90292287559964,41.10516438625932],[-70.90293600799744,41.10519705631447],[-70.9028333272579,41.105220494432395],[-70.90282019486008,41.105187824377246],[-70.90292287559964,41.10516438625932]]]},"properties":{"kind":"crosswalk"}},{"type":"Feature","geometry":{"type":"Polygon","coordinates":[[[-70.9030700422776,41.105165778126334],[-70.90306688235016,41.105131725299074],[-70.9031739090898,41.10512608560148],[-70.90317706901725,41.105160138428744],[-70.9030700422776,41.105165778126334]]]},"properties":{"kind":"crosswalk"}},{"type":"Feature","geometry":{"type":"Polygon","coordinates":[[[-70.90303078153897,41.10474268640276],[-70.90302762161153,41.1047086335755],[-70.90313464835117,41.10470299387791],[-70.90313780827861,41.104737046705175],[-70.90303078153897,41.10474268640276]]]},"properties":{"kind":"crosswalk"}},{"type":"Feature","geometry":{"type":"Polygon","coordinates":[[[-70.90325009739138,41.105144022233986],[-70.90329329646521,41.1051337483978],[-70.9033255867412,41.10521084817822],[-70.90328238766737,41.105221122014406],[-70.90325009739138,41.105144022233986]]]},"properties":{"kind":"crosswalk"}},{"type":"Feature","geometry":{"type":"Polygon","coordinates":[[[-70.90380113345546,41.1050129718722],[-70.90384433252929,41.10500269803601],[-70.90387662280529,41.10507979781643],[-70.90383342373146,41.10509007165262],[-70.90380113345546,41.1050129718722]]]},"properties":{"kind":"crosswalk"}},{"type":"Feature","geometry":{"type":"Polygon","coordinates":[[[-70.90384312805924,41.104997920917526],[-70.90379793899137,41.10500030212317],[-70.90379045495268,41.104919650690185],[-70.90383564402053,41.10491726948454],[-70.90384312805924,41.104997920917526]]]},"properties":{"kind":"crosswalk"}},{"type":"Feature","geometry":{"type":"Polygon","coordinates":[[[-70.90328543811863,41.10502730799055],[-70.90324024905078,41.10502968919619],[-70.90323276501208,41.104949037763205],[-70.90327795407993,41.10494665655755],[-70.90328543811863,41.10502730799055]]]},"properties":{"kind":"crosswalk"}},{"type":"Feature","geometry":{"type":"Polygon","coordinates":[[[-70.90444026899019,41.10498342810457],[-70.90439706991634,41.10499370194076],[-70.90436477964036,41.10491660216034],[-70.90440797871419,41.10490632832415],[-70.90444026899019,41.10498342810457]]]},"properties":{"kind":"crosswalk"}},{"type":"Feature","geometry":{"type":"Polygon","coordinates":[[[-70.90305993521555,41.105311706510186],[-70.90301673614172,41.105321980346375],[-70.90298444586573,41.105244880565955],[-70.90302764493957,41.105234606729766],[-70.90305993521555,41.105311706510186]]]},"properties":{"kind":"crosswalk"}},{"type":"Feature","geometry":{"type":"Polygon","coordinates":[[[-70.90302073968952,41.105333047202954],[-70.90306590016543,41.10533037567357],[-70.9030742966806,41.105410976076946],[-70.9030291362047,41.10541364760634],[-70.90302073968952,41.105333047202954]]]},"properties":{"kind":"crosswalk"}},{"type":"Feature","geometry":{"type":"Polygon","coordinates":[[[-70.90388605967009,41.10528185802226],[-70.90393122014599,41.105279186492865],[-70.90393961666116,41.105359786896244],[-70.90389445618526,41.10536245842564],[-70.90388605967009,41.10528185802226]]]},"properties":{"kind":"crosswalk"}},{"type":"Feature","geometry":{"type":"Polygon","coordinates":[[[-70.90398585477875,41.105275659512834],[-70.90403096021784,41.105272503857826],[-70.90404087832138,41.105353006033916],[-70.90399577288231,41.105356161688924],[-70.90398585477875,41.105275659512834]]]},"properties":{"kind":"crosswalk"}},{"type":"Feature","geometry":{"type":"Polygon","coordinates":[[[-70.90450467213743,41.1052393621476],[-70.9045497775765,41.10523620649259],[-70.90455969568006,41.10531670866869],[-70.90451459024098,41.1053198643237],[-70.90450467213743,41.1052393621476]]]},"properties":{"kind":"crosswalk"}},{"type":"Feature","geometry":{"type":"Polygon","coordinates":[[[-70.90456861856309,41.10521464329883],[-70.90455464171052,41.10518217280762],[-70.90465669522818,41.1051572275445],[-70.90467067208074,41.10518969803571],[-70.90456861856309,41.10521464329883]]]},"properties":{"kind":"crosswalk"}},{"type":"Feature","geometry":{"type":"Polygon","coordinates":[[[-70.9044888523245,41.10502933341329],[-70.90447487547195,41.10499686292208],[-70.90457692898961,41.10497191765896],[-70.90459090584217,41.105004388150164],[-70.9044888523245,41.10502933341329]]]},"properties":{"kind":"crosswalk"}},{"type":"Feature","geometry":{"type":"Polygon","coordinates":[[[-70.90047202865715,41.10307449930012],[-70.90048777413617,41.10310650682768],[-70.90038717569563,41.103134608656426],[-70.90037143021662,41.10310260112887],[-70.90047202865715,41.10307449930012]]]},"properties":{"kind":"crosswalk"}},{"type":"Feature","geometry":{"type":"Polygon","coordinates":[[[-70.90064155293445,41.103419109519436],[-70.90065729841346,41.103451117046994],[-70.90055669997292,41.10347921887574],[-70.9005409544939,41.10344721134818],[-70.90064155293445,41.103419109519436]]]},"properties":{"kind":"crosswalk"}},{"type":"Feature","geometry":{"type":"Polygon","coordinates":[[[-70.90069269211243,41.10346363186612],[-70.90073542317955,41.103452300996246],[-70.90077103567218,41.10352856549916],[-70.90072830460507,41.103539896369035],[-70.90069269211243,41.10346363186612]]]},"properties":{"kind":"crosswalk"}},{"type":"Feature","geometry":{"type":"Polygon","coordinates":[[[-70.90179813284468,41.103170505437646],[-70.9018408639118,41.10315917456777],[-70.90187647640442,41.10323543907068],[-70.9018337453373,41.103246769940554],[-70.90179813284468,41.103170505437646]]]},"properties":{"kind":"crosswalk"}},{"type":"Feature","geometry":{"type":"Polygon","coordinates":[[[-70.90178356724408,41.10302283093106],[-70.90173826782913,41.10302283093106],[-70.90173826782913,41.10294198255549],[-70.90178356724408,41.10294198255549],[-70.90178356724408,41.10302283093106]]]},"properties":{"kind":"crosswalk"}},{"type":"Feature","geometry":{"type":"Polygon","coordinates":[[[-70.90066916893014,41.10302283093106],[-70.90062386951519,41.10302283093106],[-70.90062386951519,41.10294198255549],[-70.90066916893014,41.10294198255549],[-70.90066916893014,41.10302283093106]]]},"properties":{"kind":"crosswalk"}},{"type":"Feature","geometry":{"type":"Polygon","coordinates":[[[-70.90185048452575,41.103280423598264],[-70.90180775345864,41.10329175446813],[-70.901772140966,41.10321548996522],[-70.90181487203313,41.10320415909535],[-70.90185048452575,41.103280423598264]]]},"properties":{"kind":"crosswalk"}},{"type":"Feature","geometry":{"type":"Polygon","coordinates":[[[-70.90082589561999,41.10355211078858],[-70.90078316455286,41.10356344165845],[-70.90074755206024,41.10348717715554],[-70.90079028312735,41.10347584628567],[-70.90082589561999,41.10355211078858]]]},"properties":{"kind":"crosswalk"}},{"type":"Feature","geometry":{"type":"Polygon","coordinates":[[[-70.90076584894766,41.103589931310026],[-70.90077997162358,41.10362236595144],[-70.90067803078044,41.10364757147358],[-70.90066390810453,41.10361513683216],[-70.90076584894766,41.103589931310026]]]},"properties":{"kind":"crosswalk"}},{"type":"Feature","geometry":{"type":"Polygon","coordinates":[[[-70.9009188555573,41.103941331749134],[-70.90093297823321,41.103973766390546],[-70.90083103739008,41.10399897191269],[-70.90081691471417,41.10396653727127],[-70.9009188555573,41.103941331749134]]]},"properties":{"kind":"crosswalk"}},{"type":"Feature","geometry":{"type":"Polygon","coordinates":[[[-70.90096773485823,41.10398732924267],[-70.90101103617147,41.10397730279172],[-70.90104254892508,41.10405458504447],[-70.90099924761184,41.104064611495424],[-70.90096773485823,41.10398732924267]]]},"properties":{"kind":"crosswalk"}},{"type":"Feature","geometry":{"type":"Polygon","coordinates":[[[-70.9020133017929,41.10374522744941],[-70.90205660310615,41.10373520099846],[-70.90208811585975,41.10381248325121],[-70.90204481454651,41.10382250970216],[-70.9020133017929,41.10374522744941]]]},"properties":{"kind":"crosswalk"}},{"type":"Feature","geometry":{"type":"Polygon","coordinates":[[[-70.90207395058803,41.10370957990066],[-70.90205931033182,41.1036772758422],[-70.90216084075769,41.10365114656584],[-70.9021754810139,41.103683450624295],[-70.90207395058803,41.10370957990066]]]},"properties":{"kind":"crosswalk"}},{"type":"Feature","geometry":{"type":"Polygon","coordinates":[[[-70.9018998495303,41.10332542195507],[-70.90188520927408,41.10329311789661],[-70.90198673969995,41.103266988620256],[-70.90200137995616,41.10329929267871],[-70.9018998495303,41.10332542195507]]]},"properties":{"kind":"crosswalk"}},{"type":"Feature","geometry":{"type":"Polygon","coordinates":[[[-70.90210471678486,41.10384622998547],[-70.90206141547162,41.10385625643642],[-70.90202990271801,41.10377897418367],[-70.90207320403124,41.10376894773272],[-70.90210471678486,41.10384622998547]]]},"properties":{"kind":"crosswalk"}},{"type":"Feature","geometry":{"type":"Polygon","coordinates":[[[-70.90105783550847,41.10408863611553],[-70.90101453419523,41.10409866256648],[-70.90098302144162,41.104021380313725],[-70.90102632275486,41.104011353862774],[-70.90105783550847,41.10408863611553]]]},"properties":{"kind":"crosswalk"}},{"type":"Feature","geometry":{"type":"Polygon","coordinates":[[[-70.90099634298473,41.10412448938167],[-70.90100958925453,41.10415713332103],[-70.90090699059591,41.104180774672635],[-70.90089374432611,41.104148130733265],[-70.90099634298473,41.10412448938167]]]},"properties":{"kind":"crosswalk"}},{"type":"Feature","geometry":{"type":"Polygon","coordinates":[[[-70.90111728865476,41.10442254635752],[-70.90113053492456,41.10445519029689],[-70.90102793626595,41.104478831648485],[-70.90101468999615,41.10444618770912],[-70.90111728865476,41.10442254635752]]]},"properties":{"kind":"crosswalk"}},{"type":"Feature","geometry":{"type":"Polygon","coordinates":[[[-70.90116465864627,41.104468634055],[-70.90120779069927,41.10445820154209],[-70.90124057969018,41.10453518170672],[-70.90119744763717,41.10454561421964],[-70.90116465864627,41.104468634055]]]},"properties":{"kind":"crosswalk"}},{"type":"Feature","geometry":{"type":"Polygon","coordinates":[[[-70.90220978038946,41.104215846503216],[-70.90225291244246,41.1042054139903],[-70.90228570143337,41.104282394154936],[-70.90224256938036,41.10429282666785],[-70.90220978038946,41.104215846503216]]]},"properties":{"kind":"crosswalk"}},{"type":"Feature","geometry":{"type":"Polygon","coordinates":[[[-70.90227087848626,41.104179369915514],[-70.90225742946214,41.10414677308747],[-70.90235988005165,41.10412276986901],[-70.90237332907577,41.10415536669705],[-70.90227087848626,41.104179369915514]]]},"properties":{"kind":"crosswalk"}},{"type":"Feature","geometry":{"type":"Polygon","coordinates":[[[-70.90215251469739,41.10389248783122],[-70.90213906567327,41.10385989100318],[-70.90224151626278,41.10383588778472],[-70.9022549652869,41.103868484612754],[-70.90215251469739,41.10389248783122]]]},"properties":{"kind":"crosswalk"}},{"type":"Feature","geometry":{"type":"Polygon","coordinates":[[[-70.90230331065602,41.104315873150924],[-70.90226017860302,41.10432630566384],[-70.90222738961211,41.104249325499204],[-70.90227052166512,41.10423889298629],[-70.90230331065602,41.104315873150924]]]},"properties":{"kind":"crosswalk"}},{"type":"Feature","geometry":{"type":"Polygon","coordinates":[[[-70.90148766498415,41.10451315645678],[-70.90144453293115,41.1045235889697],[-70.90141174394024,41.104446608805056],[-70.90145487599324,41.10443617629215],[-70.90148766498415,41.10451315645678]]]},"properties":{"kind":"crosswalk"}},{"type":"Feature","geometry":{"type":"Polygon","coordinates":[[[-70.90122802969913,41.10467840964537],[-70.90124265191314,41.104710718343874],[-70.90114110690381,41.10473681541933],[-70.9011264846898,41.104704506720836],[-70.90122802969913,41.10467840964537]]]},"properties":{"kind":"crosswalk"}},{"type":"Feature","geometry":{"type":"Polygon","coordinates":[[[-70.90132495845306,41.1048925798035],[-70.90133958066707,41.10492488850199],[-70.90123803565774,41.104950985577446],[-70.90122341344373,41.10491867687895],[-70.90132495845306,41.1048925798035]]]},"properties":{"kind":"crosswalk"}},{"type":"Feature","geometry":{"type":"Polygon","coordinates":[[[-70.90137474385614,41.10493863684813],[-70.90141821734579,41.10492904280848],[-70.90144837104717,41.105006632354026],[-70.90140489755751,41.10501622639368],[-70.90137474385614,41.10493863684813]]]},"properties":{"kind":"crosswalk"}},{"type":"Feature","geometry":{"type":"Polygon","coordinates":[[[-70.9024493510932,41.10470148486134],[-70.90249282458285,41.104691890821684],[-70.90252297828422,41.10476948036723],[-70.90247950479457,41.104779074406885],[-70.9024493510932,41.10470148486134]]]},"properties":{"kind":"crosswalk"}},{"type":"Feature","geometry":{"type":"Polygon","coordinates":[[[-70.90250940482696,41.10466676817877],[-70.90249332478409,41.10463485524316],[-70.9025936259257,41.10460615629977],[-70.90260970596857,41.10463806923538],[-70.90250940482696,41.10466676817877]]]},"properties":{"kind":"crosswalk"}},{"type":"Feature","geometry":{"type":"Polygon","coordinates":[[[-70.90235522959902,41.104360787394995],[-70.90233914955616,41.10432887445939],[-70.90243945069777,41.10430017551601],[-70.90245553074064,41.104332088451606],[-70.90235522959902,41.104360787394995]]]},"properties":{"kind":"crosswalk"}},{"type":"Feature","geometry":{"type":"Polygon","coordinates":[[[-70.90258326509614,41.10479361765679],[-70.90253979160649,41.10480321169644],[-70.90250963790511,41.104725622150895],[-70.90255311139477,41.10471602811124],[-70.90258326509614,41.10479361765679]]]},"properties":{"kind":"crosswalk"}},{"type":"Feature","geometry":{"type":"Polygon","coordinates":[[[-70.90142854615723,41.105048449265134],[-70.90138507266758,41.10505804330479],[-70.9013549189662,41.10498045375924],[-70.90139839245586,41.104970859719586],[-70.90142854615723,41.105048449265134]]]},"properties":{"kind":"crosswalk"}},{"type":"Feature","geometry":{"type":"Polygon","coordinates":[[[-70.90136772225283,41.105083376448796],[-70.90138252983985,41.10511563716881],[-70.90128113562507,41.10514206508975],[-70.90126632803805,41.10510980436974],[-70.90136772225283,41.105083376448796]]]},"properties":{"kind":"crosswalk"}},{"type":"Feature","geometry":{"type":"Polygon","coordinates":[[[-70.9015453122348,41.10547028490837],[-70.90156011982184,41.10550254562838],[-70.90145872560706,41.105528973549326],[-70.90144391802004,41.105496712829314],[-70.9015453122348,41.10547028490837]]]},"properties":{"kind":"crosswalk"}},{"type":"Feature","geometry":{"type":"Polygon","coordinates":[[[-70.90163323267649,41.10551013185743],[-70.90167667115179,41.10550044817617],[-70.9017071065933,41.10557797522966],[-70.901663668118,41.10558765891091],[-70.90163323267649,41.10551013185743]]]},"properties":{"kind":"crosswalk"}},{"type":"Feature","geometry":{"type":"Polygon","coordinates":[[[-70.90272602507069,41.10526651710919],[-70.902769463546,41.10525683342793],[-70.90279989898751,41.10533436048142],[-70.90275646051221,41.10534404416268],[-70.90272602507069,41.10526651710919]]]},"properties":{"kind":"crosswalk"}},{"type":"Feature","geometry":{"type":"Polygon","coordinates":[[[-70.90278780669817,41.10523119827168],[-70.90277467430036,41.10519852821653],[-70.90287735503992,41.105175090098605],[-70.90289048743772,41.10520776015376],[-70.90278780669817,41.10523119827168]]]},"properties":{"kind":"crosswalk"}},{"type":"Feature","geometry":{"type":"Polygon","coordinates":[[[-70.90263065895215,41.104840254773954],[-70.90261752655435,41.1048075847188],[-70.9027202072939,41.10478414660088],[-70.9027333396917,41.104816816656026],[-70.90263065895215,41.104840254773954]]]},"properties":{"kind":"crosswalk"}},{"type":"Feature","geometry":{"type":"Polygon","coordinates":[[[-70.8987459901292,41.10304213735223],[-70.89876212378768,41.10307403491764],[-70.89866187095399,41.10310282955176],[-70.89864573729551,41.10307093198635],[-70.8987459901292,41.10304213735223]]]},"properties":{"kind":"crosswalk"}},{"type":"Feature","geometry":{"type":"Polygon","coordinates":[[[-70.89885968858312,41.10326692851646],[-70.89887582224158,41.10329882608187],[-70.89877556940789,41.10332762071599],[-70.89875943574943,41.10329572315058],[-70.89885968858312,41.10326692851646]]]},"properties":{"kind":"crosswalk"}},{"type":"Feature","geometry":{"type":"Polygon","coordinates":[[[-70.89891166359916,41.10331174809721],[-70.89895474609672,41.10330119994845],[-70.89898789852668,41.10337809166871],[-70.89894481602914,41.103388639817474],[-70.89891166359916,41.10331174809721]]]},"properties":{"kind":"crosswalk"}},{"type":"Feature","geometry":{"type":"Polygon","coordinates":[[[-70.90002254823158,41.103039763485654],[-70.90006563072912,41.103029215336896],[-70.9000987831591,41.10310610705716],[-70.90005570066154,41.103116655205916],[-70.90002254823158,41.103039763485654]]]},"properties":{"kind":"crosswalk"}},{"type":"Feature","geometry":{"type":"Polygon","coordinates":[[[-70.9000642889107,41.10302283093106],[-70.90001898949575,41.10302283093106],[-70.90001898949575,41.10294198255549],[-70.9000642889107,41.10294198255549],[-70.9000642889107,41.10302283093106]]]},"properties":{"kind":"crosswalk"}},{"type":"Feature","geometry":{"type":"Polygon","coordinates":[[[-70.89880894250201,41.10302283093106],[-70.89876364308708,41.10302283093106],[-70.89876364308708,41.10294198255549],[-70.89880894250201,41.10294198255549],[-70.89880894250201,41.10302283093106]]]},"properties":{"kind":"crosswalk"}},{"type":"Feature","geometry":{"type":"Polygon","coordinates":[[[-70.90024907074344,41.10310709285134],[-70.9002059882459,41.103117641000104],[-70.90017283581592,41.10304074927984],[-70.90021591831346,41.10303020113108],[-70.90024907074344,41.10310709285134]]]},"properties":{"kind":"crosswalk"}},{"type":"Feature","geometry":{"type":"Polygon","coordinates":[[[-70.89904299912611,41.103402382668826],[-70.89899991662855,41.10341293081758],[-70.89896676419859,41.10333603909732],[-70.89900984669613,41.10332549094856],[-70.89904299912611,41.103402382668826]]]},"properties":{"kind":"crosswalk"}},{"type":"Feature","geometry":{"type":"Polygon","coordinates":[[[-70.89898124312718,41.103439209150395],[-70.89899347375287,41.103472077377575],[-70.89889017016618,41.10349390605286],[-70.89887793954048,41.10346103782568],[-70.89898124312718,41.103439209150395]]]},"properties":{"kind":"crosswalk"}},{"type":"Feature","geometry":{"type":"Polygon","coordinates":[[[-70.89911601692775,41.103801396335825],[-70.89912824755345,41.10383426456301],[-70.89902494396677,41.10385609323829],[-70.89901271334107,41.10382322501111],[-70.89911601692775,41.103801396335825]]]},"properties":{"kind":"crosswalk"}},{"type":"Feature","geometry":{"type":"Polygon","coordinates":[[[-70.89916167510049,41.10384765596776],[-70.899204672596,41.10383691267017],[-70.89923843837133,41.10391365268259],[-70.89919544087581,41.10392439598019],[-70.89916167510049,41.10384765596776]]]},"properties":{"kind":"crosswalk"}},{"type":"Feature","geometry":{"type":"Polygon","coordinates":[[[-70.9004114709312,41.10353538362768],[-70.90045446842672,41.103524640330086],[-70.90048823420204,41.10360138034251],[-70.90044523670653,41.103612123640104],[-70.9004114709312,41.10353538362768]]]},"properties":{"kind":"crosswalk"}},{"type":"Feature","geometry":{"type":"Polygon","coordinates":[[[-70.90047096306829,41.10349876483065],[-70.90045521758927,41.10346675730309],[-70.90055581602981,41.10343865547435],[-70.90057156150883,41.10347066300191],[-70.90047096306829,41.10349876483065]]]},"properties":{"kind":"crosswalk"}},{"type":"Feature","geometry":{"type":"Polygon","coordinates":[[[-70.90030042262933,41.103152088950274],[-70.90028467715031,41.103120081422716],[-70.90038527559085,41.10309197959397],[-70.90040102106987,41.103123987121535],[-70.90030042262933,41.103152088950274]]]},"properties":{"kind":"crosswalk"}},{"type":"Feature","geometry":{"type":"Polygon","coordinates":[[[-70.90050564329225,41.10363488683441],[-70.90046264579674,41.103645630132014],[-70.90042888002141,41.10356889011958],[-70.90047187751692,41.10355814682199],[-70.90050564329225,41.10363488683441]]]},"properties":{"kind":"crosswalk"}},{"type":"Feature","geometry":{"type":"Polygon","coordinates":[[[-70.89925287600651,41.103947901618334],[-70.899209878511,41.10395864491593],[-70.89917611273567,41.1038819049035],[-70.8992191102312,41.10387116160591],[-70.89925287600651,41.103947901618334]]]},"properties":{"kind":"crosswalk"}},{"type":"Feature","geometry":{"type":"Polygon","coordinates":[[[-70.89919350444437,41.1039844864904],[-70.89920944913413,41.104016437968006],[-70.89910902685645,41.104044895339214],[-70.89909308216669,41.104012943861605],[-70.89919350444437,41.1039844864904]]]},"properties":{"kind":"crosswalk"}},{"type":"Feature","geometry":{"type":"Polygon","coordinates":[[[-70.89936524882634,41.10432864412883],[-70.8993811935161,41.10436059560644],[-70.89928077123842,41.104389052977645],[-70.89926482654866,41.104357101500035],[-70.89936524882634,41.10432864412883]]]},"properties":{"kind":"crosswalk"}},{"type":"Feature","geometry":{"type":"Polygon","coordinates":[[[-70.89941686069933,41.10437341318998],[-70.89945984439923,41.10436263858953],[-70.89949370855825,41.10443935398017],[-70.89945072485835,41.10445012858062],[-70.89941686069933,41.10437341318998]]]},"properties":{"kind":"crosswalk"}},{"type":"Feature","geometry":{"type":"Polygon","coordinates":[[[-70.9006454429596,41.10406544800764],[-70.90068842665951,41.104054673407184],[-70.90072229081854,41.104131388797825],[-70.90067930711862,41.10414216339828],[-70.9006454429596,41.10406544800764]]]},"properties":{"kind":"crosswalk"}},{"type":"Feature","geometry":{"type":"Polygon","coordinates":[[[-70.90070589517403,41.104028520445],[-70.90069177249812,41.10399608580358],[-70.90079371334124,41.103970880281445],[-70.90080783601717,41.104003314922856],[-70.90070589517403,41.104028520445]]]},"properties":{"kind":"crosswalk"}},{"type":"Feature","geometry":{"type":"Polygon","coordinates":[[[-70.9005543387035,41.103680450447094],[-70.9005402160276,41.103648015805675],[-70.90064215687072,41.10362281028354],[-70.90065627954662,41.10365524492495],[-70.9005543387035,41.103680450447094]]]},"properties":{"kind":"crosswalk"}},{"type":"Feature","geometry":{"type":"Polygon","coordinates":[[[-70.90073521622263,41.10416601727817],[-70.90069223252273,41.10417679187862],[-70.90065836836371,41.10410007648798],[-70.9007013520636,41.10408930188753],[-70.90073521622263,41.10416601727817]]]},"properties":{"kind":"crosswalk"}},{"type":"Feature","geometry":{"type":"Polygon","coordinates":[[[-70.89951242363438,41.10447253118008],[-70.89946943993446,41.10448330578053],[-70.89943557577544,41.10440659038989],[-70.89947855947536,41.10439581578944],[-70.89951242363438,41.10447253118008]]]},"properties":{"kind":"crosswalk"}},{"type":"Feature","geometry":{"type":"Polygon","coordinates":[[[-70.89945239661134,41.10450935069941],[-70.8994672217774,41.10454160683448],[-70.8993658419729,41.104568066129694],[-70.89935101680685,41.104535809994616],[-70.89945239661134,41.10450935069941]]]},"properties":{"kind":"crosswalk"}},{"type":"Feature","geometry":{"type":"Polygon","coordinates":[[[-70.89954457613932,41.104709912048584],[-70.89955940130537,41.104742168183655],[-70.89945802150088,41.10476862747887],[-70.89944319633483,41.1047363713438],[-70.89954457613932,41.104709912048584]]]},"properties":{"kind":"crosswalk"}},{"type":"Feature","geometry":{"type":"Polygon","coordinates":[[[-70.89959577365829,41.104762457457376],[-70.8996410419449,41.10476372273105],[-70.89963706523791,41.10484451555014],[-70.89959179695131,41.10484325027647],[-70.89959577365829,41.104762457457376]]]},"properties":{"kind":"crosswalk"}},{"type":"Feature","geometry":{"type":"Polygon","coordinates":[[[-70.89988000313213,41.10477040182853],[-70.89992527141874,41.104771667102206],[-70.89992129471175,41.104852459921304],[-70.89987602642515,41.10485119464763],[-70.89988000313213,41.10477040182853]]]},"properties":{"kind":"crosswalk"}},{"type":"Feature","geometry":{"type":"Polygon","coordinates":[[[-70.89997867516149,41.10476588448554],[-70.90002163914555,41.104755065323445],[-70.90005564336009,41.104831745526106],[-70.90001267937605,41.10484256468819],[-70.89997867516149,41.10476588448554]]]},"properties":{"kind":"crosswalk"}},{"type":"Feature","geometry":{"type":"Polygon","coordinates":[[[-70.90084296167447,41.1045482404266],[-70.90088592565851,41.10453742126451],[-70.90091992987306,41.10461410146716],[-70.90087696588901,41.104624920629256],[-70.90084296167447,41.1045482404266]]]},"properties":{"kind":"crosswalk"}},{"type":"Feature","geometry":{"type":"Polygon","coordinates":[[[-70.90090391269608,41.10451111465047],[-70.90089066642628,41.10447847071111],[-70.90099326508489,41.104454829359504],[-70.9010065113547,41.10448747329887],[-70.90090391269608,41.10451111465047]]]},"properties":{"kind":"crosswalk"}},{"type":"Feature","geometry":{"type":"Polygon","coordinates":[[[-70.90078249642147,41.10421189792267],[-70.90076925015167,41.1041792539833],[-70.90087184881028,41.1041556126317],[-70.90088509508008,41.104188256571064],[-70.90078249642147,41.10421189792267]]]},"properties":{"kind":"crosswalk"}},{"type":"Feature","geometry":{"type":"Polygon","coordinates":[[[-70.90093363877334,41.10464853513273],[-70.90089067478928,41.104659354294824],[-70.90085667057474,41.104582674092164],[-70.90089963455878,41.10457185493008],[-70.90093363877334,41.10464853513273]]]},"properties":{"kind":"crosswalk"}},{"type":"Feature","geometry":{"type":"Polygon","coordinates":[[[-70.90000702914293,41.10488187335795],[-70.89996406515887,41.10489269252004],[-70.89993006094433,41.10481601231738],[-70.89997302492837,41.10480519315529],[-70.90000702914293,41.10488187335795]]]},"properties":{"kind":"crosswalk"}},{"type":"Feature","geometry":{"type":"Polygon","coordinates":[[[-70.89991646725966,41.10491197319874],[-70.8998807912363,41.10493300907102],[-70.89981467629059,41.10486933609558],[-70.89985035231395,41.1048483002233],[-70.89991646725966,41.10491197319874]]]},"properties":{"kind":"crosswalk"}},{"type":"Feature","geometry":{"type":"Polygon","coordinates":[[[-70.89974956642239,41.10501038396222],[-70.89971389039903,41.105031419834496],[-70.89964777545332,41.10496774685906],[-70.89968345147668,41.10494671098678],[-70.89974956642239,41.10501038396222]]]},"properties":{"kind":"crosswalk"}},{"type":"Feature","geometry":{"type":"Polygon","coordinates":[[[-70.89970047024681,41.10506387397585],[-70.89971397384478,41.10509645798928],[-70.89961156353108,41.10512055860871],[-70.89959805993313,41.10508797459528],[-70.89970047024681,41.10506387397585]]]},"properties":{"kind":"crosswalk"}},{"type":"Feature","geometry":{"type":"Polygon","coordinates":[[[-70.89978555559439,41.1052691838581],[-70.89979905919235,41.10530176787153],[-70.89969664887866,41.10532586849096],[-70.89968314528069,41.105293284477526],[-70.89978555559439,41.1052691838581]]]},"properties":{"kind":"crosswalk"}},{"type":"Feature","geometry":{"type":"Polygon","coordinates":[[[-70.89983329140544,41.10531506546136],[-70.89987634537691,41.10530445137895],[-70.89990970503383,41.10538129218716],[-70.89986665106237,41.105391906269574],[-70.89983329140544,41.10531506546136]]]},"properties":{"kind":"crosswalk"}},{"type":"Feature","geometry":{"type":"Polygon","coordinates":[[[-70.901051517596,41.10501473653144],[-70.90109457156748,41.10500412244903],[-70.90112793122441,41.10508096325724],[-70.90108487725293,41.10509157733965],[-70.901051517596,41.10501473653144]]]},"properties":{"kind":"crosswalk"}},{"type":"Feature","geometry":{"type":"Polygon","coordinates":[[[-70.9011117802628,41.10497814287111],[-70.90109715804878,41.10494583417261],[-70.90119870305811,41.104919737097156],[-70.90121332527212,41.104952045795656],[-70.9011117802628,41.10497814287111]]]},"properties":{"kind":"crosswalk"}},{"type":"Feature","geometry":{"type":"Polygon","coordinates":[[[-70.90098311579143,41.1046938506559],[-70.90096849357742,41.1046615419574],[-70.90107003858675,41.10463544488194],[-70.90108466080076,41.10466775358044],[-70.90098311579143,41.1046938506559]]]},"properties":{"kind":"crosswalk"}},{"type":"Feature","geometry":{"type":"Polygon","coordinates":[[[-70.90118457095494,41.105104806528125],[-70.90114151698346,41.10511542061054],[-70.90110815732653,41.105038579802326],[-70.90115121129801,41.10502796571992],[-70.90118457095494,41.105104806528125]]]},"properties":{"kind":"crosswalk"}},{"type":"Feature","geometry":{"type":"Polygon","coordinates":[[[-70.89988241071886,41.1054258276926],[-70.89983935674738,41.10543644177501],[-70.89980599709045,41.1053596009668],[-70.89984905106193,41.10534898688439],[-70.89988241071886,41.1054258276926]]]},"properties":{"kind":"crosswalk"}},{"type":"Feature","geometry":{"type":"Polygon","coordinates":[[[-70.89982129853651,41.10546262810726],[-70.89983451720306,41.10549527839988],[-70.89973189857642,41.10551887048642],[-70.89971867990987,41.10548622019381],[-70.89982129853651,41.10546262810726]]]},"properties":{"kind":"crosswalk"}},{"type":"Feature","geometry":{"type":"Polygon","coordinates":[[[-70.89991927746391,41.10570463743833],[-70.89993249613046,41.10573728773094],[-70.89982987750382,41.10576087981749],[-70.89981665883727,41.10572822952488],[-70.89991927746391,41.10570463743833]]]},"properties":{"kind":"crosswalk"}},{"type":"Feature","geometry":{"type":"Polygon","coordinates":[[[-70.89996749061828,41.105753428747235],[-70.90001208893162,41.10574744622066],[-70.90003089178485,41.10582704330133],[-70.89998629347153,41.1058330258279],[-70.89996749061828,41.105753428747235]]]},"properties":{"kind":"crosswalk"}},{"type":"Feature","geometry":{"type":"Polygon","coordinates":[[[-70.90049374355732,41.10568283589393],[-70.90053834187064,41.10567685336736],[-70.90055714472389,41.105756450448034],[-70.90051254641057,41.1057624329746],[-70.90049374355732,41.10568283589393]]]},"properties":{"kind":"crosswalk"}},{"type":"Feature","geometry":{"type":"Polygon","coordinates":[[[-70.90059224700578,41.10566927878326],[-70.9006367093505,41.10566274677957],[-70.90065723918939,41.10574210118952],[-70.90061277684468,41.10574863319321],[-70.90059224700578,41.10566927878326]]]},"properties":{"kind":"crosswalk"}},{"type":"Feature","geometry":{"type":"Polygon","coordinates":[[[-70.9012268123703,41.105576054205756],[-70.901271274715,41.10556952220207],[-70.9012918045539,41.105648876612015],[-70.9012473422092,41.105655408615696],[-70.9012268123703,41.105576054205756]]]},"properties":{"kind":"crosswalk"}},{"type":"Feature","geometry":{"type":"Polygon","coordinates":[[[-70.90140739559301,41.10552706797626],[-70.90139258800599,41.10549480725626],[-70.90149398222076,41.10546837933531],[-70.90150878980779,41.10550064005532],[-70.90140739559301,41.10552706797626]]]},"properties":{"kind":"crosswalk"}},{"type":"Feature","geometry":{"type":"Polygon","coordinates":[[[-70.90123440001157,41.10515016916037],[-70.90121959242455,41.105117908440356],[-70.90132098663933,41.10509148051941],[-70.90133579422636,41.105123741239424],[-70.90123440001157,41.10515016916037]]]},"properties":{"kind":"crosswalk"}},{"type":"Feature","geometry":{"type":"Polygon","coordinates":[[[-70.89713282521005,41.10323597924141],[-70.89717593539444,41.10322549552525],[-70.89720888531521,41.10330243665976],[-70.89716577513082,41.10331292037592],[-70.89713282521005,41.10323597924141]]]},"properties":{"kind":"crosswalk"}},{"type":"Feature","geometry":{"type":"Polygon","coordinates":[[[-70.89794011112104,41.10303966005438],[-70.89798322130544,41.10302917633821],[-70.8980161712262,41.10310611747272],[-70.89797306104181,41.10311660118889],[-70.89794011112104,41.10303966005438]]]},"properties":{"kind":"crosswalk"}},{"type":"Feature","geometry":{"type":"Polygon","coordinates":[[[-70.89798189624484,41.10302283093106],[-70.8979365968299,41.10302283093106],[-70.8979365968299,41.10294198255549],[-70.89798189624484,41.10294198255549],[-70.89798189624484,41.10302283093106]]]},"properties":{"kind":"crosswalk"}},{"type":"Feature","geometry":{"type":"Polygon","coordinates":[[[-70.89708005566582,41.10302283093106],[-70.89703475625089,41.10302283093106],[-70.89703475625089,41.10294198255549],[-70.89708005566582,41.10294198255549],[-70.89708005566582,41.10302283093106]]]},"properties":{"kind":"crosswalk"}},{"type":"Feature","geometry":{"type":"Polygon","coordinates":[[[-70.89848782390087,41.10302917633821],[-70.89844471371647,41.10303966005438],[-70.8984117637957,41.10296271891987],[-70.8984548739801,41.10295223520371],[-70.89848782390087,41.10302917633821]]]},"properties":{"kind":"crosswalk"}},{"type":"Feature","geometry":{"type":"Polygon","coordinates":[[[-70.89722535268209,41.10333618940502],[-70.89718224249769,41.10334667312119],[-70.89714929257693,41.10326973198668],[-70.89719240276132,41.10325924827052],[-70.89722535268209,41.10333618940502]]]},"properties":{"kind":"crosswalk"}},{"type":"Feature","geometry":{"type":"Polygon","coordinates":[[[-70.8971647821072,41.10337262896905],[-70.8971790446899,41.10340502882762],[-70.89707721316792,41.10343048404916],[-70.89706295058522,41.10339808419059],[-70.8971647821072,41.10337262896905]]]},"properties":{"kind":"crosswalk"}},{"type":"Feature","geometry":{"type":"Polygon","coordinates":[[[-70.89730302096078,41.10368666180573],[-70.89731728354347,41.10371906166431],[-70.8972154520215,41.10374451688585],[-70.89720118943879,41.10371211702727],[-70.89730302096078,41.10368666180573]]]},"properties":{"kind":"crosswalk"}},{"type":"Feature","geometry":{"type":"Polygon","coordinates":[[[-70.89735171851692,41.10373168430321],[-70.89739434849902,41.10372013923936],[-70.89743063419519,41.10379622333024],[-70.89738800421308,41.103807768394105],[-70.89735171851692,41.10373168430321]]]},"properties":{"kind":"crosswalk"}},{"type":"Feature","geometry":{"type":"Polygon","coordinates":[[[-70.89867046545316,41.103374540883536],[-70.89871309543527,41.10336299581967],[-70.89874938113144,41.103439079910565],[-70.89870675114933,41.10345062497442],[-70.89867046545316,41.103374540883536]]]},"properties":{"kind":"crosswalk"}},{"type":"Feature","geometry":{"type":"Polygon","coordinates":[[[-70.89872913268378,41.103336701596696],[-70.89871299902532,41.10330480403129],[-70.89881325185901,41.10327600939717],[-70.89882938551749,41.10330790696258],[-70.89872913268378,41.103336701596696]]]},"properties":{"kind":"crosswalk"}},{"type":"Feature","geometry":{"type":"Polygon","coordinates":[[[-70.89859627694898,41.10307403491764],[-70.89858014329052,41.10304213735223],[-70.8986803961242,41.103013342718114],[-70.89869652978268,41.10304524028352],[-70.89859627694898,41.10307403491764]]]},"properties":{"kind":"crosswalk"}},{"type":"Feature","geometry":{"type":"Polygon","coordinates":[[[-70.89872213265274,41.103484642015054],[-70.89867950267062,41.10349618707891],[-70.89864321697445,41.10342010298802],[-70.89868584695657,41.10340855792416],[-70.89872213265274,41.103484642015054]]]},"properties":{"kind":"crosswalk"}},{"type":"Feature","geometry":{"type":"Polygon","coordinates":[[[-70.89748223562746,41.10382043127945],[-70.89743960564536,41.10383197634331],[-70.89740331994919,41.103755892252416],[-70.89744594993131,41.10374434718856],[-70.89748223562746,41.10382043127945]]]},"properties":{"kind":"crosswalk"}},{"type":"Feature","geometry":{"type":"Polygon","coordinates":[[[-70.89742236257078,41.103858592830775],[-70.89743650399488,41.103891022833174],[-70.897334577732,41.10391626181624],[-70.89732043630791,41.103883831813846],[-70.89742236257078,41.103858592830775]]]},"properties":{"kind":"crosswalk"}},{"type":"Feature","geometry":{"type":"Polygon","coordinates":[[[-70.89756806125763,41.104192718215224],[-70.89758220268172,41.10422514821762],[-70.89748027641885,41.104250387200686],[-70.89746613499476,41.104217957198294],[-70.89756806125763,41.104192718215224]]]},"properties":{"kind":"crosswalk"}},{"type":"Feature","geometry":{"type":"Polygon","coordinates":[[[-70.89761675327539,41.10423819875819],[-70.89765969544081,41.10422733051846],[-70.8976938539045,41.10430397178022],[-70.89765091173908,41.104314840019946],[-70.89761675327539,41.10423819875819]]]},"properties":{"kind":"crosswalk"}},{"type":"Feature","geometry":{"type":"Polygon","coordinates":[[[-70.89854985597448,41.10400203964229],[-70.8985927981399,41.10399117140256],[-70.8986269566036,41.10406781266432],[-70.89858401443816,41.104078680904045],[-70.89854985597448,41.10400203964229]]]},"properties":{"kind":"crosswalk"}},{"type":"Feature","geometry":{"type":"Polygon","coordinates":[[[-70.89863937537564,41.10397094626639],[-70.89867338690404,41.10394839906374],[-70.89874425190355,41.10400910132281],[-70.89871024037515,41.104031648525456],[-70.89863937537564,41.10397094626639]]]},"properties":{"kind":"crosswalk"}},{"type":"Feature","geometry":{"type":"Polygon","coordinates":[[[-70.89881909492719,41.10385180510046],[-70.89885310645559,41.103829257897814],[-70.89892397145509,41.10388996015688],[-70.89888995992669,41.103912507359524],[-70.89881909492719,41.10385180510046]]]},"properties":{"kind":"crosswalk"}},{"type":"Feature","geometry":{"type":"Polygon","coordinates":[[[-70.89886628963353,41.10379571697976],[-70.89885405900785,41.103762848752574],[-70.89895736259453,41.103741020077294],[-70.89896959322023,41.103773888304474],[-70.89886628963353,41.10379571697976]]]},"properties":{"kind":"crosswalk"}},{"type":"Feature","geometry":{"type":"Polygon","coordinates":[[[-70.89876756838315,41.103530416367406],[-70.89875533775745,41.10349754814022],[-70.89885864134413,41.10347571946494],[-70.89887087196983,41.10350858769212],[-70.89876756838315,41.103530416367406]]]},"properties":{"kind":"crosswalk"}},{"type":"Feature","geometry":{"type":"Polygon","coordinates":[[[-70.89893154105373,41.10402863041695],[-70.8988885988883,41.10403949865667],[-70.89885444042461,41.10396285739492],[-70.89889738259005,41.10395198915519],[-70.89893154105373,41.10402863041695]]]},"properties":{"kind":"crosswalk"}},{"type":"Feature","geometry":{"type":"Polygon","coordinates":[[[-70.89770704864927,41.104338537401404],[-70.89766410648384,41.10434940564113],[-70.89762994802015,41.104272764379374],[-70.89767289018559,41.10426189613965],[-70.89770704864927,41.104338537401404]]]},"properties":{"kind":"crosswalk"}},{"type":"Feature","geometry":{"type":"Polygon","coordinates":[[[-70.89764630188175,41.104375702514346],[-70.89765982774806,41.10440828128254],[-70.89755743391994,41.10443242164551],[-70.89754390805363,41.10439984287732],[-70.89764630188175,41.104375702514346]]]},"properties":{"kind":"crosswalk"}},{"type":"Feature","geometry":{"type":"Polygon","coordinates":[[[-70.89779175797773,41.10472605200953],[-70.89780528384404,41.104758630777724],[-70.89770289001592,41.1047827711407],[-70.89768936414961,41.10475019237251],[-70.89779175797773,41.10472605200953]]]},"properties":{"kind":"crosswalk"}},{"type":"Feature","geometry":{"type":"Polygon","coordinates":[[[-70.89783946565998,41.10477177988563],[-70.89788241409829,41.1047609257305],[-70.89791652829463,41.104837578187805],[-70.89787357985632,41.10484843234294],[-70.89783946565998,41.10477177988563]]]},"properties":{"kind":"crosswalk"}},{"type":"Feature","geometry":{"type":"Polygon","coordinates":[[[-70.89909560814354,41.10445432095295],[-70.89913855658185,41.10444346679781],[-70.8991726707782,41.10452011925512],[-70.8991297223399,41.10453097341025],[-70.89909560814354,41.10445432095295]]]},"properties":{"kind":"crosswalk"}},{"type":"Feature","geometry":{"type":"Polygon","coordinates":[[[-70.89915490095596,41.10441755812536],[-70.8991389562662,41.10438560664775],[-70.89923937854388,41.104357149276545],[-70.89925532323366,41.104389100754155],[-70.89915490095596,41.10441755812536]]]},"properties":{"kind":"crosswalk"}},{"type":"Feature","geometry":{"type":"Polygon","coordinates":[[[-70.89898312778743,41.1040733428017],[-70.89896718309767,41.10404139132409],[-70.89906760537535,41.10401293395288],[-70.89908355006511,41.10404488543049],[-70.89898312778743,41.1040733428017]]]},"properties":{"kind":"crosswalk"}},{"type":"Feature","geometry":{"type":"Polygon","coordinates":[[[-70.89919127648737,41.10455331666753],[-70.89914832804907,41.104564170822655],[-70.89911421385271,41.10448751836535],[-70.89915716229102,41.104476664210225],[-70.89919127648737,41.10455331666753]]]},"properties":{"kind":"crosswalk"}},{"type":"Feature","geometry":{"type":"Polygon","coordinates":[[[-70.89792754135283,41.10487269445489],[-70.89788459291452,41.10488354861002],[-70.89785047871818,41.104806896152716],[-70.89789342715649,41.10479604199758],[-70.89792754135283,41.10487269445489]]]},"properties":{"kind":"crosswalk"}},{"type":"Feature","geometry":{"type":"Polygon","coordinates":[[[-70.8978663534478,41.10490993566424],[-70.897879167115,41.10494267751173],[-70.89777626073487,41.104965546773485],[-70.89776344706767,41.104932804925994],[-70.8978663534478,41.10490993566424]]]},"properties":{"kind":"crosswalk"}},{"type":"Feature","geometry":{"type":"Polygon","coordinates":[[[-70.89797889981429,41.105197517346404],[-70.89799171348149,41.10523025919389],[-70.89788880710137,41.10525312845565],[-70.89787599343417,41.10522038660816],[-70.89797889981429,41.105197517346404]]]},"properties":{"kind":"crosswalk"}},{"type":"Feature","geometry":{"type":"Polygon","coordinates":[[[-70.89802557051684,41.105243750841765],[-70.89806869456021,41.105233299542945],[-70.8981015425945,41.105310265412356],[-70.89805841855113,41.10532071671118],[-70.89802557051684,41.105243750841765]]]},"properties":{"kind":"crosswalk"}},{"type":"Feature","geometry":{"type":"Polygon","coordinates":[[[-70.89931685057049,41.1049308035241],[-70.89935997461387,41.10492035222528],[-70.89939282264817,41.10499731809468],[-70.89934969860478,41.1050077693935],[-70.89931685057049,41.1049308035241]]]},"properties":{"kind":"crosswalk"}},{"type":"Feature","geometry":{"type":"Polygon","coordinates":[[[-70.89937710288172,41.10489450298898],[-70.89936227771567,41.1048622468539],[-70.89946365752016,41.104835787558685],[-70.89947848268622,41.10486804369376],[-70.89937710288172,41.10489450298898]]]},"properties":{"kind":"crosswalk"}},{"type":"Feature","geometry":{"type":"Polygon","coordinates":[[[-70.89924106988764,41.104598526632564],[-70.89922624472159,41.10456627049749],[-70.89932762452608,41.10453981120228],[-70.89934244969213,41.10457206733735],[-70.89924106988764,41.104598526632564]]]},"properties":{"kind":"crosswalk"}},{"type":"Feature","geometry":{"type":"Polygon","coordinates":[[[-70.89944818378315,41.10502164629829],[-70.89940505973976,41.10503209759711],[-70.89937221170547,41.104955131727706],[-70.89941533574886,41.104944680428886],[-70.89944818378315,41.10502164629829]]]},"properties":{"kind":"crosswalk"}},{"type":"Feature","geometry":{"type":"Polygon","coordinates":[[[-70.89807796115983,41.105353725689874],[-70.89803483711644,41.105364176988694],[-70.89800198908215,41.10528721111928],[-70.89804511312553,41.10527675982046],[-70.89807796115983,41.105353725689874]]]},"properties":{"kind":"crosswalk"}},{"type":"Feature","geometry":{"type":"Polygon","coordinates":[[[-70.89801828764665,41.105389869663725],[-70.89803406908774,41.10542186713234],[-70.89793350226206,41.105450033144606],[-70.89791772082096,41.10541803567599],[-70.89801828764665,41.105389869663725]]]},"properties":{"kind":"crosswalk"}},{"type":"Feature","geometry":{"type":"Polygon","coordinates":[[[-70.89811307741653,41.10558205950677],[-70.89812885885763,41.1056140569754],[-70.89802829203194,41.105642222987655],[-70.89801251059085,41.10561022551904],[-70.89811307741653,41.10558205950677]]]},"properties":{"kind":"crosswalk"}},{"type":"Feature","geometry":{"type":"Polygon","coordinates":[[[-70.89842434914316,41.10566324404909],[-70.89846739202387,41.105652604454114],[-70.8985008318658,41.105729425468034],[-70.89845778898508,41.105740065063],[-70.89842434914316,41.10566324404909]]]},"properties":{"kind":"crosswalk"}},{"type":"Feature","geometry":{"type":"Polygon","coordinates":[[[-70.89955119332932,41.10538470400865],[-70.89959423621004,41.105374064413674],[-70.89962767605196,41.105450885427594],[-70.89958463317124,41.10546152502256],[-70.89955119332932,41.10538470400865]]]},"properties":{"kind":"crosswalk"}},{"type":"Feature","geometry":{"type":"Polygon","coordinates":[[[-70.89961211524961,41.10534790275596],[-70.89959861165164,41.10531531874252],[-70.89970102196534,41.10529121812309],[-70.8997145255633,41.10532380213653],[-70.89961211524961,41.10534790275596]]]},"properties":{"kind":"crosswalk"}},{"type":"Feature","geometry":{"type":"Polygon","coordinates":[[[-70.89949596200613,41.105067626428465],[-70.89948245840817,41.10503504241503],[-70.89958486872186,41.105010941795605],[-70.89959837231983,41.10504352580904],[-70.89949596200613,41.105067626428465]]]},"properties":{"kind":"crosswalk"}},{"type":"Feature","geometry":{"type":"Polygon","coordinates":[[[-70.89963994410054,41.105485669326335],[-70.89959690121982,41.1054963089213],[-70.8995634613779,41.10541948790738],[-70.89960650425861,41.105408848312415],[-70.89963994410054,41.105485669326335]]]},"properties":{"kind":"crosswalk"}},{"type":"Feature","geometry":{"type":"Polygon","coordinates":[[[-70.89878859401868,41.10569611109738],[-70.89874555113796,41.10570675069235],[-70.89871211129604,41.105629929678436],[-70.89875515417675,41.10561929008346],[-70.89878859401868,41.10569611109738]]]},"properties":{"kind":"crosswalk"}},{"type":"Feature","geometry":{"type":"Polygon","coordinates":[[[-70.89874654350129,41.105716588860055],[-70.8987912259388,41.10572220362912],[-70.89877357893339,41.10580195085088],[-70.89872889649587,41.10579633608181],[-70.89874654350129,41.105716588860055]]]},"properties":{"kind":"crosswalk"}},{"type":"Feature","geometry":{"type":"Polygon","coordinates":[[[-70.89915708946148,41.10576817782624],[-70.89920177189899,41.10577379259531],[-70.89918412489358,41.10585353981706],[-70.89913944245606,41.105847925047996],[-70.89915708946148,41.10576817782624]]]},"properties":{"kind":"crosswalk"}},{"type":"Feature","geometry":{"type":"Polygon","coordinates":[[[-70.89925622988082,41.105776807716744],[-70.89930152150025,41.10577617445266],[-70.89930351182517,41.10585700891514],[-70.89925822020574,41.105857642179224],[-70.89925622988082,41.105776807716744]]]},"properties":{"kind":"crosswalk"}},{"type":"Feature","geometry":{"type":"Polygon","coordinates":[[[-70.89971078306449,41.105770452187606],[-70.89975607468392,41.10576981892352],[-70.89975806500884,41.105850653386],[-70.89971277338941,41.105851286650086],[-70.89971078306449,41.105770452187606]]]},"properties":{"kind":"crosswalk"}},{"type":"Feature","geometry":{"type":"Polygon","coordinates":[[[-70.89977548726067,41.105749673612884],[-70.89976226859412,41.10571702332027],[-70.89986488722076,41.10569343123372],[-70.89987810588731,41.105726081526335],[-70.89977548726067,41.105749673612884]]]},"properties":{"kind":"crosswalk"}},{"type":"Feature","geometry":{"type":"Polygon","coordinates":[[[-70.89968721580887,41.10553164188331],[-70.89967399714232,41.10549899159069],[-70.89977661576894,41.10547539950415],[-70.8997898344355,41.10550804979676],[-70.89968721580887,41.10553164188331]]]},"properties":{"kind":"crosswalk"}},{"type":"Feature","geometry":{"type":"Polygon","coordinates":[[[-70.89501494481455,41.10304258497981],[-70.89502822062556,41.10307522210382],[-70.89492564338735,41.10309891617928],[-70.89491236757632,41.10306627905526],[-70.89501494481455,41.10304258497981]]]},"properties":{"kind":"crosswalk"}},{"type":"Feature","geometry":{"type":"Polygon","coordinates":[[[-70.89508395466514,41.103212238121706],[-70.89509723047615,41.10324487524572],[-70.89499465323794,41.10326856932117],[-70.89498137742692,41.103235932197165],[-70.89508395466514,41.103212238121706]]]},"properties":{"kind":"crosswalk"}},{"type":"Feature","geometry":{"type":"Polygon","coordinates":[[[-70.895131129849,41.103257772149206],[-70.89517386169744,41.103246442952695],[-70.89520946893077,41.10332270885009],[-70.89516673708232,41.1033340380466],[-70.895131129849,41.103257772149206]]]},"properties":{"kind":"crosswalk"}},{"type":"Feature","geometry":{"type":"Polygon","coordinates":[[[-70.8959486932585,41.10304101727284],[-70.89599142510696,41.10302968807632],[-70.89602703234027,41.10310595397371],[-70.89598430049182,41.10311728317023],[-70.8959486932585,41.10304101727284]]]},"properties":{"kind":"crosswalk"}},{"type":"Feature","geometry":{"type":"Polygon","coordinates":[[[-70.89598987105354,41.10302283093106],[-70.8959445716386,41.10302283093106],[-70.8959445716386,41.10294198255549],[-70.89598987105354,41.10294198255549],[-70.89598987105354,41.10302283093106]]]},"properties":{"kind":"crosswalk"}},{"type":"Feature","geometry":{"type":"Polygon","coordinates":[[[-70.89507962693712,41.10302283093106],[-70.89503432752218,41.10302283093106],[-70.89503432752218,41.10294198255549],[-70.89507962693712,41.10294198255549],[-70.89507962693712,41.10302283093106]]]},"properties":{"kind":"crosswalk"}},{"type":"Feature","geometry":{"type":"Polygon","coordinates":[[[-70.89645836999392,41.10302968807632],[-70.89641563814547,41.10304101727284],[-70.89638003091216,41.10296475137544],[-70.89642276276061,41.10295342217893],[-70.89645836999392,41.10302968807632]]]},"properties":{"kind":"crosswalk"}},{"type":"Feature","geometry":{"type":"Polygon","coordinates":[[[-70.89521973312445,41.10335807921809],[-70.895177001276,41.1033694084146],[-70.89514139404268,41.10329314251721],[-70.89518412589113,41.1032818133207],[-70.89521973312445,41.10335807921809]]]},"properties":{"kind":"crosswalk"}},{"type":"Feature","geometry":{"type":"Polygon","coordinates":[[[-70.89515932741257,41.10339598347641],[-70.89517285896491,41.10342856090376],[-70.89507046935103,41.1034527114149],[-70.89505693779869,41.103420133987555],[-70.89515932741257,41.10339598347641]]]},"properties":{"kind":"crosswalk"}},{"type":"Feature","geometry":{"type":"Polygon","coordinates":[[[-70.8952720129997,41.1036672758186],[-70.89528554455204,41.10369985324595],[-70.89518315493817,41.103724003757094],[-70.89516962338583,41.103691426329746],[-70.8952720129997,41.1036672758186]]]},"properties":{"kind":"crosswalk"}},{"type":"Feature","geometry":{"type":"Polygon","coordinates":[[[-70.89531960987951,41.10371273797568],[-70.89536236017254,41.10370144836267],[-70.89539784299642,41.103777747179144],[-70.89535509270337,41.10378903679215],[-70.89531960987951,41.10371273797568]]]},"properties":{"kind":"crosswalk"}},{"type":"Feature","geometry":{"type":"Polygon","coordinates":[[[-70.8968912300252,41.10329770027701],[-70.89693398031825,41.103286410664005],[-70.89696946314211,41.10336270948048],[-70.89692671284908,41.103373999093485],[-70.8968912300252,41.10329770027701]]]},"properties":{"kind":"crosswalk"}},{"type":"Feature","geometry":{"type":"Polygon","coordinates":[[[-70.89695100074412,41.10326002335989],[-70.89693637115472,41.1032277165574],[-70.89703791020496,41.10320160631866],[-70.89705253979437,41.10323391312115],[-70.89695100074412,41.10326002335989]]]},"properties":{"kind":"crosswalk"}},{"type":"Feature","geometry":{"type":"Polygon","coordinates":[[[-70.896867076503,41.10307469185084],[-70.8968524469136,41.103042385048354],[-70.89695398596383,41.10301627480962],[-70.89696861555325,41.10304858161211],[-70.896867076503,41.10307469185084]]]},"properties":{"kind":"crosswalk"}},{"type":"Feature","geometry":{"type":"Polygon","coordinates":[[[-70.89681617409516,41.10302283093106],[-70.89677087468023,41.10302283093106],[-70.89677087468023,41.10294198255549],[-70.89681617409516,41.10294198255549],[-70.89681617409516,41.10302283093106]]]},"properties":{"kind":"crosswalk"}},{"type":"Feature","geometry":{"type":"Polygon","coordinates":[[[-70.89655695148934,41.10302283093106],[-70.8965116520744,41.10302283093106],[-70.8965116520744,41.10294198255549],[-70.89655695148934,41.10294198255549],[-70.89655695148934,41.10302283093106]]]},"properties":{"kind":"crosswalk"}},{"type":"Feature","geometry":{"type":"Polygon","coordinates":[[[-70.89694401679529,41.10340750462793],[-70.89690126650225,41.10341879424094],[-70.89686578367838,41.103342495424464],[-70.89690853397141,41.10333120581146],[-70.89694401679529,41.10340750462793]]]},"properties":{"kind":"crosswalk"}},{"type":"Feature","geometry":{"type":"Polygon","coordinates":[[[-70.89544937469844,41.103802213755266],[-70.89540662440541,41.10381350336827],[-70.89537114158153,41.1037372045518],[-70.89541389187457,41.10372591493879],[-70.89544937469844,41.103802213755266]]]},"properties":{"kind":"crosswalk"}},{"type":"Feature","geometry":{"type":"Polygon","coordinates":[[[-70.89538942044292,41.1038399373231],[-70.89540374679794,41.103872321200676],[-70.89530196550362,41.103897890240205],[-70.8952876391486,41.103865506362624],[-70.89538942044292,41.1038399373231]]]},"properties":{"kind":"crosswalk"}},{"type":"Feature","geometry":{"type":"Polygon","coordinates":[[[-70.89547792975229,41.10404000737826],[-70.89549225610732,41.10407239125583],[-70.89539047481298,41.10409796029536],[-70.89537614845797,41.10406557641778],[-70.89547792975229,41.10404000737826]]]},"properties":{"kind":"crosswalk"}},{"type":"Feature","geometry":{"type":"Polygon","coordinates":[[[-70.89552833608246,41.10409145373735],[-70.89557362012117,41.10409056439444],[-70.89557641529208,41.10417138532719],[-70.89553113125336,41.1041722746701],[-70.89552833608246,41.10409145373735]]]},"properties":{"kind":"crosswalk"}},{"type":"Feature","geometry":{"type":"Polygon","coordinates":[[[-70.89582842763313,41.104085560175285],[-70.89587371167184,41.10408467083238],[-70.89587650684275,41.10416549176513],[-70.89583122280403,41.10416638110804],[-70.89582842763313,41.104085560175285]]]},"properties":{"kind":"crosswalk"}},{"type":"Feature","geometry":{"type":"Polygon","coordinates":[[[-70.89592723625724,41.104077840671806],[-70.8959703841422,41.104067445401604],[-70.8960030560807,41.10414445382243],[-70.89595990819574,41.10415484909264],[-70.89592723625724,41.104077840671806]]]},"properties":{"kind":"crosswalk"}},{"type":"Feature","geometry":{"type":"Polygon","coordinates":[[[-70.89707016272237,41.10380248466213],[-70.89711331060735,41.10379208939192],[-70.89714598254585,41.10386909781275],[-70.89710283466087,41.10387949308296],[-70.89707016272237,41.10380248466213]]]},"properties":{"kind":"crosswalk"}},{"type":"Feature","geometry":{"type":"Polygon","coordinates":[[[-70.89713079381661,41.103766187077134],[-70.89711653123392,41.103733787218566],[-70.8972183627559,41.10370833199703],[-70.8972326253386,41.103740731855595],[-70.89713079381661,41.103766187077134]]]},"properties":{"kind":"crosswalk"}},{"type":"Feature","geometry":{"type":"Polygon","coordinates":[[[-70.8969927871712,41.1034526817404],[-70.8969785245885,41.103420281881824],[-70.89708035611048,41.103394826660285],[-70.89709461869319,41.10342722651886],[-70.8969927871712,41.1034526817404]]]},"properties":{"kind":"crosswalk"}},{"type":"Feature","geometry":{"type":"Polygon","coordinates":[[[-70.89716190165277,41.10390298690964],[-70.89711875376778,41.10391338217985],[-70.89708608182929,41.10383637375902],[-70.89712922971427,41.103825978488814],[-70.89716190165277,41.10390298690964]]]},"properties":{"kind":"crosswalk"}},{"type":"Feature","geometry":{"type":"Polygon","coordinates":[[[-70.89565455800701,41.10426613899699],[-70.89561141012204,41.1042765342672],[-70.89557873818354,41.104199525846376],[-70.89562188606851,41.10418913057617],[-70.89565455800701,41.10426613899699]]]},"properties":{"kind":"crosswalk"}},{"type":"Feature","geometry":{"type":"Polygon","coordinates":[[[-70.8955939478654,41.104302431337324],[-70.89560824506546,41.104334822530795],[-70.89550644077757,41.10436033953588],[-70.89549214357748,41.1043279483424],[-70.8955939478654,41.104302431337324]]]},"properties":{"kind":"crosswalk"}},{"type":"Feature","geometry":{"type":"Polygon","coordinates":[[[-70.89574935917442,41.104654525296404],[-70.89576365637448,41.104686916489875],[-70.89566185208659,41.10471243349495],[-70.89564755488651,41.10468004230148],[-70.89574935917442,41.104654525296404]]]},"properties":{"kind":"crosswalk"}},{"type":"Feature","geometry":{"type":"Polygon","coordinates":[[[-70.8957982920076,41.10469992283188],[-70.89584121889702,41.104689020377364],[-70.89587548489648,41.104765634375184],[-70.89583255800706,41.1047765368297],[-70.8957982920076,41.10469992283188]]]},"properties":{"kind":"crosswalk"}},{"type":"Feature","geometry":{"type":"Polygon","coordinates":[[[-70.89729587595986,41.104319570536624],[-70.89733880284928,41.104308668082105],[-70.89737306884874,41.104385282079924],[-70.89733014195932,41.10439618453444],[-70.89729587595986,41.104319570536624]]]},"properties":{"kind":"crosswalk"}},{"type":"Feature","geometry":{"type":"Polygon","coordinates":[[[-70.89735622563093,41.1042824405424],[-70.89734208420683,41.10425001054],[-70.8974440104697,41.104224771556936],[-70.8974581518938,41.104257201559335],[-70.89735622563093,41.1042824405424]]]},"properties":{"kind":"crosswalk"}},{"type":"Feature","geometry":{"type":"Polygon","coordinates":[[[-70.89721071818498,41.10394875372363],[-70.89719657676089,41.10391632372123],[-70.89729850302376,41.103891084738166],[-70.89731264444787,41.103923514740565],[-70.89721071818498,41.10394875372363]]]},"properties":{"kind":"crosswalk"}},{"type":"Feature","geometry":{"type":"Polygon","coordinates":[[[-70.89738611095561,41.104419888251385],[-70.89734318406619,41.1044307907059],[-70.89730891806673,41.10435417670808],[-70.89735184495615,41.104343274253566],[-70.89738611095561,41.104419888251385]]]},"properties":{"kind":"crosswalk"}},{"type":"Feature","geometry":{"type":"Polygon","coordinates":[[[-70.89588935716358,41.104800029704805],[-70.89584643027416,41.10481093215932],[-70.8958121642747,41.1047343181615],[-70.89585509116412,41.104723415706985],[-70.89588935716358,41.104800029704805]]]},"properties":{"kind":"crosswalk"}},{"type":"Feature","geometry":{"type":"Polygon","coordinates":[[[-70.89582882323242,41.10483720478263],[-70.89584266022678,41.10486970927098],[-70.8957404998574,41.10489440492143],[-70.89572666286303,41.10486190043308],[-70.89582882323242,41.10483720478263]]]},"properties":{"kind":"crosswalk"}},{"type":"Feature","geometry":{"type":"Polygon","coordinates":[[[-70.89597228996669,41.10517422253886],[-70.89598612696106,41.10520672702721],[-70.89588396659167,41.10523142267766],[-70.89587012959731,41.10519891818931],[-70.89597228996669,41.10517422253886]]]},"properties":{"kind":"crosswalk"}},{"type":"Feature","geometry":{"type":"Polygon","coordinates":[[[-70.89602056747268,41.105219991488724],[-70.89606363219315,41.10520940219766],[-70.89609691393181,41.105286262190205],[-70.89605384921134,41.10529685148127],[-70.89602056747268,41.105219991488724]]]},"properties":{"kind":"crosswalk"}},{"type":"Feature","geometry":{"type":"Polygon","coordinates":[[[-70.89751796111248,41.104851793648045],[-70.89756102583297,41.10484120435698],[-70.89759430757162,41.104918064349526],[-70.89755124285115,41.10492865364059],[-70.89751796111248,41.104851793648045]]]},"properties":{"kind":"crosswalk"}},{"type":"Feature","geometry":{"type":"Polygon","coordinates":[[[-70.89757890461311,41.10481507632111],[-70.8975653787468,41.10478249755292],[-70.89766777257492,41.104758357189944],[-70.89768129844123,41.104790935958135],[-70.89757890461311,41.10481507632111]]]},"properties":{"kind":"crosswalk"}},{"type":"Feature","geometry":{"type":"Polygon","coordinates":[[[-70.89743380559513,41.104465586893646],[-70.89742027972882,41.104433008125454],[-70.89752267355692,41.10440886776248],[-70.89753619942323,41.10444144653068],[-70.89743380559513,41.104465586893646]]]},"properties":{"kind":"crosswalk"}},{"type":"Feature","geometry":{"type":"Polygon","coordinates":[[[-70.8976457341112,41.10494321615974],[-70.89760266939071,41.104953805450805],[-70.89756938765204,41.10487694545826],[-70.89761245237253,41.10486635616719],[-70.8976457341112,41.10494321615974]]]},"properties":{"kind":"crosswalk"}},{"type":"Feature","geometry":{"type":"Polygon","coordinates":[[[-70.896133387802,41.10531509074943],[-70.89609032308152,41.105325680040494],[-70.89605704134286,41.10524882004795],[-70.89610010606333,41.10523823075688],[-70.896133387802,41.10531509074943]]]},"properties":{"kind":"crosswalk"}},{"type":"Feature","geometry":{"type":"Polygon","coordinates":[[[-70.89609120769028,41.10533589037467],[-70.89613573393827,41.105342170331376],[-70.89611599627342,41.105421638793054],[-70.89607147002543,41.105415358836346],[-70.89609120769028,41.10533589037467]]]},"properties":{"kind":"crosswalk"}},{"type":"Feature","geometry":{"type":"Polygon","coordinates":[[[-70.89663472476084,41.10541254771336],[-70.89667925100883,41.10541882767006],[-70.89665951334399,41.105498296131735],[-70.896614987096,41.10549201617503],[-70.89663472476084,41.10541254771336]]]},"properties":{"kind":"crosswalk"}},{"type":"Feature","geometry":{"type":"Polygon","coordinates":[[[-70.89673323787727,41.10542606245019],[-70.89677790732495,41.10543173560848],[-70.89676007680443,41.10551145964656],[-70.89671540735675,41.10550578648827],[-70.89673323787727,41.10542606245019]]]},"properties":{"kind":"crosswalk"}},{"type":"Feature","geometry":{"type":"Polygon","coordinates":[[[-70.89705273883276,41.10546664006169],[-70.89709740828043,41.105472313219984],[-70.89707957775991,41.105552037258065],[-70.89703490831224,41.10554636409977],[-70.89705273883276,41.10546664006169]]]},"properties":{"kind":"crosswalk"}},{"type":"Feature","geometry":{"type":"Polygon","coordinates":[[[-70.89715036077925,41.105469001615454],[-70.89719317806875,41.10545785711056],[-70.89722820482335,41.105534275499316],[-70.89718538753385,41.10554542000422],[-70.89715036077925,41.105469001615454]]]},"properties":{"kind":"crosswalk"}},{"type":"Feature","geometry":{"type":"Polygon","coordinates":[[[-70.89774388460779,41.10531451894519],[-70.89778670189729,41.1053033744403],[-70.89782172865189,41.105379792829055],[-70.8977789113624,41.10539093733395],[-70.89774388460779,41.10531451894519]]]},"properties":{"kind":"crosswalk"}},{"type":"Feature","geometry":{"type":"Polygon","coordinates":[[[-70.89780486198447,41.10527681164806],[-70.89779204831727,41.10524406980057],[-70.89789495469739,41.105221200538814],[-70.89790776836459,41.1052539423863],[-70.89780486198447,41.10527681164806]]]},"properties":{"kind":"crosswalk"}},{"type":"Feature","geometry":{"type":"Polygon","coordinates":[[[-70.89769236890777,41.10498936613349],[-70.89767955524057,41.104956624286],[-70.8977824616207,41.10493375502424],[-70.89779527528789,41.104966496871725],[-70.89769236890777,41.10498936613349]]]},"properties":{"kind":"crosswalk"}},{"type":"Feature","geometry":{"type":"Polygon","coordinates":[[[-70.89783570190245,41.10541417149549],[-70.89779288461295,41.105425316000385],[-70.89775785785834,41.10534889761162],[-70.89780067514783,41.105337753106724],[-70.89783570190245,41.10541417149549]]]},"properties":{"kind":"crosswalk"}},{"type":"Feature","geometry":{"type":"Polygon","coordinates":[[[-70.89748641093419,41.105505085118295],[-70.8974435936447,41.10551622962319],[-70.89740856689008,41.10543981123443],[-70.89745138417958,41.10542866672953],[-70.89748641093419,41.105505085118295]]]},"properties":{"kind":"crosswalk"}},{"type":"Feature","geometry":{"type":"Polygon","coordinates":[[[-70.89744462801431,41.10552677600785],[-70.8974891542623,41.10553305596456],[-70.89746941659746,41.10561252442623],[-70.89742489034947,41.10560624446952],[-70.89744462801431,41.10552677600785]]]},"properties":{"kind":"crosswalk"}},{"type":"Feature","geometry":{"type":"Polygon","coordinates":[[[-70.89788458178393,41.10558882683743],[-70.89792910803192,41.10559510679414],[-70.89790937036709,41.10567457525582],[-70.89786484411908,41.10566829529911],[-70.89788458178393,41.10558882683743]]]},"properties":{"kind":"crosswalk"}},{"type":"Feature","geometry":{"type":"Polygon","coordinates":[[[-70.8931434564956,41.10316524514506],[-70.89318635065482,41.103154269782074],[-70.89322084580283,41.1032308253645],[-70.89317795164361,41.10324180072748],[-70.8931434564956,41.10316524514506]]]},"properties":{"kind":"crosswalk"}},{"type":"Feature","geometry":{"type":"Polygon","coordinates":[[[-70.89363118650019,41.10304044927691],[-70.89367408065941,41.10302947391392],[-70.89370857580742,41.103106029496345],[-70.89366568164819,41.103117004859335],[-70.89363118650019,41.10304044927691]]]},"properties":{"kind":"crosswalk"}},{"type":"Feature","geometry":{"type":"Polygon","coordinates":[[[-70.89367262484673,41.10302283093106],[-70.89362732543178,41.10302283093106],[-70.89362732543178,41.10294198255549],[-70.89367262484673,41.10294198255549],[-70.89367262484673,41.10302283093106]]]},"properties":{"kind":"crosswalk"}},{"type":"Feature","geometry":{"type":"Polygon","coordinates":[[[-70.89313512158792,41.10302283093106],[-70.89308982217297,41.10302283093106],[-70.89308982217297,41.10294198255549],[-70.89313512158792,41.10294198255549],[-70.89313512158792,41.10302283093106]]]},"properties":{"kind":"crosswalk"}},{"type":"Feature","geometry":{"type":"Polygon","coordinates":[[[-70.89429368041415,41.10302699565891],[-70.8942493108277,41.10303387651361],[-70.89422768456335,41.10295468765449],[-70.8942720541498,41.10294780679979],[-70.89429368041415,41.10302699565891]]]},"properties":{"kind":"crosswalk"}},{"type":"Feature","geometry":{"type":"Polygon","coordinates":[[[-70.89404017341413,41.10306630963437],[-70.89399580382769,41.10307319048908],[-70.89397417756334,41.10299400162995],[-70.89401854714977,41.10298712077525],[-70.89404017341413,41.10306630963437]]]},"properties":{"kind":"crosswalk"}},{"type":"Feature","geometry":{"type":"Polygon","coordinates":[[[-70.89394298629742,41.10308399819978],[-70.8939000921382,41.10309497356277],[-70.89386559699018,41.10301841798034],[-70.8939084911494,41.103007442617354],[-70.89394298629742,41.10308399819978]]]},"properties":{"kind":"crosswalk"}},{"type":"Feature","geometry":{"type":"Polygon","coordinates":[[[-70.89323111729581,41.10326614469319],[-70.89318822313659,41.10327712005617],[-70.89315372798858,41.103200564473745],[-70.8931966221478,41.10318958911076],[-70.89323111729581,41.10326614469319]]]},"properties":{"kind":"crosswalk"}},{"type":"Feature","geometry":{"type":"Polygon","coordinates":[[[-70.89317077170074,41.103303403687875],[-70.89318483305289,41.10333585345553],[-70.89308284466856,41.103360949529765],[-70.89306878331641,41.10332849976211],[-70.89317077170074,41.103303403687875]]]},"properties":{"kind":"crosswalk"}},{"type":"Feature","geometry":{"type":"Polygon","coordinates":[[[-70.89331285343759,41.10363128960506],[-70.89332691478974,41.10366373937272],[-70.89322492640541,41.10368883544695],[-70.89321086505326,41.103656385679294],[-70.89331285343759,41.10363128960506]]]},"properties":{"kind":"crosswalk"}},{"type":"Feature","geometry":{"type":"Polygon","coordinates":[[[-70.89336159702896,41.103677220723895],[-70.89340483676769,41.10366704449297],[-70.89343682027406,41.10374421685027],[-70.89339358053533,41.103754393081196],[-70.89336159702896,41.103677220723895]]]},"properties":{"kind":"crosswalk"}},{"type":"Feature","geometry":{"type":"Polygon","coordinates":[[[-70.89488875456578,41.10331781272989],[-70.8949319943045,41.10330763649897],[-70.89496397781087,41.10338480885627],[-70.89492073807216,41.10339498508719],[-70.89488875456578,41.10331781272989]]]},"properties":{"kind":"crosswalk"}},{"type":"Feature","geometry":{"type":"Polygon","coordinates":[[[-70.894950130366,41.103281723152556],[-70.89493685455498,41.10324908602855],[-70.8950394317932,41.10322539195309],[-70.89505270760422,41.103258029077104],[-70.894950130366,41.103281723152556]]]},"properties":{"kind":"crosswalk"}},{"type":"Feature","geometry":{"type":"Polygon","coordinates":[[[-70.89486613188322,41.10307522210382],[-70.89485285607219,41.10304258497981],[-70.89495543331041,41.10301889090435],[-70.89496870912143,41.10305152802837],[-70.89486613188322,41.10307522210382]]]},"properties":{"kind":"crosswalk"}},{"type":"Feature","geometry":{"type":"Polygon","coordinates":[[[-70.89481740264594,41.10302283093106],[-70.89477210323099,41.10302283093106],[-70.89477210323099,41.10294198255549],[-70.89481740264594,41.10294198255549],[-70.89481740264594,41.10302283093106]]]},"properties":{"kind":"crosswalk"}},{"type":"Feature","geometry":{"type":"Polygon","coordinates":[[[-70.89439325317204,41.10302283093106],[-70.89434795375709,41.10302283093106],[-70.89434795375709,41.10294198255549],[-70.89439325317204,41.10294198255549],[-70.89439325317204,41.10302283093106]]]},"properties":{"kind":"crosswalk"}},{"type":"Feature","geometry":{"type":"Polygon","coordinates":[[[-70.89493802425734,41.1034285611009],[-70.89489478451863,41.10343873733183],[-70.89486280101225,41.10336156497453],[-70.89490604075097,41.103351388743604],[-70.89493802425734,41.1034285611009]]]},"properties":{"kind":"crosswalk"}},{"type":"Feature","geometry":{"type":"Polygon","coordinates":[[[-70.89349373490349,41.10376846653103],[-70.89345049516477,41.10377864276195],[-70.8934185116584,41.10370147040466],[-70.89346175139711,41.10369129417373],[-70.89349373490349,41.10376846653103]]]},"properties":{"kind":"crosswalk"}},{"type":"Feature","geometry":{"type":"Polygon","coordinates":[[[-70.89343316236892,41.10380436031955],[-70.8934477653145,41.1038366739664],[-70.8933462047527,41.10386273665242],[-70.89333160180712,41.10383042300557],[-70.89343316236892,41.10380436031955]]]},"properties":{"kind":"crosswalk"}},{"type":"Feature","geometry":{"type":"Polygon","coordinates":[[[-70.89355879330955,41.10408235860599],[-70.89357339625512,41.104114672252834],[-70.89347183569333,41.10414073493885],[-70.89345723274775,41.10410842129201],[-70.89355879330955,41.10408235860599]]]},"properties":{"kind":"crosswalk"}},{"type":"Feature","geometry":{"type":"Polygon","coordinates":[[[-70.89360834706234,41.10412793005886],[-70.89365148892868,41.10411752061327],[-70.89368420541986,41.10419451829232],[-70.89364106355352,41.104204927737904],[-70.89360834706234,41.10412793005886]]]},"properties":{"kind":"crosswalk"}},{"type":"Feature","geometry":{"type":"Polygon","coordinates":[[[-70.8950377925701,41.10378302761277],[-70.89508093443644,41.103772618167184],[-70.89511365092761,41.10384961584623],[-70.89507050906127,41.103860025291816],[-70.8950377925701,41.10378302761277]]]},"properties":{"kind":"crosswalk"}},{"type":"Feature","geometry":{"type":"Polygon","coordinates":[[[-70.89509885646859,41.10374659979673],[-70.89508532491625,41.10371402236938],[-70.89518771453014,41.10368987185823],[-70.89520124608248,41.10372244928558],[-70.89509885646859,41.10374659979673]]]},"properties":{"kind":"crosswalk"}},{"type":"Feature","geometry":{"type":"Polygon","coordinates":[[[-70.89498591738058,41.103474697147135],[-70.89497238582824,41.10344211971979],[-70.89507477544213,41.10341796920864],[-70.89508830699447,41.10345054663599],[-70.89498591738058,41.103474697147135]]]},"properties":{"kind":"crosswalk"}},{"type":"Feature","geometry":{"type":"Polygon","coordinates":[[[-70.89512858272366,41.103883742662674],[-70.89508544085732,41.10389415210826],[-70.89505272436614,41.103817154429215],[-70.8950958662325,41.10380674498363],[-70.89512858272366,41.103883742662674]]]},"properties":{"kind":"crosswalk"}},{"type":"Feature","geometry":{"type":"Polygon","coordinates":[[[-70.89370047668052,41.104228321917276],[-70.89365733481418,41.10423873136286],[-70.89362461832302,41.10416173368382],[-70.89366776018936,41.10415132423823],[-70.89370047668052,41.104228321917276]]]},"properties":{"kind":"crosswalk"}},{"type":"Feature","geometry":{"type":"Polygon","coordinates":[[[-70.8936397227183,41.10426467510458],[-70.89365376633928,41.104297129232265],[-70.89355176425155,41.10432219366069],[-70.89353772063056,41.104289739533],[-70.8936397227183,41.10426467510458]]]},"properties":{"kind":"crosswalk"}},{"type":"Feature","geometry":{"type":"Polygon","coordinates":[[[-70.89376818336127,41.10456154142661],[-70.89378222698225,41.104593995554296],[-70.89368022489452,41.104619059982724],[-70.89366618127353,41.10458660585504],[-70.89376818336127,41.10456154142661]]]},"properties":{"kind":"crosswalk"}},{"type":"Feature","geometry":{"type":"Polygon","coordinates":[[[-70.89381671069995,41.10460704349193],[-70.89385964017778,41.10459614682643],[-70.8938938879826,41.10467276544391],[-70.89385095850479,41.10468366210941],[-70.89381671069995,41.10460704349193]]]},"properties":{"kind":"crosswalk"}},{"type":"Feature","geometry":{"type":"Polygon","coordinates":[[[-70.89524089041032,41.104245548064775],[-70.89528381988814,41.104234651399274],[-70.89531806769295,41.10431127001675],[-70.89527513821514,41.10432216668225],[-70.89524089041032,41.104245548064775]]]},"properties":{"kind":"crosswalk"}},{"type":"Feature","geometry":{"type":"Polygon","coordinates":[[[-70.89530113230457,41.104208455281096],[-70.89528680594954,41.104176071403515],[-70.89538858724387,41.10415050236399],[-70.89540291359889,41.10418288624157],[-70.89530113230457,41.104208455281096]]]},"properties":{"kind":"crosswalk"}},{"type":"Feature","geometry":{"type":"Polygon","coordinates":[[[-70.89517769247583,41.10392942685436],[-70.8951633661208,41.103897042976776],[-70.89526514741512,41.103871473937254],[-70.89527947377015,41.10390385781483],[-70.89517769247583,41.10392942685436]]]},"properties":{"kind":"crosswalk"}},{"type":"Feature","geometry":{"type":"Polygon","coordinates":[[[-70.8953723218557,41.10433541512313],[-70.89532939237789,41.10434631178863],[-70.89529514457307,41.104269693171155],[-70.89533807405088,41.104258796505654],[-70.8953723218557,41.10433541512313]]]},"properties":{"kind":"crosswalk"}},{"type":"Feature","geometry":{"type":"Polygon","coordinates":[[[-70.89389200757815,41.10471115902553],[-70.89384907810033,41.104722055691035],[-70.8938148302955,41.10464543707356],[-70.89385775977331,41.10463454040806],[-70.89389200757815,41.10471115902553]]]},"properties":{"kind":"crosswalk"}},{"type":"Feature","geometry":{"type":"Polygon","coordinates":[[[-70.89403236446928,41.10484029876424],[-70.89406952837865,41.104859817086556],[-70.8940081830347,41.104926145574574],[-70.89397101912533,41.104906627252255],[-70.89403236446928,41.10484029876424]]]},"properties":{"kind":"crosswalk"}},{"type":"Feature","geometry":{"type":"Polygon","coordinates":[[[-70.89433210995037,41.10499772377722],[-70.89436927385974,41.105017242099535],[-70.89430792851579,41.10508357058755],[-70.89427076460642,41.105064052265234],[-70.89433210995037,41.10499772377722]]]},"properties":{"kind":"crosswalk"}},{"type":"Feature","geometry":{"type":"Polygon","coordinates":[[[-70.89446281743642,41.10503600441664],[-70.89450578882202,41.10502520195952],[-70.89453974053346,41.10510189537213],[-70.89449676914786,41.10511269782925],[-70.89446281743642,41.10503600441664]]]},"properties":{"kind":"crosswalk"}},{"type":"Feature","geometry":{"type":"Polygon","coordinates":[[[-70.89551685963964,41.10477103167863],[-70.89555983102524,41.10476022922152],[-70.89559378273668,41.10483692263413],[-70.89555081135109,41.10484772509124],[-70.89551685963964,41.10477103167863]]]},"properties":{"kind":"crosswalk"}},{"type":"Feature","geometry":{"type":"Polygon","coordinates":[[[-70.89557718645331,41.104734085696165],[-70.89556288925324,41.10470169450269],[-70.89566469354114,41.10467617749761],[-70.89567899074122,41.10470856869108],[-70.89557718645331,41.104734085696165]]]},"properties":{"kind":"crosswalk"}},{"type":"Feature","geometry":{"type":"Polygon","coordinates":[[[-70.89542125625556,41.104380816162475],[-70.89540695905548,41.104348424969004],[-70.89550876334339,41.104322907963926],[-70.89552306054345,41.1043552991574],[-70.89542125625556,41.104380816162475]]]},"properties":{"kind":"crosswalk"}},{"type":"Feature","geometry":{"type":"Polygon","coordinates":[[[-70.89560795200704,41.10487123996685],[-70.89556498062144,41.10488204242396],[-70.89553102891,41.10480534901135],[-70.8955740002956,41.10479454655424],[-70.89560795200704,41.10487123996685]]]},"properties":{"kind":"crosswalk"}},{"type":"Feature","geometry":{"type":"Polygon","coordinates":[[[-70.89472928532508,41.10509212554031],[-70.89468631393949,41.10510292799743],[-70.89465236222804,41.10502623458482],[-70.89469533361364,41.1050154321277],[-70.89472928532508,41.10509212554031]]]},"properties":{"kind":"crosswalk"}},{"type":"Feature","geometry":{"type":"Polygon","coordinates":[[[-70.8948524702137,41.10516308867748],[-70.89489685750608,41.10516990437698],[-70.89487543602205,41.10524912483686],[-70.89483104872967,41.10524230913736],[-70.8948524702137,41.10516308867748]]]},"properties":{"kind":"crosswalk"}},{"type":"Feature","geometry":{"type":"Polygon","coordinates":[[[-70.89535821307749,41.10524074584463],[-70.89540260036986,41.10524756154413],[-70.89538117888583,41.10532678200401],[-70.89533679159345,41.10531996630451],[-70.89535821307749,41.10524074584463]]]},"properties":{"kind":"crosswalk"}},{"type":"Feature","geometry":{"type":"Polygon","coordinates":[[[-70.89579938249754,41.10525329332748],[-70.89578554550317,41.10522078883913],[-70.89588770587257,41.105196093188674],[-70.89590154286692,41.105228597677026],[-70.89579938249754,41.10525329332748]]]},"properties":{"kind":"crosswalk"}},{"type":"Feature","geometry":{"type":"Polygon","coordinates":[[[-70.89565617302085,41.10491687989516],[-70.89564233602648,41.104884375406805],[-70.89574449639588,41.10485967975636],[-70.89575833339025,41.10489218424471],[-70.89565617302085,41.10491687989516]]]},"properties":{"kind":"crosswalk"}},{"type":"Feature","geometry":{"type":"Polygon","coordinates":[[[-70.89112728461569,41.103186632431076],[-70.89117034549659,41.10317603427706],[-70.89120365509115,41.103252887416886],[-70.89116059421026,41.10326348557089],[-70.89112728461569,41.103186632431076]]]},"properties":{"kind":"crosswalk"}},{"type":"Feature","geometry":{"type":"Polygon","coordinates":[[[-70.89172369504675,41.10303984375724],[-70.89176675592763,41.103029245603224],[-70.89180006552219,41.10310609874304],[-70.8917570046413,41.103116696897054],[-70.89172369504675,41.10303984375724]]]},"properties":{"kind":"crosswalk"}},{"type":"Feature","geometry":{"type":"Polygon","coordinates":[[[-70.89176540102544,41.10302283093106],[-70.89172010161049,41.10302283093106],[-70.89172010161049,41.10294198255549],[-70.89176540102544,41.10294198255549],[-70.89176540102544,41.10302283093106]]]},"properties":{"kind":"crosswalk"}},{"type":"Feature","geometry":{"type":"Polygon","coordinates":[[[-70.89109918834514,41.10302283093106],[-70.89105388893019,41.10302283093106],[-70.89105388893019,41.10294198255549],[-70.89109918834514,41.10294198255549],[-70.89109918834514,41.10302283093106]]]},"properties":{"kind":"crosswalk"}},{"type":"Feature","geometry":{"type":"Polygon","coordinates":[[[-70.89226590987286,41.103029245603224],[-70.89222284899196,41.10303984375724],[-70.8921895393974,41.102962990617414],[-70.8922326002783,41.10295239246341],[-70.89226590987286,41.103029245603224]]]},"properties":{"kind":"crosswalk"}},{"type":"Feature","geometry":{"type":"Polygon","coordinates":[[[-70.89121585365456,41.103287685683604],[-70.89117279277367,41.10329828383762],[-70.89113948317912,41.10322143069779],[-70.89118254406,41.10321083254379],[-70.89121585365456,41.103287685683604]]]},"properties":{"kind":"crosswalk"}},{"type":"Feature","geometry":{"type":"Polygon","coordinates":[[[-70.8914826936168,41.10357567363585],[-70.89152574717887,41.103565058610464],[-70.89155910979952,41.103641898688],[-70.89151605623745,41.10365251371338],[-70.8914826936168,41.10357567363585]]]},"properties":{"kind":"crosswalk"}},{"type":"Feature","geometry":{"type":"Polygon","coordinates":[[[-70.89290119049832,41.1032259376401],[-70.8929442440604,41.103215322614716],[-70.89297760668106,41.10329216269224],[-70.89293455311898,41.10330277771762],[-70.89290119049832,41.1032259376401]]]},"properties":{"kind":"crosswalk"}},{"type":"Feature","geometry":{"type":"Polygon","coordinates":[[[-70.89277611200511,41.10302283093106],[-70.89273081259016,41.10302283093106],[-70.89273081259016,41.10294198255549],[-70.89277611200511,41.10294198255549],[-70.89277611200511,41.10302283093106]]]},"properties":{"kind":"crosswalk"}},{"type":"Feature","geometry":{"type":"Polygon","coordinates":[[[-70.8923646905195,41.10302283093106],[-70.89231939110455,41.10302283093106],[-70.89231939110455,41.10294198255549],[-70.8923646905195,41.10294198255549],[-70.8923646905195,41.10302283093106]]]},"properties":{"kind":"crosswalk"}},{"type":"Feature","geometry":{"type":"Polygon","coordinates":[[[-70.89298917962024,41.1033271163443],[-70.89294612605816,41.10333773136969],[-70.89291276343752,41.103260891292166],[-70.8929558169996,41.10325027626678],[-70.89298917962024,41.1033271163443]]]},"properties":{"kind":"crosswalk"}},{"type":"Feature","geometry":{"type":"Polygon","coordinates":[[[-70.89174669051638,41.10363345692892],[-70.8917036369543,41.1036440719543],[-70.89167027433365,41.103567231876774],[-70.89171332789573,41.103556616851385],[-70.89174669051638,41.10363345692892]]]},"properties":{"kind":"crosswalk"}},{"type":"Feature","geometry":{"type":"Polygon","coordinates":[[[-70.89194111774272,41.10376563760543],[-70.89198213079116,41.10378013203739],[-70.89193657534331,41.10385333029717],[-70.89189556229488,41.1038388358652],[-70.89194111774272,41.10376563760543]]]},"properties":{"kind":"crosswalk"}},{"type":"Feature","geometry":{"type":"Polygon","coordinates":[[[-70.89232754163444,41.103902203772115],[-70.89236855468288,41.10391669820408],[-70.89232299923503,41.10398989646386],[-70.8922819861866,41.10397540203189],[-70.89232754163444,41.103902203772115]]]},"properties":{"kind":"crosswalk"}},{"type":"Feature","geometry":{"type":"Polygon","coordinates":[[[-70.89241930945892,41.103918759398425],[-70.89246215212741,41.10390767041799],[-70.89249700437074,41.103984134102056],[-70.89245416170225,41.10399522308249],[-70.89241930945892,41.103918759398425]]]},"properties":{"kind":"crosswalk"}},{"type":"Feature","geometry":{"type":"Polygon","coordinates":[[[-70.89311939018155,41.10373755729992],[-70.89316223285005,41.103726468319486],[-70.89319708509338,41.10380293200355],[-70.89315424242488,41.10381402098399],[-70.89311939018155,41.10373755729992]]]},"properties":{"kind":"crosswalk"}},{"type":"Feature","geometry":{"type":"Polygon","coordinates":[[[-70.89317965312046,41.10370011591933],[-70.89316559176831,41.10366766615167],[-70.89326758015264,41.10364257007744],[-70.89328164150479,41.10367501984509],[-70.89317965312046,41.10370011591933]]]},"properties":{"kind":"crosswalk"}},{"type":"Feature","geometry":{"type":"Polygon","coordinates":[[[-70.89303781052575,41.10337278187702],[-70.8930237491736,41.10334033210937],[-70.89312573755792,41.10331523603513],[-70.89313979891008,41.10334768580279],[-70.89303781052575,41.10337278187702]]]},"properties":{"kind":"crosswalk"}},{"type":"Feature","geometry":{"type":"Polygon","coordinates":[[[-70.8932112750045,41.103837252336],[-70.89316843233601,41.103848341316436],[-70.89313358009268,41.10377187763237],[-70.89317642276117,41.10376078865193],[-70.8932112750045,41.103837252336]]]},"properties":{"kind":"crosswalk"}},{"type":"Feature","geometry":{"type":"Polygon","coordinates":[[[-70.89257501653125,41.104001935302996],[-70.89253217386276,41.10401302428343],[-70.89249732161943,41.103936560599365],[-70.89254016428792,41.10392547161893],[-70.89257501653125,41.104001935302996]]]},"properties":{"kind":"crosswalk"}},{"type":"Feature","geometry":{"type":"Polygon","coordinates":[[[-70.89252984365423,41.104030252196004],[-70.89256883641298,41.104047626723286],[-70.89251422893518,41.10411721926013],[-70.89247523617644,41.10409984473285],[-70.89252984365423,41.104030252196004]]]},"properties":{"kind":"crosswalk"}},{"type":"Feature","geometry":{"type":"Polygon","coordinates":[[[-70.89299673746073,41.104238292340945],[-70.89303573021948,41.104255666868234],[-70.89298112274169,41.10432525940508],[-70.89294212998294,41.10430788487779],[-70.89299673746073,41.104238292340945]]]},"properties":{"kind":"crosswalk"}},{"type":"Feature","geometry":{"type":"Polygon","coordinates":[[[-70.8930852984058,41.10425955126861],[-70.89312820091139,41.104248594446304],[-70.89316263778676,41.10432516492495],[-70.89311973528116,41.10433612174727],[-70.8930852984058,41.10425955126861]]]},"properties":{"kind":"crosswalk"}},{"type":"Feature","geometry":{"type":"Polygon","coordinates":[[[-70.8933264329584,41.104197968188345],[-70.893369335464,41.10418701136604],[-70.89340377233937,41.10426358184469],[-70.89336086983377,41.104274538667],[-70.8933264329584,41.104197968188345]]]},"properties":{"kind":"crosswalk"}},{"type":"Feature","geometry":{"type":"Polygon","coordinates":[[[-70.89338646414505,41.10416082134524],[-70.89337186119947,41.10412850769839],[-70.89347342176127,41.10410244501237],[-70.89348802470685,41.104134758659214],[-70.89338646414505,41.10416082134524]]]},"properties":{"kind":"crosswalk"}},{"type":"Feature","geometry":{"type":"Polygon","coordinates":[[[-70.89326064766387,41.10388241249146],[-70.89324604471828,41.10385009884462],[-70.89334760528008,41.1038240361586],[-70.89336220822565,41.10385634980544],[-70.89326064766387,41.10388241249146]]]},"properties":{"kind":"crosswalk"}},{"type":"Feature","geometry":{"type":"Polygon","coordinates":[[[-70.89341833298421,41.104297803339534],[-70.89337543047861,41.10430876016185],[-70.89334099360325,41.104232189683195],[-70.89338389610883,41.10422123286089],[-70.89341833298421,41.104297803339534]]]},"properties":{"kind":"crosswalk"}},{"type":"Feature","geometry":{"type":"Polygon","coordinates":[[[-70.89320535145986,41.1043521964498],[-70.89316244895427,41.10436315327211],[-70.89312801207889,41.10428658279346],[-70.89317091458449,41.104275625971155],[-70.89320535145986,41.1043521964498]]]},"properties":{"kind":"crosswalk"}},{"type":"Feature","geometry":{"type":"Polygon","coordinates":[[[-70.8931589755934,41.10438159875439],[-70.89319613950275,41.104401117076705],[-70.8931347941588,41.10446744556472],[-70.89309763024943,41.104447927242404],[-70.8931589755934,41.10438159875439]]]},"properties":{"kind":"crosswalk"}},{"type":"Feature","geometry":{"type":"Polygon","coordinates":[[[-70.89351919523298,41.10457078453038],[-70.89355635914234,41.1045903028527],[-70.89349501379839,41.10465663134072],[-70.89345784988903,41.1046371130184],[-70.89351919523298,41.10457078453038]]]},"properties":{"kind":"crosswalk"}},{"type":"Feature","geometry":{"type":"Polygon","coordinates":[[[-70.8935703530011,41.10458247328629],[-70.89355630938012,41.1045500191586],[-70.89365831146785,41.10452495473018],[-70.89367235508884,41.104557408857865],[-70.8935703530011,41.10458247328629]]]},"properties":{"kind":"crosswalk"}},{"type":"Feature","geometry":{"type":"Polygon","coordinates":[[[-70.89346684399759,41.104343268994164],[-70.89345280037661,41.10431081486648],[-70.89355480246435,41.10428575043805],[-70.89356884608533,41.104318204565736],[-70.89346684399759,41.104343268994164]]]},"properties":{"kind":"crosswalk"}},{"type":"Feature","geometry":{"type":"Polygon","coordinates":[[[-70.90702115004594,41.097621396804584],[-70.9069829251528,41.0976397146665],[-70.9069253528102,41.09757149258195],[-70.90696357770334,41.09755317472004],[-70.90702115004594,41.097621396804584]]]},"properties":{"kind":"crosswalk"}},{"type":"Feature","geometry":{"type":"Polygon","coordinates":[[[-70.90683839190667,41.097708976862585],[-70.90680016701354,41.09772729472449],[-70.90674259467094,41.09765907263994],[-70.90678081956409,41.097640754778034],[-70.90683839190667,41.097708976862585]]]},"properties":{"kind":"crosswalk"}},{"type":"Feature","geometry":{"type":"Polygon","coordinates":[[[-70.906777030894,41.09775904310297],[-70.906777030894,41.097793179083766],[-70.90666974280597,41.097793179083766],[-70.90666974280597,41.09775904310297],[-70.906777030894,41.09775904310297]]]},"properties":{"kind":"crosswalk"}},{"type":"Feature","geometry":{"type":"Polygon","coordinates":[[[-70.906777030894,41.098326278188715],[-70.906777030894,41.09836041416951],[-70.90666974280597,41.09836041416951],[-70.90666974280597,41.098326278188715],[-70.906777030894,41.098326278188715]]]},"properties":{"kind":"crosswalk"}},{"type":"Feature","geometry":{"type":"Polygon","coordinates":[[[-70.9069311822091,41.09852638404305],[-70.90696970131779,41.098508419571274],[-70.90702616296863,41.0985771667586],[-70.90698764385995,41.098595131230375],[-70.9069311822091,41.09852638404305]]]},"properties":{"kind":"crosswalk"}},{"type":"Feature","geometry":{"type":"Polygon","coordinates":[[[-70.90810880531114,41.097977166324824],[-70.90814732441983,41.09795920185305],[-70.90820378607067,41.09802794904038],[-70.908165266962,41.09804591351215],[-70.90810880531114,41.097977166324824]]]},"properties":{"kind":"crosswalk"}},{"type":"Feature","geometry":{"type":"Polygon","coordinates":[[[-70.9079300750867,41.09786786597855],[-70.90788844032635,41.09785441569049],[-70.90793071406966,41.09778010782701],[-70.90797234883,41.09779355811508],[-70.9079300750867,41.09786786597855]]]},"properties":{"kind":"crosswalk"}},{"type":"Feature","geometry":{"type":"Polygon","coordinates":[[[-70.90766690361092,41.09778284730353],[-70.90762526885057,41.09776939701546],[-70.90766754259388,41.09769508915199],[-70.90770917735423,41.097708539440056],[-70.90766690361092,41.09778284730353]]]},"properties":{"kind":"crosswalk"}},{"type":"Feature","geometry":{"type":"Polygon","coordinates":[[[-70.9075747229972,41.09775337645074],[-70.9075328472172,41.0977403579797],[-70.90757376377604,41.097665619955094],[-70.90761563955604,41.09767863842613],[-70.9075747229972,41.09775337645074]]]},"properties":{"kind":"crosswalk"}},{"type":"Feature","geometry":{"type":"Polygon","coordinates":[[[-70.90732908093781,41.09767701049323],[-70.90728720515781,41.097663992022184],[-70.90732812171666,41.097589253997576],[-70.90736999749666,41.09760227246862],[-70.90732908093781,41.09767701049323]]]},"properties":{"kind":"crosswalk"}},{"type":"Feature","geometry":{"type":"Polygon","coordinates":[[[-70.90836062220892,41.09803931934933],[-70.90832210310023,41.098057283821106],[-70.90826564144939,41.09798853663378],[-70.90830416055807,41.097970572162005],[-70.90836062220892,41.09803931934933]]]},"properties":{"kind":"crosswalk"}},{"type":"Feature","geometry":{"type":"Polygon","coordinates":[[[-70.90707584273879,41.098638512459395],[-70.90703732363012,41.09865647693117],[-70.90698086197926,41.09858772974385],[-70.90701938108795,41.098569765272075],[-70.90707584273879,41.098638512459395]]]},"properties":{"kind":"crosswalk"}},{"type":"Feature","geometry":{"type":"Polygon","coordinates":[[[-70.90702809020436,41.098685078650036],[-70.9070513540879,41.09871436919204],[-70.90695929502951,41.09875588953386],[-70.90693603114597,41.09872659899185],[-70.90702809020436,41.098685078650036]]]},"properties":{"kind":"crosswalk"}},{"type":"Feature","geometry":{"type":"Polygon","coordinates":[[[-70.90747257632864,41.09924471176023],[-70.90749584021216,41.09927400230223],[-70.90740378115379,41.09931552264405],[-70.90738051727025,41.099286232102045],[-70.90747257632864,41.09924471176023]]]},"properties":{"kind":"crosswalk"}},{"type":"Feature","geometry":{"type":"Polygon","coordinates":[[[-70.90753320477675,41.09928082062204],[-70.90757167365211,41.09926279513016],[-70.90762832708685,41.0993314526633],[-70.9075898582115,41.09934947815518],[-70.90753320477675,41.09928082062204]]]},"properties":{"kind":"crosswalk"}},{"type":"Feature","geometry":{"type":"Polygon","coordinates":[[[-70.90909775201285,41.09854771539756],[-70.90913622088821,41.098529689905675],[-70.90919287432294,41.098598347438816],[-70.9091544054476,41.0986163729307],[-70.90909775201285,41.09854771539756]]]},"properties":{"kind":"crosswalk"}},{"type":"Feature","geometry":{"type":"Polygon","coordinates":[[[-70.9088551470508,41.098256620591755],[-70.9088180974679,41.09823697923403],[-70.90887982950746,41.098170854790794],[-70.90891687909034,41.09819049614852],[-70.9088551470508,41.098256620591755]]]},"properties":{"kind":"crosswalk"}},{"type":"Feature","geometry":{"type":"Polygon","coordinates":[[[-70.90865651727611,41.098151319582826],[-70.90861946769323,41.0981316782251],[-70.90868119973277,41.098065553781865],[-70.90871824931565,41.09808519513959],[-70.90865651727611,41.098151319582826]]]},"properties":{"kind":"crosswalk"}},{"type":"Feature","geometry":{"type":"Polygon","coordinates":[[[-70.90910572185693,41.09872381038954],[-70.90906725298157,41.09874183588142],[-70.90901059954683,41.098673178348285],[-70.90904906842219,41.098655152856395],[-70.90910572185693,41.09872381038954]]]},"properties":{"kind":"crosswalk"}},{"type":"Feature","geometry":{"type":"Polygon","coordinates":[[[-70.90767846827337,41.099392583459874],[-70.90763999939801,41.09941060895176],[-70.90758334596327,41.099341951418616],[-70.90762181483863,41.09932392592673],[-70.90767846827337,41.099392583459874]]]},"properties":{"kind":"crosswalk"}},{"type":"Feature","geometry":{"type":"Polygon","coordinates":[[[-70.90763152952853,41.09943890502026],[-70.9076560047065,41.099467629554596],[-70.90756572458866,41.0995113117607],[-70.9075412494107,41.09948258722636],[-70.90763152952853,41.09943890502026]]]},"properties":{"kind":"crosswalk"}},{"type":"Feature","geometry":{"type":"Polygon","coordinates":[[[-70.90816449752211,41.10006440639378],[-70.90818897270007,41.100093130928116],[-70.90809869258224,41.10013681313422],[-70.90807421740428,41.10010808859988],[-70.90816449752211,41.10006440639378]]]},"properties":{"kind":"crosswalk"}},{"type":"Feature","geometry":{"type":"Polygon","coordinates":[[[-70.90822693124127,41.10009943978012],[-70.90826517017484,41.10008113856647],[-70.90832269019258,41.10014938570977],[-70.908284451259,41.10016768692341],[-70.90822693124127,41.10009943978012]]]},"properties":{"kind":"crosswalk"}},{"type":"Feature","geometry":{"type":"Polygon","coordinates":[[[-70.90961616461614,41.0994345505058],[-70.90965440354971,41.09941624929215],[-70.90971192356744,41.09948449643545],[-70.90967368463386,41.099502797649095],[-70.90961616461614,41.0994345505058]]]},"properties":{"kind":"crosswalk"}},{"type":"Feature","geometry":{"type":"Polygon","coordinates":[[[-70.9096669573214,41.099386114619485],[-70.90964945940193,41.09935462811307],[-70.90974842029286,41.099323398606764],[-70.90976591821232,41.09935488511317],[-70.9096669573214,41.099386114619485]]]},"properties":{"kind":"crosswalk"}},{"type":"Feature","geometry":{"type":"Polygon","coordinates":[[[-70.90949078816513,41.09906910828745],[-70.90947329024566,41.09903762178104],[-70.90957225113658,41.09900639227473],[-70.90958974905604,41.09903787878114],[-70.90949078816513,41.09906910828745]]]},"properties":{"kind":"crosswalk"}},{"type":"Feature","geometry":{"type":"Polygon","coordinates":[[[-70.90944528042883,41.09900260835741],[-70.90941650125963,41.098976246598696],[-70.90949935526363,41.09892488282096],[-70.90952813443283,41.09895124457967],[-70.90944528042883,41.09900260835741]]]},"properties":{"kind":"crosswalk"}},{"type":"Feature","geometry":{"type":"Polygon","coordinates":[[[-70.90917520378996,41.09875521778344],[-70.90914642462074,41.09872885602472],[-70.90922927862475,41.09867749224699],[-70.90925805779396,41.098703854005706],[-70.90917520378996,41.09875521778344]]]},"properties":{"kind":"crosswalk"}},{"type":"Feature","geometry":{"type":"Polygon","coordinates":[[[-70.90992022625626,41.09946993694296],[-70.90988198732269,41.0994882381566],[-70.90982446730496,41.0994199910133],[-70.90986270623853,41.099401689799656],[-70.90992022625626,41.09946993694296]]]},"properties":{"kind":"crosswalk"}},{"type":"Feature","geometry":{"type":"Polygon","coordinates":[[[-70.90837336574322,41.100210266813086],[-70.90833512680965,41.10022856802673],[-70.90827760679191,41.10016032088343],[-70.90831584572548,41.10014201966978],[-70.90837336574322,41.100210266813086]]]},"properties":{"kind":"crosswalk"}},{"type":"Feature","geometry":{"type":"Polygon","coordinates":[[[-70.90832644282752,41.100257199067634],[-70.90835033431239,41.10028620131288],[-70.90825918135974,41.10032884176957],[-70.90823528987488,41.10029983952432],[-70.90832644282752,41.100257199067634]]]},"properties":{"kind":"crosswalk"}},{"type":"Feature","geometry":{"type":"Polygon","coordinates":[[[-70.90883040776313,41.10086896994516],[-70.90885429924799,41.1008979721904],[-70.90876314629534,41.100940612647086],[-70.90873925481048,41.100911610401845],[-70.90883040776313,41.10086896994516]]]},"properties":{"kind":"crosswalk"}},{"type":"Feature","geometry":{"type":"Polygon","coordinates":[[[-70.90889188764794,41.10090442915951],[-70.9089300987369,41.100886094950184],[-70.9089877224588,41.10095429239767],[-70.90894951136984,41.100972626606996],[-70.90889188764794,41.10090442915951]]]},"properties":{"kind":"crosswalk"}},{"type":"Feature","geometry":{"type":"Polygon","coordinates":[[[-70.91019490410233,41.100279223831016],[-70.91023311519129,41.10026088962169],[-70.91029073891319,41.10032908706917],[-70.91025252782423,41.1003474212785],[-70.91019490410233,41.100279223831016]]]},"properties":{"kind":"crosswalk"}},{"type":"Feature","geometry":{"type":"Polygon","coordinates":[[[-70.91018357976758,41.099930122983345],[-70.91017582322434,41.099896491144115],[-70.91028152681461,41.09988264761166],[-70.91028928335787,41.09991627945089],[-70.91018357976758,41.099930122983345]]]},"properties":{"kind":"crosswalk"}},{"type":"Feature","geometry":{"type":"Polygon","coordinates":[[[-70.91014084256959,41.099744817425574],[-70.91013308602635,41.099711185586344],[-70.91023878961663,41.09969734205388],[-70.91024654615987,41.09973097389311],[-70.91014084256959,41.099744817425574]]]},"properties":{"kind":"crosswalk"}},{"type":"Feature","geometry":{"type":"Polygon","coordinates":[[[-70.9102552945487,41.100431290305146],[-70.91021708345974,41.100449624514475],[-70.91015945973784,41.10038142706699],[-70.9101976708268,41.10036309285766],[-70.9102552945487,41.100431290305146]]]},"properties":{"kind":"crosswalk"}},{"type":"Feature","geometry":{"type":"Polygon","coordinates":[[[-70.90903568685265,41.10101647495703],[-70.90899747576367,41.10103480916635],[-70.90893985204177,41.10096661171887],[-70.90897806313075,41.10094827750954],[-70.90903568685265,41.10101647495703]]]},"properties":{"kind":"crosswalk"}},{"type":"Feature","geometry":{"type":"Polygon","coordinates":[[[-70.9089884453016,41.10106362721214],[-70.9090117364967,41.1010929054263],[-70.90891971618429,41.1011344745126],[-70.90889642498918,41.10110519629844],[-70.9089884453016,41.10106362721214]]]},"properties":{"kind":"crosswalk"}},{"type":"Feature","geometry":{"type":"Polygon","coordinates":[[[-70.90936521462342,41.101537245368796],[-70.90938850581851,41.101566523582946],[-70.9092964855061,41.101608092669245],[-70.909273194311,41.101578814455095],[-70.90936521462342,41.101537245368796]]]},"properties":{"kind":"crosswalk"}},{"type":"Feature","geometry":{"type":"Polygon","coordinates":[[[-70.90942588334421,41.101573330116416],[-70.909464346322,41.1015552974793],[-70.90952102221391,41.101623944486704],[-70.90948255923614,41.10164197712382],[-70.90942588334421,41.101573330116416]]]},"properties":{"kind":"crosswalk"}},{"type":"Feature","geometry":{"type":"Polygon","coordinates":[[[-70.91034180861215,41.101143915938536],[-70.91038027158993,41.10112588330142],[-70.91043694748186,41.10119453030882],[-70.91039848450407,41.10121256294594],[-70.91034180861215,41.101143915938536]]]},"properties":{"kind":"crosswalk"}},{"type":"Feature","geometry":{"type":"Polygon","coordinates":[[[-70.91039832489591,41.10108238615935],[-70.91039220067573,41.10104856357711],[-70.91049850376405,41.10103763334207],[-70.91050462798421,41.101071455924306],[-70.91039832489591,41.10108238615935]]]},"properties":{"kind":"crosswalk"}},{"type":"Feature","geometry":{"type":"Polygon","coordinates":[[[-70.91028825329809,41.10047448742889],[-70.91028212907793,41.10044066484665],[-70.91038843216623,41.1004297346116],[-70.91039455638641,41.10046355719385],[-70.91028825329809,41.10047448742889]]]},"properties":{"kind":"crosswalk"}},{"type":"Feature","geometry":{"type":"Polygon","coordinates":[[[-70.91040283757481,41.101295160690135],[-70.91036437459702,41.10131319332725],[-70.9103076987051,41.10124454631985],[-70.91034616168288,41.10122651368273],[-70.91040283757481,41.101295160690135]]]},"properties":{"kind":"crosswalk"}},{"type":"Feature","geometry":{"type":"Polygon","coordinates":[[[-70.90957212128461,41.101684626256045],[-70.90953365830683,41.10170265889316],[-70.9094769824149,41.10163401188576],[-70.90951544539269,41.10161597924864],[-70.90957212128461,41.101684626256045]]]},"properties":{"kind":"crosswalk"}},{"type":"Feature","geometry":{"type":"Polygon","coordinates":[[[-70.90952543295418,41.101730841355554],[-70.90955030621889,41.10175937104761],[-70.90946063848293,41.10180376374118],[-70.90943576521822,41.10177523404912],[-70.90952543295418,41.101730841355554]]]},"properties":{"kind":"crosswalk"}},{"type":"Feature","geometry":{"type":"Polygon","coordinates":[[[-70.91002480272962,41.1023036196412],[-70.91004967599432,41.10233214933326],[-70.90996000825835,41.102376542026825],[-70.90993513499365,41.102348012334765],[-70.91002480272962,41.1023036196412]]]},"properties":{"kind":"crosswalk"}},{"type":"Feature","geometry":{"type":"Polygon","coordinates":[[[-70.91018074785552,41.102232658315636],[-70.91020495606621,41.10220380559917],[-70.91029563905559,41.10224701133399],[-70.9102714308449,41.10227586405046],[-70.91018074785552,41.102232658315636]]]},"properties":{"kind":"crosswalk"}},{"type":"Feature","geometry":{"type":"Polygon","coordinates":[[[-70.9103109130786,41.10207752003122],[-70.9103351212893,41.102048667314754],[-70.91042580427867,41.10209187304958],[-70.91040159606798,41.10212072576605],[-70.9103109130786,41.10207752003122]]]},"properties":{"kind":"crosswalk"}},{"type":"Feature","geometry":{"type":"Polygon","coordinates":[[[-70.91050746328573,41.10168513100846],[-70.91050133906555,41.10165130842621],[-70.91060764215386,41.10164037819117],[-70.91061376637403,41.10167420077341],[-70.91050746328573,41.10168513100846]]]},"properties":{"kind":"crosswalk"}},{"type":"Feature","geometry":{"type":"Polygon","coordinates":[[[-70.91046723518735,41.101462960980776],[-70.91046111096718,41.10142913839854],[-70.91056741405548,41.10141820816349],[-70.91057353827566,41.10145203074573],[-70.91046723518735,41.101462960980776]]]},"properties":{"kind":"crosswalk"}},{"type":"Feature","geometry":{"type":"Polygon","coordinates":[[[-70.906777030894,41.098799075143575],[-70.906777030894,41.09883321112437],[-70.90666974280597,41.09883321112437],[-70.90666974280597,41.098799075143575],[-70.906777030894,41.098799075143575]]]},"properties":{"kind":"crosswalk"}},{"type":"Feature","geometry":{"type":"Polygon","coordinates":[[[-70.906777030894,41.09957273041466],[-70.906777030894,41.099606866395455],[-70.90666974280597,41.099606866395455],[-70.90666974280597,41.09957273041466],[-70.906777030894,41.09957273041466]]]},"properties":{"kind":"crosswalk"}},{"type":"Feature","geometry":{"type":"Polygon","coordinates":[[[-70.9068004777128,41.09961681757619],[-70.90683921593516,41.09959912267661],[-70.90689483033087,41.09966826092825],[-70.90685609210851,41.09968595582783],[-70.9068004777128,41.09961681757619]]]},"properties":{"kind":"crosswalk"}},{"type":"Feature","geometry":{"type":"Polygon","coordinates":[[[-70.90727502877075,41.09940005147783],[-70.90731376699311,41.099382356578246],[-70.90736938138883,41.09945149482989],[-70.90733064316647,41.09946918972947],[-70.90727502877075,41.09940005147783]]]},"properties":{"kind":"crosswalk"}},{"type":"Feature","geometry":{"type":"Polygon","coordinates":[[[-70.9073231330403,41.0993539180215],[-70.90729986915677,41.09932462747949],[-70.90739192821516,41.09928310713767],[-70.90741519209868,41.09931239767968],[-70.9073231330403,41.0993539180215]]]},"properties":{"kind":"crosswalk"}},{"type":"Feature","geometry":{"type":"Polygon","coordinates":[[[-70.90687919311596,41.09879497260785],[-70.90685592923244,41.09876568206584],[-70.90694798829082,41.09872416172402],[-70.90697125217434,41.09875345226603],[-70.90687919311596,41.09879497260785]]]},"properties":{"kind":"crosswalk"}},{"type":"Feature","geometry":{"type":"Polygon","coordinates":[[[-70.90742054325452,41.09951216226185],[-70.90738180503216,41.09952985716143],[-70.90732619063644,41.09946071890979],[-70.9073649288588,41.099443024010206],[-70.90742054325452,41.09951216226185]]]},"properties":{"kind":"crosswalk"}},{"type":"Feature","geometry":{"type":"Polygon","coordinates":[[[-70.90683921593516,41.09977770177077],[-70.9068004777128,41.099795396670345],[-70.90674486331709,41.099726258418706],[-70.90678360153944,41.09970856351912],[-70.90683921593516,41.09977770177077]]]},"properties":{"kind":"crosswalk"}},{"type":"Feature","geometry":{"type":"Polygon","coordinates":[[[-70.906777030894,41.09982676799268],[-70.906777030894,41.09986090397348],[-70.90666974280597,41.09986090397348],[-70.90666974280597,41.09982676799268],[-70.906777030894,41.09982676799268]]]},"properties":{"kind":"crosswalk"}},{"type":"Feature","geometry":{"type":"Polygon","coordinates":[[[-70.906777030894,41.10069241063559],[-70.906777030894,41.100726546616386],[-70.90666974280597,41.100726546616386],[-70.90666974280597,41.10069241063559],[-70.906777030894,41.10069241063559]]]},"properties":{"kind":"crosswalk"}},{"type":"Feature","geometry":{"type":"Polygon","coordinates":[[[-70.90680065027102,41.10073671531488],[-70.90683967358957,41.10071937979248],[-70.9068941584765,41.10078902687109],[-70.90685513515795,41.1008063623935],[-70.90680065027102,41.10073671531488]]]},"properties":{"kind":"crosswalk"}},{"type":"Feature","geometry":{"type":"Polygon","coordinates":[[[-70.90796821683783,41.100218041426245],[-70.90800724015638,41.10020070590384],[-70.90806172504331,41.10027035298245],[-70.90802270172476,41.10028768850486],[-70.90796821683783,41.100218041426245]]]},"properties":{"kind":"crosswalk"}},{"type":"Feature","geometry":{"type":"Polygon","coordinates":[[[-70.9080160456099,41.10017282744844],[-70.90799157043193,41.1001441029141],[-70.90808185054976,41.100100420708],[-70.90810632572773,41.100129145242335],[-70.9080160456099,41.10017282744844]]]},"properties":{"kind":"crosswalk"}},{"type":"Feature","geometry":{"type":"Polygon","coordinates":[[[-70.90748327917477,41.09954756262775],[-70.9074588039968,41.09951883809341],[-70.90754908411463,41.09947515588731],[-70.9075735592926,41.09950388042165],[-70.90748327917477,41.09954756262775]]]},"properties":{"kind":"crosswalk"}},{"type":"Feature","geometry":{"type":"Polygon","coordinates":[[[-70.90811552313727,41.10032987725071],[-70.90807649981872,41.10034721277311],[-70.9080220149318,41.1002775656945],[-70.90806103825034,41.10026023017209],[-70.90811552313727,41.10032987725071]]]},"properties":{"kind":"crosswalk"}},{"type":"Feature","geometry":{"type":"Polygon","coordinates":[[[-70.90683967358957,41.100896654225174],[-70.90680065027102,41.10091398974758],[-70.90674616538409,41.100844342668964],[-70.90678518870264,41.10082700714656],[-70.90683967358957,41.100896654225174]]]},"properties":{"kind":"crosswalk"}},{"type":"Feature","geometry":{"type":"Polygon","coordinates":[[[-70.906777030894,41.100945143552146],[-70.906777030894,41.10097927953294],[-70.90666974280597,41.10097927953294],[-70.90666974280597,41.100945143552146],[-70.906777030894,41.100945143552146]]]},"properties":{"kind":"crosswalk"}},{"type":"Feature","geometry":{"type":"Polygon","coordinates":[[[-70.906777030894,41.10180379849716],[-70.906777030894,41.101837934477956],[-70.90666974280597,41.101837934477956],[-70.90666974280597,41.10180379849716],[-70.906777030894,41.10180379849716]]]},"properties":{"kind":"crosswalk"}},{"type":"Feature","geometry":{"type":"Polygon","coordinates":[[[-70.90680057624,41.101848009113816],[-70.90683947724641,41.10183051818356],[-70.90689445057428,41.101899946964934],[-70.90685554956787,41.10191743789518],[-70.90680057624,41.101848009113816]]]},"properties":{"kind":"crosswalk"}},{"type":"Feature","geometry":{"type":"Polygon","coordinates":[[[-70.90863380213062,41.10102374184815],[-70.90867270313703,41.101006250917905],[-70.9087276764649,41.10107567969927],[-70.90868877545849,41.101093170629525],[-70.90863380213062,41.10102374184815]]]},"properties":{"kind":"crosswalk"}},{"type":"Feature","geometry":{"type":"Polygon","coordinates":[[[-70.90868178784744,41.10097811031168],[-70.90865789636258,41.10094910806644],[-70.90874904931523,41.100906467609754],[-70.90877294080009,41.100935469854996],[-70.90868178784744,41.10097811031168]]]},"properties":{"kind":"crosswalk"}},{"type":"Feature","geometry":{"type":"Polygon","coordinates":[[[-70.90817749463471,41.10036594093346],[-70.90815360314986,41.100336938688216],[-70.9082447561025,41.10029429823153],[-70.90826864758736,41.100323300476774],[-70.90817749463471,41.10036594093346]]]},"properties":{"kind":"crosswalk"}},{"type":"Feature","geometry":{"type":"Polygon","coordinates":[[[-70.90877826499229,41.10113661930879],[-70.90873936398589,41.10115411023904],[-70.90868439065801,41.10108468145767],[-70.90872329166442,41.10106719052742],[-70.90877826499229,41.10113661930879]]]},"properties":{"kind":"crosswalk"}},{"type":"Feature","geometry":{"type":"Polygon","coordinates":[[[-70.90683947724641,41.102008350000666],[-70.90680057624,41.102025840930914],[-70.90674560291212,41.10195641214955],[-70.90678450391854,41.10193892121929],[-70.90683947724641,41.102008350000666]]]},"properties":{"kind":"crosswalk"}},{"type":"Feature","geometry":{"type":"Polygon","coordinates":[[[-70.906777030894,41.10205708879813],[-70.906777030894,41.102091224778924],[-70.90666974280597,41.102091224778924],[-70.90666974280597,41.10205708879813],[-70.906777030894,41.10205708879813]]]},"properties":{"kind":"crosswalk"}},{"type":"Feature","geometry":{"type":"Polygon","coordinates":[[[-70.906777030894,41.102517846514615],[-70.906777030894,41.10255198249541],[-70.90666974280597,41.10255198249541],[-70.90666974280597,41.102517846514615],[-70.906777030894,41.102517846514615]]]},"properties":{"kind":"crosswalk"}},{"type":"Feature","geometry":{"type":"Polygon","coordinates":[[[-70.90693625538356,41.1027247104499],[-70.90697487054908,41.102706863466075],[-70.90703096293977,41.10277578209137],[-70.90699234777425,41.102793629075194],[-70.90693625538356,41.1027247104499]]]},"properties":{"kind":"crosswalk"}},{"type":"Feature","geometry":{"type":"Polygon","coordinates":[[[-70.90916819224996,41.10169316388999],[-70.90920680741549,41.10167531690617],[-70.9092628998062,41.10174423553146],[-70.90922428464067,41.101762082515286],[-70.90916819224996,41.10169316388999]]]},"properties":{"kind":"crosswalk"}},{"type":"Feature","geometry":{"type":"Polygon","coordinates":[[[-70.90921608245021,41.10164679376002],[-70.90919279125511,41.10161751554587],[-70.90928481156753,41.10157594645957],[-70.90930810276264,41.101605224673726],[-70.90921608245021,41.10164679376002]]]},"properties":{"kind":"crosswalk"}},{"type":"Feature","geometry":{"type":"Polygon","coordinates":[[[-70.90883919883568,41.10117303193162],[-70.90881590764057,41.101143753717466],[-70.908907927953,41.101102184631166],[-70.9089312191481,41.10113146284532],[-70.90883919883568,41.10117303193162]]]},"properties":{"kind":"crosswalk"}},{"type":"Feature","geometry":{"type":"Polygon","coordinates":[[[-70.90931453592347,41.10180467560891],[-70.90927592075795,41.101822522592734],[-70.90921982836726,41.10175360396744],[-70.90925844353278,41.101735756983615],[-70.90931453592347,41.10180467560891]]]},"properties":{"kind":"crosswalk"}},{"type":"Feature","geometry":{"type":"Polygon","coordinates":[[[-70.90708353866933,41.10283578790303],[-70.9070449235038,41.102853634886856],[-70.90698883111311,41.10278471626156],[-70.90702744627863,41.10276686927774],[-70.90708353866933,41.10283578790303]]]},"properties":{"kind":"crosswalk"}},{"type":"Feature","geometry":{"type":"Polygon","coordinates":[[[-70.90703635718732,41.10288182673343],[-70.90706081930823,41.10291055758307],[-70.90697051934164,41.102954216485514],[-70.90694605722074,41.10292548563587],[-70.90703635718732,41.10288182673343]]]},"properties":{"kind":"crosswalk"}},{"type":"Feature","geometry":{"type":"Polygon","coordinates":[[[-70.90750769939268,41.103435419861604],[-70.90753216151359,41.10346415071125],[-70.907441861547,41.10350780961369],[-70.9074173994261,41.103479078764046],[-70.90750769939268,41.103435419861604]]]},"properties":{"kind":"crosswalk"}},{"type":"Feature","geometry":{"type":"Polygon","coordinates":[[[-70.90757412941984,41.10347872263692],[-70.90761900557884,41.10347406714275],[-70.90763363761978,41.10355416010997],[-70.90758876146079,41.103558815604146],[-70.90757412941984,41.10347872263692]]]},"properties":{"kind":"crosswalk"}},{"type":"Feature","geometry":{"type":"Polygon","coordinates":[[[-70.90791599139364,41.10344325756007],[-70.90796086755262,41.1034386020659],[-70.90797549959358,41.103518695033124],[-70.90793062343458,41.1035233505273],[-70.90791599139364,41.10344325756007]]]},"properties":{"kind":"crosswalk"}},{"type":"Feature","geometry":{"type":"Polygon","coordinates":[[[-70.90801133579485,41.103424901492744],[-70.90804984194912,41.10340692125736],[-70.90810635314439,41.10347564532422],[-70.90806784699014,41.1034936255596],[-70.90801133579485,41.103424901492744]]]},"properties":{"kind":"crosswalk"}},{"type":"Feature","geometry":{"type":"Polygon","coordinates":[[[-70.9097753470707,41.10260120620109],[-70.90981385322496,41.10258322596571],[-70.90987036442024,41.102651950032566],[-70.90983185826599,41.10266993026795],[-70.9097753470707,41.10260120620109]]]},"properties":{"kind":"crosswalk"}},{"type":"Feature","geometry":{"type":"Polygon","coordinates":[[[-70.90991415000906,41.102454824103454],[-70.90988927674435,41.1024262944114],[-70.90997894448032,41.10238190171783],[-70.91000381774502,41.102410431409886],[-70.90991415000906,41.102454824103454]]]},"properties":{"kind":"crosswalk"}},{"type":"Feature","geometry":{"type":"Polygon","coordinates":[[[-70.90937783639595,41.101839671150685],[-70.90935296313124,41.10181114145863],[-70.9094426308672,41.10176674876506],[-70.90946750413191,41.10179527845712],[-70.90937783639595,41.101839671150685]]]},"properties":{"kind":"crosswalk"}},{"type":"Feature","geometry":{"type":"Polygon","coordinates":[[[-70.90970106805972,41.10281554572468],[-70.90966256190545,41.10283352596007],[-70.90960605071018,41.102764801893215],[-70.90964455686444,41.102746821657824],[-70.90970106805972,41.10281554572468]]]},"properties":{"kind":"crosswalk"}},{"type":"Feature","geometry":{"type":"Polygon","coordinates":[[[-70.90781501202713,41.1036962291393],[-70.90777650587286,41.10371420937469],[-70.90771999467759,41.10364548530783],[-70.90775850083185,41.103627505072446],[-70.90781501202713,41.1036962291393]]]},"properties":{"kind":"crosswalk"}},{"type":"Feature","geometry":{"type":"Polygon","coordinates":[[[-70.90776778996958,41.103742585032904],[-70.90779189593583,41.103771486319786],[-70.90770106029146,41.10381450957327],[-70.90767695432523,41.10378560828638],[-70.90776778996958,41.103742585032904]]]},"properties":{"kind":"crosswalk"}},{"type":"Feature","geometry":{"type":"Polygon","coordinates":[[[-70.90809398050013,41.1041336635738],[-70.90811808646636,41.10416256486069],[-70.908027250822,41.10420558811416],[-70.90800314485577,41.10417668682728],[-70.90809398050013,41.1041336635738]]]},"properties":{"kind":"crosswalk"}},{"type":"Feature","geometry":{"type":"Polygon","coordinates":[[[-70.90815631410668,41.10416958799146],[-70.90819536685053,41.10415229013802],[-70.90824973334533,41.10422198973362],[-70.90821068060147,41.10423928758705],[-70.90815631410668,41.10416958799146]]]},"properties":{"kind":"crosswalk"}},{"type":"Feature","geometry":{"type":"Polygon","coordinates":[[[-70.90837059722688,41.1040746743531],[-70.90840964997074,41.10405737649966],[-70.90846401646553,41.10412707609525],[-70.90842496372167,41.10414437394869],[-70.90837059722688,41.1040746743531]]]},"properties":{"kind":"crosswalk"}},{"type":"Feature","geometry":{"type":"Polygon","coordinates":[[[-70.9084560791943,41.10403542204787],[-70.9084937356024,41.10401644732879],[-70.90855337242208,41.10408365480661],[-70.90851571601397,41.10410262952569],[-70.9084560791943,41.10403542204787]]]},"properties":{"kind":"crosswalk"}},{"type":"Feature","geometry":{"type":"Polygon","coordinates":[[[-70.90916334602629,41.10367903677039],[-70.9092010024344,41.103660062051304],[-70.90926063925407,41.103727269529124],[-70.90922298284596,41.10374624424821],[-70.90916334602629,41.10367903677039]]]},"properties":{"kind":"crosswalk"}},{"type":"Feature","geometry":{"type":"Polygon","coordinates":[[[-70.90923508389055,41.10362974883002],[-70.90925373597521,41.10359864083568],[-70.90935150721711,41.10363193024455],[-70.90933285513243,41.1036630382389],[-70.90923508389055,41.10362974883002]]]},"properties":{"kind":"crosswalk"}},{"type":"Feature","geometry":{"type":"Polygon","coordinates":[[[-70.90969029091154,41.10287055340016],[-70.9097089429962,41.10283944540581],[-70.9098067142381,41.102872734814696],[-70.90978806215344,41.10290384280904],[-70.90969029091154,41.10287055340016]]]},"properties":{"kind":"crosswalk"}},{"type":"Feature","geometry":{"type":"Polygon","coordinates":[[[-70.906777030894,41.103003343397475],[-70.906777030894,41.10303747937827],[-70.90666974280597,41.10303747937827],[-70.90666974280597,41.103003343397475],[-70.906777030894,41.103003343397475]]]},"properties":{"kind":"crosswalk"}},{"type":"Feature","geometry":{"type":"Polygon","coordinates":[[[-70.906777030894,41.10396957855796],[-70.906777030894,41.104003714538756],[-70.90666974280597,41.104003714538756],[-70.90666974280597,41.10396957855796],[-70.906777030894,41.10396957855796]]]},"properties":{"kind":"crosswalk"}},{"type":"Feature","geometry":{"type":"Polygon","coordinates":[[[-70.9067999257402,41.104013007807275],[-70.90683775200783,41.1039942259223],[-70.90689678275726,41.10406173655782],[-70.90685895648963,41.10408051844279],[-70.9067999257402,41.104013007807275]]]},"properties":{"kind":"crosswalk"}},{"type":"Feature","geometry":{"type":"Polygon","coordinates":[[[-70.90741308251341,41.10370855693995],[-70.90745090878104,41.10368977505497],[-70.90750993953047,41.103757285690484],[-70.90747211326284,41.10377606757547],[-70.90741308251341,41.10370855693995]]]},"properties":{"kind":"crosswalk"}},{"type":"Feature","geometry":{"type":"Polygon","coordinates":[[[-70.9074589976067,41.10366101734717],[-70.90743453548579,41.10363228649753],[-70.90752483545239,41.10358862759509],[-70.90754929757328,41.10361735844473],[-70.9074589976067,41.10366101734717]]]},"properties":{"kind":"crosswalk"}},{"type":"Feature","geometry":{"type":"Polygon","coordinates":[[[-70.90688974054507,41.10299242286549],[-70.90686527842416,41.10296369201585],[-70.90695557839076,41.102920033113406],[-70.90698004051166,41.10294876396305],[-70.90688974054507,41.10299242286549]]]},"properties":{"kind":"crosswalk"}},{"type":"Feature","geometry":{"type":"Polygon","coordinates":[[[-70.90755955115245,41.10381871529782],[-70.90752172488482,41.103837497182795],[-70.90746269413539,41.10376998654728],[-70.90750052040302,41.103751204662295],[-70.90755955115245,41.10381871529782]]]},"properties":{"kind":"crosswalk"}},{"type":"Feature","geometry":{"type":"Polygon","coordinates":[[[-70.90683775200783,41.10417711038569],[-70.9067999257402,41.10419589227067],[-70.90674089499078,41.10412838163515],[-70.9067787212584,41.104109599750174],[-70.90683775200783,41.10417711038569]]]},"properties":{"kind":"crosswalk"}},{"type":"Feature","geometry":{"type":"Polygon","coordinates":[[[-70.906777030894,41.10422792150522],[-70.906777030894,41.10426205748601],[-70.90666974280597,41.10426205748601],[-70.90666974280597,41.10422792150522],[-70.906777030894,41.10422792150522]]]},"properties":{"kind":"crosswalk"}},{"type":"Feature","geometry":{"type":"Polygon","coordinates":[[[-70.906777030894,41.104729022603124],[-70.906777030894,41.10476315858392],[-70.90666974280597,41.10476315858392],[-70.90666974280597,41.104729022603124],[-70.906777030894,41.104729022603124]]]},"properties":{"kind":"crosswalk"}},{"type":"Feature","geometry":{"type":"Polygon","coordinates":[[[-70.9068017614353,41.10477489875488],[-70.9068426205905,41.104760159578284],[-70.90688894526141,41.10483308317627],[-70.90684808610622,41.104847822352866],[-70.9068017614353,41.10477489875488]]]},"properties":{"kind":"crosswalk"}},{"type":"Feature","geometry":{"type":"Polygon","coordinates":[[[-70.90714064892173,41.10465265142776],[-70.90718150807692,41.104637912251164],[-70.90722783274784,41.10471083584915],[-70.90718697359264,41.104725575025746],[-70.90714064892173,41.10465265142776]]]},"properties":{"kind":"crosswalk"}},{"type":"Feature","geometry":{"type":"Polygon","coordinates":[[[-70.90723006252976,41.10461876457311],[-70.90726942377493,41.10460186845554],[-70.9073225276292,41.10467211865051],[-70.90728316638403,41.104689014768084],[-70.90723006252976,41.10461876457311]]]},"properties":{"kind":"crosswalk"}},{"type":"Feature","geometry":{"type":"Polygon","coordinates":[[[-70.90762828153044,41.10444782600078],[-70.90766764277559,41.10443092988321],[-70.90772074662986,41.10450118007819],[-70.90768138538469,41.10451807619576],[-70.90762828153044,41.10444782600078]]]},"properties":{"kind":"crosswalk"}},{"type":"Feature","geometry":{"type":"Polygon","coordinates":[[[-70.90771425872363,41.10440921858734],[-70.90775191513174,41.10439024386826],[-70.90781155195141,41.10445745134608],[-70.9077738955433,41.10447642606516],[-70.90771425872363,41.10440921858734]]]},"properties":{"kind":"crosswalk"}},{"type":"Feature","geometry":{"type":"Polygon","coordinates":[[[-70.90791445915156,41.104308339425714],[-70.90795211555965,41.10428936470664],[-70.90801175237934,41.10435657218446],[-70.90797409597123,41.10437554690353],[-70.90791445915156,41.104308339425714]]]},"properties":{"kind":"crosswalk"}},{"type":"Feature","geometry":{"type":"Polygon","coordinates":[[[-70.9079603171429,41.10426038712408],[-70.90793621117666,41.10423148583719],[-70.90802704682102,41.104188462583714],[-70.90805115278725,41.104217363870596],[-70.9079603171429,41.10426038712408]]]},"properties":{"kind":"crosswalk"}},{"type":"Feature","geometry":{"type":"Polygon","coordinates":[[[-70.90762114241814,41.10385374148586],[-70.90759703645189,41.103824840198975],[-70.90768787209626,41.10378181694549],[-70.9077119780625,41.10381071823238],[-70.90762114241814,41.10385374148586]]]},"properties":{"kind":"crosswalk"}},{"type":"Feature","geometry":{"type":"Polygon","coordinates":[[[-70.89351063401845,41.09940782980157],[-70.89368450005298,41.09928714132735],[-70.89360003702481,41.09888180868697],[-70.89271275683815,41.09895499621284],[-70.892819758256,41.09942343635064],[-70.89351063401845,41.09940782980157]]]},"properties":{"kind":"block","org":1}},{"type":"Feature","geometry":{"type":"Polygon","coordinates":[[[-70.89378741913438,41.09978104338034],[-70.89372549239657,41.09948386094805],[-70.89307619277588,41.0994985283122],[-70.89287194257048,41.099651893393194],[-70.89295794161609,41.10002838751437],[-70.89378741913438,41.09978104338034]]]},"properties":{"kind":"block","org":1}},{"type":"Feature","geometry":{"type":"Polygon","coordinates":[[[-70.89299343787769,41.10018378614378],[-70.89324459858062,41.100229070397454],[-70.89388077879701,41.100229070397454],[-70.89380447739681,41.09986290488472],[-70.89297653585646,41.10010979100135],[-70.89299343787769,41.10018378614378]]]},"properties":{"kind":"block","org":1}},{"type":"Feature","geometry":{"type":"Polygon","coordinates":[[[-70.89202548892011,41.09901168567722],[-70.89194743294829,41.09910679684554],[-70.89194743294829,41.099567649845234],[-70.89269483392493,41.09935313427128],[-70.89263015476124,41.099069976188325],[-70.8924311642619,41.09897822344621],[-70.89202548892011,41.09901168567722]]]},"properties":{"kind":"block","org":1}},{"type":"Feature","geometry":{"type":"Polygon","coordinates":[[[-70.89210115990211,41.09961004194301],[-70.89194743294829,41.099769548754054],[-70.89194743294829,41.100229070397454],[-70.89289491585617,41.100229070397454],[-70.89271337967075,41.09943432545459],[-70.89210115990211,41.09961004194301]]]},"properties":{"kind":"block","org":1}},{"type":"Feature","geometry":{"type":"Polygon","coordinates":[[[-70.89438187698146,41.09881731842457],[-70.89370680464096,41.09887300193372],[-70.89381823496663,41.09940774890057],[-70.89426867454995,41.09933949047759],[-70.89435121266446,41.099254607766525],[-70.89438187698146,41.09881731842457]]]},"properties":{"kind":"block","org":1}},{"type":"Feature","geometry":{"type":"Polygon","coordinates":[[[-70.89532965752542,41.09917871192395],[-70.89533108710715,41.09873902259235],[-70.89448993981075,41.098808404835346],[-70.8944546746587,41.09931130451311],[-70.89532965752542,41.09917871192395]]]},"properties":{"kind":"block","org":1}},{"type":"Feature","geometry":{"type":"Polygon","coordinates":[[[-70.89464211593916,41.09979815599343],[-70.894580382115,41.09937472202422],[-70.89383489335175,41.099487691419476],[-70.89388894212311,41.09974706799744],[-70.89464211593916,41.09979815599343]]]},"properties":{"kind":"block","org":1}},{"type":"Feature","geometry":{"type":"Polygon","coordinates":[[[-70.89398938156033,41.100229070397454],[-70.89470494036041,41.100229070397454],[-70.89465406894925,41.0998801420128],[-70.89390609989837,41.09982940705752],[-70.89398938156033,41.100229070397454]]]},"properties":{"kind":"block","org":1}},{"type":"Feature","geometry":{"type":"Polygon","coordinates":[[[-70.89477481123237,41.09996799683972],[-70.89496686584594,41.100229070397454],[-70.89532624244758,41.100229070397454],[-70.89532938926494,41.09926121946196],[-70.89468598270804,41.09935871958968],[-70.89477481123237,41.09996799683972]]]},"properties":{"kind":"block","org":1}},{"type":"Feature","geometry":{"type":"Polygon","coordinates":[[[-70.89392322210135,41.09862076209274],[-70.893974534594,41.09872087359075],[-70.89406659875077,41.09876199294969],[-70.894589432896,41.09871886684578],[-70.89449636124543,41.09833267040942],[-70.89389163707841,41.09842063991435],[-70.89392322210135,41.09862076209274]]]},"properties":{"kind":"block","org":1}},{"type":"Feature","geometry":{"type":"Polygon","coordinates":[[[-70.89434963878239,41.098271673159296],[-70.89446003230225,41.098181925168504],[-70.89439671626344,41.097919198243595],[-70.89381531694126,41.09793707679852],[-70.89387893297875,41.098340146950775],[-70.89434963878239,41.098271673159296]]]},"properties":{"kind":"block","org":1}},{"type":"Feature","geometry":{"type":"Polygon","coordinates":[[[-70.89469635047244,41.09871004772302],[-70.89533135161415,41.098657669496625],[-70.89533287092038,41.09819038404609],[-70.89461967239114,41.09839187563127],[-70.89469635047244,41.09871004772302]]]},"properties":{"kind":"block","org":1}},{"type":"Feature","geometry":{"type":"Polygon","coordinates":[[[-70.89533315191113,41.09810396112114],[-70.89533384633495,41.097890380646426],[-70.8945049570554,41.09791586974136],[-70.89458746258495,41.098258222555515],[-70.89469814991322,41.098283360760796],[-70.89533315191113,41.09810396112114]]]},"properties":{"kind":"block","org":1}},{"type":"Feature","geometry":{"type":"Polygon","coordinates":[[[-70.89446557195238,41.09745745187759],[-70.89435377423928,41.09731590055622],[-70.8939295462766,41.0972902618774],[-70.8937871996698,41.097300696538156],[-70.89371718917126,41.097315340884904],[-70.89380260780959,41.09785655195237],[-70.89436318916233,41.09783931356883],[-70.89446557195238,41.09745745187759]]]},"properties":{"kind":"block","org":1}},{"type":"Feature","geometry":{"type":"Polygon","coordinates":[[[-70.89533410944601,41.09780945689208],[-70.89533552125607,41.0973752335061],[-70.89460884679316,41.09733131614373],[-70.89447355508183,41.09783591971699],[-70.89533410944601,41.09780945689208]]]},"properties":{"kind":"block","org":1}},{"type":"Feature","geometry":{"type":"Polygon","coordinates":[[[-70.89303441829891,41.09884713260981],[-70.89366832610204,41.09879484456773],[-70.89382394992086,41.09867634167389],[-70.89376695957947,41.0983152518216],[-70.89289246777366,41.098441477883085],[-70.89303441829891,41.09884713260981]]]},"properties":{"kind":"block","org":1}},{"type":"Feature","geometry":{"type":"Polygon","coordinates":[[[-70.8935222995647,41.098268248407415],[-70.8937487191497,41.098199680762896],[-70.89374094740751,41.098150439134024],[-70.89272320626635,41.09795777604142],[-70.89286504722209,41.09836311764925],[-70.8935222995647,41.098268248407415]]]},"properties":{"kind":"block","org":1}},{"type":"Feature","geometry":{"type":"Polygon","coordinates":[[[-70.89255457706153,41.09888671243308],[-70.89292657555417,41.09885602804531],[-70.89278922712508,41.09846352481666],[-70.89237015532663,41.09848288753784],[-70.89255457706153,41.09888671243308]]]},"properties":{"kind":"block","org":1}},{"type":"Feature","geometry":{"type":"Polygon","coordinates":[[[-70.89194743294829,41.09850241892978],[-70.89194743294829,41.09893679286558],[-70.89244523242094,41.09889573175283],[-70.89225903636496,41.0984880216592],[-70.89194743294829,41.09850241892978]]]},"properties":{"kind":"block","org":1}},{"type":"Feature","geometry":{"type":"Polygon","coordinates":[[[-70.89236639380705,41.098402061131516],[-70.89264833066753,41.09838903456939],[-70.89272231392347,41.09827230568261],[-70.89260437925935,41.09793528154088],[-70.89246316755411,41.0979085495137],[-70.89236639380705,41.098402061131516]]]},"properties":{"kind":"block","org":1}},{"type":"Feature","geometry":{"type":"Polygon","coordinates":[[[-70.89196296601658,41.09798021211244],[-70.89194743294829,41.09808266772353],[-70.89194743294829,41.09842141872685],[-70.89225694911683,41.09840711789513],[-70.89235859626164,41.09788875368567],[-70.8921239463818,41.09784433338104],[-70.8920196188865,41.09792750745775],[-70.89196296601658,41.09798021211244]]]},"properties":{"kind":"block","org":1}},{"type":"Feature","geometry":{"type":"Polygon","coordinates":[[[-70.89338478183693,41.097999654919086],[-70.89372738554205,41.09806451138081],[-70.89361259787249,41.097337218621504],[-70.89351443982645,41.09735775069159],[-70.89348980247465,41.09736362809856],[-70.89346547099225,41.09737231673425],[-70.89342599495471,41.0975610777286],[-70.89338478183693,41.097999654919086]]]},"properties":{"kind":"block","org":1}},{"type":"Feature","geometry":{"type":"Polygon","coordinates":[[[-70.89263692293561,41.09785808177938],[-70.8931554791144,41.09795624685599],[-70.89325684246154,41.09790173947296],[-70.8932965184492,41.09779434101764],[-70.8933242282608,41.097499461814714],[-70.89296911772671,41.09754956169732],[-70.89272108679747,41.09763813214894],[-70.89263692293561,41.09785808177938]]]},"properties":{"kind":"block","org":1}},{"type":"Feature","geometry":{"type":"Polygon","coordinates":[[[-70.89218600150203,41.09777272027201],[-70.89253280558201,41.09783837188407],[-70.89262283736964,41.09760308730965],[-70.89261163532811,41.0975999962085],[-70.89247270392808,41.09761959699801],[-70.89241669527294,41.097637576095885],[-70.89224523833543,41.097717611733735],[-70.89218600150203,41.09777272027201]]]},"properties":{"kind":"block","org":1}},{"type":"Feature","geometry":{"type":"Polygon","coordinates":[[[-70.89687752251973,41.09906633131832],[-70.89709264031623,41.098963187609996],[-70.89704295518408,41.09871400669271],[-70.89620245589445,41.098816205777936],[-70.89623075665978,41.09906209174704],[-70.89687752251973,41.09906633131832]]]},"properties":{"kind":"block","org":1}},{"type":"Feature","geometry":{"type":"Polygon","coordinates":[[[-70.89714291767237,41.099215338649564],[-70.89712965735703,41.09914883550471],[-70.89624006945269,41.09914300422701],[-70.89625378747517,41.09926219073013],[-70.89714291767237,41.099215338649564]]]},"properties":{"kind":"block","org":1}},{"type":"Feature","geometry":{"type":"Polygon","coordinates":[[[-70.89720943219507,41.09954892234083],[-70.89716645132965,41.099333364667764],[-70.89713778763121,41.09929665477249],[-70.89701741034321,41.09930299796768],[-70.89704020348405,41.09954862730579],[-70.89720943219507,41.09954892234083]]]},"properties":{"kind":"block","org":1}},{"type":"Feature","geometry":{"type":"Polygon","coordinates":[[[-70.89609625135596,41.09882911953862],[-70.89543782227642,41.09890918010554],[-70.89543671949275,41.09924835778565],[-70.89553525029831,41.09930005353336],[-70.89614674580358,41.09926783121455],[-70.89609625135596,41.09882911953862]]]},"properties":{"kind":"block","org":1}},{"type":"Feature","geometry":{"type":"Polygon","coordinates":[[[-70.8954362709463,41.099386314978666],[-70.89543575230763,41.09954583008952],[-70.89577329764595,41.099546418569446],[-70.89575687318744,41.0993694210726],[-70.8954362709463,41.099386314978666]]]},"properties":{"kind":"block","org":1}},{"type":"Feature","geometry":{"type":"Polygon","coordinates":[[[-70.89661060026445,41.100229070397454],[-70.89734504950654,41.100229070397454],[-70.89733126794096,41.10015995307791],[-70.89660908691765,41.100198007891024],[-70.89661060026445,41.100229070397454]]]},"properties":{"kind":"block","org":1}},{"type":"Feature","geometry":{"type":"Polygon","coordinates":[[[-70.89731527593702,41.10007974996607],[-70.89722555850966,41.09962979904755],[-70.89712107091975,41.09962961688284],[-70.8970747775072,41.09964770927078],[-70.89705395904488,41.09969686353722],[-70.89709058761046,41.10009158975693],[-70.89731527593702,41.10007974996607]]]},"properties":{"kind":"block","org":1}},{"type":"Feature","geometry":{"type":"Polygon","coordinates":[[[-70.89543353085763,41.100229070397454],[-70.89572687503956,41.100229070397454],[-70.89582143797404,41.10006520082095],[-70.89578080119391,41.09962728024315],[-70.89554028747209,41.09962686092911],[-70.89543497071173,41.09978622164552],[-70.89543353085763,41.100229070397454]]]},"properties":{"kind":"block","org":1}},{"type":"Feature","geometry":{"type":"Polygon","coordinates":[[[-70.89771760106724,41.09863197427107],[-70.89714887949496,41.098701127005825],[-70.89714966002704,41.09870504153093],[-70.8973046229606,41.09882480957867],[-70.89785191895662,41.09924449348625],[-70.89771760106724,41.09863197427107]]]},"properties":{"kind":"block","org":1}},{"type":"Feature","geometry":{"type":"Polygon","coordinates":[[[-70.89717703180307,41.098842316485516],[-70.89724340113102,41.09917517199595],[-70.89747708463922,41.099354367912916],[-70.89771359055227,41.09933784547907],[-70.89776936949684,41.09929653979381],[-70.89717703180307,41.098842316485516]]]},"properties":{"kind":"block","org":1}},{"type":"Feature","geometry":{"type":"Polygon","coordinates":[[[-70.89863505710227,41.09895470497769],[-70.89863505710227,41.09852041776094],[-70.8978235199164,41.098619095248296],[-70.89787921517288,41.09887307790794],[-70.89800349118936,41.098924472028855],[-70.89863505710227,41.09895470497769]]]},"properties":{"kind":"block","org":1}},{"type":"Feature","geometry":{"type":"Polygon","coordinates":[[[-70.89863505710227,41.09927347131642],[-70.89863505710227,41.099035716315846],[-70.8979072396755,41.09900087582402],[-70.89797709616502,41.09931943683127],[-70.89863505710227,41.09927347131642]]]},"properties":{"kind":"block","org":1}},{"type":"Feature","geometry":{"type":"Polygon","coordinates":[[[-70.89741479109242,41.100034727077144],[-70.89752613343893,41.100229070397454],[-70.89774525652184,41.100229070397454],[-70.8978520862578,41.099757278882166],[-70.89743626582187,41.09943841459908],[-70.8972978186129,41.09944808659764],[-70.89741479109242,41.100034727077144]]]},"properties":{"kind":"block","org":1}},{"type":"Feature","geometry":{"type":"Polygon","coordinates":[[[-70.89863505710227,41.09984502862543],[-70.89863505710227,41.09935466637743],[-70.89804898467412,41.09939560972129],[-70.89863505710227,41.09984502862543]]]},"properties":{"kind":"block","org":1}},{"type":"Feature","geometry":{"type":"Polygon","coordinates":[[[-70.89798309988898,41.09985774428493],[-70.89793938189662,41.09985241960628],[-70.89786484651131,41.100181589776604],[-70.89837065834116,41.10015493638357],[-70.89798309988898,41.09985774428493]]]},"properties":{"kind":"block","org":1}},{"type":"Feature","geometry":{"type":"Polygon","coordinates":[[[-70.89863505710227,41.098438523651],[-70.89863505710227,41.09842483109111],[-70.89724838127015,41.09826230523099],[-70.89720860024144,41.09828401057504],[-70.89718718855254,41.09861457477102],[-70.89863505710227,41.098438523651]]]},"properties":{"kind":"block","org":1}},{"type":"Feature","geometry":{"type":"Polygon","coordinates":[[[-70.89863505710227,41.09810404730984],[-70.89863505710227,41.09776324459255],[-70.89838569185723,41.09783157247492],[-70.8980989257266,41.09802669717926],[-70.89813157244274,41.09812243225603],[-70.89863505710227,41.09810404730984]]]},"properties":{"kind":"block","org":1}},{"type":"Feature","geometry":{"type":"Polygon","coordinates":[[[-70.89745977749583,41.098146963120506],[-70.89802216098676,41.09812642745964],[-70.89797643206985,41.097992329397506],[-70.89791613722973,41.097960233842095],[-70.89778001701586,41.09799753176611],[-70.89757294901239,41.09808521442312],[-70.89745977749583,41.098146963120506]]]},"properties":{"kind":"block","org":1}},{"type":"Feature","geometry":{"type":"Polygon","coordinates":[[[-70.89544052231848,41.098078741621705],[-70.89543808864774,41.09882725360662],[-70.89599439070597,41.09875961100161],[-70.89600788066323,41.098159457353155],[-70.89544052231848,41.098078741621705]]]},"properties":{"kind":"block","org":1}},{"type":"Feature","geometry":{"type":"Polygon","coordinates":[[[-70.89610198825996,41.09874652785957],[-70.89707892001334,41.098627739500365],[-70.89709919565023,41.09831471423486],[-70.89626166992228,41.0981955629042],[-70.89611282443418,41.09826443815654],[-70.89610198825996,41.09874652785957]]]},"properties":{"kind":"block","org":1}},{"type":"Feature","geometry":{"type":"Polygon","coordinates":[[[-70.89545380127439,41.09738238188778],[-70.89544278858824,41.09738171632411],[-70.8954407897043,41.09799650310209],[-70.89623476743235,41.09810945903843],[-70.89629048135257,41.09783749660433],[-70.89624457544119,41.097802053865166],[-70.8960151372552,41.09766119851826],[-70.89576870068409,41.09752868302244],[-70.89550296845141,41.09740483139056],[-70.89545380127439,41.09738238188778]]]},"properties":{"kind":"block","org":1}},{"type":"Feature","geometry":{"type":"Polygon","coordinates":[[[-70.89459711960409,41.09724949942687],[-70.8952481874145,41.097288847418874],[-70.89522650724324,41.09727860049759],[-70.89500589755063,41.09717787114507],[-70.89483976809882,41.097163279158366],[-70.89459811220196,41.09721062955781],[-70.89459711960409,41.09724949942687]]]},"properties":{"kind":"block","org":1}},{"type":"Feature","geometry":{"type":"Polygon","coordinates":[[[-70.90658629651529,41.098078723275556],[-70.90658220122059,41.09807849258293],[-70.90651263726086,41.09868749896981],[-70.90658629651529,41.098692094705626],[-70.90658629651529,41.098078723275556]]]},"properties":{"kind":"block","org":0}},{"type":"Feature","geometry":{"type":"Polygon","coordinates":[[[-70.90658629651529,41.09882730306474],[-70.90649704785494,41.09882173467732],[-70.90642424416336,41.099438389764806],[-70.90658629651529,41.09944879996632],[-70.90658629651529,41.09882730306474]]]},"properties":{"kind":"block","org":0}},{"type":"Feature","geometry":{"type":"Polygon","coordinates":[[[-70.90658629651529,41.099584035991384],[-70.90640834080551,41.09957260416225],[-70.90634264811409,41.10012498888812],[-70.90658629651529,41.100138867013854],[-70.90658629651529,41.099584035991384]]]},"properties":{"kind":"block","org":0}},{"type":"Feature","geometry":{"type":"Polygon","coordinates":[[[-70.90658629651529,41.100273998691065],[-70.90632944039977,41.10025936825865],[-70.90628114794342,41.100880434999034],[-70.90658629651529,41.100901057288624],[-70.90658629651529,41.100273998691065]]]},"properties":{"kind":"block","org":0}},{"type":"Feature","geometry":{"type":"Polygon","coordinates":[[[-70.90658629651529,41.10103634537407],[-70.90626827061764,41.10101485282007],[-70.90620202979038,41.101599702155745],[-70.90658629651529,41.10162125453269],[-70.90658629651529,41.10103634537407]]]},"properties":{"kind":"block","org":0}},{"type":"Feature","geometry":{"type":"Polygon","coordinates":[[[-70.90658629651529,41.10175637453873],[-70.90618790912265,41.101734030175564],[-70.90614347462072,41.102192541548604],[-70.90650869368467,41.102215016161466],[-70.90658629651529,41.10213857957375],[-70.90658629651529,41.10175637453873]]]},"properties":{"kind":"block","org":0}},{"type":"Feature","geometry":{"type":"Polygon","coordinates":[[[-70.90658629651529,41.10235498747129],[-70.90612797827508,41.10232678378196],[-70.90605144428666,41.102897066791286],[-70.90658629651529,41.102897066791286],[-70.90658629651529,41.10235498747129]]]},"properties":{"kind":"block","org":0}},{"type":"Feature","geometry":{"type":"Polygon","coordinates":[[[-70.90552939115103,41.097344242758794],[-70.90433783938678,41.097276051671855],[-70.90430503542164,41.09782853413151],[-70.9064190756613,41.097934717010276],[-70.90646406628062,41.09753694529111],[-70.90607541150634,41.097445061816586],[-70.90552939115103,41.097344242758794]]]},"properties":{"kind":"block","org":0}},{"type":"Feature","geometry":{"type":"Polygon","coordinates":[[[-70.90633243087836,41.098065411341615],[-70.90436200266403,41.09796644173059],[-70.90426533711415,41.09857738378226],[-70.90626289827972,41.09867414317404],[-70.90633243087836,41.098065411341615]]]},"properties":{"kind":"block","org":0}},{"type":"Feature","geometry":{"type":"Polygon","coordinates":[[[-70.90624729302233,41.09880841265938],[-70.90424973122975,41.09871165323724],[-70.90421812688865,41.099156906363866],[-70.9047514994933,41.09935450191717],[-70.90617453007313,41.099424722654646],[-70.90624729302233,41.09880841265938]]]},"properties":{"kind":"block","org":0}},{"type":"Feature","geometry":{"type":"Polygon","coordinates":[[[-70.90615861970322,41.09955897343003],[-70.90419238871786,41.09946194797478],[-70.90412015193915,41.100004401834546],[-70.9060929441421,41.10011121411382],[-70.90615861970322,41.09955897343003]]]},"properties":{"kind":"block","org":0}},{"type":"Feature","geometry":{"type":"Polygon","coordinates":[[[-70.90607974318887,41.10024559402405],[-70.9041045477547,41.10013865162737],[-70.904043519813,41.10075901920885],[-70.90603151637337,41.1008658165878],[-70.90607974318887,41.10024559402405]]]},"properties":{"kind":"block","org":0}},{"type":"Feature","geometry":{"type":"Polygon","coordinates":[[[-70.906018679356,41.10100021623291],[-70.90403084746684,41.100893427700285],[-70.90397950401407,41.101462669982794],[-70.90551971115255,41.10155799420532],[-70.90596699353691,41.10145655740798],[-70.906018679356,41.10100021623291]]]},"properties":{"kind":"block","org":0}},{"type":"Feature","geometry":{"type":"Polygon","coordinates":[[[-70.90593835000334,41.101719104974016],[-70.90396836785752,41.10159718175229],[-70.90393179083476,41.10207915625046],[-70.90589379144376,41.10217889647496],[-70.90593835000334,41.101719104974016]]]},"properties":{"kind":"block","org":0}},{"type":"Feature","geometry":{"type":"Polygon","coordinates":[[[-70.90594959434434,41.10231678682931],[-70.9038470552447,41.102209902192854],[-70.90377510589863,41.10279245695177],[-70.9058720666275,41.102894474476116],[-70.90594959434434,41.10231678682931]]]},"properties":{"kind":"block","org":0}},{"type":"Feature","geometry":{"type":"Polygon","coordinates":[[[-70.90214912245847,41.09701830546511],[-70.9033519802393,41.09708563488311],[-70.9025800041232,41.09700585032341],[-70.90214912245847,41.09701830546511]]]},"properties":{"kind":"block","org":0}},{"type":"Feature","geometry":{"type":"Polygon","coordinates":[[[-70.90408808695669,41.097261956637006],[-70.9017764876204,41.097132565913995],[-70.90172206757106,41.09768221328926],[-70.90405525526877,41.097814906002114],[-70.90408808695669,41.097261956637006]]]},"properties":{"kind":"block","org":0}},{"type":"Feature","geometry":{"type":"Polygon","coordinates":[[[-70.90404058632905,41.097949202247264],[-70.9017078291866,41.097816534020886],[-70.9016366624932,41.098445689091534],[-70.90394370189968,41.098561527653025],[-70.90404058632905,41.097949202247264]]]},"properties":{"kind":"block","org":0}},{"type":"Feature","geometry":{"type":"Polygon","coordinates":[[[-70.90392853128678,41.098695812004905],[-70.90162532614241,41.098580165965224],[-70.90159141474142,41.09918710070265],[-70.90388486619447,41.09931098125683],[-70.90392853128678,41.098695812004905]]]},"properties":{"kind":"block","org":0}},{"type":"Feature","geometry":{"type":"Polygon","coordinates":[[[-70.9039424918915,41.0994491869129],[-70.90150629340634,41.099317595891854],[-70.90142478630781,41.099862629684864],[-70.90241683044545,41.099914710968676],[-70.90389084292613,41.09983703893401],[-70.9039424918915,41.0994491869129]]]},"properties":{"kind":"block","org":0}},{"type":"Feature","geometry":{"type":"Polygon","coordinates":[[[-70.90385483751182,41.100125278741565],[-70.90262639535966,41.10006078680824],[-70.90268416069469,41.10068329254834],[-70.90379383329177,41.10074540518516],[-70.90385483751182,41.100125278741565]]]},"properties":{"kind":"block","org":0}},{"type":"Feature","geometry":{"type":"Polygon","coordinates":[[[-70.90378115889368,41.100879814255784],[-70.90269676446296,41.100819116535014],[-70.90275047493918,41.10139792525709],[-70.90372989516379,41.10144817265475],[-70.90378115889368,41.100879814255784]]]},"properties":{"kind":"block","org":0}},{"type":"Feature","geometry":{"type":"Polygon","coordinates":[[[-70.90371872211618,41.10158265864982],[-70.90276306768992,41.101533630513806],[-70.90280739655631,41.10201133870626],[-70.90334875096804,41.10204483556843],[-70.9036849921482,41.102027117579645],[-70.90371872211618,41.10158265864982]]]},"properties":{"kind":"block","org":0}},{"type":"Feature","geometry":{"type":"Polygon","coordinates":[[[-70.90119908713636,41.10236231446856],[-70.90117892808816,41.10263585961225],[-70.90158823019502,41.102660721693624],[-70.90119908713636,41.10236231446856]]]},"properties":{"kind":"block","org":0}},{"type":"Feature","geometry":{"type":"Polygon","coordinates":[[[-70.90366871244215,41.10219983429436],[-70.90334766475135,41.10217996913761],[-70.90183412266137,41.1022597241568],[-70.90242318955336,41.10271143931067],[-70.90359672188404,41.102782722736315],[-70.90366871244215,41.10219983429436]]]},"properties":{"kind":"block","org":0}},{"type":"Feature","geometry":{"type":"Polygon","coordinates":[[[-70.90177968528563,41.102807535522224],[-70.90116956163095,41.10277047501436],[-70.90116124593473,41.102897066791286],[-70.90189644007225,41.102897066791286],[-70.90177968528563,41.102807535522224]]]},"properties":{"kind":"block","org":0}},{"type":"Feature","geometry":{"type":"Polygon","coordinates":[[[-70.90152667876758,41.0971201850317],[-70.90073868027949,41.09709004311729],[-70.89985341135069,41.09721147711379],[-70.89907724299647,41.097397329359495],[-70.89892470397841,41.0975011217102],[-70.89888163789891,41.0975412449771],[-70.90147237136152,41.09766869469966],[-70.90152667876758,41.0971201850317]]]},"properties":{"kind":"block","org":0}},{"type":"Feature","geometry":{"type":"Polygon","coordinates":[[[-70.9014581103301,41.097803027256106],[-70.89879466817516,41.097672000669014],[-70.89877810788632,41.09801946935726],[-70.89877810788632,41.098286323077616],[-70.90138689277414,41.09843263198134],[-70.9014581103301,41.097803027256106]]]},"properties":{"kind":"block","org":0}},{"type":"Feature","geometry":{"type":"Polygon","coordinates":[[[-70.90137549480261,41.09856711270184],[-70.89877810788632,41.0984214430324],[-70.89877810788632,41.09905143674558],[-70.90134157669576,41.09917416745852],[-70.90137549480261,41.09856711270184]]]},"properties":{"kind":"block","org":0}},{"type":"Feature","geometry":{"type":"Polygon","coordinates":[[[-70.90132770500566,41.09930852230237],[-70.89877810788632,41.09918645572173],[-70.89877810788632,41.09974149070925],[-70.90055875910312,41.09982255272399],[-70.90126886786977,41.099701963216305],[-70.90132770500566,41.09930852230237]]]},"properties":{"kind":"block","org":0}},{"type":"Feature","geometry":{"type":"Polygon","coordinates":[[[-70.90111950139091,41.09998307279643],[-70.89877810788632,41.09987648366039],[-70.89877810788632,41.09991627521555],[-70.89901016354672,41.100094222847254],[-70.90111950139091,41.09998307279643]]]},"properties":{"kind":"block","org":0}},{"type":"Feature","geometry":{"type":"Polygon","coordinates":[[[-70.89847662778244,41.10131500905886],[-70.89847232881245,41.10131479055731],[-70.8984508494041,41.10177149017172],[-70.89851930988902,41.101774971012276],[-70.89847662778244,41.10131500905886]]]},"properties":{"kind":"block","org":0}},{"type":"Feature","geometry":{"type":"Polygon","coordinates":[[[-70.89877810788632,41.10242075867222],[-70.89877810788632,41.102511191208336],[-70.90068464167736,41.1026095572079],[-70.90100396487904,41.10257987528181],[-70.90102441421186,41.10230239116511],[-70.89877810788632,41.10242075867222]]]},"properties":{"kind":"block","org":0}},{"type":"Feature","geometry":{"type":"Polygon","coordinates":[[[-70.89853190158412,41.10191066489297],[-70.89844119095854,41.10190605275468],[-70.89838509224776,41.102490913898635],[-70.8985867109958,41.10250131624754],[-70.89853190158412,41.10191066489297]]]},"properties":{"kind":"block","org":0}},{"type":"Feature","geometry":{"type":"Polygon","coordinates":[[[-70.90099118866232,41.10276043599246],[-70.89877810788632,41.1026462539603],[-70.89877810788632,41.102897066791286],[-70.90098221351207,41.102897066791286],[-70.90099118866232,41.10276043599246]]]},"properties":{"kind":"block","org":0}},{"type":"Feature","geometry":{"type":"Polygon","coordinates":[[[-70.89859929440625,41.10263702822993],[-70.89837060649621,41.102625229270494],[-70.89833795735257,41.102897066791286],[-70.89859929440625,41.102897066791286],[-70.89859929440625,41.10263702822993]]]},"properties":{"kind":"block","org":0}},{"type":"Feature","geometry":{"type":"Polygon","coordinates":[[[-70.89621306457464,41.100336868231544],[-70.89620823767972,41.10038211773895],[-70.89836820741478,41.100468978675806],[-70.89837970762068,41.100336868231544],[-70.89621306457464,41.100336868231544]]]},"properties":{"kind":"block","org":0}},{"type":"Feature","geometry":{"type":"Polygon","coordinates":[[[-70.89828466335045,41.10060055806305],[-70.89626893999943,41.10051949784454],[-70.89623926418798,41.10108424062707],[-70.89823180695593,41.10116885008082],[-70.89828466335045,41.10060055806305]]]},"properties":{"kind":"block","org":0}},{"type":"Feature","geometry":{"type":"Polygon","coordinates":[[[-70.89822236799763,41.101303410327496],[-70.89622702757553,41.1012186820768],[-70.89616685854268,41.10167642151871],[-70.89820087762824,41.10176034299779],[-70.89822236799763,41.101303410327496]]]},"properties":{"kind":"block","org":0}},{"type":"Feature","geometry":{"type":"Polygon","coordinates":[[[-70.89819126916291,41.10189489567406],[-70.89615469265118,41.10181086867827],[-70.89612783869858,41.10237308309193],[-70.89813534594582,41.10247792719587],[-70.89819126916291,41.10189489567406]]]},"properties":{"kind":"block","org":0}},{"type":"Feature","geometry":{"type":"Polygon","coordinates":[[[-70.89819217474296,41.10261596565417],[-70.89604510566772,41.10250383279209],[-70.89599768681103,41.102897066791286],[-70.89815841298933,41.102897066791286],[-70.89819217474296,41.10261596565417]]]},"properties":{"kind":"block","org":0}},{"type":"Feature","geometry":{"type":"Polygon","coordinates":[[[-70.89594760046613,41.100504711750744],[-70.89410476912528,41.100408962331336],[-70.8940562856861,41.10098703953299],[-70.895917883772,41.10107023254757],[-70.89594760046613,41.100504711750744]]]},"properties":{"kind":"block","org":0}},{"type":"Feature","geometry":{"type":"Polygon","coordinates":[[[-70.89590543129594,41.10120466009075],[-70.89404292072018,41.10112142629788],[-70.89399212021819,41.10155945509189],[-70.89584544261004,41.10166102753271],[-70.89590543129594,41.10120466009075]]]},"properties":{"kind":"block","org":0}},{"type":"Feature","geometry":{"type":"Polygon","coordinates":[[[-70.89583335555368,41.10179546828629],[-70.89397961595138,41.10169387298],[-70.89393839176245,41.10227993923787],[-70.8958064863359,41.102358002291986],[-70.89583335555368,41.10179546828629]]]},"properties":{"kind":"block","org":0}},{"type":"Feature","geometry":{"type":"Polygon","coordinates":[[[-70.89586656423585,41.102495467110586],[-70.89385670745071,41.102411480164086],[-70.89382267092496,41.102824800117965],[-70.89411457756069,41.102897066791286],[-70.8958181365878,41.102897066791286],[-70.89586656423585,41.102495467110586]]]},"properties":{"kind":"block","org":0}},{"type":"Feature","geometry":{"type":"Polygon","coordinates":[[[-70.89180438216425,41.09814361497513],[-70.89175161713533,41.09818040157856],[-70.89158762967972,41.09831113897594],[-70.89155916467342,41.09858261327846],[-70.89161968988745,41.09869129536171],[-70.89180438216425,41.098700350512814],[-70.89180438216425,41.09814361497513]]]},"properties":{"kind":"block","org":0}},{"type":"Feature","geometry":{"type":"Polygon","coordinates":[[[-70.89180438216425,41.09883538270089],[-70.89157338388365,41.09882405724446],[-70.89152900108354,41.09889841134848],[-70.89148993498088,41.09936217322617],[-70.89180438216425,41.099379113167345],[-70.89180438216425,41.09883538270089]]]},"properties":{"kind":"block","org":0}},{"type":"Feature","geometry":{"type":"Polygon","coordinates":[[[-70.89180438216425,41.099514204354286],[-70.89147827847877,41.09949663645246],[-70.89142062267433,41.10014364353516],[-70.89180438216425,41.10016218856195],[-70.89180438216425,41.099514204354286]]]},"properties":{"kind":"block","org":0}},{"type":"Feature","geometry":{"type":"Polygon","coordinates":[[[-70.89385499212892,41.10039630756083],[-70.89262499084919,41.100336868231544],[-70.8919831956443,41.100336868231544],[-70.8919831956443,41.100882974014475],[-70.89380642849964,41.10097534088421],[-70.89385499212892,41.10039630756083]]]},"properties":{"kind":"block","org":0}},{"type":"Feature","geometry":{"type":"Polygon","coordinates":[[[-70.89180438216425,41.10029721263879],[-70.8914079343157,41.10027805445205],[-70.89135078068114,41.100850935215725],[-70.89180438216425,41.10087391513789],[-70.89180438216425,41.10029721263879]]]},"properties":{"kind":"block","org":0}},{"type":"Feature","geometry":{"type":"Polygon","coordinates":[[[-70.89379298628782,41.101109711345075],[-70.8919831956443,41.10101802547175],[-70.8919831956443,41.10147634867124],[-70.89374226742282,41.10154703622173],[-70.89379298628782,41.101109711345075]]]},"properties":{"kind":"block","org":0}},{"type":"Feature","geometry":{"type":"Polygon","coordinates":[[[-70.89180438216425,41.10100896659517],[-70.89133920258415,41.10098540011459],[-70.8913055708243,41.101449118606354],[-70.89180438216425,41.101469163127675],[-70.89180438216425,41.10100896659517]]]},"properties":{"kind":"block","org":0}},{"type":"Feature","geometry":{"type":"Polygon","coordinates":[[[-70.89372979780393,41.10168147388041],[-70.8919831956443,41.10161128741625],[-70.8919831956443,41.102187618936405],[-70.89368847341602,41.10226896462339],[-70.89372979780393,41.10168147388041]]]},"properties":{"kind":"block","org":0}},{"type":"Feature","geometry":{"type":"Polygon","coordinates":[[[-70.89180438216425,41.10160410187269],[-70.89129248337595,41.10158353143782],[-70.89122247743575,41.10215133092145],[-70.89180438216425,41.10217908912055],[-70.89180438216425,41.10160410187269]]]},"properties":{"kind":"block","org":0}},{"type":"Feature","geometry":{"type":"Polygon","coordinates":[[[-70.89367820783265,41.10240349193261],[-70.8919831956443,41.102322635937654],[-70.8919831956443,41.102897066791286],[-70.89363756238781,41.102897066791286],[-70.89367820783265,41.10240349193261]]]},"properties":{"kind":"block","org":0}},{"type":"Feature","geometry":{"type":"Polygon","coordinates":[[[-70.89180438216425,41.102314106121796],[-70.89120794307875,41.102285654600315],[-70.89115133470989,41.102897066791286],[-70.89180438216425,41.102897066791286],[-70.89180438216425,41.102314106121796]]]},"properties":{"kind":"block","org":0}},{"type":"Feature","geometry":{"type":"Polygon","coordinates":[[[-70.89106725138286,41.098657526144734],[-70.89132603386625,41.09867463285518],[-70.89137318672854,41.09864562651233],[-70.89139294673717,41.098457172854374],[-70.89127104165571,41.098515448103605],[-70.89106725138286,41.098657526144734]]]},"properties":{"kind":"block","org":0}},{"type":"Feature","geometry":{"type":"Polygon","coordinates":[[[-70.89135711081956,41.09881195194168],[-70.89073769410325,41.09877100565246],[-70.8904511194617,41.09893588177833],[-70.8902194506041,41.099089771236955],[-70.89013990431317,41.09922161000757],[-70.89014104715847,41.099287304176414],[-70.89131158420331,41.09935240792789],[-70.89135711081956,41.09881195194168]]]},"properties":{"kind":"block","org":0}},{"type":"Feature","geometry":{"type":"Polygon","coordinates":[[[-70.89129993226773,41.09948687367854],[-70.8901700466782,41.09942403090826],[-70.89014636966165,41.09959325759273],[-70.89015463530801,41.10006839168887],[-70.8912422699404,41.10013395396023],[-70.89129993226773,41.09948687367854]]]},"properties":{"kind":"block","org":0}},{"type":"Feature","geometry":{"type":"Polygon","coordinates":[[[-70.89122958270669,41.10026836689722],[-70.89013391672148,41.100202320498454],[-70.89002540135017,41.100666342857785],[-70.89001708415655,41.10077553231469],[-70.89117241987563,41.10084133984218],[-70.89122958270669,41.10026836689722]]]},"properties":{"kind":"block","org":0}},{"type":"Feature","geometry":{"type":"Polygon","coordinates":[[[-70.89116081773523,41.10097581066565],[-70.88998433376038,41.10090879854075],[-70.88994926400876,41.10099191358906],[-70.88986269191201,41.10136210435646],[-70.88986364949467,41.10136952570604],[-70.89112711499942,41.101440507782094],[-70.89116081773523,41.10097581066565]]]},"properties":{"kind":"block","org":0}},{"type":"Feature","geometry":{"type":"Polygon","coordinates":[[[-70.89111396518072,41.10157489026641],[-70.88997078977509,41.101510666143724],[-70.89013030163666,41.10184499252826],[-70.89028982523313,41.102104026548],[-70.89104397947582,41.10214252562686],[-70.89111396518072,41.10157489026641]]]},"properties":{"kind":"block","org":0}},{"type":"Feature","geometry":{"type":"Polygon","coordinates":[[[-70.89102951073318,41.10227684313954],[-70.89031903918547,41.10224057403358],[-70.89036512087823,41.10233715823478],[-70.89048665976402,41.10251619080182],[-70.89079411505686,41.10287714146559],[-70.8908026459939,41.1028865241398],[-70.89097225223671,41.10289527718879],[-70.89102951073318,41.10227684313954]]]},"properties":{"kind":"block","org":0}},{"type":"Feature","geometry":{"type":"Polygon","coordinates":[[[-70.90598402923125,41.10302283093106],[-70.90605304026553,41.103225083948765],[-70.90621884584392,41.10326718493085],[-70.90659821741396,41.10317878422245],[-70.90659821741396,41.10302283093106],[-70.90598402923125,41.10302283093106]]]},"properties":{"kind":"block","org":0}},{"type":"Feature","geometry":{"type":"Polygon","coordinates":[[[-70.90659821741396,41.103301020984645],[-70.90612596863316,41.10341106382934],[-70.90631471432,41.1037790653406],[-70.90659821741396,41.103711854305324],[-70.90659821741396,41.103301020984645]]]},"properties":{"kind":"block","org":0}},{"type":"Feature","geometry":{"type":"Polygon","coordinates":[[[-70.90659821741396,41.103834278165394],[-70.90636290191759,41.10389006520429],[-70.90652620036823,41.104344042205135],[-70.90659821741396,41.10432743366233],[-70.90659821741396,41.103834278165394]]]},"properties":{"kind":"block","org":0}},{"type":"Feature","geometry":{"type":"Polygon","coordinates":[[[-70.90376410615919,41.10302283093106],[-70.90388034928465,41.103275927703905],[-70.90498537239603,41.10302283093106],[-70.90376410615919,41.10302283093106]]]},"properties":{"kind":"block","org":0}},{"type":"Feature","geometry":{"type":"Polygon","coordinates":[[[-70.90551827066875,41.10302283093106],[-70.90393060759845,41.10338647255567],[-70.90409898516148,41.10376037644067],[-70.90593032330234,41.10333438731914],[-70.90582401671259,41.10302283093106],[-70.90551827066875,41.10302283093106]]]},"properties":{"kind":"block","org":0}},{"type":"Feature","geometry":{"type":"Polygon","coordinates":[[[-70.90597754857627,41.10344562030837],[-70.90414878571256,41.103871010392496],[-70.90420163805844,41.10398846972289],[-70.90542583336777,41.10392396162561],[-70.90586713212053,41.103884803157705],[-70.90616654686733,41.103814114327484],[-70.90597754857627,41.10344562030837]]]},"properties":{"kind":"block","org":0}},{"type":"Feature","geometry":{"type":"Polygon","coordinates":[[[-70.90580937457462,41.10402081734991],[-70.90507121872379,41.10419508857126],[-70.90511743058953,41.10469308882804],[-70.90637836059541,41.104379416141114],[-70.90624118555111,41.10399806337898],[-70.90580937457462,41.10402081734991]]]},"properties":{"kind":"block","org":0}},{"type":"Feature","geometry":{"type":"Polygon","coordinates":[[[-70.90463107896062,41.104981258094135],[-70.90473875865388,41.105231415453794],[-70.90494164919424,41.10521941318785],[-70.90463107896062,41.104981258094135]]]},"properties":{"kind":"block","org":0}},{"type":"Feature","geometry":{"type":"Polygon","coordinates":[[[-70.9054114056919,41.1051615448807],[-70.90566420367855,41.105125113298904],[-70.9061839975636,41.10499023387368],[-70.90659821741396,41.10486249500277],[-70.90659821741396,41.104852743452156],[-70.90576943469664,41.104896415565385],[-70.9054114056919,41.1051615448807]]]},"properties":{"kind":"block","org":0}},{"type":"Feature","geometry":{"type":"Polygon","coordinates":[[[-70.90642520932997,41.104490741564234],[-70.90626264421257,41.104531181744846],[-70.90593963094649,41.10477038104138],[-70.9065446616016,41.10473849938323],[-70.90642520932997,41.104490741564234]]]},"properties":{"kind":"block","org":0}},{"type":"Feature","geometry":{"type":"Polygon","coordinates":[[[-70.90592969701031,41.10461400667807],[-70.90514281804657,41.10480975302219],[-70.90514600953267,41.104812200354836],[-70.90570159161466,41.10478292435392],[-70.90592969701031,41.10461400667807]]]},"properties":{"kind":"block","org":0}},{"type":"Feature","geometry":{"type":"Polygon","coordinates":[[[-70.90227891617941,41.10317754515915],[-70.90206301950751,41.10322683635859],[-70.90227023766143,41.10368406793046],[-70.9027726290659,41.10355613984088],[-70.90227891617941,41.10317754515915]]]},"properties":{"kind":"block","org":0}},{"type":"Feature","geometry":{"type":"Polygon","coordinates":[[[-70.9029565683226,41.10302283093106],[-70.90284559253496,41.103048167725895],[-70.90332469895534,41.103415561706704],[-70.90362946017123,41.103337957830966],[-70.9036991843433,41.1032385344423],[-70.90360011531908,41.10302283093106],[-70.9029565683226,41.10302283093106]]]},"properties":{"kind":"block","org":0}},{"type":"Feature","geometry":{"type":"Polygon","coordinates":[[[-70.90289330623911,41.10364867892023],[-70.90231831363982,41.10379509405411],[-70.90246632425026,41.10415383208386],[-70.90329212015409,41.1039545020643],[-70.90289330623911,41.10364867892023]]]},"properties":{"kind":"block","org":0}},{"type":"Feature","geometry":{"type":"Polygon","coordinates":[[[-70.90378301152346,41.10342212588549],[-70.90344537612854,41.10350810078605],[-70.90385145033213,41.10381949134941],[-70.90395112037665,41.10379543306596],[-70.90378301152346,41.10342212588549]]]},"properties":{"kind":"block","org":0}},{"type":"Feature","geometry":{"type":"Polygon","coordinates":[[[-70.90288755994209,41.10417478028469],[-70.90251697450756,41.10426423192954],[-70.90270774961569,41.10464284993381],[-70.90301457068027,41.10456799075547],[-70.90297764228744,41.10417003345985],[-70.90288755994209,41.10417478028469]]]},"properties":{"kind":"block","org":0}},{"type":"Feature","geometry":{"type":"Polygon","coordinates":[[[-70.90302570902385,41.10468802265373],[-70.9027576783423,41.10475341763116],[-70.902943956554,41.10521683029522],[-70.90307195486527,41.1051863890481],[-70.90302570902385,41.10468802265373]]]},"properties":{"kind":"block","org":0}},{"type":"Feature","geometry":{"type":"Polygon","coordinates":[[[-70.90321289777287,41.10503113045225],[-70.90322395058354,41.105150240608516],[-70.90387047933714,41.10499647966148],[-70.90321289777287,41.10503113045225]]]},"properties":{"kind":"block","org":0}},{"type":"Feature","geometry":{"type":"Polygon","coordinates":[[[-70.90446641579803,41.10497720973004],[-70.90299058933388,41.105328198720905],[-70.90299340571725,41.10533466418127],[-70.90395855411826,41.10527756951455],[-70.904577078237,41.10523429649088],[-70.90446641579803,41.10497720973004]]]},"properties":{"kind":"block","org":0}},{"type":"Feature","geometry":{"type":"Polygon","coordinates":[[[-70.90059645144825,41.10302283093106],[-70.9004624984988,41.103055126322914],[-70.90066682857181,41.10347049002421],[-70.90186672745241,41.10315231640969],[-70.90181098531102,41.10302283093106],[-70.90059645144825,41.10302283093106]]]},"properties":{"kind":"block","org":0}},{"type":"Feature","geometry":{"type":"Polygon","coordinates":[[[-70.90187634806638,41.103273565440176],[-70.90075730101223,41.10357029981653],[-70.90094152616864,41.10399339788403],[-70.90208281179574,41.103729132357095],[-70.90187634806638,41.103273565440176]]]},"properties":{"kind":"block","org":0}},{"type":"Feature","geometry":{"type":"Polygon","coordinates":[[[-70.90213092547445,41.10384016134411],[-70.90098832550564,41.10410473120784],[-70.90113855240365,41.10447494847072],[-70.90227901868508,41.104199099574586],[-70.90213092547445,41.10384016134411]]]},"properties":{"kind":"block","org":0}},{"type":"Feature","geometry":{"type":"Polygon","coordinates":[[[-70.90232941689864,41.10430955873522],[-70.90141842668854,41.10452990338541],[-70.9012191794117,41.104658854380496],[-70.9013484309545,41.104944443766875],[-70.90251913748449,41.10468608390294],[-70.90232941689864,41.10430955873522]]]},"properties":{"kind":"block","org":0}},{"type":"Feature","geometry":{"type":"Polygon","coordinates":[[[-70.90260957799778,41.10478781073805],[-70.90135875976594,41.10506385022352],[-70.90156908230871,41.10552207185365],[-70.90160694096775,41.105515993032924],[-70.90279575525473,41.105250972252435],[-70.90260957799778,41.10478781073805]]]},"properties":{"kind":"block","org":0}},{"type":"Feature","geometry":{"type":"Polygon","coordinates":[[[-70.89873622502013,41.10302283093106],[-70.89888558735065,41.10331813250304],[-70.90009170697763,41.10302283093106],[-70.89873622502013,41.10302283093106]]]},"properties":{"kind":"block","org":0}},{"type":"Feature","geometry":{"type":"Polygon","coordinates":[[[-70.90027514699196,41.10310070844551],[-70.89897384038005,41.10341931522341],[-70.89913565030058,41.10385415848999],[-70.90048049322664,41.10351813780785],[-70.90027514699196,41.10310070844551]]]},"properties":{"kind":"block","org":0}},{"type":"Feature","geometry":{"type":"Polygon","coordinates":[[[-70.90053166809217,41.10362838431219],[-70.8991838537111,41.10396514743816],[-70.89939084424938,41.104379934658674],[-70.90071444310945,41.104048151938485],[-70.90053166809217,41.10362838431219]]]},"properties":{"kind":"block","org":0}},{"type":"Feature","geometry":{"type":"Polygon","coordinates":[[[-70.90076123267258,41.104159495809476],[-70.89944342348453,41.10448982724923],[-70.89956837443219,41.10476169163383],[-70.89995267064484,41.10477243292575],[-70.90091193017517,41.1045308728243],[-70.90076123267258,41.104159495809476]]]},"properties":{"kind":"block","org":0}},{"type":"Feature","geometry":{"type":"Polygon","coordinates":[[[-70.90095964329,41.10464198669252],[-70.89993806064221,41.10489924096025],[-70.89969229701647,41.105044152072985],[-70.8998072324227,41.105321489774404],[-70.90112063055022,41.10499769813599],[-70.90095964329,41.10464198669252]]]},"properties":{"kind":"block","org":0}},{"type":"Feature","geometry":{"type":"Polygon","coordinates":[[[-70.90121062993767,41.10509838221508],[-70.89981329776464,41.10544286608805],[-70.89994049690232,41.10575704975015],[-70.9005653355866,41.10567323236444],[-70.90129818613417,41.10556556862089],[-70.9014163580799,41.105546594201535],[-70.90121062993767,41.10509838221508]]]},"properties":{"kind":"block","org":0}},{"type":"Feature","geometry":{"type":"Polygon","coordinates":[[[-70.89700733818394,41.10302283093106],[-70.89710673220371,41.10324232464856],[-70.89800931431178,41.10302283093106],[-70.89700733818394,41.10302283093106]]]},"properties":{"kind":"block","org":0}},{"type":"Feature","geometry":{"type":"Polygon","coordinates":[[[-70.8985139169072,41.10302283093106],[-70.89715614949135,41.10335301852834],[-70.89732591615932,41.10373867210502],[-70.89873889779287,41.10335600801787],[-70.89857037818145,41.10302283093106],[-70.8985139169072,41.10302283093106]]]},"properties":{"kind":"block","org":0}},{"type":"Feature","geometry":{"type":"Polygon","coordinates":[[[-70.89874793501032,41.10347765421324],[-70.89741380328778,41.10383896414512],[-70.89759076196474,41.104244776903286],[-70.89861878945055,41.103984593257465],[-70.89887369238066,41.103815610906736],[-70.89874793501032,41.10347765421324]]]},"properties":{"kind":"block","org":0}},{"type":"Feature","geometry":{"type":"Polygon","coordinates":[[[-70.89895753236439,41.10402205227185],[-70.8976381151732,41.10435598378623],[-70.89781347055259,41.10477834950584],[-70.89916455168924,41.1044368971776],[-70.89895753236439,41.10402205227185]]]},"properties":{"kind":"block","org":0}},{"type":"Feature","geometry":{"type":"Polygon","coordinates":[[[-70.89921727159476,41.104546747047316],[-70.89785859780713,41.10489011823023],[-70.89799946912215,41.1052500766279],[-70.89938607600854,41.10491402643915],[-70.89921727159476,41.104546747047316]]]},"properties":{"kind":"block","org":0}},{"type":"Feature","geometry":{"type":"Polygon","coordinates":[[[-70.89947428517782,41.105015320512166],[-70.89800873572177,41.10537050277482],[-70.89813841078251,41.1056334238643],[-70.89839829687324,41.10566968380394],[-70.89962028847995,41.105367624658825],[-70.89947428517782,41.105015320512166]]]},"properties":{"kind":"block","org":0}},{"type":"Feature","geometry":{"type":"Polygon","coordinates":[[[-70.89966599637044,41.10547922957148],[-70.89871949886806,41.1057131904472],[-70.89922881653222,41.105777191008166],[-70.89978348803253,41.1057694356321],[-70.89966599637044,41.10547922957148]]]},"properties":{"kind":"block","org":0}},{"type":"Feature","geometry":{"type":"Polygon","coordinates":[[[-70.89500690945523,41.10302283093106],[-70.89510526583547,41.103264629294465],[-70.8960172891205,41.10302283093106],[-70.89500690945523,41.10302283093106]]]},"properties":{"kind":"block","org":0}},{"type":"Feature","geometry":{"type":"Polygon","coordinates":[[[-70.89648423400746,41.10302283093106],[-70.89515113726247,41.10337626555986],[-70.89529373470214,41.1037195711625],[-70.89695985549561,41.10327957747718],[-70.89684359216211,41.10302283093106],[-70.89648423400746,41.10302283093106]]]},"properties":{"kind":"block","org":0}},{"type":"Feature","geometry":{"type":"Polygon","coordinates":[[[-70.89696989197266,41.103400671441115],[-70.89538074922804,41.103820336555096],[-70.89550092732219,41.10409199202384],[-70.89590112043211,41.104084132545886],[-70.89713942643246,41.10378579751785],[-70.89696989197266,41.103400671441115]]]},"properties":{"kind":"block","org":0}},{"type":"Feature","geometry":{"type":"Polygon","coordinates":[[[-70.89718801747787,41.103896695035566],[-70.89558529429692,41.10428282614127],[-70.89577230994296,41.10470652168593],[-70.89736478491393,41.10430206922806],[-70.89718801747787,41.103896695035566]]]},"properties":{"kind":"block","org":0}},{"type":"Feature","geometry":{"type":"Polygon","coordinates":[[[-70.89741209302026,41.104413289397336],[-70.8958204482095,41.10481753101337],[-70.89599450198396,41.105226400796475],[-70.89758709132167,41.10483479504923],[-70.89741209302026,41.104413289397336]]]},"properties":{"kind":"block","org":0}},{"type":"Feature","geometry":{"type":"Polygon","coordinates":[[[-70.8976717995999,41.10493680685199],[-70.89606425759281,41.105332089348245],[-70.8967062011063,41.10542262869649],[-70.89712444505139,41.10547574697368],[-70.89781261762514,41.10529662908206],[-70.8976717995999,41.10493680685199]]]},"properties":{"kind":"block","org":0}},{"type":"Feature","geometry":{"type":"Polygon","coordinates":[[[-70.8978616176303,41.105407426137255],[-70.89741767791683,41.10552297498142],[-70.8979560581294,41.10559890782057],[-70.8978616176303,41.105407426137255]]]},"properties":{"kind":"block","org":0}},{"type":"Feature","geometry":{"type":"Polygon","coordinates":[[[-70.89306240410603,41.10302283093106],[-70.89311749424132,41.10317188812792],[-70.89370004291368,41.10302283093106],[-70.89306240410603,41.10302283093106]]]},"properties":{"kind":"block","org":0}},{"type":"Feature","geometry":{"type":"Polygon","coordinates":[[[-70.89432053569016,41.10302283093106],[-70.89396894855169,41.10307735521692],[-70.89316226088232,41.10328376303903],[-70.89333542560816,41.103683380021565],[-70.89495816572531,41.1033014772013],[-70.89484482071288,41.10302283093106],[-70.89432053569016,41.10302283093106]]]},"properties":{"kind":"block","org":0}},{"type":"Feature","geometry":{"type":"Polygon","coordinates":[[[-70.89496419567814,41.103422401803236],[-70.89342432374397,41.10378480205962],[-70.89358223488009,41.10413423051277],[-70.8951070466187,41.10376631771328],[-70.89496419567814,41.103422401803236]]]},"properties":{"kind":"block","org":0}},{"type":"Feature","geometry":{"type":"Polygon","coordinates":[[[-70.89515469490593,41.10387744220877],[-70.89363122263192,41.10424503181677],[-70.89379072706865,41.10461363884211],[-70.89530980351945,41.1042280560491],[-70.89515469490593,41.10387744220877]]]},"properties":{"kind":"block","org":0}},{"type":"Feature","geometry":{"type":"Polygon","coordinates":[[[-70.89539830548702,41.10432881977295],[-70.89382309446901,41.104728651041206],[-70.89400987052414,41.10482848504283],[-70.89439176780488,41.105029055820935],[-70.89443680843988,41.10504254274594],[-70.89558584002178,41.10475369089221],[-70.89539830548702,41.10432881977295]]]},"properties":{"kind":"block","org":0}},{"type":"Feature","geometry":{"type":"Polygon","coordinates":[[[-70.89563396100358,41.10486470163754],[-70.89466030494295,41.10510946632673],[-70.89482560422096,41.105158963385676],[-70.89542946636261,41.105251686835935],[-70.895726855328,41.105293581050184],[-70.89580775752044,41.10527296709674],[-70.89563396100358,41.10486470163754]]]},"properties":{"kind":"block","org":0}},{"type":"Feature","geometry":{"type":"Polygon","coordinates":[[[-70.89102647086325,41.10302283093106],[-70.89110122145095,41.10319304710323],[-70.89179281909239,41.10302283093106],[-70.89102647086325,41.10302283093106]]]},"properties":{"kind":"block","org":0}},{"type":"Feature","geometry":{"type":"Polygon","coordinates":[[[-70.8922919730376,41.10302283093106],[-70.89114672960892,41.103304698509774],[-70.89115710514947,41.10333234201872],[-70.89124036638658,41.10343864883299],[-70.89145663488185,41.10358209851964],[-70.89297030279535,41.10320889773093],[-70.8929125907445,41.103052746425824],[-70.89280353007206,41.10302283093106],[-70.8922919730376,41.10302283093106]]]},"properties":{"kind":"block","org":0}},{"type":"Feature","geometry":{"type":"Polygon","coordinates":[[[-70.89301523835519,41.103320691460524],[-70.89167757821936,41.103650496838085],[-70.89191629405552,41.103756864659765],[-70.89239337837009,41.10392547114974],[-70.89318816393887,41.103719756568175],[-70.89301523835519,41.103320691460524]]]},"properties":{"kind":"block","org":0}},{"type":"Feature","geometry":{"type":"Polygon","coordinates":[[[-70.89323720609333,41.10383054058468],[-70.89250624277393,41.10401973603475],[-70.89305933109978,41.10426618302949],[-70.89339530277002,41.10418037960517],[-70.89323720609333,41.10383054058468]]]},"properties":{"kind":"block","org":0}},{"type":"Feature","geometry":{"type":"Polygon","coordinates":[[[-70.89344430029023,41.104291171578666],[-70.89313648164826,41.104369785032986],[-70.89357885308748,41.1046021165741],[-70.89344430029023,41.104291171578666]]]},"properties":{"kind":"block","org":0}},{"type":"Feature","geometry":{"type":"Polygon","coordinates":[[[-70.90704428616546,41.09761030967764],[-70.906777030894,41.097738381851435],[-70.906777030894,41.098381075421045],[-70.90690786801176,41.098537257275964],[-70.9081706386172,41.09794832862014],[-70.90795527507322,41.09787600694238],[-70.90760006886404,41.09776125605163],[-70.90726185929097,41.09765611242129],[-70.90704428616546,41.09761030967764]]]},"properties":{"kind":"block","org":0}},{"type":"Feature","geometry":{"type":"Polygon","coordinates":[[[-70.90838393640627,41.098028446116416],[-70.90701400943276,41.098667350164085],[-70.90750992098378,41.09929173078818],[-70.9091595046812,41.098518779739535],[-70.90905706538427,41.098398594367296],[-70.90887757179834,41.098268508781956],[-70.90859704294569,41.0981197900349],[-70.90838393640627,41.098028446116416]]]},"properties":{"kind":"block","org":0}},{"type":"Feature","geometry":{"type":"Polygon","coordinates":[[[-70.9091290056499,41.0987129002234],[-70.90761671560503,41.0994215191179],[-70.90820378662357,41.100110516830476],[-70.90967754816741,41.09940517224179],[-70.90946269939967,41.09901856415873],[-70.9091290056499,41.0987129002234]]]},"properties":{"kind":"block","org":0}},{"type":"Feature","geometry":{"type":"Polygon","coordinates":[[[-70.90994337087396,41.09945885989259],[-70.90831198219195,41.100239645077096],[-70.90886875988356,41.10091552618095],[-70.91025624295567,41.10024979260025],[-70.91025451646652,41.10024189852694],[-70.91024051003909,41.10018021823859],[-70.91018827451744,41.09995047909656],[-70.91012839127649,41.099690829473126],[-70.91006068800489,41.099566322546444],[-70.90994337087396,41.09945885989259]]]},"properties":{"kind":"block","org":0}},{"type":"Feature","geometry":{"type":"Polygon","coordinates":[[[-70.91027842231308,41.10042019328371],[-70.9089743479993,41.101045906187785],[-70.90940260312081,41.10158424460731],[-70.91040355181332,41.101114968810535],[-70.91040203166075,41.10110285772229],[-70.91027842231308,41.10042019328371]]]},"properties":{"kind":"block","org":0}},{"type":"Feature","geometry":{"type":"Polygon","coordinates":[[[-70.9104261177982,41.10128424619925],[-70.90951037808344,41.101713573384046],[-70.91006473086506,41.102349417304765],[-70.91016609551747,41.102250121801916],[-70.91034977362735,41.102031203828474],[-70.91048738925959,41.101831403140906],[-70.91051117005057,41.10170560257139],[-70.91045740420233,41.1014086668356],[-70.9104261177982,41.10128424619925]]]},"properties":{"kind":"block","org":0}},{"type":"Feature","geometry":{"type":"Polygon","coordinates":[[[-70.90684184846083,41.09874795357989],[-70.906777030894,41.098778413892035],[-70.906777030894,41.09962752764699],[-70.90733721381191,41.09937164650745],[-70.90684184846083,41.09874795357989]]]},"properties":{"kind":"block","org":0}},{"type":"Feature","geometry":{"type":"Polygon","coordinates":[[[-70.9074439900733,41.09950145219105],[-70.906777030894,41.09980610674115],[-70.906777030894,41.10074720786792],[-70.9080308595334,41.1001902133508],[-70.9074439900733,41.09950145219105]]]},"properties":{"kind":"block","org":0}},{"type":"Feature","geometry":{"type":"Polygon","coordinates":[[[-70.90813914251429,41.10031938469767],[-70.906777030894,41.10092448230061],[-70.906777030894,41.101858595729496],[-70.90869624848301,41.100995664302225],[-70.90813914251429,41.10031938469767]]]},"properties":{"kind":"block","org":0}},{"type":"Feature","geometry":{"type":"Polygon","coordinates":[[[-70.90880181033828,41.10112603269311],[-70.906777030894,41.102036427546594],[-70.906777030894,41.102572643746946],[-70.90691288304653,41.10273551257169],[-70.90923017975251,41.101664514784375],[-70.90880181033828,41.10112603269311]]]},"properties":{"kind":"block","org":0}},{"type":"Feature","geometry":{"type":"Polygon","coordinates":[[[-70.9093379082605,41.10179387348712],[-70.90702155116678,41.10286443700865],[-70.90754696753413,41.10348154043603],[-70.90798802943833,41.10343578426679],[-70.90983715958149,41.10257234319166],[-70.9099145514276,41.102496531139884],[-70.90992920487979,41.10247209207496],[-70.9093379082605,41.10179387348712]]]},"properties":{"kind":"block","org":0}},{"type":"Feature","geometry":{"type":"Polygon","coordinates":[[[-70.90972437441624,41.10280466295063],[-70.90775319951634,41.103725092148736],[-70.9081326769196,41.104180057744856],[-70.9084332871578,41.10404690674626],[-70.90922379447088,41.103648577352914],[-70.90972023241588,41.10282061688292],[-70.90972437441624,41.10280466295063]]]},"properties":{"kind":"block","org":0}},{"type":"Feature","geometry":{"type":"Polygon","coordinates":[[[-70.90685047240362,41.102946302291066],[-70.906777030894,41.102982682145935],[-70.906777030894,41.10402437579029],[-70.90747380362724,41.10367840707195],[-70.90685047240362,41.102946302291066]]]},"properties":{"kind":"block","org":0}},{"type":"Feature","geometry":{"type":"Polygon","coordinates":[[[-70.90758244599864,41.103807347314806],[-70.906777030894,41.10420726025368],[-70.906777030894,41.10478381983546],[-70.90720623861822,41.104628991170586],[-70.90769146668715,41.10442070328573],[-70.90797490759614,41.10427788000825],[-70.90758244599864,41.103807347314806]]]},"properties":{"kind":"block","org":0}},{"type":"Feature","geometry":{"type":"LineString","coordinates":[[-70.89377115149456,41.0994423871845],[-70.89364509013586,41.098837426831054],[-70.89265021342558,41.09891948948281],[-70.89277479518915,41.09946489439118],[-70.89377115149456,41.0994423871845]]},"properties":{"kind":"centerline","cls":"lane"}},{"type":"Feature","geometry":{"type":"LineString","coordinates":[[-70.89384707290263,41.099806729139395],[-70.89377115149456,41.0994423871845],[-70.89305336641442,41.09945860160204],[-70.89281435207631,41.09963806998127],[-70.89291627697325,41.10008428568316],[-70.89384707290263,41.099806729139395]]},"properties":{"kind":"centerline","cls":"lane"}},{"type":"Feature","geometry":{"type":"LineString","coordinates":[[-70.89294656902234,41.10021690085716],[-70.89323827036758,41.100269494585234],[-70.89394350375223,41.100269494585234],[-70.89384707290263,41.099806729139395],[-70.89291627697325,41.10008428568316],[-70.89294656902234,41.10021690085716]]},"properties":{"kind":"centerline","cls":"lane"}},{"type":"Feature","geometry":{"type":"LineString","coordinates":[[-70.89189378890427,41.09898188334673],[-70.89189378890427,41.099626303559596],[-70.89275519066751,41.09937906800677],[-70.89267889615093,41.09904505921901],[-70.89244353704136,41.09893653723554],[-70.89189378890427,41.09898188334673]]},"properties":{"kind":"centerline","cls":"lane"}},{"type":"Feature","geometry":{"type":"LineString","coordinates":[[-70.89189378890427,41.099626303559596],[-70.89189378890427,41.100269494585234],[-70.8929585825178,41.100269494585234],[-70.89275519066751,41.09937906800677],[-70.89189378890427,41.099626303559596]]},"properties":{"kind":"centerline","cls":"lane"}},{"type":"Feature","geometry":{"type":"LineString","coordinates":[[-70.89443877660862,41.098771959405845],[-70.89364509013586,41.098837426831054],[-70.89377392497984,41.09945569696202],[-70.89429964794112,41.09937603029508],[-70.89440393789423,41.09926877785773],[-70.89443877660862,41.098771959405845]]},"properties":{"kind":"centerline","cls":"lane"}},{"type":"Feature","geometry":{"type":"LineString","coordinates":[[-70.89538319404375,41.099211832584835],[-70.89538487795626,41.09869392000194],[-70.89443877660862,41.098771959405845],[-70.89439745630969,41.09936120867363],[-70.89538319404375,41.099211832584835]]},"properties":{"kind":"centerline","cls":"lane"}},{"type":"Feature","geometry":{"type":"LineString","coordinates":[[-70.89470259828352,41.09984284614983],[-70.89462730079615,41.09932637864812],[-70.89377392497984,41.09945569696202],[-70.89384244110526,41.0997845014417],[-70.89470259828352,41.09984284614983]]},"properties":{"kind":"centerline","cls":"lane"}},{"type":"Feature","geometry":{"type":"LineString","coordinates":[[-70.89394350375223,41.100269494585234],[-70.89476480075524,41.100269494585234],[-70.89470259828352,41.09984284614983],[-70.89384244110526,41.0997845014417],[-70.89394350375223,41.100269494585234]]},"properties":{"kind":"centerline","cls":"lane"}},{"type":"Feature","geometry":{"type":"LineString","coordinates":[[-70.89476480075524,41.100269494585234],[-70.89537975521962,41.100269494585234],[-70.89538319404375,41.099211832584835],[-70.89462730079615,41.09932637864812],[-70.89476480075524,41.100269494585234]]},"properties":{"kind":"centerline","cls":"lane"}},{"type":"Feature","geometry":{"type":"LineString","coordinates":[[-70.89388618934915,41.098728406422914],[-70.89405464398699,41.098803644680245],[-70.89465250090743,41.09875433030414],[-70.8945394502025,41.09828523172144],[-70.8938324753902,41.09838807567514],[-70.89388618934915,41.098728406422914]]},"properties":{"kind":"centerline","cls":"lane"}},{"type":"Feature","geometry":{"type":"LineString","coordinates":[[-70.8945394502025,41.09828523172144],[-70.89444115822435,41.09787737378138],[-70.89375520118195,41.09789846758076],[-70.8938324753902,41.09838807567514],[-70.8945394502025,41.09828523172144]]},"properties":{"kind":"centerline","cls":"lane"}},{"type":"Feature","geometry":{"type":"LineString","coordinates":[[-70.89465250090743,41.09875433030414],[-70.89538487795626,41.09869392000194],[-70.89538670494174,41.098132003183764],[-70.89455888543047,41.09836587728576],[-70.89465250090743,41.09875433030414]]},"properties":{"kind":"centerline","cls":"lane"}},{"type":"Feature","geometry":{"type":"LineString","coordinates":[[-70.89538670494174,41.098132003183764],[-70.89538762745948,41.097848268996486],[-70.89444115822435,41.09787737378138],[-70.89455888543047,41.09836587728576],[-70.89538670494174,41.098132003183764]]},"properties":{"kind":"centerline","cls":"lane"}},{"type":"Feature","geometry":{"type":"LineString","coordinates":[[-70.89456569121516,41.09728815400368],[-70.89392909004945,41.0972496803191],[-70.893777354617,41.097260803223946],[-70.89365848379941,41.09728566785865],[-70.89375520118195,41.09789846758076],[-70.89440743459919,41.09787841081335],[-70.89456569121516,41.09728815400368]]},"properties":{"kind":"centerline","cls":"lane"}},{"type":"Feature","geometry":{"type":"LineString","coordinates":[[-70.89538762745948,41.097848268996486],[-70.89538928675125,41.09733792889663],[-70.89456569121516,41.09728815400368],[-70.89440743459919,41.09787841081335],[-70.89538762745948,41.097848268996486]]},"properties":{"kind":"centerline","cls":"lane"}},{"type":"Feature","geometry":{"type":"LineString","coordinates":[[-70.89299432781519,41.09889110512219],[-70.8936930740722,41.098833468864186],[-70.89388027327246,41.09869092225965],[-70.89381342702032,41.09826738552134],[-70.89282594716585,41.09840992052509],[-70.89299432781519,41.09889110512219]]},"properties":{"kind":"centerline","cls":"lane"}},{"type":"Feature","geometry":{"type":"LineString","coordinates":[[-70.89353748784046,41.09830721518658],[-70.89380683936888,41.09822564627172],[-70.89378985235764,41.098118016851906],[-70.89264817292005,41.09790189166809],[-70.89282594716585,41.09840992052509],[-70.89353748784046,41.09830721518658]]},"properties":{"kind":"centerline","cls":"lane"}},{"type":"Feature","geometry":{"type":"LineString","coordinates":[[-70.89251780203493,41.098930411469155],[-70.89299432781519,41.09889110512219],[-70.89282987550139,41.09842114660462],[-70.89229648217172,41.09844579141813],[-70.89251780203493,41.098930411469155]]},"properties":{"kind":"centerline","cls":"lane"}},{"type":"Feature","geometry":{"type":"LineString","coordinates":[[-70.89189378890427,41.09846439738848],[-70.89189378890427,41.09898188334673],[-70.89251780203493,41.098930411469155],[-70.89229648217172,41.09844579141813],[-70.89189378890427,41.09846439738848]]},"properties":{"kind":"centerline","cls":"lane"}},{"type":"Feature","geometry":{"type":"LineString","coordinates":[[-70.89230365709876,41.09844545990904],[-70.89268312904159,41.098427926852764],[-70.89277920412538,41.098276342045736],[-70.89264817292005,41.09790189166809],[-70.89241876253239,41.09785846322349],[-70.89230365709876,41.09844545990904]]},"properties":{"kind":"centerline","cls":"lane"}},{"type":"Feature","geometry":{"type":"LineString","coordinates":[[-70.89191144290048,41.09796392087479],[-70.89189378890427,41.09808036605718],[-70.89189378890427,41.09846439738848],[-70.89230365709876,41.09844545990904],[-70.89241876253239,41.09785846322349],[-70.89210654393065,41.097799358802],[-70.89197922519237,41.09790086242261],[-70.89191144290048,41.09796392087479]]},"properties":{"kind":"centerline","cls":"lane"}},{"type":"Feature","geometry":{"type":"LineString","coordinates":[[-70.89332809517032,41.098030604086375],[-70.89378985235764,41.098118016851906],[-70.89365848379941,41.09728566785865],[-70.89347589826379,41.09732385992915],[-70.89341689219539,41.09734493066473],[-70.89337264720656,41.09755649516315],[-70.89332809517032,41.098030604086375]]},"properties":{"kind":"centerline","cls":"lane"}},{"type":"Feature","geometry":{"type":"LineString","coordinates":[[-70.89256999256745,41.097887091766715],[-70.89316645653123,41.098000005146396],[-70.89333972616114,41.097906830696736],[-70.89338264576836,41.09745009357613],[-70.8929524208,41.09751079079105],[-70.89267624737188,41.09760941077093],[-70.89256999256745,41.097887091766715]]},"properties":{"kind":"centerline","cls":"lane"}},{"type":"Feature","geometry":{"type":"LineString","coordinates":[[-70.89209141182835,41.09779649422523],[-70.89256999256745,41.097887091766715],[-70.89268823461535,41.097578083907926],[-70.89261624567996,41.09755821921806],[-70.89242790795359,41.0975847903757],[-70.89220926949092,41.09768685022276],[-70.89209141182835,41.09779649422523]]},"properties":{"kind":"centerline","cls":"lane"}},{"type":"Feature","geometry":{"type":"LineString","coordinates":[[-70.89689292811603,41.09910685801967],[-70.89715087286321,41.09898317983869],[-70.89708794601466,41.09866758905402],[-70.89614470578408,41.09878228074967],[-70.8961815269635,41.09910219476193],[-70.89689292811603,41.09910685801967]]},"properties":{"kind":"centerline","cls":"lane"}},{"type":"Feature","geometry":{"type":"LineString","coordinates":[[-70.89720459586056,41.09925261146103],[-70.89717590338475,41.099108712931766],[-70.8961815269635,41.09910219476193],[-70.89620490259128,41.0993052895837],[-70.89720459586056,41.09925261146103]]},"properties":{"kind":"centerline","cls":"lane"}},{"type":"Feature","geometry":{"type":"LineString","coordinates":[[-70.89727176043662,41.09958945530048],[-70.89720459586056,41.09925261146103],[-70.89696015495404,41.09926549209998],[-70.89699017151962,41.09958896437554],[-70.89727176043662,41.09958945530048]]},"properties":{"kind":"centerline","cls":"lane"}},{"type":"Feature","geometry":{"type":"LineString","coordinates":[[-70.89614470578408,41.09878228074967],[-70.89538429004087,41.098874742211926],[-70.89538300676263,41.09926943370376],[-70.8955201223863,41.09934137358741],[-70.89620490259128,41.0993052895837],[-70.89614470578408,41.09878228074967]]},"properties":{"kind":"centerline","cls":"lane"}},{"type":"Feature","geometry":{"type":"LineString","coordinates":[[-70.89538274932549,41.09934861236271],[-70.8953819769741,41.09958616063303],[-70.89583083315834,41.099586943173406],[-70.89580664453791,41.099326275507316],[-70.89538274932549,41.09934861236271]]},"properties":{"kind":"centerline","cls":"lane"}},{"type":"Feature","geometry":{"type":"LineString","coordinates":[[-70.89655888952272,41.100269494585234],[-70.89740735605966,41.100269494585234],[-70.8973769541252,41.10011702277754],[-70.89655357499417,41.10016041015265],[-70.89655888952272,41.100269494585234]]},"properties":{"kind":"centerline","cls":"lane"}},{"type":"Feature","geometry":{"type":"LineString","coordinates":[[-70.8973769541252,41.10011702277754],[-70.89727176043662,41.09958945530048],[-70.89704330872313,41.09958905701547],[-70.8969997284294,41.099691954017935],[-70.89704081625999,41.100134735322214],[-70.8973769541252,41.10011702277754]]},"properties":{"kind":"centerline","cls":"lane"}},{"type":"Feature","geometry":{"type":"LineString","coordinates":[[-70.89594200529707,41.100269494585234],[-70.89655888952272,41.100269494585234],[-70.89655492744463,41.10018817014848],[-70.89639929720683,41.10016853971044],[-70.89594733193154,41.10019235569774],[-70.89594200529707,41.100269494585234]]},"properties":{"kind":"centerline","cls":"lane"}},{"type":"Feature","geometry":{"type":"LineString","coordinates":[[-70.89537975521962,41.100269494585234],[-70.89589417042326,41.100269494585234],[-70.89583083315834,41.099586943173406],[-70.895507112767,41.099586378796026],[-70.89538135757523,41.09977666605311],[-70.89537975521962,41.100269494585234]]},"properties":{"kind":"centerline","cls":"lane"}},{"type":"Feature","geometry":{"type":"LineString","coordinates":[[-70.89719293899894,41.099194149958684],[-70.89723633396284,41.099411784418784],[-70.89745667523054,41.099396391256],[-70.89719293899894,41.099194149958684]]},"properties":{"kind":"centerline","cls":"lane"}},{"type":"Feature","geometry":{"type":"LineString","coordinates":[[-70.89776181451104,41.09858565115741],[-70.89708794601466,41.09866758905402],[-70.89709941858227,41.09872512628489],[-70.89793153234105,41.09936321747571],[-70.89793231322633,41.099363162922636],[-70.89776181451104,41.09858565115741]]},"properties":{"kind":"centerline","cls":"lane"}},{"type":"Feature","geometry":{"type":"LineString","coordinates":[[-70.89709941858227,41.09872512628489],[-70.89719293899894,41.099194149958684],[-70.89745667523054,41.099396391256],[-70.89773756451515,41.099376768175276],[-70.89784523074275,41.099297038676184],[-70.89709941858227,41.09872512628489]]},"properties":{"kind":"centerline","cls":"lane"}},{"type":"Feature","geometry":{"type":"LineString","coordinates":[[-70.89868870114628,41.09899777857769],[-70.89868870114628,41.098472947949446],[-70.89776181451104,41.09858565115741],[-70.89784331471644,41.09895731007843],[-70.89868870114628,41.09899777857769]]},"properties":{"kind":"centerline","cls":"lane"}},{"type":"Feature","geometry":{"type":"LineString","coordinates":[[-70.89868870114628,41.09931032124435],[-70.89868870114628,41.09899777857769],[-70.89784331471644,41.09895731007843],[-70.89793231322633,41.099363162922636],[-70.89868870114628,41.09931032124435]]},"properties":{"kind":"centerline","cls":"lane"}},{"type":"Feature","geometry":{"type":"LineString","coordinates":[[-70.89740735605966,41.100269494585234],[-70.89779052247953,41.100269494585234],[-70.89790958165895,41.09974369425296],[-70.89745667523054,41.099396391256],[-70.89723633396284,41.099411784418784],[-70.89740735605966,41.100269494585234]]},"properties":{"kind":"centerline","cls":"lane"}},{"type":"Feature","geometry":{"type":"LineString","coordinates":[[-70.89770346461337,41.09940201999424],[-70.89767613128804,41.09938105993449],[-70.89745667523054,41.099396391256],[-70.8975816505665,41.09949222630271],[-70.89770346461337,41.09940201999424]]},"properties":{"kind":"centerline","cls":"lane"}},{"type":"Feature","geometry":{"type":"LineString","coordinates":[[-70.89868870114628,41.099902734940024],[-70.89868870114628,41.09931032124435],[-70.89799676654295,41.099358660178304],[-70.89798623603413,41.09940516600054],[-70.8986249782139,41.09989497373875],[-70.89868870114628,41.099902734940024]]},"properties":{"kind":"centerline","cls":"lane"}},{"type":"Feature","geometry":{"type":"LineString","coordinates":[[-70.89800902889891,41.099819953546955],[-70.89789544641405,41.09980611964927],[-70.8978004833973,41.10022550424445],[-70.89849047983306,41.10018914537518],[-70.89800902889891,41.099819953546955]]},"properties":{"kind":"centerline","cls":"lane"}},{"type":"Feature","geometry":{"type":"LineString","coordinates":[[-70.89779052247953,41.100269494585234],[-70.89831776641213,41.100269494585234],[-70.89846760168675,41.10025189894248],[-70.89846191813785,41.10019065041331],[-70.8978004833973,41.10022550424445],[-70.89779052247953,41.100269494585234]]},"properties":{"kind":"centerline","cls":"lane"}},{"type":"Feature","geometry":{"type":"LineString","coordinates":[[-70.89868870114628,41.098472947949446],[-70.89868870114628,41.09839020824281],[-70.89723480642373,41.09821980396747],[-70.8971562758025,41.098262651882855],[-70.89713038095756,41.098662429249124],[-70.89868870114628,41.098472947949446]]},"properties":{"kind":"centerline","cls":"lane"}},{"type":"Feature","geometry":{"type":"LineString","coordinates":[[-70.89868870114628,41.0981425600954],[-70.89868870114628,41.09770553211809],[-70.89835751572677,41.09779627932059],[-70.89803889484531,41.09801307900037],[-70.8980904982411,41.09816440371668],[-70.89868870114628,41.0981425600954]]},"properties":{"kind":"centerline","cls":"lane"}},{"type":"Feature","geometry":{"type":"LineString","coordinates":[[-70.89728225108443,41.09819391718884],[-70.8980904982411,41.09816440371668],[-70.89800246703656,41.09790625603381],[-70.89795801121515,41.0979057464489],[-70.89775756241288,41.097960670871835],[-70.89754398397339,41.09805111036388],[-70.89728225108443,41.09819391718884]]},"properties":{"kind":"centerline","cls":"lane"}},{"type":"Feature","geometry":{"type":"LineString","coordinates":[[-70.89538703660831,41.09802999415059],[-70.89538429004087,41.098874742211926],[-70.89604726657286,41.09879412870525],[-70.89606228312076,41.09812605868664],[-70.89538703660831,41.09802999415059]]},"properties":{"kind":"centerline","cls":"lane"}},{"type":"Feature","geometry":{"type":"LineString","coordinates":[[-70.89604726657286,41.09879412870525],[-70.89713038095756,41.098662429249124],[-70.89715505348522,41.09828152261889],[-70.89625125852363,41.09815294343771],[-70.89605968627308,41.098241589639],[-70.89604726657286,41.09879412870525]]},"properties":{"kind":"centerline","cls":"lane"}},{"type":"Feature","geometry":{"type":"LineString","coordinates":[[-70.89547074339444,41.09734285181755],[-70.89538928675125,41.09733792889663],[-70.89538703660831,41.09802999415059],[-70.8962793208915,41.098156935755036],[-70.8963475851275,41.09782371009586],[-70.89628082870688,41.09777216923036],[-70.89604769125732,41.09762904285325],[-70.89579842148504,41.09749500386984],[-70.89553097730986,41.09737035434126],[-70.89547074339444,41.09734285181755]]},"properties":{"kind":"centerline","cls":"lane"}},{"type":"Feature","geometry":{"type":"LineString","coordinates":[[-70.89639397835492,41.09812125439883],[-70.89628686540168,41.09812010791473],[-70.8962793208915,41.098156935755036],[-70.89681980471222,41.098233828158804],[-70.89674053183256,41.09816187232894],[-70.89639397835492,41.09812125439883]]},"properties":{"kind":"centerline","cls":"lane"}},{"type":"Feature","geometry":{"type":"LineString","coordinates":[[-70.89454251429802,41.09728675328146],[-70.89541227283739,41.09733931808577],[-70.895412315854,41.09731870365082],[-70.89525466006165,41.097244189179726],[-70.89502370830097,41.09713873768735],[-70.89483599569564,41.097122249943546],[-70.89454526039043,41.097179217031915],[-70.89454251429802,41.09728675328146]]},"properties":{"kind":"centerline","cls":"lane"}},{"type":"Feature","geometry":{"type":"LineString","coordinates":[[-70.89412516810783,41.09726153051005],[-70.89454251429802,41.09728675328146],[-70.89454461323058,41.09720455963989],[-70.89433899959661,41.09721963206463],[-70.89412516810783,41.09726153051005]]},"properties":{"kind":"centerline","cls":"lane"}},{"type":"Feature","geometry":{"type":"LineString","coordinates":[[-70.90656181847821,41.09746602734381],[-70.9065007055099,41.09800634021001],[-70.90667570325532,41.098016198032745],[-70.90667570325532,41.09748653506348],[-70.9065695469299,41.09746693399806],[-70.90656181847821,41.09746602734381]]},"properties":{"kind":"centerline","cls":"grid"}},{"type":"Feature","geometry":{"type":"LineString","coordinates":[[-70.90667570325532,41.098016198032745],[-70.9065007055099,41.09800634021001],[-70.90641586746291,41.09874906550439],[-70.90667570325532,41.09876527713548],[-70.90667570325532,41.098016198032745]]},"properties":{"kind":"centerline","cls":"grid"}},{"type":"Feature","geometry":{"type":"LineString","coordinates":[[-70.90667570325532,41.09876527713548],[-70.90641586746291,41.09874906550439],[-70.90632723688084,41.09949977605441],[-70.90667570325532,41.09952216144489],[-70.90667570325532,41.09876527713548]]},"properties":{"kind":"centerline","cls":"grid"}},{"type":"Feature","geometry":{"type":"LineString","coordinates":[[-70.90667570325532,41.09952216144489],[-70.90632723688084,41.09949977605441],[-70.90624550579169,41.1001870215348],[-70.90667570325532,41.10021152542838],[-70.90667570325532,41.09952216144489]]},"properties":{"kind":"centerline","cls":"grid"}},{"type":"Feature","geometry":{"type":"LineString","coordinates":[[-70.90667570325532,41.10021152542838],[-70.90624550579169,41.1001870215348],[-70.90618682370186,41.1009417045016],[-70.90667570325532,41.10097474354112],[-70.90667570325532,41.10021152542838]]},"properties":{"kind":"centerline","cls":"grid"}},{"type":"Feature","geometry":{"type":"LineString","coordinates":[[-70.90667570325532,41.10097474354112],[-70.90618682370186,41.1009417045016],[-70.90610526078403,41.1016618346732],[-70.90667570325532,41.10169382909366],[-70.90667570325532,41.10097474354112]]},"properties":{"kind":"centerline","cls":"grid"}},{"type":"Feature","geometry":{"type":"LineString","coordinates":[[-70.90667570325532,41.10169382909366],[-70.90610526078403,41.1016618346732],[-70.90604784912426,41.102254254927786],[-70.90667570325532,41.10229289140633],[-70.90667570325532,41.10169382909366]]},"properties":{"kind":"centerline","cls":"grid"}},{"type":"Feature","geometry":{"type":"LineString","coordinates":[[-70.90667570325532,41.10229289140633],[-70.90604784912426,41.102254254927786],[-70.90595253972754,41.102964440437596],[-70.90667570325532,41.102964440437596],[-70.90667570325532,41.10229289140633]]},"properties":{"kind":"centerline","cls":"grid"}},{"type":"Feature","geometry":{"type":"LineString","coordinates":[[-70.90426492810114,41.097120476536865],[-70.90425264455729,41.09720360841661],[-70.90570413588209,41.09728667553471],[-70.90559786503272,41.097261551605904],[-70.90537042798489,41.097226239277084],[-70.90459076671274,41.09714566044826],[-70.90426492810114,41.097120476536865]]},"properties":{"kind":"centerline","cls":"grid"}},{"type":"Feature","geometry":{"type":"LineString","coordinates":[[-70.90554351048402,41.097277483134675],[-70.90425264455729,41.09720360841661],[-70.90421180803722,41.09789137469597],[-70.9065007055099,41.09800634021001],[-70.90655923889894,41.097488833957726],[-70.90609945633574,41.09738013486993],[-70.90554351048402,41.097277483134675]]},"properties":{"kind":"centerline","cls":"grid"}},{"type":"Feature","geometry":{"type":"LineString","coordinates":[[-70.9065007055099,41.09800634021001],[-70.90421180803722,41.09789137469597],[-70.90409389693208,41.09863659212428],[-70.90641586746291,41.09874906550439],[-70.9065007055099,41.09800634021001]]},"properties":{"kind":"centerline","cls":"grid"}},{"type":"Feature","geometry":{"type":"LineString","coordinates":[[-70.90641586746291,41.09874906550439],[-70.90409389693208,41.09863659212428],[-70.904040636658,41.099386941687925],[-70.90632723688084,41.09949977605441],[-70.90641586746291,41.09874906550439]]},"properties":{"kind":"centerline","cls":"grid"}},{"type":"Feature","geometry":{"type":"LineString","coordinates":[[-70.90632723688084,41.09949977605441],[-70.904040636658,41.099386941687925],[-70.90395063867962,41.10006277125314],[-70.90624550579169,41.1001870215348],[-70.90632723688084,41.09949977605441]]},"properties":{"kind":"centerline","cls":"grid"}},{"type":"Feature","geometry":{"type":"LineString","coordinates":[[-70.90624550579169,41.1001870215348],[-70.90395063867962,41.10006277125314],[-70.90387638473658,41.100817585159234],[-70.90618682370186,41.1009417045016],[-70.90624550579169,41.1001870215348]]},"properties":{"kind":"centerline","cls":"grid"}},{"type":"Feature","geometry":{"type":"LineString","coordinates":[[-70.90618682370186,41.1009417045016],[-70.90387638473658,41.100817585159234],[-70.9038130325677,41.10151996747423],[-70.90610526078403,41.1016618346732],[-70.90618682370186,41.1009417045016]]},"properties":{"kind":"centerline","cls":"grid"}},{"type":"Feature","geometry":{"type":"LineString","coordinates":[[-70.90610526078403,41.1016618346732],[-70.9038130325677,41.10151996747423],[-70.90376611033811,41.10213826049957],[-70.90604784912426,41.102254254927786],[-70.90610526078403,41.1016618346732]]},"properties":{"kind":"centerline","cls":"grid"}},{"type":"Feature","geometry":{"type":"LineString","coordinates":[[-70.90604784912426,41.102254254927786],[-70.90376611033811,41.10213826049957],[-70.90367756047284,41.10285522525643],[-70.9059224683686,41.102964440437596],[-70.90595253972754,41.102964440437596],[-70.90604784912426,41.102254254927786]]},"properties":{"kind":"centerline","cls":"grid"}},{"type":"Feature","geometry":{"type":"LineString","coordinates":[[-70.9059224683686,41.102964440437596],[-70.90367756047284,41.10285522525643],[-70.90366905649704,41.102964440437596],[-70.9059224683686,41.102964440437596]]},"properties":{"kind":"centerline","cls":"grid"}},{"type":"Feature","geometry":{"type":"LineString","coordinates":[[-70.90163217116024,41.09696725179778],[-70.90162264973179,41.0970563956507],[-70.90425264455729,41.09720360841661],[-70.90426536983794,41.097117486975336],[-70.90405476571293,41.097090264169964],[-70.90258439820815,41.09693830011108],[-70.90165580746381,41.09696514211958],[-70.90163217116024,41.09696725179778]]},"properties":{"kind":"centerline","cls":"grid"}},{"type":"Feature","geometry":{"type":"LineString","coordinates":[[-70.90425264455729,41.09720360841661],[-70.90162264973179,41.0970563956507],[-70.90155493963847,41.09774027366116],[-70.90421180803722,41.09789137469597],[-70.90425264455729,41.09720360841661]]},"properties":{"kind":"centerline","cls":"grid"}},{"type":"Feature","geometry":{"type":"LineString","coordinates":[[-70.90421180803722,41.09789137469597],[-70.90155493963847,41.09774027366116],[-70.9014684642251,41.098504766743574],[-70.90409389693208,41.09863659212428],[-70.90421180803722,41.09789137469597]]},"properties":{"kind":"centerline","cls":"grid"}},{"type":"Feature","geometry":{"type":"LineString","coordinates":[[-70.90409389693208,41.09863659212428],[-70.9014684642251,41.098504766743574],[-70.9014270619998,41.09924576971038],[-70.904040636658,41.099386941687925],[-70.90409389693208,41.09863659212428]]},"properties":{"kind":"centerline","cls":"grid"}},{"type":"Feature","geometry":{"type":"LineString","coordinates":[[-70.904040636658,41.099386941687925],[-70.9014270619998,41.09924576971038],[-70.90132549338135,41.09992495385959],[-70.90241684200467,41.099982248525464],[-70.90397227629754,41.09990028602657],[-70.904040636658,41.099386941687925]]},"properties":{"kind":"centerline","cls":"grid"}},{"type":"Feature","geometry":{"type":"LineString","coordinates":[[-70.90253003377713,41.0999881909756],[-70.90395063867962,41.10006277125314],[-70.90397227629754,41.09990028602657],[-70.90252893424424,41.09997634190497],[-70.90253003377713,41.0999881909756]]},"properties":{"kind":"centerline","cls":"grid"}},{"type":"Feature","geometry":{"type":"LineString","coordinates":[[-70.90241684200467,41.099982248525464],[-70.90132549338135,41.09992495385959],[-70.90131941959639,41.10004007641529],[-70.90241684200467,41.099982248525464]]},"properties":{"kind":"centerline","cls":"grid"}},{"type":"Feature","geometry":{"type":"LineString","coordinates":[[-70.90395063867962,41.10006277125314],[-70.90253003377713,41.0999881909756],[-70.9026003695659,41.100746161689756],[-70.90387638473658,41.100817585159234],[-70.90395063867962,41.10006277125314]]},"properties":{"kind":"centerline","cls":"grid"}},{"type":"Feature","geometry":{"type":"LineString","coordinates":[[-70.90387638473658,41.100817585159234],[-70.9026003695659,41.100746161689756],[-70.9026667175357,41.10146115783787],[-70.9038130325677,41.10151996747423],[-70.90387638473658,41.100817585159234]]},"properties":{"kind":"centerline","cls":"grid"}},{"type":"Feature","geometry":{"type":"LineString","coordinates":[[-70.9033482078597,41.10211240235302],[-70.90376611033811,41.10213826049957],[-70.90376975847866,41.1020901890443],[-70.9033482078597,41.10211240235302]]},"properties":{"kind":"centerline","cls":"grid"}},{"type":"Feature","geometry":{"type":"LineString","coordinates":[[-70.9038130325677,41.10151996747423],[-70.9026667175357,41.10146115783787],[-70.90272356311007,41.10207375181536],[-70.9033482078597,41.10211240235302],[-70.90376975847866,41.1020901890443],[-70.9038130325677,41.10151996747423]]},"properties":{"kind":"centerline","cls":"grid"}},{"type":"Feature","geometry":{"type":"LineString","coordinates":[[-70.9011496164313,41.10222825555771],[-70.90111930446302,41.102229852825225],[-70.90108482360208,41.102697735632056],[-70.90182009241832,41.10274239778462],[-70.9011496164313,41.10222825555771]]},"properties":{"kind":"centerline","cls":"grid"}},{"type":"Feature","geometry":{"type":"LineString","coordinates":[[-70.90376611033811,41.10213826049957],[-70.9033482078597,41.10211240235302],[-70.90163442017489,41.102202709170776],[-70.90238278242067,41.10277657704828],[-70.90367756047284,41.10285522525643],[-70.90376611033811,41.10213826049957]]},"properties":{"kind":"centerline","cls":"grid"}},{"type":"Feature","geometry":{"type":"LineString","coordinates":[[-70.9033482078597,41.10211240235302],[-70.90272356311007,41.10207375181536],[-70.90273017172917,41.10214496932541],[-70.9033482078597,41.10211240235302]]},"properties":{"kind":"centerline","cls":"grid"}},{"type":"Feature","geometry":{"type":"LineString","coordinates":[[-70.90182009241832,41.10274239778462],[-70.90108482360208,41.102697735632056],[-70.90106730401115,41.102964440437596],[-70.90210965094731,41.102964440437596],[-70.90182009241832,41.10274239778462]]},"properties":{"kind":"centerline","cls":"grid"}},{"type":"Feature","geometry":{"type":"LineString","coordinates":[[-70.90367756047284,41.10285522525643],[-70.90238278242067,41.10277657704828],[-70.90262776889482,41.102964440437596],[-70.90366905649704,41.102964440437596],[-70.90367756047284,41.10285522525643]]},"properties":{"kind":"centerline","cls":"grid"}},{"type":"Feature","geometry":{"type":"LineString","coordinates":[[-70.90040099531933,41.097009665862124],[-70.90162264973179,41.0970563956507],[-70.9016295732828,41.096991574283166],[-70.9012080097245,41.096978086240334],[-70.90044778999544,41.09700006128645],[-70.90043628678566,41.09700121537811],[-70.90040099531933,41.097009665862124]]},"properties":{"kind":"centerline","cls":"grid"}},{"type":"Feature","geometry":{"type":"LineString","coordinates":[[-70.90162264973179,41.0970563956507],[-70.90073286358228,41.09702236023264],[-70.89983177986909,41.09714596357273],[-70.89903170390537,41.09733754045652],[-70.89885959112011,41.097454651414715],[-70.89870948923038,41.09759449646802],[-70.89870862338259,41.09760025068221],[-70.90155493963847,41.09774027366116],[-70.90162264973179,41.0970563956507]]},"properties":{"kind":"centerline","cls":"grid"}},{"type":"Feature","geometry":{"type":"LineString","coordinates":[[-70.90155493963847,41.09774027366116],[-70.89870862338259,41.09760025068221],[-70.89868870114628,41.0980182598956],[-70.89868870114628,41.098348868842386],[-70.9014684642251,41.098504766743574],[-70.90155493963847,41.09774027366116]]},"properties":{"kind":"centerline","cls":"grid"}},{"type":"Feature","geometry":{"type":"LineString","coordinates":[[-70.9014684642251,41.098504766743574],[-70.89868870114628,41.098348868842386],[-70.89868870114628,41.09911466572402],[-70.9014270619998,41.09924576971038],[-70.9014684642251,41.098504766743574]]},"properties":{"kind":"centerline","cls":"grid"}},{"type":"Feature","geometry":{"type":"LineString","coordinates":[[-70.9014270619998,41.09924576971038],[-70.89868870114628,41.09911466572402],[-70.89868870114628,41.09980491705002],[-70.90132549338135,41.09992495385959],[-70.9014270619998,41.09924576971038]]},"properties":{"kind":"centerline","cls":"grid"}},{"type":"Feature","geometry":{"type":"LineString","coordinates":[[-70.90132549338135,41.09992495385959],[-70.89868870114628,41.09980491705002],[-70.89868870114628,41.099943838501986],[-70.89897528357665,41.100163598988246],[-70.90131941959639,41.10004007641529],[-70.90132549338135,41.09992495385959]]},"properties":{"kind":"centerline","cls":"grid"}},{"type":"Feature","geometry":{"type":"LineString","coordinates":[[-70.8984722977532,41.100302505908125],[-70.89845164102277,41.10053980338405],[-70.89849450408279,41.10054181149901],[-70.8984722977532,41.100302505908125]]},"properties":{"kind":"centerline","cls":"grid"}},{"type":"Feature","geometry":{"type":"LineString","coordinates":[[-70.89849450408279,41.10054181149901],[-70.89845164102277,41.10053980338405],[-70.89838624761592,41.10124288862995],[-70.89856038173187,41.10125173925547],[-70.89849450408279,41.10054181149901]]},"properties":{"kind":"centerline","cls":"grid"}},{"type":"Feature","geometry":{"type":"LineString","coordinates":[[-70.89856038173187,41.10125173925547],[-70.89838624761592,41.10124288862995],[-70.89835843162058,41.1018343180648],[-70.89861565566424,41.101847396498044],[-70.89856038173187,41.10125173925547]]},"properties":{"kind":"centerline","cls":"grid"}},{"type":"Feature","geometry":{"type":"LineString","coordinates":[[-70.89868870114628,41.10235793173063],[-70.89868870114628,41.102574109719136],[-70.90108482360208,41.102697735632056],[-70.90111930446302,41.102229852825225],[-70.89868870114628,41.10235793173063]]},"properties":{"kind":"centerline","cls":"grid"}},{"type":"Feature","geometry":{"type":"LineString","coordinates":[[-70.89861565566424,41.101847396498044],[-70.89835843162058,41.1018343180648],[-70.89828944811187,41.102553510596266],[-70.89868306392907,41.102573818871676],[-70.89861565566424,41.101847396498044]]},"properties":{"kind":"centerline","cls":"grid"}},{"type":"Feature","geometry":{"type":"LineString","coordinates":[[-70.90108482360208,41.102697735632056],[-70.89868870114628,41.102574109719136],[-70.89868870114628,41.102964440437596],[-70.90106730401115,41.102964440437596],[-70.90108482360208,41.102697735632056]]},"properties":{"kind":"centerline","cls":"grid"}},{"type":"Feature","geometry":{"type":"LineString","coordinates":[[-70.89868870114628,41.102574109719136],[-70.89828944811187,41.102553510596266],[-70.89824009323482,41.102964440437596],[-70.89868870114628,41.102964440437596],[-70.89868870114628,41.102574109719136]]},"properties":{"kind":"centerline","cls":"grid"}},{"type":"Feature","geometry":{"type":"LineString","coordinates":[[-70.89613055637984,41.100269494585234],[-70.8961117592451,41.100445707471486],[-70.89845164102277,41.10053980338405],[-70.89847517138679,41.100269494585234],[-70.89613055637984,41.100269494585234]]},"properties":{"kind":"centerline","cls":"grid"}},{"type":"Feature","geometry":{"type":"LineString","coordinates":[[-70.89845164102277,41.10053980338405],[-70.8961117592451,41.100445707471486],[-70.89607502647154,41.101144747118674],[-70.89838624761592,41.10124288862995],[-70.89845164102277,41.10053980338405]]},"properties":{"kind":"centerline","cls":"grid"}},{"type":"Feature","geometry":{"type":"LineString","coordinates":[[-70.89838624761592,41.10124288862995],[-70.89607502647154,41.101144747118674],[-70.89599718959546,41.10173689571286],[-70.89835843162058,41.1018343180648],[-70.89838624761592,41.10124288862995]]},"properties":{"kind":"centerline","cls":"grid"}},{"type":"Feature","geometry":{"type":"LineString","coordinates":[[-70.89835843162058,41.1018343180648],[-70.89599718959546,41.10173689571286],[-70.895963985299,41.102432060940146],[-70.89828944811187,41.102553510596266],[-70.89835843162058,41.1018343180648]]},"properties":{"kind":"centerline","cls":"grid"}},{"type":"Feature","geometry":{"type":"LineString","coordinates":[[-70.89828944811187,41.102553510596266],[-70.895963985299,41.102432060940146],[-70.89589978732236,41.102964440437596],[-70.89824009323482,41.102964440437596],[-70.89828944811187,41.102553510596266]]},"properties":{"kind":"centerline","cls":"grid"}},{"type":"Feature","geometry":{"type":"LineString","coordinates":[[-70.89395589576867,41.100269494585234],[-70.89394985502358,41.10033337973457],[-70.8961117592451,41.100445707471486],[-70.89613055637984,41.100269494585234],[-70.89395589576867,41.100269494585234]]},"properties":{"kind":"centerline","cls":"grid"}},{"type":"Feature","geometry":{"type":"LineString","coordinates":[[-70.8961117592451,41.100445707471486],[-70.89394985502358,41.10033337973457],[-70.89388999516052,41.10104710018667],[-70.89607502647154,41.101144747118674],[-70.8961117592451,41.100445707471486]]},"properties":{"kind":"centerline","cls":"grid"}},{"type":"Feature","geometry":{"type":"LineString","coordinates":[[-70.89607502647154,41.101144747118674],[-70.89388999516052,41.10104710018667],[-70.89382381014946,41.10161778235399],[-70.89599718959546,41.10173689571286],[-70.89607502647154,41.101144747118674]]},"properties":{"kind":"centerline","cls":"grid"}},{"type":"Feature","geometry":{"type":"LineString","coordinates":[[-70.89599718959546,41.10173689571286],[-70.89382381014946,41.10161778235399],[-70.893772973555,41.102340503975746],[-70.895963985299,41.102432060940146],[-70.89599718959546,41.10173689571286]]},"properties":{"kind":"centerline","cls":"grid"}},{"type":"Feature","geometry":{"type":"LineString","coordinates":[[-70.895963985299,41.102432060940146],[-70.893772973555,41.102340503975746],[-70.8937215929496,41.102964440437596],[-70.89589978732236,41.102964440437596],[-70.895963985299,41.102432060940146]]},"properties":{"kind":"centerline","cls":"grid"}},{"type":"Feature","geometry":{"type":"LineString","coordinates":[[-70.89189378890427,41.09801048009416],[-70.89186585645648,41.09800897120213],[-70.8916887005529,41.098132480353975],[-70.8915009855194,41.098282134331086],[-70.89145186703887,41.09875058338429],[-70.89189378890427,41.09877225006865],[-70.89189378890427,41.09801048009416]]},"properties":{"kind":"centerline","cls":"grid"}},{"type":"Feature","geometry":{"type":"LineString","coordinates":[[-70.89189378890427,41.09877225006865],[-70.89145186703887,41.09875058338429],[-70.8913950888405,41.09942460925554],[-70.89189378890427,41.099451475292796],[-70.89189378890427,41.09877225006865]]},"properties":{"kind":"centerline","cls":"grid"}},{"type":"Feature","geometry":{"type":"LineString","coordinates":[[-70.89262785465122,41.100269494585234],[-70.89394985502358,41.10033337973457],[-70.89395589576867,41.100269494585234],[-70.89262785465122,41.100269494585234]]},"properties":{"kind":"centerline","cls":"grid"}},{"type":"Feature","geometry":{"type":"LineString","coordinates":[[-70.89189378890427,41.099451475292796],[-70.8913950888405,41.09942460925554],[-70.89132540849738,41.100206554385835],[-70.89189378890427,41.10023402114601],[-70.89189378890427,41.099451475292796]]},"properties":{"kind":"centerline","cls":"grid"}},{"type":"Feature","geometry":{"type":"LineString","coordinates":[[-70.89394985502358,41.10033337973457],[-70.89262785465122,41.100269494585234],[-70.89189378890427,41.100269494585234],[-70.89189378890427,41.10094597030482],[-70.89388999516052,41.10104710018667],[-70.89394985502358,41.10033337973457]]},"properties":{"kind":"centerline","cls":"grid"}},{"type":"Feature","geometry":{"type":"LineString","coordinates":[[-70.89189378890427,41.10023402114601],[-70.89132540849738,41.100206554385835],[-70.89125486966435,41.10091360199266],[-70.89189378890427,41.10094597030482],[-70.89189378890427,41.10023402114601]]},"properties":{"kind":"centerline","cls":"grid"}},{"type":"Feature","geometry":{"type":"LineString","coordinates":[[-70.89388999516052,41.10104710018667],[-70.89189378890427,41.10094597030482],[-70.89189378890427,41.10154022527196],[-70.89382381014946,41.10161778235399],[-70.89388999516052,41.10104710018667]]},"properties":{"kind":"centerline","cls":"grid"}},{"type":"Feature","geometry":{"type":"LineString","coordinates":[[-70.89189378890427,41.10094597030482],[-70.89125486966435,41.10091360199266],[-70.89121141177695,41.10151280423763],[-70.89189378890427,41.10154022527196],[-70.89189378890427,41.10094597030482]]},"properties":{"kind":"centerline","cls":"grid"}},{"type":"Feature","geometry":{"type":"LineString","coordinates":[[-70.89382381014946,41.10161778235399],[-70.89189378890427,41.10154022527196],[-70.89189378890427,41.102250862529104],[-70.893772973555,41.102340503975746],[-70.89382381014946,41.10161778235399]]},"properties":{"kind":"centerline","cls":"grid"}},{"type":"Feature","geometry":{"type":"LineString","coordinates":[[-70.89189378890427,41.10154022527196],[-70.89121141177695,41.10151280423763],[-70.89112493596296,41.102214186468615],[-70.89189378890427,41.102250862529104],[-70.89189378890427,41.10154022527196]]},"properties":{"kind":"centerline","cls":"grid"}},{"type":"Feature","geometry":{"type":"LineString","coordinates":[[-70.893772973555,41.102340503975746],[-70.89189378890427,41.102250862529104],[-70.89189378890427,41.102964440437596],[-70.8937215929496,41.102964440437596],[-70.893772973555,41.102340503975746]]},"properties":{"kind":"centerline","cls":"grid"}},{"type":"Feature","geometry":{"type":"LineString","coordinates":[[-70.89189378890427,41.102250862529104],[-70.89112493596296,41.102214186468615],[-70.89105547275298,41.102964440437596],[-70.89189378890427,41.102964440437596],[-70.89189378890427,41.102250862529104]]},"properties":{"kind":"centerline","cls":"grid"}},{"type":"Feature","geometry":{"type":"LineString","coordinates":[[-70.8908583933525,41.098711352048475],[-70.89145186703887,41.09875058338429],[-70.89149617208669,41.098328040637114],[-70.89121628813635,41.09846183577321],[-70.8908583933525,41.098711352048475]]},"properties":{"kind":"centerline","cls":"grid"}},{"type":"Feature","geometry":{"type":"LineString","coordinates":[[-70.89145186703887,41.09875058338429],[-70.89071426014263,41.09870182418146],[-70.89069266164218,41.098712149083276],[-70.89039436084661,41.09888377166388],[-70.89014597922278,41.09904876282419],[-70.89005024328,41.099207434068965],[-70.89005272252656,41.0993499485831],[-70.8913950888405,41.09942460925554],[-70.89145186703887,41.09875058338429]]},"properties":{"kind":"centerline","cls":"grid"}},{"type":"Feature","geometry":{"type":"LineString","coordinates":[[-70.8913950888405,41.09942460925554],[-70.89009021768328,41.09935203401506],[-70.89005690128658,41.09959015621866],[-70.89006630406325,41.10013065596911],[-70.89132540849738,41.100206554385835],[-70.8913950888405,41.09942460925554]]},"properties":{"kind":"centerline","cls":"grid"}},{"type":"Feature","geometry":{"type":"LineString","coordinates":[[-70.89132540849738,41.100206554385835],[-70.8900599807592,41.100130274802346],[-70.88993644185993,41.10065853923914],[-70.88992279272003,41.10083772734542],[-70.89125486966435,41.10091360199266],[-70.89132540849738,41.100206554385835]]},"properties":{"kind":"centerline","cls":"grid"}},{"type":"Feature","geometry":{"type":"LineString","coordinates":[[-70.89125486966435,41.10091360199266],[-70.8899205580108,41.10083760005715],[-70.88986225067973,41.10097578799448],[-70.8897725235925,41.10135946981027],[-70.88978194624627,41.10143249620338],[-70.89121141177695,41.10151280423763],[-70.89125486966435,41.10091360199266]]},"properties":{"kind":"centerline","cls":"grid"}},{"type":"Feature","geometry":{"type":"LineString","coordinates":[[-70.89121141177695,41.10151280423763],[-70.88984004119801,41.10143576000462],[-70.89004751983568,41.10187062160122],[-70.89023099706779,41.10216855147504],[-70.89112493596296,41.102214186468615],[-70.89121141177695,41.10151280423763]]},"properties":{"kind":"centerline","cls":"grid"}},{"type":"Feature","geometry":{"type":"LineString","coordinates":[[-70.89112493596296,41.102214186468615],[-70.89018863461006,41.10216638889939],[-70.89028292101993,41.1023640070214],[-70.89040905610457,41.10254981000823],[-70.8907196002677,41.10291438698715],[-70.8907533549647,41.102951511786365],[-70.89100387109481,41.102964440437596],[-70.89105547275298,41.102964440437596],[-70.89112493596296,41.102214186468615]]},"properties":{"kind":"centerline","cls":"grid"}},{"type":"Feature","geometry":{"type":"LineString","coordinates":[[-70.9058840994702,41.102964440437596],[-70.90602376430299,41.10337376097873],[-70.90667570325532,41.103221846945694],[-70.90667570325532,41.102964440437596],[-70.9058840994702,41.102964440437596]]},"properties":{"kind":"centerline","cls":"grid"}},{"type":"Feature","geometry":{"type":"LineString","coordinates":[[-70.90667570325532,41.103221846945694],[-70.90602376430299,41.10337376097873],[-70.90626863995027,41.10385120027697],[-70.90667570325532,41.10375469640544],[-70.90667570325532,41.103221846945694]]},"properties":{"kind":"centerline","cls":"grid"}},{"type":"Feature","geometry":{"type":"LineString","coordinates":[[-70.90667570325532,41.10375469640544],[-70.90626863995027,41.10385120027697],[-70.90647235051273,41.104417524757224],[-70.90667570325532,41.10437062762758],[-70.90667570325532,41.10375469640544]]},"properties":{"kind":"centerline","cls":"grid"}},{"type":"Feature","geometry":{"type":"LineString","coordinates":[[-70.90667570325532,41.10437062762758],[-70.90647235051273,41.104417524757224],[-70.90667570325532,41.10483930185116],[-70.90667570325532,41.10437062762758]]},"properties":{"kind":"centerline","cls":"grid"}},{"type":"Feature","geometry":{"type":"LineString","coordinates":[[-70.9036552929596,41.102964440437596],[-70.90383151967484,41.10334813979827],[-70.90550675502698,41.102964440437596],[-70.9036552929596,41.102964440437596]]},"properties":{"kind":"centerline","cls":"grid"}},{"type":"Feature","geometry":{"type":"LineString","coordinates":[[-70.90550675502698,41.102964440437596],[-70.90383151967484,41.10334813979827],[-70.90404982745454,41.10383292010683],[-70.90602376430299,41.10337376097873],[-70.9058840994702,41.102964440437596],[-70.90550675502698,41.102964440437596]]},"properties":{"kind":"centerline","cls":"grid"}},{"type":"Feature","geometry":{"type":"LineString","coordinates":[[-70.90602376430299,41.10337376097873],[-70.90404982745454,41.10383292010683],[-70.90414744175318,41.104049858635584],[-70.90579489207092,41.103963047418],[-70.90626863995027,41.10385120027697],[-70.90602376430299,41.10337376097873]]},"properties":{"kind":"centerline","cls":"grid"}},{"type":"Feature","geometry":{"type":"LineString","coordinates":[[-70.90498965258132,41.10415315641622],[-70.90579489207092,41.103963047418],[-70.90497601555167,41.10400619753119],[-70.90498965258132,41.10415315641622]]},"properties":{"kind":"centerline","cls":"grid"}},{"type":"Feature","geometry":{"type":"LineString","coordinates":[[-70.90626863995027,41.10385120027697],[-70.90579489207092,41.103963047418],[-70.90629931109002,41.10393646741813],[-70.90626863995027,41.10385120027697]]},"properties":{"kind":"centerline","cls":"grid"}},{"type":"Feature","geometry":{"type":"LineString","coordinates":[[-70.90579489207092,41.103963047418],[-70.90498965258132,41.10415315641622],[-70.90504708532062,41.104772077952326],[-70.90647235051273,41.104417524757224],[-70.90629931109002,41.10393646741813],[-70.90579489207092,41.103963047418]]},"properties":{"kind":"centerline","cls":"grid"}},{"type":"Feature","geometry":{"type":"LineString","coordinates":[[-70.90451733104973,41.10490386119548],[-70.90451640275784,41.10490409212012],[-70.90468390650537,41.10529323044274],[-70.90506769470404,41.10527052692971],[-70.90510915146307,41.10526455245449],[-70.90463097648168,41.104897872730625],[-70.90451733104973,41.10490386119548]]},"properties":{"kind":"centerline","cls":"grid"}},{"type":"Feature","geometry":{"type":"LineString","coordinates":[[-70.9051744651172,41.10525513988058],[-70.90568419670751,41.10518168071909],[-70.90621130740712,41.10504490268026],[-70.90667570325532,41.10490169032274],[-70.90667570325532,41.10483930185116],[-70.90665258198919,41.1047913456726],[-70.90573551315565,41.10483966995965],[-70.9051744651172,41.10525513988058]]},"properties":{"kind":"centerline","cls":"grid"}},{"type":"Feature","geometry":{"type":"LineString","coordinates":[[-70.90539857410107,41.105089181646306],[-70.90573551315565,41.10483966995965],[-70.90511578022526,41.104872326343695],[-70.90539857410107,41.105089181646306]]},"properties":{"kind":"centerline","cls":"grid"}},{"type":"Feature","geometry":{"type":"LineString","coordinates":[[-70.90647235051273,41.104417524757224],[-70.90622121049222,41.10447999909335],[-70.90573551315565,41.10483966995965],[-70.90665258198919,41.1047913456726],[-70.90647235051273,41.104417524757224]]},"properties":{"kind":"centerline","cls":"grid"}},{"type":"Feature","geometry":{"type":"LineString","coordinates":[[-70.90622121049222,41.10447999909335],[-70.90504708532062,41.104772077952326],[-70.90505183784165,41.1048232932983],[-70.90511578022526,41.104872326343695],[-70.90573551315565,41.10483966995965],[-70.90622121049222,41.10447999909335]]},"properties":{"kind":"centerline","cls":"grid"}},{"type":"Feature","geometry":{"type":"LineString","coordinates":[[-70.90186730984315,41.102964440437596],[-70.90196375944338,41.1031884867755],[-70.90230132025232,41.103111418532585],[-70.90210965094731,41.102964440437596],[-70.90186730984315,41.102964440437596]]},"properties":{"kind":"centerline","cls":"grid"}},{"type":"Feature","geometry":{"type":"LineString","coordinates":[[-70.90270056950281,41.10302026625007],[-70.90294508794132,41.102964440437596],[-70.90262776889482,41.102964440437596],[-70.90270056950281,41.10302026625007]]},"properties":{"kind":"centerline","cls":"grid"}},{"type":"Feature","geometry":{"type":"LineString","coordinates":[[-70.90230132025232,41.103111418532585],[-70.90196375944338,41.1031884867755],[-70.90222187188998,41.10375801776229],[-70.90291452343162,41.103581642156186],[-70.90230132025232,41.103111418532585]]},"properties":{"kind":"centerline","cls":"grid"}},{"type":"Feature","geometry":{"type":"LineString","coordinates":[[-70.90294508794132,41.102964440437596],[-70.90270056950281,41.10302026625007],[-70.90330348176282,41.10348259847075],[-70.90383151967484,41.10334813979827],[-70.9036552929596,41.102964440437596],[-70.90294508794132,41.102964440437596]]},"properties":{"kind":"centerline","cls":"grid"}},{"type":"Feature","geometry":{"type":"LineString","coordinates":[[-70.90291452343162,41.103581642156186],[-70.90222187188998,41.10375801776229],[-70.90241553471164,41.10422740451018],[-70.90343556202251,41.103981191053705],[-70.90291452343162,41.103581642156186]]},"properties":{"kind":"centerline","cls":"grid"}},{"type":"Feature","geometry":{"type":"LineString","coordinates":[[-70.90383151967484,41.10334813979827],[-70.90330348176282,41.10348259847075],[-70.90382963555703,41.10388606986822],[-70.90404982745454,41.10383292010683],[-70.90383151967484,41.10334813979827]]},"properties":{"kind":"centerline","cls":"grid"}},{"type":"Feature","geometry":{"type":"LineString","coordinates":[[-70.90343556202251,41.103981191053705],[-70.90287282741365,41.10411702352765],[-70.90356512420884,41.10408054344259],[-70.90343556202251,41.103981191053705]]},"properties":{"kind":"centerline","cls":"grid"}},{"type":"Feature","geometry":{"type":"LineString","coordinates":[[-70.90404982745454,41.10383292010683],[-70.90382963555703,41.10388606986822],[-70.90404992795241,41.104054997055655],[-70.90414744175318,41.104049858635584],[-70.90404982745454,41.10383292010683]]},"properties":{"kind":"centerline","cls":"grid"}},{"type":"Feature","geometry":{"type":"LineString","coordinates":[[-70.90287282741365,41.10411702352765],[-70.90241553471164,41.10422740451018],[-70.90266147944601,41.104715513810206],[-70.90309609524653,41.104609474866095],[-70.90304953423812,41.10410771208777],[-70.90287282741365,41.10411702352765]]},"properties":{"kind":"centerline","cls":"grid"}},{"type":"Feature","geometry":{"type":"LineString","coordinates":[[-70.90309609524653,41.104609474866095],[-70.90266147944601,41.104715513810206],[-70.90289252326322,41.10529029187935],[-70.90315351181862,41.10522822217677],[-70.90309609524653,41.104609474866095]]},"properties":{"kind":"centerline","cls":"grid"}},{"type":"Feature","geometry":{"type":"LineString","coordinates":[[-70.90313019554407,41.10497695531001],[-70.90315351181862,41.10522822217677],[-70.90451640275784,41.10490409212012],[-70.90451632736996,41.104903914083664],[-70.90313019554407,41.10497695531001]]},"properties":{"kind":"centerline","cls":"grid"}},{"type":"Feature","geometry":{"type":"LineString","coordinates":[[-70.90451640275784,41.10490409212012],[-70.90289252326322,41.10529029187935],[-70.90293877325965,41.105396466174106],[-70.9039651680656,41.105335748392974],[-70.90468066127322,41.105285691243104],[-70.90451640275784,41.10490409212012]]},"properties":{"kind":"centerline","cls":"grid"}},{"type":"Feature","geometry":{"type":"LineString","coordinates":[[-70.90033931030803,41.102964440437596],[-70.90036166110605,41.10301813154908],[-70.90058435797795,41.102964440437596],[-70.90033931030803,41.102964440437596]]},"properties":{"kind":"centerline","cls":"grid"}},{"type":"Feature","geometry":{"type":"LineString","coordinates":[[-70.90058435797795,41.102964440437596],[-70.90036166110605,41.10301813154908],[-70.90062066261898,41.103544631762524],[-70.90196375944338,41.1031884867755],[-70.90186730984315,41.102964440437596],[-70.90058435797795,41.102964440437596]]},"properties":{"kind":"centerline","cls":"grid"}},{"type":"Feature","geometry":{"type":"LineString","coordinates":[[-70.90196375944338,41.1031884867755],[-70.90062066261898,41.103544631762524],[-70.90085171646099,41.104075278260304],[-70.90222187188998,41.10375801776229],[-70.90196375944338,41.1031884867755]]},"properties":{"kind":"centerline","cls":"grid"}},{"type":"Feature","geometry":{"type":"LineString","coordinates":[[-70.90222187188998,41.10375801776229],[-70.90085171646099,41.104075278260304],[-70.90104769640092,41.10455824873963],[-70.90241553471164,41.10422740451018],[-70.90222187188998,41.10375801776229]]},"properties":{"kind":"centerline","cls":"grid"}},{"type":"Feature","geometry":{"type":"LineString","coordinates":[[-70.90241553471164,41.10422740451018],[-70.90104769640092,41.10455824873963],[-70.90125895296192,41.10502503335444],[-70.90266147944601,41.104715513810206],[-70.90241553471164,41.10422740451018]]},"properties":{"kind":"centerline","cls":"grid"}},{"type":"Feature","geometry":{"type":"LineString","coordinates":[[-70.90266147944601,41.104715513810206],[-70.90125895296192,41.10502503335444],[-70.90151824198668,41.10558993637448],[-70.90162603427513,41.105572628577164],[-70.90289252326322,41.10529029187935],[-70.90266147944601,41.104715513810206]]},"properties":{"kind":"centerline","cls":"grid"}},{"type":"Feature","geometry":{"type":"LineString","coordinates":[[-70.90289252326322,41.10529029187935],[-70.902104767272,41.10546590526987],[-70.9024342761671,41.10544285225417],[-70.90292467883762,41.1053641101647],[-70.90289252326322,41.10529029187935]]},"properties":{"kind":"centerline","cls":"grid"}},{"type":"Feature","geometry":{"type":"LineString","coordinates":[[-70.89862376792738,41.102964440437596],[-70.89883943295862,41.10339082788432],[-70.90036166110605,41.10301813154908],[-70.90033931030803,41.102964440437596],[-70.89862376792738,41.102964440437596]]},"properties":{"kind":"centerline","cls":"grid"}},{"type":"Feature","geometry":{"type":"LineString","coordinates":[[-70.90036166110605,41.10301813154908],[-70.89883943295862,41.10339082788432],[-70.89904331881931,41.1039387448067],[-70.90062066261898,41.103544631762524],[-70.90036166110605,41.10301813154908]]},"properties":{"kind":"centerline","cls":"grid"}},{"type":"Feature","geometry":{"type":"LineString","coordinates":[[-70.90062066261898,41.103544631762524],[-70.89904331881931,41.1039387448067],[-70.899304939198,41.104463004469004],[-70.90085171646099,41.104075278260304],[-70.90062066261898,41.103544631762524]]},"properties":{"kind":"centerline","cls":"grid"}},{"type":"Feature","geometry":{"type":"LineString","coordinates":[[-70.90085171646099,41.104075278260304],[-70.899304939198,41.104463004469004],[-70.89952495354486,41.10494170484005],[-70.90104769640092,41.10455824873963],[-70.90085171646099,41.104075278260304]]},"properties":{"kind":"centerline","cls":"grid"}},{"type":"Feature","geometry":{"type":"LineString","coordinates":[[-70.90104769640092,41.10455824873963],[-70.89952495354486,41.10494170484005],[-70.89971702256263,41.105405164983864],[-70.90125895296192,41.10502503335444],[-70.90104769640092,41.10455824873963]]},"properties":{"kind":"centerline","cls":"grid"}},{"type":"Feature","geometry":{"type":"LineString","coordinates":[[-70.90125895296192,41.10502503335444],[-70.89971702256263,41.105405164983864],[-70.89988643272204,41.10582361046436],[-70.90057954001087,41.10573063536146],[-70.90131367479206,41.10562278294997],[-70.90151824198668,41.10558993637448],[-70.90125895296192,41.10502503335444]]},"properties":{"kind":"centerline","cls":"grid"}},{"type":"Feature","geometry":{"type":"LineString","coordinates":[[-70.89689902402506,41.102964440437596],[-70.89705800861313,41.10331552914841],[-70.89850172368769,41.102964440437596],[-70.89689902402506,41.102964440437596]]},"properties":{"kind":"centerline","cls":"grid"}},{"type":"Feature","geometry":{"type":"LineString","coordinates":[[-70.89850172368769,41.102964440437596],[-70.89705800861313,41.10331552914841],[-70.89727737815618,41.1038138640094],[-70.89883943295862,41.10339082788432],[-70.89862376792738,41.102964440437596],[-70.89850172368769,41.102964440437596]]},"properties":{"kind":"centerline","cls":"grid"}},{"type":"Feature","geometry":{"type":"LineString","coordinates":[[-70.89883943295862,41.10339082788432],[-70.89727737815618,41.1038138640094],[-70.89750194364635,41.104328851703265],[-70.89904331881931,41.1039387448067],[-70.89883943295862,41.10339082788432]]},"properties":{"kind":"centerline","cls":"grid"}},{"type":"Feature","geometry":{"type":"LineString","coordinates":[[-70.89904331881931,41.1039387448067],[-70.89750194364635,41.104328851703265],[-70.89772356604009,41.10486265740763],[-70.899304939198,41.104463004469004],[-70.89904331881931,41.1039387448067]]},"properties":{"kind":"centerline","cls":"grid"}},{"type":"Feature","geometry":{"type":"LineString","coordinates":[[-70.899304939198,41.104463004469004],[-70.89772356604009,41.10486265740763],[-70.8979078756867,41.10533361066772],[-70.89952495354486,41.10494170484005],[-70.899304939198,41.104463004469004]]},"properties":{"kind":"centerline","cls":"grid"}},{"type":"Feature","geometry":{"type":"LineString","coordinates":[[-70.89952495354486,41.10494170484005],[-70.8979078756867,41.10533361066772],[-70.8980810899904,41.10568480921883],[-70.8984036464843,41.10572981308559],[-70.89971702256263,41.105405164983864],[-70.89952495354486,41.10494170484005]]},"properties":{"kind":"centerline","cls":"grid"}},{"type":"Feature","geometry":{"type":"LineString","coordinates":[[-70.89971702256263,41.105405164983864],[-70.8984036464843,41.10572981308559],[-70.89861170277288,41.10575884160514],[-70.89922311471858,41.10583567127404],[-70.89986324418763,41.10582672103095],[-70.89988643272204,41.10582361046436],[-70.89971702256263,41.105405164983864]]},"properties":{"kind":"centerline","cls":"grid"}},{"type":"Feature","geometry":{"type":"LineString","coordinates":[[-70.89490211356856,41.102964440437596],[-70.8950548384061,41.10333989768482],[-70.89647100081174,41.102964440437596],[-70.89490211356856,41.102964440437596]]},"properties":{"kind":"centerline","cls":"grid"}},{"type":"Feature","geometry":{"type":"LineString","coordinates":[[-70.89647100081174,41.102964440437596],[-70.8950548384061,41.10333989768482],[-70.89524372683778,41.10379464958654],[-70.89705800861313,41.10331552914841],[-70.89689902402506,41.102964440437596],[-70.89647100081174,41.102964440437596]]},"properties":{"kind":"centerline","cls":"grid"}},{"type":"Feature","geometry":{"type":"LineString","coordinates":[[-70.89705800861313,41.10331552914841],[-70.89524372683778,41.10379464958654],[-70.8954472821041,41.10425477421806],[-70.89727737815618,41.1038138640094],[-70.89705800861313,41.10331552914841]]},"properties":{"kind":"centerline","cls":"grid"}},{"type":"Feature","geometry":{"type":"LineString","coordinates":[[-70.89727737815618,41.1038138640094],[-70.8954472821041,41.10425477421806],[-70.89568379948287,41.104790619008284],[-70.89750194364635,41.104328851703265],[-70.89727737815618,41.1038138640094]]},"properties":{"kind":"centerline","cls":"grid"}},{"type":"Feature","geometry":{"type":"LineString","coordinates":[[-70.89750194364635,41.104328851703265],[-70.89568379948287,41.104790619008284],[-70.89590484119653,41.105309868175986],[-70.89772356604009,41.10486265740763],[-70.89750194364635,41.104328851703265]]},"properties":{"kind":"centerline","cls":"grid"}},{"type":"Feature","geometry":{"type":"LineString","coordinates":[[-70.89772356604009,41.10486265740763],[-70.89590484119653,41.105309868175986],[-70.89593181210405,41.10537281371508],[-70.89669263371148,41.10548011956212],[-70.89713105889572,41.105535800919235],[-70.8979078756867,41.10533361066772],[-70.89772356604009,41.10486265740763]]},"properties":{"kind":"centerline","cls":"grid"}},{"type":"Feature","geometry":{"type":"LineString","coordinates":[[-70.8979078756867,41.10533361066772],[-70.89712331314716,41.105537816986434],[-70.89733876479754,41.105571249523216],[-70.89807639209485,41.105675284057945],[-70.8979078756867,41.10533361066772]]},"properties":{"kind":"centerline","cls":"grid"}},{"type":"Feature","geometry":{"type":"LineString","coordinates":[[-70.89296038860665,41.102964440437596],[-70.89306483030163,41.10324702798624],[-70.89416924528298,41.102964440437596],[-70.89296038860665,41.102964440437596]]},"properties":{"kind":"centerline","cls":"grid"}},{"type":"Feature","geometry":{"type":"LineString","coordinates":[[-70.89416924528298,41.102964440437596],[-70.89306483030163,41.10324702798624],[-70.89328551104876,41.10375629899306],[-70.8950548384061,41.10333989768482],[-70.89490211356856,41.102964440437596],[-70.89416924528298,41.102964440437596]]},"properties":{"kind":"centerline","cls":"grid"}},{"type":"Feature","geometry":{"type":"LineString","coordinates":[[-70.8950548384061,41.10333989768482],[-70.89328551104876,41.10375629899306],[-70.89349366746342,41.10421691105488],[-70.89524372683778,41.10379464958654],[-70.8950548384061,41.10333989768482]]},"properties":{"kind":"centerline","cls":"grid"}},{"type":"Feature","geometry":{"type":"LineString","coordinates":[[-70.89524372683778,41.10379464958654],[-70.89349366746342,41.10421691105488],[-70.89370177256757,41.10469783186796],[-70.8954472821041,41.10425477421806],[-70.89524372683778,41.10379464958654]]},"properties":{"kind":"centerline","cls":"grid"}},{"type":"Feature","geometry":{"type":"LineString","coordinates":[[-70.8954472821041,41.10425477421806],[-70.89370177256757,41.10469783186796],[-70.89372009649612,41.104745185297844],[-70.89396530260105,41.104876250849365],[-70.89435482005668,41.10508082370993],[-70.89443448898788,41.10510467969909],[-70.89568379948287,41.104790619008284],[-70.8954472821041,41.10425477421806]]},"properties":{"kind":"centerline","cls":"grid"}},{"type":"Feature","geometry":{"type":"LineString","coordinates":[[-70.89568379948287,41.104790619008284],[-70.89443448898788,41.10510467969909],[-70.89480338779934,41.10521514240912],[-70.89541461046522,41.10530899607297],[-70.89573250656785,41.105353779198715],[-70.89590484119653,41.105309868175986],[-70.89568379948287,41.104790619008284]]},"properties":{"kind":"centerline","cls":"grid"}},{"type":"Feature","geometry":{"type":"LineString","coordinates":[[-70.89590484119653,41.105309868175986],[-70.89573250656785,41.105353779198715],[-70.89593593546043,41.105382436931855],[-70.89590484119653,41.105309868175986]]},"properties":{"kind":"centerline","cls":"grid"}},{"type":"Feature","geometry":{"type":"LineString","coordinates":[[-70.89091921012175,41.102964440437596],[-70.8910519081789,41.10326661003968],[-70.89227963984183,41.102964440437596],[-70.89091921012175,41.102964440437596]]},"properties":{"kind":"centerline","cls":"grid"}},{"type":"Feature","geometry":{"type":"LineString","coordinates":[[-70.89227963984183,41.102964440437596],[-70.8910519081789,41.10326661003968],[-70.89108527503069,41.10335550920226],[-70.89117990791665,41.103476335183004],[-70.89143866295147,41.10364796595436],[-70.89306483030163,41.10324702798624],[-70.89296038860665,41.102964440437596],[-70.89227963984183,41.102964440437596]]},"properties":{"kind":"centerline","cls":"grid"}},{"type":"Feature","geometry":{"type":"LineString","coordinates":[[-70.89306483030163,41.10324702798624],[-70.89149080762647,41.103635109479264],[-70.89188004156739,41.10380854567473],[-70.89238887979475,41.10398837432317],[-70.89328551104876,41.10375629899306],[-70.89306483030163,41.10324702798624]]},"properties":{"kind":"centerline","cls":"grid"}},{"type":"Feature","geometry":{"type":"LineString","coordinates":[[-70.89328551104876,41.10375629899306],[-70.89232339840517,41.104005322890416],[-70.89233142394112,41.10400967418221],[-70.89305051216967,41.1043300879834],[-70.89349366746342,41.10421691105488],[-70.89328551104876,41.10375629899306]]},"properties":{"kind":"centerline","cls":"grid"}},{"type":"Feature","geometry":{"type":"LineString","coordinates":[[-70.89349366746342,41.10421691105488],[-70.89296632020593,41.104351589673655],[-70.89355729809431,41.10466196867057],[-70.89365051852748,41.10471060238523],[-70.89370177256757,41.10469783186796],[-70.89349366746342,41.10421691105488]]},"properties":{"kind":"centerline","cls":"grid"}},{"type":"Feature","geometry":{"type":"LineString","coordinates":[[-70.8910251864338,41.10327314330737],[-70.8910519081789,41.10326661003968],[-70.89091921012175,41.102964440437596],[-70.89077898357266,41.102964440437596],[-70.89097026416415,41.10320866489329],[-70.8910251864338,41.10327314330737]]},"properties":{"kind":"centerline","cls":"grid"}},{"type":"Feature","geometry":{"type":"LineString","coordinates":[[-70.90667570325532,41.09747938760291],[-70.90667570325532,41.09769645073001],[-70.90702803594749,41.097527608358675],[-70.90695414047615,41.097512052139024],[-70.90667570325532,41.09747938760291]]},"properties":{"kind":"centerline","cls":"grid"}},{"type":"Feature","geometry":{"type":"LineString","coordinates":[[-70.90702803594749,41.097527608358675],[-70.90667570325532,41.09769645073001],[-70.90667570325532,41.098403160370815],[-70.90687579534938,41.09864201273125],[-70.9083817546703,41.09793966616507],[-70.90833825369296,41.09792102032839],[-70.90799586213672,41.097806041110736],[-70.90763935502308,41.09769086995722],[-70.90729492925274,41.09758379381639],[-70.90702803594749,41.097527608358675]]},"properties":{"kind":"centerline","cls":"grid"}},{"type":"Feature","geometry":{"type":"LineString","coordinates":[[-70.9083817546703,41.09793966616507],[-70.90687579534938,41.09864201273125],[-70.90747590491661,41.099397584537044],[-70.9092942999938,41.09854553296551],[-70.90925435386245,41.09848876933956],[-70.90913588673044,41.098349779549636],[-70.90894221924806,41.098209421621675],[-70.90865136815368,41.09805523067152],[-70.9083817546703,41.09793966616507]]},"properties":{"kind":"centerline","cls":"grid"}},{"type":"Feature","geometry":{"type":"LineString","coordinates":[[-70.90915087051258,41.09861274020579],[-70.90747590491661,41.099397584537044],[-70.90817299889845,41.10021570729182],[-70.90980403006562,41.099435093214474],[-70.90955041060195,41.098978719479085],[-70.90915087051258,41.09861274020579]]},"properties":{"kind":"centerline","cls":"grid"}},{"type":"Feature","geometry":{"type":"LineString","coordinates":[[-70.90996326421059,41.09935888350269],[-70.90817299889845,41.10021570729182],[-70.90883672709583,41.101021417278886],[-70.91036710178703,41.10028712232174],[-70.91035399495078,41.10022719357796],[-70.91028812639456,41.09993749443997],[-70.910226334105,41.0996695673128],[-70.91014865222084,41.099526709627675],[-70.9099887946149,41.09938027984],[-70.90996326421059,41.09935888350269]]},"properties":{"kind":"centerline","cls":"grid"}},{"type":"Feature","geometry":{"type":"LineString","coordinates":[[-70.91035743377783,41.10029176116636],[-70.90883672709583,41.101021417278886],[-70.90936866160739,41.10169008595289],[-70.91051033545621,41.1011548338375],[-70.91050271197713,41.101094097415455],[-70.91035743377783,41.10029176116636]]},"properties":{"kind":"centerline","cls":"grid"}},{"type":"Feature","geometry":{"type":"LineString","coordinates":[[-70.91049814415892,41.10116054949585],[-70.90936866160739,41.10169008595289],[-70.91005822708317,41.10248101914605],[-70.91024925021446,41.10229389535657],[-70.91043772277077,41.10206926309035],[-70.9105852714346,41.10185504088314],[-70.91061347768976,41.10170582957367],[-70.91055744765016,41.101396389258284],[-70.91049814415892,41.10116054949585]]},"properties":{"kind":"centerline","cls":"grid"}},{"type":"Feature","geometry":{"type":"LineString","coordinates":[[-70.90667570325532,41.09873604383953],[-70.90687579534938,41.09864201273125],[-70.90667570325532,41.098403160370815],[-70.90667570325532,41.09873604383953]]},"properties":{"kind":"centerline","cls":"grid"}},{"type":"Feature","geometry":{"type":"LineString","coordinates":[[-70.90687579534938,41.09864201273125],[-70.90667570325532,41.09873604383953],[-70.90667570325532,41.0997631017751],[-70.90747590491661,41.099397584537044],[-70.90687579534938,41.09864201273125]]},"properties":{"kind":"centerline","cls":"grid"}},{"type":"Feature","geometry":{"type":"LineString","coordinates":[[-70.90747590491661,41.099397584537044],[-70.90667570325532,41.0997631017751],[-70.90667570325532,41.10088085836392],[-70.90817299889845,41.10021570729182],[-70.90747590491661,41.099397584537044]]},"properties":{"kind":"centerline","cls":"grid"}},{"type":"Feature","geometry":{"type":"LineString","coordinates":[[-70.90817299889845,41.10021570729182],[-70.90667570325532,41.10088085836392],[-70.90667570325532,41.101993071247534],[-70.90883672709583,41.101021417278886],[-70.90817299889845,41.10021570729182]]},"properties":{"kind":"centerline","cls":"grid"}},{"type":"Feature","geometry":{"type":"LineString","coordinates":[[-70.90883672709583,41.101021417278886],[-70.90667570325532,41.101993071247534],[-70.90667570325532,41.10259464830336],[-70.90688042818152,41.102840086505914],[-70.90936866160739,41.10169008595289],[-70.90883672709583,41.101021417278886]]},"properties":{"kind":"centerline","cls":"grid"}},{"type":"Feature","geometry":{"type":"LineString","coordinates":[[-70.90936866160739,41.10169008595289],[-70.90688042818152,41.102840086505914],[-70.90761314322677,41.10370066298168],[-70.90990621967212,41.10262992364044],[-70.91000204327042,41.102536056082556],[-70.91004449022695,41.10246526294025],[-70.90936866160739,41.10169008595289]]},"properties":{"kind":"centerline","cls":"grid"}},{"type":"Feature","geometry":{"type":"LineString","coordinates":[[-70.90986840506916,41.10264758095978],[-70.90761314322677,41.10370066298168],[-70.90809922854413,41.10428344365393],[-70.90848716735925,41.104111611713215],[-70.90930420379529,41.103699914537835],[-70.9098174159887,41.1028439779336],[-70.90986840506916,41.10264758095978]]},"properties":{"kind":"centerline","cls":"grid"}},{"type":"Feature","geometry":{"type":"LineString","coordinates":[[-70.90667570325532,41.102941498679264],[-70.90688042818152,41.102840086505914],[-70.90667570325532,41.10259464830336],[-70.90667570325532,41.102941498679264]]},"properties":{"kind":"centerline","cls":"grid"}},{"type":"Feature","geometry":{"type":"LineString","coordinates":[[-70.90688042818152,41.102840086505914],[-70.90667570325532,41.102941498679264],[-70.90667570325532,41.104166130256694],[-70.90761314322677,41.10370066298168],[-70.90688042818152,41.102840086505914]]},"properties":{"kind":"centerline","cls":"grid"}},{"type":"Feature","geometry":{"type":"LineString","coordinates":[[-70.90761314322677,41.10370066298168],[-70.90667570325532,41.104166130256694],[-70.90667570325532,41.10490169032274],[-70.9067394362373,41.10488203607596],[-70.90725325075303,41.1046966870923],[-70.90774477362751,41.104485697113695],[-70.9081131154543,41.104300093041495],[-70.90761314322677,41.10370066298168]]},"properties":{"kind":"centerline","cls":"grid"}},{"type":"Feature","geometry":{"type":"LineString","coordinates":[[-70.89351063401845,41.09940782980157],[-70.89368450005298,41.09928714132735],[-70.89360003702481,41.09888180868697],[-70.89271275683815,41.09895499621284],[-70.892819758256,41.09942343635064],[-70.89351063401845,41.09940782980157]]},"properties":{"kind":"street","cls":"lane"}},{"type":"Feature","geometry":{"type":"LineString","coordinates":[[-70.89378741913438,41.09978104338034],[-70.89372549239657,41.09948386094805],[-70.89307619277588,41.0994985283122],[-70.89287194257048,41.099651893393194],[-70.89295794161609,41.10002838751437],[-70.89378741913438,41.09978104338034]]},"properties":{"kind":"street","cls":"lane"}},{"type":"Feature","geometry":{"type":"LineString","coordinates":[[-70.89299343787769,41.10018378614378],[-70.89324459858062,41.100229070397454],[-70.89388077879701,41.100229070397454],[-70.89380447739681,41.09986290488472],[-70.89297653585646,41.10010979100135],[-70.89299343787769,41.10018378614378]]},"properties":{"kind":"street","cls":"lane"}},{"type":"Feature","geometry":{"type":"LineString","coordinates":[[-70.89202548892011,41.09901168567722],[-70.89194743294829,41.09910679684554],[-70.89194743294829,41.099567649845234],[-70.89269483392493,41.09935313427128],[-70.89263015476124,41.099069976188325],[-70.8924311642619,41.09897822344621],[-70.89202548892011,41.09901168567722]]},"properties":{"kind":"street","cls":"lane"}},{"type":"Feature","geometry":{"type":"LineString","coordinates":[[-70.89210115990211,41.09961004194301],[-70.89194743294829,41.099769548754054],[-70.89194743294829,41.100229070397454],[-70.89289491585617,41.100229070397454],[-70.89271337967075,41.09943432545459],[-70.89210115990211,41.09961004194301]]},"properties":{"kind":"street","cls":"lane"}},{"type":"Feature","geometry":{"type":"LineString","coordinates":[[-70.89438187698146,41.09881731842457],[-70.89370680464096,41.09887300193372],[-70.89381823496663,41.09940774890057],[-70.89426867454995,41.09933949047759],[-70.89435121266446,41.099254607766525],[-70.89438187698146,41.09881731842457]]},"properties":{"kind":"street","cls":"lane"}},{"type":"Feature","geometry":{"type":"LineString","coordinates":[[-70.89532965752542,41.09917871192395],[-70.89533108710715,41.09873902259235],[-70.89448993981075,41.098808404835346],[-70.8944546746587,41.09931130451311],[-70.89532965752542,41.09917871192395]]},"properties":{"kind":"street","cls":"lane"}},{"type":"Feature","geometry":{"type":"LineString","coordinates":[[-70.89464211593916,41.09979815599343],[-70.894580382115,41.09937472202422],[-70.89383489335175,41.099487691419476],[-70.89388894212311,41.09974706799744],[-70.89464211593916,41.09979815599343]]},"properties":{"kind":"street","cls":"lane"}},{"type":"Feature","geometry":{"type":"LineString","coordinates":[[-70.89398938156033,41.100229070397454],[-70.89470494036041,41.100229070397454],[-70.89465406894925,41.0998801420128],[-70.89390609989837,41.09982940705752],[-70.89398938156033,41.100229070397454]]},"properties":{"kind":"street","cls":"lane"}},{"type":"Feature","geometry":{"type":"LineString","coordinates":[[-70.89477481123237,41.09996799683972],[-70.89496686584594,41.100229070397454],[-70.89532624244758,41.100229070397454],[-70.89532938926494,41.09926121946196],[-70.89468598270804,41.09935871958968],[-70.89477481123237,41.09996799683972]]},"properties":{"kind":"street","cls":"lane"}},{"type":"Feature","geometry":{"type":"LineString","coordinates":[[-70.89392322210135,41.09862076209274],[-70.893974534594,41.09872087359075],[-70.89406659875077,41.09876199294969],[-70.894589432896,41.09871886684578],[-70.89449636124543,41.09833267040942],[-70.89389163707841,41.09842063991435],[-70.89392322210135,41.09862076209274]]},"properties":{"kind":"street","cls":"lane"}},{"type":"Feature","geometry":{"type":"LineString","coordinates":[[-70.89434963878239,41.098271673159296],[-70.89446003230225,41.098181925168504],[-70.89439671626344,41.097919198243595],[-70.89381531694126,41.09793707679852],[-70.89387893297875,41.098340146950775],[-70.89434963878239,41.098271673159296]]},"properties":{"kind":"street","cls":"lane"}},{"type":"Feature","geometry":{"type":"LineString","coordinates":[[-70.89469635047244,41.09871004772302],[-70.89533135161415,41.098657669496625],[-70.89533287092038,41.09819038404609],[-70.89461967239114,41.09839187563127],[-70.89469635047244,41.09871004772302]]},"properties":{"kind":"street","cls":"lane"}},{"type":"Feature","geometry":{"type":"LineString","coordinates":[[-70.89533315191113,41.09810396112114],[-70.89533384633495,41.097890380646426],[-70.8945049570554,41.09791586974136],[-70.89458746258495,41.098258222555515],[-70.89469814991322,41.098283360760796],[-70.89533315191113,41.09810396112114]]},"properties":{"kind":"street","cls":"lane"}},{"type":"Feature","geometry":{"type":"LineString","coordinates":[[-70.89446557195238,41.09745745187759],[-70.89435377423928,41.09731590055622],[-70.8939295462766,41.0972902618774],[-70.8937871996698,41.097300696538156],[-70.89371718917126,41.097315340884904],[-70.89380260780959,41.09785655195237],[-70.89436318916233,41.09783931356883],[-70.89446557195238,41.09745745187759]]},"properties":{"kind":"street","cls":"lane"}},{"type":"Feature","geometry":{"type":"LineString","coordinates":[[-70.89533410944601,41.09780945689208],[-70.89533552125607,41.0973752335061],[-70.89460884679316,41.09733131614373],[-70.89447355508183,41.09783591971699],[-70.89533410944601,41.09780945689208]]},"properties":{"kind":"street","cls":"lane"}},{"type":"Feature","geometry":{"type":"LineString","coordinates":[[-70.89303441829891,41.09884713260981],[-70.89366832610204,41.09879484456773],[-70.89382394992086,41.09867634167389],[-70.89376695957947,41.0983152518216],[-70.89289246777366,41.098441477883085],[-70.89303441829891,41.09884713260981]]},"properties":{"kind":"street","cls":"lane"}},{"type":"Feature","geometry":{"type":"LineString","coordinates":[[-70.8935222995647,41.098268248407415],[-70.8937487191497,41.098199680762896],[-70.89374094740751,41.098150439134024],[-70.89272320626635,41.09795777604142],[-70.89286504722209,41.09836311764925],[-70.8935222995647,41.098268248407415]]},"properties":{"kind":"street","cls":"lane"}},{"type":"Feature","geometry":{"type":"LineString","coordinates":[[-70.89255457706153,41.09888671243308],[-70.89292657555417,41.09885602804531],[-70.89278922712508,41.09846352481666],[-70.89237015532663,41.09848288753784],[-70.89255457706153,41.09888671243308]]},"properties":{"kind":"street","cls":"lane"}},{"type":"Feature","geometry":{"type":"LineString","coordinates":[[-70.89194743294829,41.09850241892978],[-70.89194743294829,41.09893679286558],[-70.89244523242094,41.09889573175283],[-70.89225903636496,41.0984880216592],[-70.89194743294829,41.09850241892978]]},"properties":{"kind":"street","cls":"lane"}},{"type":"Feature","geometry":{"type":"LineString","coordinates":[[-70.89236639380705,41.098402061131516],[-70.89264833066753,41.09838903456939],[-70.89272231392347,41.09827230568261],[-70.89260437925935,41.09793528154088],[-70.89246316755411,41.0979085495137],[-70.89236639380705,41.098402061131516]]},"properties":{"kind":"street","cls":"lane"}},{"type":"Feature","geometry":{"type":"LineString","coordinates":[[-70.89196296601658,41.09798021211244],[-70.89194743294829,41.09808266772353],[-70.89194743294829,41.09842141872685],[-70.89225694911683,41.09840711789513],[-70.89235859626164,41.09788875368567],[-70.8921239463818,41.09784433338104],[-70.8920196188865,41.09792750745775],[-70.89196296601658,41.09798021211244]]},"properties":{"kind":"street","cls":"lane"}},{"type":"Feature","geometry":{"type":"LineString","coordinates":[[-70.89338478183693,41.097999654919086],[-70.89372738554205,41.09806451138081],[-70.89361259787249,41.097337218621504],[-70.89351443982645,41.09735775069159],[-70.89348980247465,41.09736362809856],[-70.89346547099225,41.09737231673425],[-70.89342599495471,41.0975610777286],[-70.89338478183693,41.097999654919086]]},"properties":{"kind":"street","cls":"lane"}},{"type":"Feature","geometry":{"type":"LineString","coordinates":[[-70.89263692293561,41.09785808177938],[-70.8931554791144,41.09795624685599],[-70.89325684246154,41.09790173947296],[-70.8932965184492,41.09779434101764],[-70.8933242282608,41.097499461814714],[-70.89296911772671,41.09754956169732],[-70.89272108679747,41.09763813214894],[-70.89263692293561,41.09785808177938]]},"properties":{"kind":"street","cls":"lane"}},{"type":"Feature","geometry":{"type":"LineString","coordinates":[[-70.89218600150203,41.09777272027201],[-70.89253280558201,41.09783837188407],[-70.89262283736964,41.09760308730965],[-70.89261163532811,41.0975999962085],[-70.89247270392808,41.09761959699801],[-70.89241669527294,41.097637576095885],[-70.89224523833543,41.097717611733735],[-70.89218600150203,41.09777272027201]]},"properties":{"kind":"street","cls":"lane"}},{"type":"Feature","geometry":{"type":"LineString","coordinates":[[-70.89687752251973,41.09906633131832],[-70.89709264031623,41.098963187609996],[-70.89704295518408,41.09871400669271],[-70.89620245589445,41.098816205777936],[-70.89623075665978,41.09906209174704],[-70.89687752251973,41.09906633131832]]},"properties":{"kind":"street","cls":"lane"}},{"type":"Feature","geometry":{"type":"LineString","coordinates":[[-70.89714291767237,41.099215338649564],[-70.89712965735703,41.09914883550471],[-70.89624006945269,41.09914300422701],[-70.89625378747517,41.09926219073013],[-70.89714291767237,41.099215338649564]]},"properties":{"kind":"street","cls":"lane"}},{"type":"Feature","geometry":{"type":"LineString","coordinates":[[-70.89720943219507,41.09954892234083],[-70.89716645132965,41.099333364667764],[-70.89713778763121,41.09929665477249],[-70.89701741034321,41.09930299796768],[-70.89704020348405,41.09954862730579],[-70.89720943219507,41.09954892234083]]},"properties":{"kind":"street","cls":"lane"}},{"type":"Feature","geometry":{"type":"LineString","coordinates":[[-70.89609625135596,41.09882911953862],[-70.89543782227642,41.09890918010554],[-70.89543671949275,41.09924835778565],[-70.89553525029831,41.09930005353336],[-70.89614674580358,41.09926783121455],[-70.89609625135596,41.09882911953862]]},"properties":{"kind":"street","cls":"lane"}},{"type":"Feature","geometry":{"type":"LineString","coordinates":[[-70.8954362709463,41.099386314978666],[-70.89543575230763,41.09954583008952],[-70.89577329764595,41.099546418569446],[-70.89575687318744,41.0993694210726],[-70.8954362709463,41.099386314978666]]},"properties":{"kind":"street","cls":"lane"}},{"type":"Feature","geometry":{"type":"LineString","coordinates":[[-70.89661060026445,41.100229070397454],[-70.89734504950654,41.100229070397454],[-70.89733126794096,41.10015995307791],[-70.89660908691765,41.100198007891024],[-70.89661060026445,41.100229070397454]]},"properties":{"kind":"street","cls":"lane"}},{"type":"Feature","geometry":{"type":"LineString","coordinates":[[-70.89731527593702,41.10007974996607],[-70.89722555850966,41.09962979904755],[-70.89712107091975,41.09962961688284],[-70.8970747775072,41.09964770927078],[-70.89705395904488,41.09969686353722],[-70.89709058761046,41.10009158975693],[-70.89731527593702,41.10007974996607]]},"properties":{"kind":"street","cls":"lane"}},{"type":"Feature","geometry":{"type":"LineString","coordinates":[[-70.89543353085763,41.100229070397454],[-70.89572687503956,41.100229070397454],[-70.89582143797404,41.10006520082095],[-70.89578080119391,41.09962728024315],[-70.89554028747209,41.09962686092911],[-70.89543497071173,41.09978622164552],[-70.89543353085763,41.100229070397454]]},"properties":{"kind":"street","cls":"lane"}},{"type":"Feature","geometry":{"type":"LineString","coordinates":[[-70.89771760106724,41.09863197427107],[-70.89714887949496,41.098701127005825],[-70.89714966002704,41.09870504153093],[-70.8973046229606,41.09882480957867],[-70.89785191895662,41.09924449348625],[-70.89771760106724,41.09863197427107]]},"properties":{"kind":"street","cls":"lane"}},{"type":"Feature","geometry":{"type":"LineString","coordinates":[[-70.89717703180307,41.098842316485516],[-70.89724340113102,41.09917517199595],[-70.89747708463922,41.099354367912916],[-70.89771359055227,41.09933784547907],[-70.89776936949684,41.09929653979381],[-70.89717703180307,41.098842316485516]]},"properties":{"kind":"street","cls":"lane"}},{"type":"Feature","geometry":{"type":"LineString","coordinates":[[-70.89863505710227,41.09895470497769],[-70.89863505710227,41.09852041776094],[-70.8978235199164,41.098619095248296],[-70.89787921517288,41.09887307790794],[-70.89800349118936,41.098924472028855],[-70.89863505710227,41.09895470497769]]},"properties":{"kind":"street","cls":"lane"}},{"type":"Feature","geometry":{"type":"LineString","coordinates":[[-70.89863505710227,41.09927347131642],[-70.89863505710227,41.099035716315846],[-70.8979072396755,41.09900087582402],[-70.89797709616502,41.09931943683127],[-70.89863505710227,41.09927347131642]]},"properties":{"kind":"street","cls":"lane"}},{"type":"Feature","geometry":{"type":"LineString","coordinates":[[-70.89741479109242,41.100034727077144],[-70.89752613343893,41.100229070397454],[-70.89774525652184,41.100229070397454],[-70.8978520862578,41.099757278882166],[-70.89743626582187,41.09943841459908],[-70.8972978186129,41.09944808659764],[-70.89741479109242,41.100034727077144]]},"properties":{"kind":"street","cls":"lane"}},{"type":"Feature","geometry":{"type":"LineString","coordinates":[[-70.89863505710227,41.09984502862543],[-70.89863505710227,41.09935466637743],[-70.89804898467412,41.09939560972129],[-70.89863505710227,41.09984502862543]]},"properties":{"kind":"street","cls":"lane"}},{"type":"Feature","geometry":{"type":"LineString","coordinates":[[-70.89798309988898,41.09985774428493],[-70.89793938189662,41.09985241960628],[-70.89786484651131,41.100181589776604],[-70.89837065834116,41.10015493638357],[-70.89798309988898,41.09985774428493]]},"properties":{"kind":"street","cls":"lane"}},{"type":"Feature","geometry":{"type":"LineString","coordinates":[[-70.89863505710227,41.098438523651],[-70.89863505710227,41.09842483109111],[-70.89724838127015,41.09826230523099],[-70.89720860024144,41.09828401057504],[-70.89718718855254,41.09861457477102],[-70.89863505710227,41.098438523651]]},"properties":{"kind":"street","cls":"lane"}},{"type":"Feature","geometry":{"type":"LineString","coordinates":[[-70.89863505710227,41.09810404730984],[-70.89863505710227,41.09776324459255],[-70.89838569185723,41.09783157247492],[-70.8980989257266,41.09802669717926],[-70.89813157244274,41.09812243225603],[-70.89863505710227,41.09810404730984]]},"properties":{"kind":"street","cls":"lane"}},{"type":"Feature","geometry":{"type":"LineString","coordinates":[[-70.89745977749583,41.098146963120506],[-70.89802216098676,41.09812642745964],[-70.89797643206985,41.097992329397506],[-70.89791613722973,41.097960233842095],[-70.89778001701586,41.09799753176611],[-70.89757294901239,41.09808521442312],[-70.89745977749583,41.098146963120506]]},"properties":{"kind":"street","cls":"lane"}},{"type":"Feature","geometry":{"type":"LineString","coordinates":[[-70.89544052231848,41.098078741621705],[-70.89543808864774,41.09882725360662],[-70.89599439070597,41.09875961100161],[-70.89600788066323,41.098159457353155],[-70.89544052231848,41.098078741621705]]},"properties":{"kind":"street","cls":"lane"}},{"type":"Feature","geometry":{"type":"LineString","coordinates":[[-70.89610198825996,41.09874652785957],[-70.89707892001334,41.098627739500365],[-70.89709919565023,41.09831471423486],[-70.89626166992228,41.0981955629042],[-70.89611282443418,41.09826443815654],[-70.89610198825996,41.09874652785957]]},"properties":{"kind":"street","cls":"lane"}},{"type":"Feature","geometry":{"type":"LineString","coordinates":[[-70.89545380127439,41.09738238188778],[-70.89544278858824,41.09738171632411],[-70.8954407897043,41.09799650310209],[-70.89623476743235,41.09810945903843],[-70.89629048135257,41.09783749660433],[-70.89624457544119,41.097802053865166],[-70.8960151372552,41.09766119851826],[-70.89576870068409,41.09752868302244],[-70.89550296845141,41.09740483139056],[-70.89545380127439,41.09738238188778]]},"properties":{"kind":"street","cls":"lane"}},{"type":"Feature","geometry":{"type":"LineString","coordinates":[[-70.89459711960409,41.09724949942687],[-70.8952481874145,41.097288847418874],[-70.89522650724324,41.09727860049759],[-70.89500589755063,41.09717787114507],[-70.89483976809882,41.097163279158366],[-70.89459811220196,41.09721062955781],[-70.89459711960409,41.09724949942687]]},"properties":{"kind":"street","cls":"lane"}},{"type":"Feature","geometry":{"type":"LineString","coordinates":[[-70.90658629651529,41.098078723275556],[-70.90658220122059,41.09807849258293],[-70.90651263726086,41.09868749896981],[-70.90658629651529,41.098692094705626],[-70.90658629651529,41.098078723275556]]},"properties":{"kind":"street","cls":"grid"}},{"type":"Feature","geometry":{"type":"LineString","coordinates":[[-70.90658629651529,41.09882730306474],[-70.90649704785494,41.09882173467732],[-70.90642424416336,41.099438389764806],[-70.90658629651529,41.09944879996632],[-70.90658629651529,41.09882730306474]]},"properties":{"kind":"street","cls":"grid"}},{"type":"Feature","geometry":{"type":"LineString","coordinates":[[-70.90658629651529,41.099584035991384],[-70.90640834080551,41.09957260416225],[-70.90634264811409,41.10012498888812],[-70.90658629651529,41.100138867013854],[-70.90658629651529,41.099584035991384]]},"properties":{"kind":"street","cls":"grid"}},{"type":"Feature","geometry":{"type":"LineString","coordinates":[[-70.90658629651529,41.100273998691065],[-70.90632944039977,41.10025936825865],[-70.90628114794342,41.100880434999034],[-70.90658629651529,41.100901057288624],[-70.90658629651529,41.100273998691065]]},"properties":{"kind":"street","cls":"grid"}},{"type":"Feature","geometry":{"type":"LineString","coordinates":[[-70.90658629651529,41.10103634537407],[-70.90626827061764,41.10101485282007],[-70.90620202979038,41.101599702155745],[-70.90658629651529,41.10162125453269],[-70.90658629651529,41.10103634537407]]},"properties":{"kind":"street","cls":"grid"}},{"type":"Feature","geometry":{"type":"LineString","coordinates":[[-70.90658629651529,41.10175637453873],[-70.90618790912265,41.101734030175564],[-70.90614347462072,41.102192541548604],[-70.90650869368467,41.102215016161466],[-70.90658629651529,41.10213857957375],[-70.90658629651529,41.10175637453873]]},"properties":{"kind":"street","cls":"grid"}},{"type":"Feature","geometry":{"type":"LineString","coordinates":[[-70.90658629651529,41.10235498747129],[-70.90612797827508,41.10232678378196],[-70.90605144428666,41.102897066791286],[-70.90658629651529,41.102897066791286],[-70.90658629651529,41.10235498747129]]},"properties":{"kind":"street","cls":"grid"}},{"type":"Feature","geometry":{"type":"LineString","coordinates":[[-70.90552939115103,41.097344242758794],[-70.90433783938678,41.097276051671855],[-70.90430503542164,41.09782853413151],[-70.9064190756613,41.097934717010276],[-70.90646406628062,41.09753694529111],[-70.90607541150634,41.097445061816586],[-70.90552939115103,41.097344242758794]]},"properties":{"kind":"street","cls":"grid"}},{"type":"Feature","geometry":{"type":"LineString","coordinates":[[-70.90633243087836,41.098065411341615],[-70.90436200266403,41.09796644173059],[-70.90426533711415,41.09857738378226],[-70.90626289827972,41.09867414317404],[-70.90633243087836,41.098065411341615]]},"properties":{"kind":"street","cls":"grid"}},{"type":"Feature","geometry":{"type":"LineString","coordinates":[[-70.90624729302233,41.09880841265938],[-70.90424973122975,41.09871165323724],[-70.90421812688865,41.099156906363866],[-70.9047514994933,41.09935450191717],[-70.90617453007313,41.099424722654646],[-70.90624729302233,41.09880841265938]]},"properties":{"kind":"street","cls":"grid"}},{"type":"Feature","geometry":{"type":"LineString","coordinates":[[-70.90615861970322,41.09955897343003],[-70.90419238871786,41.09946194797478],[-70.90412015193915,41.100004401834546],[-70.9060929441421,41.10011121411382],[-70.90615861970322,41.09955897343003]]},"properties":{"kind":"street","cls":"grid"}},{"type":"Feature","geometry":{"type":"LineString","coordinates":[[-70.90607974318887,41.10024559402405],[-70.9041045477547,41.10013865162737],[-70.904043519813,41.10075901920885],[-70.90603151637337,41.1008658165878],[-70.90607974318887,41.10024559402405]]},"properties":{"kind":"street","cls":"grid"}},{"type":"Feature","geometry":{"type":"LineString","coordinates":[[-70.906018679356,41.10100021623291],[-70.90403084746684,41.100893427700285],[-70.90397950401407,41.101462669982794],[-70.90551971115255,41.10155799420532],[-70.90596699353691,41.10145655740798],[-70.906018679356,41.10100021623291]]},"properties":{"kind":"street","cls":"grid"}},{"type":"Feature","geometry":{"type":"LineString","coordinates":[[-70.90593835000334,41.101719104974016],[-70.90396836785752,41.10159718175229],[-70.90393179083476,41.10207915625046],[-70.90589379144376,41.10217889647496],[-70.90593835000334,41.101719104974016]]},"properties":{"kind":"street","cls":"grid"}},{"type":"Feature","geometry":{"type":"LineString","coordinates":[[-70.90594959434434,41.10231678682931],[-70.9038470552447,41.102209902192854],[-70.90377510589863,41.10279245695177],[-70.9058720666275,41.102894474476116],[-70.90594959434434,41.10231678682931]]},"properties":{"kind":"street","cls":"grid"}},{"type":"Feature","geometry":{"type":"LineString","coordinates":[[-70.90214912245847,41.09701830546511],[-70.9033519802393,41.09708563488311],[-70.9025800041232,41.09700585032341],[-70.90214912245847,41.09701830546511]]},"properties":{"kind":"street","cls":"grid"}},{"type":"Feature","geometry":{"type":"LineString","coordinates":[[-70.90408808695669,41.097261956637006],[-70.9017764876204,41.097132565913995],[-70.90172206757106,41.09768221328926],[-70.90405525526877,41.097814906002114],[-70.90408808695669,41.097261956637006]]},"properties":{"kind":"street","cls":"grid"}},{"type":"Feature","geometry":{"type":"LineString","coordinates":[[-70.90404058632905,41.097949202247264],[-70.9017078291866,41.097816534020886],[-70.9016366624932,41.098445689091534],[-70.90394370189968,41.098561527653025],[-70.90404058632905,41.097949202247264]]},"properties":{"kind":"street","cls":"grid"}},{"type":"Feature","geometry":{"type":"LineString","coordinates":[[-70.90392853128678,41.098695812004905],[-70.90162532614241,41.098580165965224],[-70.90159141474142,41.09918710070265],[-70.90388486619447,41.09931098125683],[-70.90392853128678,41.098695812004905]]},"properties":{"kind":"street","cls":"grid"}},{"type":"Feature","geometry":{"type":"LineString","coordinates":[[-70.9039424918915,41.0994491869129],[-70.90150629340634,41.099317595891854],[-70.90142478630781,41.099862629684864],[-70.90241683044545,41.099914710968676],[-70.90389084292613,41.09983703893401],[-70.9039424918915,41.0994491869129]]},"properties":{"kind":"street","cls":"grid"}},{"type":"Feature","geometry":{"type":"LineString","coordinates":[[-70.90385483751182,41.100125278741565],[-70.90262639535966,41.10006078680824],[-70.90268416069469,41.10068329254834],[-70.90379383329177,41.10074540518516],[-70.90385483751182,41.100125278741565]]},"properties":{"kind":"street","cls":"grid"}},{"type":"Feature","geometry":{"type":"LineString","coordinates":[[-70.90378115889368,41.100879814255784],[-70.90269676446296,41.100819116535014],[-70.90275047493918,41.10139792525709],[-70.90372989516379,41.10144817265475],[-70.90378115889368,41.100879814255784]]},"properties":{"kind":"street","cls":"grid"}},{"type":"Feature","geometry":{"type":"LineString","coordinates":[[-70.90371872211618,41.10158265864982],[-70.90276306768992,41.101533630513806],[-70.90280739655631,41.10201133870626],[-70.90334875096804,41.10204483556843],[-70.9036849921482,41.102027117579645],[-70.90371872211618,41.10158265864982]]},"properties":{"kind":"street","cls":"grid"}},{"type":"Feature","geometry":{"type":"LineString","coordinates":[[-70.90119908713636,41.10236231446856],[-70.90117892808816,41.10263585961225],[-70.90158823019502,41.102660721693624],[-70.90119908713636,41.10236231446856]]},"properties":{"kind":"street","cls":"grid"}},{"type":"Feature","geometry":{"type":"LineString","coordinates":[[-70.90366871244215,41.10219983429436],[-70.90334766475135,41.10217996913761],[-70.90183412266137,41.1022597241568],[-70.90242318955336,41.10271143931067],[-70.90359672188404,41.102782722736315],[-70.90366871244215,41.10219983429436]]},"properties":{"kind":"street","cls":"grid"}},{"type":"Feature","geometry":{"type":"LineString","coordinates":[[-70.90177968528563,41.102807535522224],[-70.90116956163095,41.10277047501436],[-70.90116124593473,41.102897066791286],[-70.90189644007225,41.102897066791286],[-70.90177968528563,41.102807535522224]]},"properties":{"kind":"street","cls":"grid"}},{"type":"Feature","geometry":{"type":"LineString","coordinates":[[-70.90152667876758,41.0971201850317],[-70.90073868027949,41.09709004311729],[-70.89985341135069,41.09721147711379],[-70.89907724299647,41.097397329359495],[-70.89892470397841,41.0975011217102],[-70.89888163789891,41.0975412449771],[-70.90147237136152,41.09766869469966],[-70.90152667876758,41.0971201850317]]},"properties":{"kind":"street","cls":"grid"}},{"type":"Feature","geometry":{"type":"LineString","coordinates":[[-70.9014581103301,41.097803027256106],[-70.89879466817516,41.097672000669014],[-70.89877810788632,41.09801946935726],[-70.89877810788632,41.098286323077616],[-70.90138689277414,41.09843263198134],[-70.9014581103301,41.097803027256106]]},"properties":{"kind":"street","cls":"grid"}},{"type":"Feature","geometry":{"type":"LineString","coordinates":[[-70.90137549480261,41.09856711270184],[-70.89877810788632,41.0984214430324],[-70.89877810788632,41.09905143674558],[-70.90134157669576,41.09917416745852],[-70.90137549480261,41.09856711270184]]},"properties":{"kind":"street","cls":"grid"}},{"type":"Feature","geometry":{"type":"LineString","coordinates":[[-70.90132770500566,41.09930852230237],[-70.89877810788632,41.09918645572173],[-70.89877810788632,41.09974149070925],[-70.90055875910312,41.09982255272399],[-70.90126886786977,41.099701963216305],[-70.90132770500566,41.09930852230237]]},"properties":{"kind":"street","cls":"grid"}},{"type":"Feature","geometry":{"type":"LineString","coordinates":[[-70.90111950139091,41.09998307279643],[-70.89877810788632,41.09987648366039],[-70.89877810788632,41.09991627521555],[-70.89901016354672,41.100094222847254],[-70.90111950139091,41.09998307279643]]},"properties":{"kind":"street","cls":"grid"}},{"type":"Feature","geometry":{"type":"LineString","coordinates":[[-70.89847662778244,41.10131500905886],[-70.89847232881245,41.10131479055731],[-70.8984508494041,41.10177149017172],[-70.89851930988902,41.101774971012276],[-70.89847662778244,41.10131500905886]]},"properties":{"kind":"street","cls":"grid"}},{"type":"Feature","geometry":{"type":"LineString","coordinates":[[-70.89877810788632,41.10242075867222],[-70.89877810788632,41.102511191208336],[-70.90068464167736,41.1026095572079],[-70.90100396487904,41.10257987528181],[-70.90102441421186,41.10230239116511],[-70.89877810788632,41.10242075867222]]},"properties":{"kind":"street","cls":"grid"}},{"type":"Feature","geometry":{"type":"LineString","coordinates":[[-70.89853190158412,41.10191066489297],[-70.89844119095854,41.10190605275468],[-70.89838509224776,41.102490913898635],[-70.8985867109958,41.10250131624754],[-70.89853190158412,41.10191066489297]]},"properties":{"kind":"street","cls":"grid"}},{"type":"Feature","geometry":{"type":"LineString","coordinates":[[-70.90099118866232,41.10276043599246],[-70.89877810788632,41.1026462539603],[-70.89877810788632,41.102897066791286],[-70.90098221351207,41.102897066791286],[-70.90099118866232,41.10276043599246]]},"properties":{"kind":"street","cls":"grid"}},{"type":"Feature","geometry":{"type":"LineString","coordinates":[[-70.89859929440625,41.10263702822993],[-70.89837060649621,41.102625229270494],[-70.89833795735257,41.102897066791286],[-70.89859929440625,41.102897066791286],[-70.89859929440625,41.10263702822993]]},"properties":{"kind":"street","cls":"grid"}},{"type":"Feature","geometry":{"type":"LineString","coordinates":[[-70.89621306457464,41.100336868231544],[-70.89620823767972,41.10038211773895],[-70.89836820741478,41.100468978675806],[-70.89837970762068,41.100336868231544],[-70.89621306457464,41.100336868231544]]},"properties":{"kind":"street","cls":"grid"}},{"type":"Feature","geometry":{"type":"LineString","coordinates":[[-70.89828466335045,41.10060055806305],[-70.89626893999943,41.10051949784454],[-70.89623926418798,41.10108424062707],[-70.89823180695593,41.10116885008082],[-70.89828466335045,41.10060055806305]]},"properties":{"kind":"street","cls":"grid"}},{"type":"Feature","geometry":{"type":"LineString","coordinates":[[-70.89822236799763,41.101303410327496],[-70.89622702757553,41.1012186820768],[-70.89616685854268,41.10167642151871],[-70.89820087762824,41.10176034299779],[-70.89822236799763,41.101303410327496]]},"properties":{"kind":"street","cls":"grid"}},{"type":"Feature","geometry":{"type":"LineString","coordinates":[[-70.89819126916291,41.10189489567406],[-70.89615469265118,41.10181086867827],[-70.89612783869858,41.10237308309193],[-70.89813534594582,41.10247792719587],[-70.89819126916291,41.10189489567406]]},"properties":{"kind":"street","cls":"grid"}},{"type":"Feature","geometry":{"type":"LineString","coordinates":[[-70.89819217474296,41.10261596565417],[-70.89604510566772,41.10250383279209],[-70.89599768681103,41.102897066791286],[-70.89815841298933,41.102897066791286],[-70.89819217474296,41.10261596565417]]},"properties":{"kind":"street","cls":"grid"}},{"type":"Feature","geometry":{"type":"LineString","coordinates":[[-70.89594760046613,41.100504711750744],[-70.89410476912528,41.100408962331336],[-70.8940562856861,41.10098703953299],[-70.895917883772,41.10107023254757],[-70.89594760046613,41.100504711750744]]},"properties":{"kind":"street","cls":"grid"}},{"type":"Feature","geometry":{"type":"LineString","coordinates":[[-70.89590543129594,41.10120466009075],[-70.89404292072018,41.10112142629788],[-70.89399212021819,41.10155945509189],[-70.89584544261004,41.10166102753271],[-70.89590543129594,41.10120466009075]]},"properties":{"kind":"street","cls":"grid"}},{"type":"Feature","geometry":{"type":"LineString","coordinates":[[-70.89583335555368,41.10179546828629],[-70.89397961595138,41.10169387298],[-70.89393839176245,41.10227993923787],[-70.8958064863359,41.102358002291986],[-70.89583335555368,41.10179546828629]]},"properties":{"kind":"street","cls":"grid"}},{"type":"Feature","geometry":{"type":"LineString","coordinates":[[-70.89586656423585,41.102495467110586],[-70.89385670745071,41.102411480164086],[-70.89382267092496,41.102824800117965],[-70.89411457756069,41.102897066791286],[-70.8958181365878,41.102897066791286],[-70.89586656423585,41.102495467110586]]},"properties":{"kind":"street","cls":"grid"}},{"type":"Feature","geometry":{"type":"LineString","coordinates":[[-70.89180438216425,41.09814361497513],[-70.89175161713533,41.09818040157856],[-70.89158762967972,41.09831113897594],[-70.89155916467342,41.09858261327846],[-70.89161968988745,41.09869129536171],[-70.89180438216425,41.098700350512814],[-70.89180438216425,41.09814361497513]]},"properties":{"kind":"street","cls":"grid"}},{"type":"Feature","geometry":{"type":"LineString","coordinates":[[-70.89180438216425,41.09883538270089],[-70.89157338388365,41.09882405724446],[-70.89152900108354,41.09889841134848],[-70.89148993498088,41.09936217322617],[-70.89180438216425,41.099379113167345],[-70.89180438216425,41.09883538270089]]},"properties":{"kind":"street","cls":"grid"}},{"type":"Feature","geometry":{"type":"LineString","coordinates":[[-70.89180438216425,41.099514204354286],[-70.89147827847877,41.09949663645246],[-70.89142062267433,41.10014364353516],[-70.89180438216425,41.10016218856195],[-70.89180438216425,41.099514204354286]]},"properties":{"kind":"street","cls":"grid"}},{"type":"Feature","geometry":{"type":"LineString","coordinates":[[-70.89385499212892,41.10039630756083],[-70.89262499084919,41.100336868231544],[-70.8919831956443,41.100336868231544],[-70.8919831956443,41.100882974014475],[-70.89380642849964,41.10097534088421],[-70.89385499212892,41.10039630756083]]},"properties":{"kind":"street","cls":"grid"}},{"type":"Feature","geometry":{"type":"LineString","coordinates":[[-70.89180438216425,41.10029721263879],[-70.8914079343157,41.10027805445205],[-70.89135078068114,41.100850935215725],[-70.89180438216425,41.10087391513789],[-70.89180438216425,41.10029721263879]]},"properties":{"kind":"street","cls":"grid"}},{"type":"Feature","geometry":{"type":"LineString","coordinates":[[-70.89379298628782,41.101109711345075],[-70.8919831956443,41.10101802547175],[-70.8919831956443,41.10147634867124],[-70.89374226742282,41.10154703622173],[-70.89379298628782,41.101109711345075]]},"properties":{"kind":"street","cls":"grid"}},{"type":"Feature","geometry":{"type":"LineString","coordinates":[[-70.89180438216425,41.10100896659517],[-70.89133920258415,41.10098540011459],[-70.8913055708243,41.101449118606354],[-70.89180438216425,41.101469163127675],[-70.89180438216425,41.10100896659517]]},"properties":{"kind":"street","cls":"grid"}},{"type":"Feature","geometry":{"type":"LineString","coordinates":[[-70.89372979780393,41.10168147388041],[-70.8919831956443,41.10161128741625],[-70.8919831956443,41.102187618936405],[-70.89368847341602,41.10226896462339],[-70.89372979780393,41.10168147388041]]},"properties":{"kind":"street","cls":"grid"}},{"type":"Feature","geometry":{"type":"LineString","coordinates":[[-70.89180438216425,41.10160410187269],[-70.89129248337595,41.10158353143782],[-70.89122247743575,41.10215133092145],[-70.89180438216425,41.10217908912055],[-70.89180438216425,41.10160410187269]]},"properties":{"kind":"street","cls":"grid"}},{"type":"Feature","geometry":{"type":"LineString","coordinates":[[-70.89367820783265,41.10240349193261],[-70.8919831956443,41.102322635937654],[-70.8919831956443,41.102897066791286],[-70.89363756238781,41.102897066791286],[-70.89367820783265,41.10240349193261]]},"properties":{"kind":"street","cls":"grid"}},{"type":"Feature","geometry":{"type":"LineString","coordinates":[[-70.89180438216425,41.102314106121796],[-70.89120794307875,41.102285654600315],[-70.89115133470989,41.102897066791286],[-70.89180438216425,41.102897066791286],[-70.89180438216425,41.102314106121796]]},"properties":{"kind":"street","cls":"grid"}},{"type":"Feature","geometry":{"type":"LineString","coordinates":[[-70.89106725138286,41.098657526144734],[-70.89132603386625,41.09867463285518],[-70.89137318672854,41.09864562651233],[-70.89139294673717,41.098457172854374],[-70.89127104165571,41.098515448103605],[-70.89106725138286,41.098657526144734]]},"properties":{"kind":"street","cls":"grid"}},{"type":"Feature","geometry":{"type":"LineString","coordinates":[[-70.89135711081956,41.09881195194168],[-70.89073769410325,41.09877100565246],[-70.8904511194617,41.09893588177833],[-70.8902194506041,41.099089771236955],[-70.89013990431317,41.09922161000757],[-70.89014104715847,41.099287304176414],[-70.89131158420331,41.09935240792789],[-70.89135711081956,41.09881195194168]]},"properties":{"kind":"street","cls":"grid"}},{"type":"Feature","geometry":{"type":"LineString","coordinates":[[-70.89129993226773,41.09948687367854],[-70.8901700466782,41.09942403090826],[-70.89014636966165,41.09959325759273],[-70.89015463530801,41.10006839168887],[-70.8912422699404,41.10013395396023],[-70.89129993226773,41.09948687367854]]},"properties":{"kind":"street","cls":"grid"}},{"type":"Feature","geometry":{"type":"LineString","coordinates":[[-70.89122958270669,41.10026836689722],[-70.89013391672148,41.100202320498454],[-70.89002540135017,41.100666342857785],[-70.89001708415655,41.10077553231469],[-70.89117241987563,41.10084133984218],[-70.89122958270669,41.10026836689722]]},"properties":{"kind":"street","cls":"grid"}},{"type":"Feature","geometry":{"type":"LineString","coordinates":[[-70.89116081773523,41.10097581066565],[-70.88998433376038,41.10090879854075],[-70.88994926400876,41.10099191358906],[-70.88986269191201,41.10136210435646],[-70.88986364949467,41.10136952570604],[-70.89112711499942,41.101440507782094],[-70.89116081773523,41.10097581066565]]},"properties":{"kind":"street","cls":"grid"}},{"type":"Feature","geometry":{"type":"LineString","coordinates":[[-70.89111396518072,41.10157489026641],[-70.88997078977509,41.101510666143724],[-70.89013030163666,41.10184499252826],[-70.89028982523313,41.102104026548],[-70.89104397947582,41.10214252562686],[-70.89111396518072,41.10157489026641]]},"properties":{"kind":"street","cls":"grid"}},{"type":"Feature","geometry":{"type":"LineString","coordinates":[[-70.89102951073318,41.10227684313954],[-70.89031903918547,41.10224057403358],[-70.89036512087823,41.10233715823478],[-70.89048665976402,41.10251619080182],[-70.89079411505686,41.10287714146559],[-70.8908026459939,41.1028865241398],[-70.89097225223671,41.10289527718879],[-70.89102951073318,41.10227684313954]]},"properties":{"kind":"street","cls":"grid"}},{"type":"Feature","geometry":{"type":"LineString","coordinates":[[-70.90598402923125,41.10302283093106],[-70.90605304026553,41.103225083948765],[-70.90621884584392,41.10326718493085],[-70.90659821741396,41.10317878422245],[-70.90659821741396,41.10302283093106],[-70.90598402923125,41.10302283093106]]},"properties":{"kind":"street","cls":"grid"}},{"type":"Feature","geometry":{"type":"LineString","coordinates":[[-70.90659821741396,41.103301020984645],[-70.90612596863316,41.10341106382934],[-70.90631471432,41.1037790653406],[-70.90659821741396,41.103711854305324],[-70.90659821741396,41.103301020984645]]},"properties":{"kind":"street","cls":"grid"}},{"type":"Feature","geometry":{"type":"LineString","coordinates":[[-70.90659821741396,41.103834278165394],[-70.90636290191759,41.10389006520429],[-70.90652620036823,41.104344042205135],[-70.90659821741396,41.10432743366233],[-70.90659821741396,41.103834278165394]]},"properties":{"kind":"street","cls":"grid"}},{"type":"Feature","geometry":{"type":"LineString","coordinates":[[-70.90376410615919,41.10302283093106],[-70.90388034928465,41.103275927703905],[-70.90498537239603,41.10302283093106],[-70.90376410615919,41.10302283093106]]},"properties":{"kind":"street","cls":"grid"}},{"type":"Feature","geometry":{"type":"LineString","coordinates":[[-70.90551827066875,41.10302283093106],[-70.90393060759845,41.10338647255567],[-70.90409898516148,41.10376037644067],[-70.90593032330234,41.10333438731914],[-70.90582401671259,41.10302283093106],[-70.90551827066875,41.10302283093106]]},"properties":{"kind":"street","cls":"grid"}},{"type":"Feature","geometry":{"type":"LineString","coordinates":[[-70.90597754857627,41.10344562030837],[-70.90414878571256,41.103871010392496],[-70.90420163805844,41.10398846972289],[-70.90542583336777,41.10392396162561],[-70.90586713212053,41.103884803157705],[-70.90616654686733,41.103814114327484],[-70.90597754857627,41.10344562030837]]},"properties":{"kind":"street","cls":"grid"}},{"type":"Feature","geometry":{"type":"LineString","coordinates":[[-70.90580937457462,41.10402081734991],[-70.90507121872379,41.10419508857126],[-70.90511743058953,41.10469308882804],[-70.90637836059541,41.104379416141114],[-70.90624118555111,41.10399806337898],[-70.90580937457462,41.10402081734991]]},"properties":{"kind":"street","cls":"grid"}},{"type":"Feature","geometry":{"type":"LineString","coordinates":[[-70.90463107896062,41.104981258094135],[-70.90473875865388,41.105231415453794],[-70.90494164919424,41.10521941318785],[-70.90463107896062,41.104981258094135]]},"properties":{"kind":"street","cls":"grid"}},{"type":"Feature","geometry":{"type":"LineString","coordinates":[[-70.9054114056919,41.1051615448807],[-70.90566420367855,41.105125113298904],[-70.9061839975636,41.10499023387368],[-70.90659821741396,41.10486249500277],[-70.90659821741396,41.104852743452156],[-70.90576943469664,41.104896415565385],[-70.9054114056919,41.1051615448807]]},"properties":{"kind":"street","cls":"grid"}},{"type":"Feature","geometry":{"type":"LineString","coordinates":[[-70.90642520932997,41.104490741564234],[-70.90626264421257,41.104531181744846],[-70.90593963094649,41.10477038104138],[-70.9065446616016,41.10473849938323],[-70.90642520932997,41.104490741564234]]},"properties":{"kind":"street","cls":"grid"}},{"type":"Feature","geometry":{"type":"LineString","coordinates":[[-70.90592969701031,41.10461400667807],[-70.90514281804657,41.10480975302219],[-70.90514600953267,41.104812200354836],[-70.90570159161466,41.10478292435392],[-70.90592969701031,41.10461400667807]]},"properties":{"kind":"street","cls":"grid"}},{"type":"Feature","geometry":{"type":"LineString","coordinates":[[-70.90227891617941,41.10317754515915],[-70.90206301950751,41.10322683635859],[-70.90227023766143,41.10368406793046],[-70.9027726290659,41.10355613984088],[-70.90227891617941,41.10317754515915]]},"properties":{"kind":"street","cls":"grid"}},{"type":"Feature","geometry":{"type":"LineString","coordinates":[[-70.9029565683226,41.10302283093106],[-70.90284559253496,41.103048167725895],[-70.90332469895534,41.103415561706704],[-70.90362946017123,41.103337957830966],[-70.9036991843433,41.1032385344423],[-70.90360011531908,41.10302283093106],[-70.9029565683226,41.10302283093106]]},"properties":{"kind":"street","cls":"grid"}},{"type":"Feature","geometry":{"type":"LineString","coordinates":[[-70.90289330623911,41.10364867892023],[-70.90231831363982,41.10379509405411],[-70.90246632425026,41.10415383208386],[-70.90329212015409,41.1039545020643],[-70.90289330623911,41.10364867892023]]},"properties":{"kind":"street","cls":"grid"}},{"type":"Feature","geometry":{"type":"LineString","coordinates":[[-70.90378301152346,41.10342212588549],[-70.90344537612854,41.10350810078605],[-70.90385145033213,41.10381949134941],[-70.90395112037665,41.10379543306596],[-70.90378301152346,41.10342212588549]]},"properties":{"kind":"street","cls":"grid"}},{"type":"Feature","geometry":{"type":"LineString","coordinates":[[-70.90288755994209,41.10417478028469],[-70.90251697450756,41.10426423192954],[-70.90270774961569,41.10464284993381],[-70.90301457068027,41.10456799075547],[-70.90297764228744,41.10417003345985],[-70.90288755994209,41.10417478028469]]},"properties":{"kind":"street","cls":"grid"}},{"type":"Feature","geometry":{"type":"LineString","coordinates":[[-70.90302570902385,41.10468802265373],[-70.9027576783423,41.10475341763116],[-70.902943956554,41.10521683029522],[-70.90307195486527,41.1051863890481],[-70.90302570902385,41.10468802265373]]},"properties":{"kind":"street","cls":"grid"}},{"type":"Feature","geometry":{"type":"LineString","coordinates":[[-70.90321289777287,41.10503113045225],[-70.90322395058354,41.105150240608516],[-70.90387047933714,41.10499647966148],[-70.90321289777287,41.10503113045225]]},"properties":{"kind":"street","cls":"grid"}},{"type":"Feature","geometry":{"type":"LineString","coordinates":[[-70.90446641579803,41.10497720973004],[-70.90299058933388,41.105328198720905],[-70.90299340571725,41.10533466418127],[-70.90395855411826,41.10527756951455],[-70.904577078237,41.10523429649088],[-70.90446641579803,41.10497720973004]]},"properties":{"kind":"street","cls":"grid"}},{"type":"Feature","geometry":{"type":"LineString","coordinates":[[-70.90059645144825,41.10302283093106],[-70.9004624984988,41.103055126322914],[-70.90066682857181,41.10347049002421],[-70.90186672745241,41.10315231640969],[-70.90181098531102,41.10302283093106],[-70.90059645144825,41.10302283093106]]},"properties":{"kind":"street","cls":"grid"}},{"type":"Feature","geometry":{"type":"LineString","coordinates":[[-70.90187634806638,41.103273565440176],[-70.90075730101223,41.10357029981653],[-70.90094152616864,41.10399339788403],[-70.90208281179574,41.103729132357095],[-70.90187634806638,41.103273565440176]]},"properties":{"kind":"street","cls":"grid"}},{"type":"Feature","geometry":{"type":"LineString","coordinates":[[-70.90213092547445,41.10384016134411],[-70.90098832550564,41.10410473120784],[-70.90113855240365,41.10447494847072],[-70.90227901868508,41.104199099574586],[-70.90213092547445,41.10384016134411]]},"properties":{"kind":"street","cls":"grid"}},{"type":"Feature","geometry":{"type":"LineString","coordinates":[[-70.90232941689864,41.10430955873522],[-70.90141842668854,41.10452990338541],[-70.9012191794117,41.104658854380496],[-70.9013484309545,41.104944443766875],[-70.90251913748449,41.10468608390294],[-70.90232941689864,41.10430955873522]]},"properties":{"kind":"street","cls":"grid"}},{"type":"Feature","geometry":{"type":"LineString","coordinates":[[-70.90260957799778,41.10478781073805],[-70.90135875976594,41.10506385022352],[-70.90156908230871,41.10552207185365],[-70.90160694096775,41.105515993032924],[-70.90279575525473,41.105250972252435],[-70.90260957799778,41.10478781073805]]},"properties":{"kind":"street","cls":"grid"}},{"type":"Feature","geometry":{"type":"LineString","coordinates":[[-70.89873622502013,41.10302283093106],[-70.89888558735065,41.10331813250304],[-70.90009170697763,41.10302283093106],[-70.89873622502013,41.10302283093106]]},"properties":{"kind":"street","cls":"grid"}},{"type":"Feature","geometry":{"type":"LineString","coordinates":[[-70.90027514699196,41.10310070844551],[-70.89897384038005,41.10341931522341],[-70.89913565030058,41.10385415848999],[-70.90048049322664,41.10351813780785],[-70.90027514699196,41.10310070844551]]},"properties":{"kind":"street","cls":"grid"}},{"type":"Feature","geometry":{"type":"LineString","coordinates":[[-70.90053166809217,41.10362838431219],[-70.8991838537111,41.10396514743816],[-70.89939084424938,41.104379934658674],[-70.90071444310945,41.104048151938485],[-70.90053166809217,41.10362838431219]]},"properties":{"kind":"street","cls":"grid"}},{"type":"Feature","geometry":{"type":"LineString","coordinates":[[-70.90076123267258,41.104159495809476],[-70.89944342348453,41.10448982724923],[-70.89956837443219,41.10476169163383],[-70.89995267064484,41.10477243292575],[-70.90091193017517,41.1045308728243],[-70.90076123267258,41.104159495809476]]},"properties":{"kind":"street","cls":"grid"}},{"type":"Feature","geometry":{"type":"LineString","coordinates":[[-70.90095964329,41.10464198669252],[-70.89993806064221,41.10489924096025],[-70.89969229701647,41.105044152072985],[-70.8998072324227,41.105321489774404],[-70.90112063055022,41.10499769813599],[-70.90095964329,41.10464198669252]]},"properties":{"kind":"street","cls":"grid"}},{"type":"Feature","geometry":{"type":"LineString","coordinates":[[-70.90121062993767,41.10509838221508],[-70.89981329776464,41.10544286608805],[-70.89994049690232,41.10575704975015],[-70.9005653355866,41.10567323236444],[-70.90129818613417,41.10556556862089],[-70.9014163580799,41.105546594201535],[-70.90121062993767,41.10509838221508]]},"properties":{"kind":"street","cls":"grid"}},{"type":"Feature","geometry":{"type":"LineString","coordinates":[[-70.89700733818394,41.10302283093106],[-70.89710673220371,41.10324232464856],[-70.89800931431178,41.10302283093106],[-70.89700733818394,41.10302283093106]]},"properties":{"kind":"street","cls":"grid"}},{"type":"Feature","geometry":{"type":"LineString","coordinates":[[-70.8985139169072,41.10302283093106],[-70.89715614949135,41.10335301852834],[-70.89732591615932,41.10373867210502],[-70.89873889779287,41.10335600801787],[-70.89857037818145,41.10302283093106],[-70.8985139169072,41.10302283093106]]},"properties":{"kind":"street","cls":"grid"}},{"type":"Feature","geometry":{"type":"LineString","coordinates":[[-70.89874793501032,41.10347765421324],[-70.89741380328778,41.10383896414512],[-70.89759076196474,41.104244776903286],[-70.89861878945055,41.103984593257465],[-70.89887369238066,41.103815610906736],[-70.89874793501032,41.10347765421324]]},"properties":{"kind":"street","cls":"grid"}},{"type":"Feature","geometry":{"type":"LineString","coordinates":[[-70.89895753236439,41.10402205227185],[-70.8976381151732,41.10435598378623],[-70.89781347055259,41.10477834950584],[-70.89916455168924,41.1044368971776],[-70.89895753236439,41.10402205227185]]},"properties":{"kind":"street","cls":"grid"}},{"type":"Feature","geometry":{"type":"LineString","coordinates":[[-70.89921727159476,41.104546747047316],[-70.89785859780713,41.10489011823023],[-70.89799946912215,41.1052500766279],[-70.89938607600854,41.10491402643915],[-70.89921727159476,41.104546747047316]]},"properties":{"kind":"street","cls":"grid"}},{"type":"Feature","geometry":{"type":"LineString","coordinates":[[-70.89947428517782,41.105015320512166],[-70.89800873572177,41.10537050277482],[-70.89813841078251,41.1056334238643],[-70.89839829687324,41.10566968380394],[-70.89962028847995,41.105367624658825],[-70.89947428517782,41.105015320512166]]},"properties":{"kind":"street","cls":"grid"}},{"type":"Feature","geometry":{"type":"LineString","coordinates":[[-70.89966599637044,41.10547922957148],[-70.89871949886806,41.1057131904472],[-70.89922881653222,41.105777191008166],[-70.89978348803253,41.1057694356321],[-70.89966599637044,41.10547922957148]]},"properties":{"kind":"street","cls":"grid"}},{"type":"Feature","geometry":{"type":"LineString","coordinates":[[-70.89500690945523,41.10302283093106],[-70.89510526583547,41.103264629294465],[-70.8960172891205,41.10302283093106],[-70.89500690945523,41.10302283093106]]},"properties":{"kind":"street","cls":"grid"}},{"type":"Feature","geometry":{"type":"LineString","coordinates":[[-70.89648423400746,41.10302283093106],[-70.89515113726247,41.10337626555986],[-70.89529373470214,41.1037195711625],[-70.89695985549561,41.10327957747718],[-70.89684359216211,41.10302283093106],[-70.89648423400746,41.10302283093106]]},"properties":{"kind":"street","cls":"grid"}},{"type":"Feature","geometry":{"type":"LineString","coordinates":[[-70.89696989197266,41.103400671441115],[-70.89538074922804,41.103820336555096],[-70.89550092732219,41.10409199202384],[-70.89590112043211,41.104084132545886],[-70.89713942643246,41.10378579751785],[-70.89696989197266,41.103400671441115]]},"properties":{"kind":"street","cls":"grid"}},{"type":"Feature","geometry":{"type":"LineString","coordinates":[[-70.89718801747787,41.103896695035566],[-70.89558529429692,41.10428282614127],[-70.89577230994296,41.10470652168593],[-70.89736478491393,41.10430206922806],[-70.89718801747787,41.103896695035566]]},"properties":{"kind":"street","cls":"grid"}},{"type":"Feature","geometry":{"type":"LineString","coordinates":[[-70.89741209302026,41.104413289397336],[-70.8958204482095,41.10481753101337],[-70.89599450198396,41.105226400796475],[-70.89758709132167,41.10483479504923],[-70.89741209302026,41.104413289397336]]},"properties":{"kind":"street","cls":"grid"}},{"type":"Feature","geometry":{"type":"LineString","coordinates":[[-70.8976717995999,41.10493680685199],[-70.89606425759281,41.105332089348245],[-70.8967062011063,41.10542262869649],[-70.89712444505139,41.10547574697368],[-70.89781261762514,41.10529662908206],[-70.8976717995999,41.10493680685199]]},"properties":{"kind":"street","cls":"grid"}},{"type":"Feature","geometry":{"type":"LineString","coordinates":[[-70.8978616176303,41.105407426137255],[-70.89741767791683,41.10552297498142],[-70.8979560581294,41.10559890782057],[-70.8978616176303,41.105407426137255]]},"properties":{"kind":"street","cls":"grid"}},{"type":"Feature","geometry":{"type":"LineString","coordinates":[[-70.89306240410603,41.10302283093106],[-70.89311749424132,41.10317188812792],[-70.89370004291368,41.10302283093106],[-70.89306240410603,41.10302283093106]]},"properties":{"kind":"street","cls":"grid"}},{"type":"Feature","geometry":{"type":"LineString","coordinates":[[-70.89432053569016,41.10302283093106],[-70.89396894855169,41.10307735521692],[-70.89316226088232,41.10328376303903],[-70.89333542560816,41.103683380021565],[-70.89495816572531,41.1033014772013],[-70.89484482071288,41.10302283093106],[-70.89432053569016,41.10302283093106]]},"properties":{"kind":"street","cls":"grid"}},{"type":"Feature","geometry":{"type":"LineString","coordinates":[[-70.89496419567814,41.103422401803236],[-70.89342432374397,41.10378480205962],[-70.89358223488009,41.10413423051277],[-70.8951070466187,41.10376631771328],[-70.89496419567814,41.103422401803236]]},"properties":{"kind":"street","cls":"grid"}},{"type":"Feature","geometry":{"type":"LineString","coordinates":[[-70.89515469490593,41.10387744220877],[-70.89363122263192,41.10424503181677],[-70.89379072706865,41.10461363884211],[-70.89530980351945,41.1042280560491],[-70.89515469490593,41.10387744220877]]},"properties":{"kind":"street","cls":"grid"}},{"type":"Feature","geometry":{"type":"LineString","coordinates":[[-70.89539830548702,41.10432881977295],[-70.89382309446901,41.104728651041206],[-70.89400987052414,41.10482848504283],[-70.89439176780488,41.105029055820935],[-70.89443680843988,41.10504254274594],[-70.89558584002178,41.10475369089221],[-70.89539830548702,41.10432881977295]]},"properties":{"kind":"street","cls":"grid"}},{"type":"Feature","geometry":{"type":"LineString","coordinates":[[-70.89563396100358,41.10486470163754],[-70.89466030494295,41.10510946632673],[-70.89482560422096,41.105158963385676],[-70.89542946636261,41.105251686835935],[-70.895726855328,41.105293581050184],[-70.89580775752044,41.10527296709674],[-70.89563396100358,41.10486470163754]]},"properties":{"kind":"street","cls":"grid"}},{"type":"Feature","geometry":{"type":"LineString","coordinates":[[-70.89102647086325,41.10302283093106],[-70.89110122145095,41.10319304710323],[-70.89179281909239,41.10302283093106],[-70.89102647086325,41.10302283093106]]},"properties":{"kind":"street","cls":"grid"}},{"type":"Feature","geometry":{"type":"LineString","coordinates":[[-70.8922919730376,41.10302283093106],[-70.89114672960892,41.103304698509774],[-70.89115710514947,41.10333234201872],[-70.89124036638658,41.10343864883299],[-70.89145663488185,41.10358209851964],[-70.89297030279535,41.10320889773093],[-70.8929125907445,41.103052746425824],[-70.89280353007206,41.10302283093106],[-70.8922919730376,41.10302283093106]]},"properties":{"kind":"street","cls":"grid"}},{"type":"Feature","geometry":{"type":"LineString","coordinates":[[-70.89301523835519,41.103320691460524],[-70.89167757821936,41.103650496838085],[-70.89191629405552,41.103756864659765],[-70.89239337837009,41.10392547114974],[-70.89318816393887,41.103719756568175],[-70.89301523835519,41.103320691460524]]},"properties":{"kind":"street","cls":"grid"}},{"type":"Feature","geometry":{"type":"LineString","coordinates":[[-70.89323720609333,41.10383054058468],[-70.89250624277393,41.10401973603475],[-70.89305933109978,41.10426618302949],[-70.89339530277002,41.10418037960517],[-70.89323720609333,41.10383054058468]]},"properties":{"kind":"street","cls":"grid"}},{"type":"Feature","geometry":{"type":"LineString","coordinates":[[-70.89344430029023,41.104291171578666],[-70.89313648164826,41.104369785032986],[-70.89357885308748,41.1046021165741],[-70.89344430029023,41.104291171578666]]},"properties":{"kind":"street","cls":"grid"}},{"type":"Feature","geometry":{"type":"LineString","coordinates":[[-70.90704428616546,41.09761030967764],[-70.906777030894,41.097738381851435],[-70.906777030894,41.098381075421045],[-70.90690786801176,41.098537257275964],[-70.9081706386172,41.09794832862014],[-70.90795527507322,41.09787600694238],[-70.90760006886404,41.09776125605163],[-70.90726185929097,41.09765611242129],[-70.90704428616546,41.09761030967764]]},"properties":{"kind":"street","cls":"grid"}},{"type":"Feature","geometry":{"type":"LineString","coordinates":[[-70.90838393640627,41.098028446116416],[-70.90701400943276,41.098667350164085],[-70.90750992098378,41.09929173078818],[-70.9091595046812,41.098518779739535],[-70.90905706538427,41.098398594367296],[-70.90887757179834,41.098268508781956],[-70.90859704294569,41.0981197900349],[-70.90838393640627,41.098028446116416]]},"properties":{"kind":"street","cls":"grid"}},{"type":"Feature","geometry":{"type":"LineString","coordinates":[[-70.9091290056499,41.0987129002234],[-70.90761671560503,41.0994215191179],[-70.90820378662357,41.100110516830476],[-70.90967754816741,41.09940517224179],[-70.90946269939967,41.09901856415873],[-70.9091290056499,41.0987129002234]]},"properties":{"kind":"street","cls":"grid"}},{"type":"Feature","geometry":{"type":"LineString","coordinates":[[-70.90994337087396,41.09945885989259],[-70.90831198219195,41.100239645077096],[-70.90886875988356,41.10091552618095],[-70.91025624295567,41.10024979260025],[-70.91025451646652,41.10024189852694],[-70.91024051003909,41.10018021823859],[-70.91018827451744,41.09995047909656],[-70.91012839127649,41.099690829473126],[-70.91006068800489,41.099566322546444],[-70.90994337087396,41.09945885989259]]},"properties":{"kind":"street","cls":"grid"}},{"type":"Feature","geometry":{"type":"LineString","coordinates":[[-70.91027842231308,41.10042019328371],[-70.9089743479993,41.101045906187785],[-70.90940260312081,41.10158424460731],[-70.91040355181332,41.101114968810535],[-70.91040203166075,41.10110285772229],[-70.91027842231308,41.10042019328371]]},"properties":{"kind":"street","cls":"grid"}},{"type":"Feature","geometry":{"type":"LineString","coordinates":[[-70.9104261177982,41.10128424619925],[-70.90951037808344,41.101713573384046],[-70.91006473086506,41.102349417304765],[-70.91016609551747,41.102250121801916],[-70.91034977362735,41.102031203828474],[-70.91048738925959,41.101831403140906],[-70.91051117005057,41.10170560257139],[-70.91045740420233,41.1014086668356],[-70.9104261177982,41.10128424619925]]},"properties":{"kind":"street","cls":"grid"}},{"type":"Feature","geometry":{"type":"LineString","coordinates":[[-70.90684184846083,41.09874795357989],[-70.906777030894,41.098778413892035],[-70.906777030894,41.09962752764699],[-70.90733721381191,41.09937164650745],[-70.90684184846083,41.09874795357989]]},"properties":{"kind":"street","cls":"grid"}},{"type":"Feature","geometry":{"type":"LineString","coordinates":[[-70.9074439900733,41.09950145219105],[-70.906777030894,41.09980610674115],[-70.906777030894,41.10074720786792],[-70.9080308595334,41.1001902133508],[-70.9074439900733,41.09950145219105]]},"properties":{"kind":"street","cls":"grid"}},{"type":"Feature","geometry":{"type":"LineString","coordinates":[[-70.90813914251429,41.10031938469767],[-70.906777030894,41.10092448230061],[-70.906777030894,41.101858595729496],[-70.90869624848301,41.100995664302225],[-70.90813914251429,41.10031938469767]]},"properties":{"kind":"street","cls":"grid"}},{"type":"Feature","geometry":{"type":"LineString","coordinates":[[-70.90880181033828,41.10112603269311],[-70.906777030894,41.102036427546594],[-70.906777030894,41.102572643746946],[-70.90691288304653,41.10273551257169],[-70.90923017975251,41.101664514784375],[-70.90880181033828,41.10112603269311]]},"properties":{"kind":"street","cls":"grid"}},{"type":"Feature","geometry":{"type":"LineString","coordinates":[[-70.9093379082605,41.10179387348712],[-70.90702155116678,41.10286443700865],[-70.90754696753413,41.10348154043603],[-70.90798802943833,41.10343578426679],[-70.90983715958149,41.10257234319166],[-70.9099145514276,41.102496531139884],[-70.90992920487979,41.10247209207496],[-70.9093379082605,41.10179387348712]]},"properties":{"kind":"street","cls":"grid"}},{"type":"Feature","geometry":{"type":"LineString","coordinates":[[-70.90972437441624,41.10280466295063],[-70.90775319951634,41.103725092148736],[-70.9081326769196,41.104180057744856],[-70.9084332871578,41.10404690674626],[-70.90922379447088,41.103648577352914],[-70.90972023241588,41.10282061688292],[-70.90972437441624,41.10280466295063]]},"properties":{"kind":"street","cls":"grid"}},{"type":"Feature","geometry":{"type":"LineString","coordinates":[[-70.90685047240362,41.102946302291066],[-70.906777030894,41.102982682145935],[-70.906777030894,41.10402437579029],[-70.90747380362724,41.10367840707195],[-70.90685047240362,41.102946302291066]]},"properties":{"kind":"street","cls":"grid"}},{"type":"Feature","geometry":{"type":"LineString","coordinates":[[-70.90758244599864,41.103807347314806],[-70.906777030894,41.10420726025368],[-70.906777030894,41.10478381983546],[-70.90720623861822,41.104628991170586],[-70.90769146668715,41.10442070328573],[-70.90797490759614,41.10427788000825],[-70.90758244599864,41.103807347314806]]},"properties":{"kind":"street","cls":"grid"}},{"type":"Feature","geometry":{"type":"LineString","coordinates":[[-70.910226334105,41.0996695673128],[-70.91028812639456,41.09993749443997],[-70.91035399495078,41.10022719357796],[-70.91041671670702,41.100513977969534],[-70.91046566307558,41.100798928018804],[-70.91050271197713,41.101094097415455],[-70.91055744765016,41.101396389258284],[-70.91062282484033,41.10165638307438],[-70.9105852714346,41.10185504088314],[-70.91043772277077,41.10206926309035],[-70.91024925021446,41.10229389535657],[-70.91000204327042,41.102536056082556],[-70.9098174159887,41.1028439779336],[-70.90974049827301,41.10314024541777],[-70.90963101416851,41.103382369874296],[-70.90949736970748,41.10359022421379],[-70.90921904574525,41.103787436666735],[-70.90873416330508,41.10400220839738],[-70.90822867928668,41.10424186148502],[-70.90774477362751,41.104485697113695],[-70.90725325075303,41.1046966870923],[-70.9067394362373,41.10488203607596],[-70.90621130740712,41.10504490268026],[-70.90568419670751,41.10518168071909],[-70.90506769470404,41.10527052692971],[-70.90433153425883,41.10531407550238],[-70.90357881346567,41.1053627784331],[-70.90281851052347,41.10541597054997],[-70.90205689354758,41.1055034471444],[-70.90131367479206,41.10562278294997],[-70.90057954001087,41.10573063536146],[-70.89986324418763,41.10582672103095],[-70.89922311471858,41.10583567127404],[-70.89861170277288,41.10575884160514],[-70.89797694710083,41.10567027894952],[-70.89733876479754,41.105571249523216],[-70.89669263371148,41.10548011956212],[-70.89604981906169,41.105398480109464],[-70.89541461046522,41.10530899607297],[-70.89480338779934,41.10521514240912],[-70.89433938309865,41.105076201281875],[-70.89396530260105,41.104876250849365],[-70.89355729809431,41.10466196867057],[-70.89314999998598,41.10444947856184],[-70.89274613511827,41.104234522635224],[-70.89233142394112,41.10400967418221],[-70.89188004156739,41.10380854567473],[-70.8914534813611,41.10365779492281],[-70.89117990791665,41.103476335183004],[-70.89097026416415,41.10320866489329],[-70.8907196002677,41.10291438698715],[-70.89047075859877,41.10264070072074],[-70.89028292101993,41.1023640070214],[-70.89013333240452,41.102050479109046],[-70.88995732450627,41.10172416264934],[-70.88978307052585,41.1014412094687],[-70.88975562359876,41.10122849337661],[-70.88986225067973,41.10097578799448],[-70.88993644185993,41.10065853923914],[-70.88995981829551,41.10035164962905],[-70.88999077392734,41.10006278813765],[-70.89003219936414,41.09976670821071],[-70.89005465618784,41.09946110122231],[-70.89005024328,41.099207434068965],[-70.89014597922278,41.09904876282419],[-70.89039436084661,41.09888377166388],[-70.89069266164218,41.098712149083276],[-70.89103412797017,41.098548915236655],[-70.89137487913167,41.09835126966206],[-70.8916887005529,41.098132480353975],[-70.89197922519237,41.09790086242261],[-70.89220926949092,41.09768685022276],[-70.89242790795359,41.0975847903757],[-70.89275910550361,41.09753806419671],[-70.89314600664687,41.09744166237252],[-70.89347589826379,41.09732385992915],[-70.893777354617,41.097260803223946],[-70.8941309386802,41.097234883886415],[-70.89451694960492,41.09718476428742],[-70.89483599569564,41.097122249943546],[-70.89503333811521,41.097139583522456],[-70.89525466006165,41.097244189179726],[-70.89553097730986,41.09737035434126],[-70.89579842148504,41.09749500386984],[-70.89604769125732,41.09762904285325],[-70.89628082870688,41.09777216923036],[-70.89648409951278,41.09792910923956],[-70.89674053183256,41.09816187232894],[-70.89723480642373,41.09821980396747],[-70.89754398397339,41.09805111036388],[-70.89775756241288,41.097960670871835],[-70.89803382181363,41.097884973796106],[-70.89833211862724,41.097768907919175],[-70.89861014706895,41.09762438100107],[-70.89885959112011,41.097454651414715],[-70.89901821090712,41.0973068705133],[-70.89923010593822,41.09722849631237],[-70.89961920652378,41.097175122656516],[-70.90004822092394,41.09709413711538],[-70.90043628678566,41.09700121537811],[-70.90079767975128,41.09696495761917],[-70.9012080097245,41.096978086240334],[-70.90165580746381,41.09696514211958],[-70.90207018565627,41.0969281564447],[-70.90251089556268,41.09692991244349],[-70.90301840166144,41.09696960165353],[-70.90353263538364,41.09702277331559],[-70.90405476571293,41.097090264169964],[-70.90459076671274,41.09714566044826],[-70.90510983369145,41.097185778888296],[-70.90559786503272,41.097261551605904],[-70.90609945633574,41.09738013486993],[-70.9065695469299,41.09746693399806],[-70.90695414047615,41.097512052139024],[-70.90729492925274,41.09758379381639],[-70.90763935502308,41.09769086995722],[-70.90799586213672,41.097806041110736],[-70.90833825369296,41.09792102032839],[-70.90865136815368,41.09805523067152],[-70.90894221924806,41.098209421621675],[-70.90913588673044,41.098349779549636],[-70.90925435386245,41.09848876933956],[-70.90936741594713,41.09864943105237],[-70.90947465401501,41.09884239982894],[-70.90963144366214,41.09904405014258],[-70.90981270632322,41.099218982721794],[-70.9099887946149,41.09938027984],[-70.91013620639586,41.09950382164335],[-70.910226334105,41.0996695673128]]},"properties":{"kind":"street","cls":"shore"}},{"type":"Feature","geometry":{"type":"Polygon","coordinates":[[[-70.90034703916805,41.101211203960666],[-70.90046111393451,41.10116811683168],[-70.90053008320503,41.10107381704459],[-70.90048338509288,41.100936653368585],[-70.90034282064487,41.10081607087266],[-70.90019123190788,41.100737653020865],[-70.90005773634579,41.1006673992283],[-70.89990459216685,41.10058780710716],[-70.89972930694596,41.1005475458041],[-70.89960443221757,41.10059795553846],[-70.89958270447828,41.100716031078996],[-70.89962182038742,41.10083742217529],[-70.89965481881423,41.100944462092706],[-70.89969388822671,41.10106714134283],[-70.89980020417708,41.10120170243298],[-70.89997177701761,41.101288456374625],[-70.90013406920492,41.101290963330015],[-70.90024654203275,41.10124799008552],[-70.90034703916805,41.101211203960666]]]},"properties":{"kind":"pond"}},{"type":"Feature","geometry":{"type":"LineString","coordinates":[[-70.90238515034287,41.100100984649146],[-70.89862732259546,41.10029900069778],[-70.89880693952416,41.10223463508957],[-70.90256476727157,41.10203661904093],[-70.90238515034287,41.100100984649146]]},"properties":{"kind":"parkpath"}},{"type":"Feature","geometry":{"type":"LineString","coordinates":[[-70.90238515034287,41.100100984649146],[-70.90059604493352,41.10116780986936]]},"properties":{"kind":"parkpath"}},{"type":"Feature","geometry":{"type":"LineString","coordinates":[[-70.89862732259546,41.10029900069778],[-70.90059604493352,41.10116780986936]]},"properties":{"kind":"parkpath"}},{"type":"Feature","geometry":{"type":"LineString","coordinates":[[-70.89880693952416,41.10223463508957],[-70.90059604493352,41.10116780986936]]},"properties":{"kind":"parkpath"}},{"type":"Feature","geometry":{"type":"LineString","coordinates":[[-70.90256476727157,41.10203661904093],[-70.90059604493352,41.10116780986936]]},"properties":{"kind":"parkpath"}},{"type":"Feature","geometry":{"type":"LineString","coordinates":[[-70.89681637105268,41.09939013484415],[-70.8959720489955,41.09943462579179],[-70.89603108974522,41.10007087598538],[-70.89687541180238,41.100026385037744],[-70.89681637105268,41.09939013484415]]},"properties":{"kind":"parkpath"}},{"type":"Feature","geometry":{"type":"LineString","coordinates":[[-70.89681637105268,41.09939013484415],[-70.89642373039895,41.09973050541477]]},"properties":{"kind":"parkpath"}},{"type":"Feature","geometry":{"type":"LineString","coordinates":[[-70.8959720489955,41.09943462579179],[-70.89642373039895,41.09973050541477]]},"properties":{"kind":"parkpath"}},{"type":"Feature","geometry":{"type":"LineString","coordinates":[[-70.89603108974522,41.10007087598538],[-70.89642373039895,41.09973050541477]]},"properties":{"kind":"parkpath"}},{"type":"Feature","geometry":{"type":"LineString","coordinates":[[-70.89687541180238,41.100026385037744],[-70.89642373039895,41.09973050541477]]},"properties":{"kind":"parkpath"}},{"type":"Feature","geometry":{"type":"LineString","coordinates":[[-70.9048322316503,41.10413084027536],[-70.90321493869573,41.10421606237224],[-70.90327397944543,41.10485231256584],[-70.90489127240002,41.104767090468954],[-70.9048322316503,41.10413084027536]]},"properties":{"kind":"parkpath"}},{"type":"Feature","geometry":{"type":"LineString","coordinates":[[-70.9048322316503,41.10413084027536],[-70.90405310554787,41.1044915764206]]},"properties":{"kind":"parkpath"}},{"type":"Feature","geometry":{"type":"LineString","coordinates":[[-70.90321493869573,41.10421606237224],[-70.90405310554787,41.1044915764206]]},"properties":{"kind":"parkpath"}},{"type":"Feature","geometry":{"type":"LineString","coordinates":[[-70.90327397944543,41.10485231256584],[-70.90405310554787,41.1044915764206]]},"properties":{"kind":"parkpath"}},{"type":"Feature","geometry":{"type":"LineString","coordinates":[[-70.90489127240002,41.104767090468954],[-70.90405310554787,41.1044915764206]]},"properties":{"kind":"parkpath"}},{"type":"Feature","geometry":{"type":"LineString","coordinates":[[-70.91037553856128,41.0996380052147],[-70.91044078689386,41.09991740106534],[-70.91050682460096,41.1002078441526],[-70.91057004014927,41.10049699109785],[-70.91061967276693,41.10078593615285],[-70.91065666141425,41.101080706162456],[-70.91071053031513,41.10137821103295],[-70.91077775684238,41.10165374052787],[-70.91073294030593,41.101890467395215],[-70.9105725483747,41.10212684183789],[-70.91037609328309,41.102360988141754],[-70.91013466978345,41.10259646550722],[-70.90996521986109,41.10287908329506],[-70.90989030846788,41.1031701337593],[-70.90977387287238,41.10342763146098],[-70.90962011609074,41.10366151285541],[-70.90931076363324,41.103881568925395],[-70.90881487601155,41.10410190025305],[-70.90831300320188,41.10433984124438],[-70.907826235173,41.104585042491394],[-70.9073251060024,41.10480015616366],[-70.90680227847712,41.10498878458873],[-70.90626580554567,41.1051542243823],[-70.90572335343056,41.105294672451315],[-70.90508788624577,41.105386312439265],[-70.90434427042236,41.105430461441294],[-70.90359259197415,41.10547909692967],[-70.90283734000059,41.105531886318445],[-70.90208474504131,41.105618326682986],[-70.90134466322337,41.105737205390085],[-70.90060785771752,41.105845450160174],[-70.89987870601558,41.1059429193193],[-70.89921233312653,41.10595216929794],[-70.89858501463499,41.10587387785331],[-70.89794721100353,41.10578488993898],[-70.89730888077973,41.10568583866296],[-70.89666550016032,41.10559509662592],[-70.89602270175484,41.10551345934948],[-70.89538477494852,41.10542359238935],[-70.89475990967998,41.105327233223754],[-70.89426669853194,41.10517934089583],[-70.89387649462333,41.10497195448465],[-70.89346888640473,41.10475788043465],[-70.89306118907992,41.104545180654014],[-70.89265613831313,41.10432959354242],[-70.89224659432931,41.1041074057456],[-70.89180727765421,41.10391165351353],[-70.89136893496983,41.10375566575123],[-70.89106090471765,41.10355114114833],[-70.89083865836268,41.10327032892381],[-70.89059039943479,41.10297887443627],[-70.89033754911965,41.10270037731377],[-70.89014075424902,41.10241048931159],[-70.88998863725953,41.1020922970397],[-70.88981494456337,41.10177027293594],[-70.88963376276084,41.1014724929135],[-70.88960140214712,41.101217016274795],[-70.88971149619952,41.10094872983052],[-70.88978249462957,41.10064513358774],[-70.88980520801528,41.10034367880567],[-70.88983647034122,41.10005195605365],[-70.88987772691175,41.099757342054545],[-70.88989975585368,41.09945755795812],[-70.8898986066078,41.09918333721263],[-70.89002162217879,41.09897907736554],[-70.89029505098189,41.09879412050481],[-70.89060406420319,41.0986163347018],[-70.89094528502304,41.098453230033634],[-70.89127486320264,41.09826206533583],[-70.89157969145509,41.098049474605624],[-70.89186311341807,41.09782351921373],[-70.89210653731197,41.09759941633754],[-70.89237134843034,41.097476064880084],[-70.89271952923478,41.09742515549901],[-70.89308846332545,41.09733323041693],[-70.8934217941426,41.09721442714687],[-70.89374890329826,41.097146007184],[-70.89411007227926,41.0971191663431],[-70.89448522118268,41.09707045706727],[-70.89482465416073,41.09700578211482],[-70.89508340871029,41.097029065909304],[-70.89533432643037,41.0971440205285],[-70.8956119250016,41.09727077073612],[-70.89588427023658,41.09739777896355],[-70.8961417656269,41.09753624056406],[-70.89638543221264,41.09768600450709],[-70.8966009467652,41.09785239758903],[-70.89682982336338,41.09806642453393],[-70.8971857718146,41.0981090228965],[-70.89745732246249,41.09795429578109],[-70.89769289175335,41.097854544293725],[-70.89797161972295,41.09777801258678],[-70.89825239163886,41.09766876665976],[-70.89851405460875,41.097532760392674],[-70.89874841453661,41.097373294518746],[-70.89892435148565,41.09721394471458],[-70.8991829116519,41.09711726228481],[-70.89958606019061,41.09706104415172],[-70.90000608582032,41.0969817554311],[-70.90040255736453,41.096887233967536],[-70.90079064944311,41.09684829686139],[-70.90120816700791,41.096861305313546],[-70.9016437789014,41.09684871343901],[-70.90206204146709,41.09681153683167],[-70.90251966845152,41.09681331872779],[-70.9030368920939,41.09685365489612],[-70.90355627294888,41.096907358770665],[-70.9040783955083,41.09697484872156],[-70.90460925109036,41.09702971314264],[-70.90513343734926,41.097070360402824],[-70.90563672834283,41.09714850236442],[-70.90614142187066,41.09726771716186],[-70.90660050296658,41.09735250657869],[-70.90698697346106,41.09739792218925],[-70.90734534471673,41.097473365269444],[-70.90769933761527,41.097583191282794],[-70.90805800139385,41.0976990591643],[-70.90840823760212,41.097816825439686],[-70.90873444492522,41.09795664778026],[-70.90904013022774,41.098118900926785],[-70.90925423847138,41.0982743889768],[-70.90938776128695,41.098429344372356],[-70.90950753873177,41.098599548641076],[-70.90961336132115,41.098790319353384],[-70.90975953349424,41.09897831618391],[-70.90993351596839,41.09914583949689],[-70.9101073249451,41.099305048759454],[-70.91026920935374,41.099443884044675],[-70.91037553856128,41.0996380052147]]},"properties":{"kind":"parkpath"}},{"type":"Feature","geometry":{"type":"Point","coordinates":[-70.89785423823938,41.09730505414764]},"properties":{"kind":"pile"}},{"type":"Feature","geometry":{"type":"Point","coordinates":[-70.89787306071095,41.09724831844549]},"properties":{"kind":"pile"}},{"type":"Feature","geometry":{"type":"Point","coordinates":[-70.89789188318254,41.097191582743335]},"properties":{"kind":"pile"}},{"type":"Feature","geometry":{"type":"Point","coordinates":[-70.89791070565413,41.097134847041175]},"properties":{"kind":"pile"}},{"type":"Feature","geometry":{"type":"Point","coordinates":[-70.89792952812572,41.09707811133902]},"properties":{"kind":"pile"}},{"type":"Feature","geometry":{"type":"Point","coordinates":[-70.89794835059729,41.09702137563687]},"properties":{"kind":"pile"}},{"type":"Feature","geometry":{"type":"Point","coordinates":[-70.89796717306888,41.09696463993471]},"properties":{"kind":"pile"}},{"type":"Feature","geometry":{"type":"Point","coordinates":[-70.89798599554047,41.09690790423256]},"properties":{"kind":"pile"}},{"type":"Feature","geometry":{"type":"Point","coordinates":[-70.89800481801204,41.09685116853041]},"properties":{"kind":"pile"}},{"type":"Feature","geometry":{"type":"Point","coordinates":[-70.89802364048363,41.09679443282825]},"properties":{"kind":"pile"}},{"type":"Feature","geometry":{"type":"Point","coordinates":[-70.89804246295522,41.096737697126095]},"properties":{"kind":"pile"}},{"type":"Feature","geometry":{"type":"Point","coordinates":[-70.8980612854268,41.096680961423935]},"properties":{"kind":"pile"}},{"type":"Feature","geometry":{"type":"Point","coordinates":[-70.89808010789838,41.09662422572178]},"properties":{"kind":"pile"}},{"type":"Feature","geometry":{"type":"Point","coordinates":[-70.89809893036997,41.09656749001963]},"properties":{"kind":"pile"}},{"type":"Feature","geometry":{"type":"Point","coordinates":[-70.89811775284156,41.09651075431747]},"properties":{"kind":"pile"}},{"type":"Feature","geometry":{"type":"Point","coordinates":[-70.89813657531315,41.09645401861532]},"properties":{"kind":"pile"}},{"type":"Feature","geometry":{"type":"Point","coordinates":[-70.89815539778472,41.096397282913166]},"properties":{"kind":"pile"}},{"type":"Feature","geometry":{"type":"Point","coordinates":[-70.89817422025631,41.09634054721101]},"properties":{"kind":"pile"}},{"type":"Feature","geometry":{"type":"Point","coordinates":[-70.8981930427279,41.096283811508854]},"properties":{"kind":"pile"}},{"type":"Feature","geometry":{"type":"Point","coordinates":[-70.89821186519947,41.0962270758067]},"properties":{"kind":"pile"}},{"type":"Feature","geometry":{"type":"Point","coordinates":[-70.89779463374602,41.09615521058397]},"properties":{"kind":"pile"}},{"type":"Feature","geometry":{"type":"Point","coordinates":[-70.89777581127443,41.096211946286125]},"properties":{"kind":"pile"}},{"type":"Feature","geometry":{"type":"Point","coordinates":[-70.89775698880285,41.09626868198828]},"properties":{"kind":"pile"}},{"type":"Feature","geometry":{"type":"Point","coordinates":[-70.89773816633127,41.09632541769044]},"properties":{"kind":"pile"}},{"type":"Feature","geometry":{"type":"Point","coordinates":[-70.89771934385968,41.09638215339259]},"properties":{"kind":"pile"}},{"type":"Feature","geometry":{"type":"Point","coordinates":[-70.8977005213881,41.09643888909474]},"properties":{"kind":"pile"}},{"type":"Feature","geometry":{"type":"Point","coordinates":[-70.89768169891651,41.0964956247969]},"properties":{"kind":"pile"}},{"type":"Feature","geometry":{"type":"Point","coordinates":[-70.89766287644493,41.096552360499054]},"properties":{"kind":"pile"}},{"type":"Feature","geometry":{"type":"Point","coordinates":[-70.89764405397334,41.096609096201206]},"properties":{"kind":"pile"}},{"type":"Feature","geometry":{"type":"Point","coordinates":[-70.89762523150176,41.096665831903366]},"properties":{"kind":"pile"}},{"type":"Feature","geometry":{"type":"Point","coordinates":[-70.89760640903017,41.09672256760552]},"properties":{"kind":"pile"}},{"type":"Feature","geometry":{"type":"Point","coordinates":[-70.89758758655859,41.09677930330768]},"properties":{"kind":"pile"}},{"type":"Feature","geometry":{"type":"Point","coordinates":[-70.89756876408701,41.09683603900983]},"properties":{"kind":"pile"}},{"type":"Feature","geometry":{"type":"Point","coordinates":[-70.89754994161542,41.09689277471198]},"properties":{"kind":"pile"}},{"type":"Feature","geometry":{"type":"Point","coordinates":[-70.89753111914384,41.09694951041414]},"properties":{"kind":"pile"}},{"type":"Feature","geometry":{"type":"Point","coordinates":[-70.89751229667225,41.097006246116294]},"properties":{"kind":"pile"}},{"type":"Feature","geometry":{"type":"Point","coordinates":[-70.89749347420067,41.097062981818446]},"properties":{"kind":"pile"}},{"type":"Feature","geometry":{"type":"Point","coordinates":[-70.89747465172908,41.097119717520606]},"properties":{"kind":"pile"}},{"type":"Feature","geometry":{"type":"Point","coordinates":[-70.8974558292575,41.09717645322276]},"properties":{"kind":"pile"}},{"type":"Feature","geometry":{"type":"Point","coordinates":[-70.8974370067859,41.09723318892491]},"properties":{"kind":"pile"}},{"type":"Feature","geometry":{"type":"Point","coordinates":[-70.89594689445214,41.09730505414764]},"properties":{"kind":"pile"}},{"type":"Feature","geometry":{"type":"Point","coordinates":[-70.89595881535081,41.097246663654175]},"properties":{"kind":"pile"}},{"type":"Feature","geometry":{"type":"Point","coordinates":[-70.89597073624948,41.097188273160704]},"properties":{"kind":"pile"}},{"type":"Feature","geometry":{"type":"Point","coordinates":[-70.89598265714815,41.09712988266724]},"properties":{"kind":"pile"}},{"type":"Feature","geometry":{"type":"Point","coordinates":[-70.89599457804682,41.097071492173775]},"properties":{"kind":"pile"}},{"type":"Feature","geometry":{"type":"Point","coordinates":[-70.8960064989455,41.097013101680304]},"properties":{"kind":"pile"}},{"type":"Feature","geometry":{"type":"Point","coordinates":[-70.89601841984417,41.09695471118684]},"properties":{"kind":"pile"}},{"type":"Feature","geometry":{"type":"Point","coordinates":[-70.89603034074283,41.09689632069337]},"properties":{"kind":"pile"}},{"type":"Feature","geometry":{"type":"Point","coordinates":[-70.8960422616415,41.096837930199904]},"properties":{"kind":"pile"}},{"type":"Feature","geometry":{"type":"Point","coordinates":[-70.89605418254017,41.09677953970643]},"properties":{"kind":"pile"}},{"type":"Feature","geometry":{"type":"Point","coordinates":[-70.89606610343884,41.09672114921297]},"properties":{"kind":"pile"}},{"type":"Feature","geometry":{"type":"Point","coordinates":[-70.89607802433751,41.096662758719496]},"properties":{"kind":"pile"}},{"type":"Feature","geometry":{"type":"Point","coordinates":[-70.89608994523618,41.09660436822603]},"properties":{"kind":"pile"}},{"type":"Feature","geometry":{"type":"Point","coordinates":[-70.89610186613486,41.09654597773256]},"properties":{"kind":"pile"}},{"type":"Feature","geometry":{"type":"Point","coordinates":[-70.89611378703353,41.096487587239096]},"properties":{"kind":"pile"}},{"type":"Feature","geometry":{"type":"Point","coordinates":[-70.8961257079322,41.096429196745625]},"properties":{"kind":"pile"}},{"type":"Feature","geometry":{"type":"Point","coordinates":[-70.89613762883086,41.09637080625216]},"properties":{"kind":"pile"}},{"type":"Feature","geometry":{"type":"Point","coordinates":[-70.89614954972953,41.09631241575869]},"properties":{"kind":"pile"}},{"type":"Feature","geometry":{"type":"Point","coordinates":[-70.8961614706282,41.096254025265225]},"properties":{"kind":"pile"}},{"type":"Feature","geometry":{"type":"Point","coordinates":[-70.89617339152687,41.09619563477175]},"properties":{"kind":"pile"}},{"type":"Feature","geometry":{"type":"Point","coordinates":[-70.89618531242554,41.09613724427829]},"properties":{"kind":"pile"}},{"type":"Feature","geometry":{"type":"Point","coordinates":[-70.89576808097209,41.09606537905556]},"properties":{"kind":"pile"}},{"type":"Feature","geometry":{"type":"Point","coordinates":[-70.89575616007342,41.096123769549024]},"properties":{"kind":"pile"}},{"type":"Feature","geometry":{"type":"Point","coordinates":[-70.89574423917475,41.096182160042495]},"properties":{"kind":"pile"}},{"type":"Feature","geometry":{"type":"Point","coordinates":[-70.89573231827607,41.09624055053596]},"properties":{"kind":"pile"}},{"type":"Feature","geometry":{"type":"Point","coordinates":[-70.8957203973774,41.09629894102943]},"properties":{"kind":"pile"}},{"type":"Feature","geometry":{"type":"Point","coordinates":[-70.89570847647873,41.096357331522896]},"properties":{"kind":"pile"}},{"type":"Feature","geometry":{"type":"Point","coordinates":[-70.89569655558006,41.09641572201637]},"properties":{"kind":"pile"}},{"type":"Feature","geometry":{"type":"Point","coordinates":[-70.8956846346814,41.09647411250983]},"properties":{"kind":"pile"}},{"type":"Feature","geometry":{"type":"Point","coordinates":[-70.89567271378273,41.0965325030033]},"properties":{"kind":"pile"}},{"type":"Feature","geometry":{"type":"Point","coordinates":[-70.89566079288406,41.09659089349677]},"properties":{"kind":"pile"}},{"type":"Feature","geometry":{"type":"Point","coordinates":[-70.89564887198539,41.09664928399024]},"properties":{"kind":"pile"}},{"type":"Feature","geometry":{"type":"Point","coordinates":[-70.89563695108671,41.0967076744837]},"properties":{"kind":"pile"}},{"type":"Feature","geometry":{"type":"Point","coordinates":[-70.89562503018804,41.096766064977174]},"properties":{"kind":"pile"}},{"type":"Feature","geometry":{"type":"Point","coordinates":[-70.89561310928937,41.09682445547064]},"properties":{"kind":"pile"}},{"type":"Feature","geometry":{"type":"Point","coordinates":[-70.8956011883907,41.09688284596411]},"properties":{"kind":"pile"}},{"type":"Feature","geometry":{"type":"Point","coordinates":[-70.89558926749203,41.096941236457575]},"properties":{"kind":"pile"}},{"type":"Feature","geometry":{"type":"Point","coordinates":[-70.89557734659337,41.09699962695104]},"properties":{"kind":"pile"}},{"type":"Feature","geometry":{"type":"Point","coordinates":[-70.8955654256947,41.09705801744451]},"properties":{"kind":"pile"}},{"type":"Feature","geometry":{"type":"Point","coordinates":[-70.89555350479603,41.097116407937975]},"properties":{"kind":"pile"}},{"type":"Feature","geometry":{"type":"Point","coordinates":[-70.89554158389736,41.097174798431446]},"properties":{"kind":"pile"}},{"type":"Feature","geometry":{"type":"Point","coordinates":[-70.89552966299868,41.09723318892491]},"properties":{"kind":"pile"}},{"type":"Feature","geometry":{"type":"Point","coordinates":[-70.89380113269151,41.09739488567605]},"properties":{"kind":"pile"}},{"type":"Feature","geometry":{"type":"Point","coordinates":[-70.89378360195816,41.09733675939297]},"properties":{"kind":"pile"}},{"type":"Feature","geometry":{"type":"Point","coordinates":[-70.89376607122483,41.09727863310987]},"properties":{"kind":"pile"}},{"type":"Feature","geometry":{"type":"Point","coordinates":[-70.89374854049149,41.09722050682679]},"properties":{"kind":"pile"}},{"type":"Feature","geometry":{"type":"Point","coordinates":[-70.89373100975816,41.09716238054369]},"properties":{"kind":"pile"}},{"type":"Feature","geometry":{"type":"Point","coordinates":[-70.89371347902481,41.09710425426061]},"properties":{"kind":"pile"}},{"type":"Feature","geometry":{"type":"Point","coordinates":[-70.89369594829148,41.097046127977514]},"properties":{"kind":"pile"}},{"type":"Feature","geometry":{"type":"Point","coordinates":[-70.89367841755814,41.09698800169443]},"properties":{"kind":"pile"}},{"type":"Feature","geometry":{"type":"Point","coordinates":[-70.89366088682479,41.096929875411334]},"properties":{"kind":"pile"}},{"type":"Feature","geometry":{"type":"Point","coordinates":[-70.89364335609146,41.09687174912824]},"properties":{"kind":"pile"}},{"type":"Feature","geometry":{"type":"Point","coordinates":[-70.89362582535811,41.096813622845154]},"properties":{"kind":"pile"}},{"type":"Feature","geometry":{"type":"Point","coordinates":[-70.89360829462478,41.09675549656206]},"properties":{"kind":"pile"}},{"type":"Feature","geometry":{"type":"Point","coordinates":[-70.89359076389144,41.096697370278974]},"properties":{"kind":"pile"}},{"type":"Feature","geometry":{"type":"Point","coordinates":[-70.89357323315811,41.09663924399588]},"properties":{"kind":"pile"}},{"type":"Feature","geometry":{"type":"Point","coordinates":[-70.89355570242476,41.096581117712795]},"properties":{"kind":"pile"}},{"type":"Feature","geometry":{"type":"Point","coordinates":[-70.89353817169143,41.0965229914297]},"properties":{"kind":"pile"}},{"type":"Feature","geometry":{"type":"Point","coordinates":[-70.89352064095809,41.096464865146615]},"properties":{"kind":"pile"}},{"type":"Feature","geometry":{"type":"Point","coordinates":[-70.89350311022476,41.09640673886352]},"properties":{"kind":"pile"}},{"type":"Feature","geometry":{"type":"Point","coordinates":[-70.89310972056863,41.096496570391935]},"properties":{"kind":"pile"}},{"type":"Feature","geometry":{"type":"Point","coordinates":[-70.89312725130198,41.09655469667503]},"properties":{"kind":"pile"}},{"type":"Feature","geometry":{"type":"Point","coordinates":[-70.89314478203531,41.096612822958114]},"properties":{"kind":"pile"}},{"type":"Feature","geometry":{"type":"Point","coordinates":[-70.89316231276865,41.09667094924121]},"properties":{"kind":"pile"}},{"type":"Feature","geometry":{"type":"Point","coordinates":[-70.89317984350198,41.096729075524294]},"properties":{"kind":"pile"}},{"type":"Feature","geometry":{"type":"Point","coordinates":[-70.89319737423533,41.09678720180739]},"properties":{"kind":"pile"}},{"type":"Feature","geometry":{"type":"Point","coordinates":[-70.89321490496866,41.096845328090474]},"properties":{"kind":"pile"}},{"type":"Feature","geometry":{"type":"Point","coordinates":[-70.893232435702,41.09690345437357]},"properties":{"kind":"pile"}},{"type":"Feature","geometry":{"type":"Point","coordinates":[-70.89324996643535,41.096961580656654]},"properties":{"kind":"pile"}},{"type":"Feature","geometry":{"type":"Point","coordinates":[-70.89326749716868,41.09701970693975]},"properties":{"kind":"pile"}},{"type":"Feature","geometry":{"type":"Point","coordinates":[-70.89328502790202,41.09707783322283]},"properties":{"kind":"pile"}},{"type":"Feature","geometry":{"type":"Point","coordinates":[-70.89330255863536,41.09713595950593]},"properties":{"kind":"pile"}},{"type":"Feature","geometry":{"type":"Point","coordinates":[-70.8933200893687,41.09719408578901]},"properties":{"kind":"pile"}},{"type":"Feature","geometry":{"type":"Point","coordinates":[-70.89333762010203,41.09725221207211]},"properties":{"kind":"pile"}},{"type":"Feature","geometry":{"type":"Point","coordinates":[-70.89335515083538,41.09731033835519]},"properties":{"kind":"pile"}},{"type":"Feature","geometry":{"type":"Point","coordinates":[-70.8933726815687,41.097368464638286]},"properties":{"kind":"pile"}},{"type":"Feature","geometry":{"type":"Point","coordinates":[-70.89339021230205,41.09742659092138]},"properties":{"kind":"pile"}},{"type":"Feature","geometry":{"type":"Point","coordinates":[-70.89340774303538,41.097484717204466]},"properties":{"kind":"pile"}},{"type":"Feature","geometry":{"type":"Point","coordinates":[-70.90417231453458,41.096945728033994]},"properties":{"kind":"pile"}},{"type":"Feature","geometry":{"type":"Point","coordinates":[-70.90417976509625,41.096883968858215]},"properties":{"kind":"pile"}},{"type":"Feature","geometry":{"type":"Point","coordinates":[-70.90418721565791,41.09682220968243]},"properties":{"kind":"pile"}},{"type":"Feature","geometry":{"type":"Point","coordinates":[-70.90419466621958,41.09676045050664]},"properties":{"kind":"pile"}},{"type":"Feature","geometry":{"type":"Point","coordinates":[-70.90420211678125,41.096698691330865]},"properties":{"kind":"pile"}},{"type":"Feature","geometry":{"type":"Point","coordinates":[-70.90420956734292,41.09663693215508]},"properties":{"kind":"pile"}},{"type":"Feature","geometry":{"type":"Point","coordinates":[-70.90421701790459,41.09657517297929]},"properties":{"kind":"pile"}},{"type":"Feature","geometry":{"type":"Point","coordinates":[-70.90422446846625,41.096513413803514]},"properties":{"kind":"pile"}},{"type":"Feature","geometry":{"type":"Point","coordinates":[-70.90423191902792,41.09645165462773]},"properties":{"kind":"pile"}},{"type":"Feature","geometry":{"type":"Point","coordinates":[-70.90423936958959,41.09638989545195]},"properties":{"kind":"pile"}},{"type":"Feature","geometry":{"type":"Point","coordinates":[-70.90424682015126,41.09632813627616]},"properties":{"kind":"pile"}},{"type":"Feature","geometry":{"type":"Point","coordinates":[-70.90425427071293,41.09626637710038]},"properties":{"kind":"pile"}},{"type":"Feature","geometry":{"type":"Point","coordinates":[-70.9042617212746,41.0962046179246]},"properties":{"kind":"pile"}},{"type":"Feature","geometry":{"type":"Point","coordinates":[-70.90426917183626,41.09614285874881]},"properties":{"kind":"pile"}},{"type":"Feature","geometry":{"type":"Point","coordinates":[-70.90427662239794,41.09608109957303]},"properties":{"kind":"pile"}},{"type":"Feature","geometry":{"type":"Point","coordinates":[-70.90428407295961,41.09601934039725]},"properties":{"kind":"pile"}},{"type":"Feature","geometry":{"type":"Point","coordinates":[-70.90429152352128,41.09595758122146]},"properties":{"kind":"pile"}},{"type":"Feature","geometry":{"type":"Point","coordinates":[-70.90383852937181,41.095912665457256]},"properties":{"kind":"pile"}},{"type":"Feature","geometry":{"type":"Point","coordinates":[-70.90383107881014,41.09597442463304]},"properties":{"kind":"pile"}},{"type":"Feature","geometry":{"type":"Point","coordinates":[-70.90382362824847,41.09603618380883]},"properties":{"kind":"pile"}},{"type":"Feature","geometry":{"type":"Point","coordinates":[-70.9038161776868,41.096097942984606]},"properties":{"kind":"pile"}},{"type":"Feature","geometry":{"type":"Point","coordinates":[-70.90380872712514,41.09615970216039]},"properties":{"kind":"pile"}},{"type":"Feature","geometry":{"type":"Point","coordinates":[-70.90380127656347,41.09622146133617]},"properties":{"kind":"pile"}},{"type":"Feature","geometry":{"type":"Point","coordinates":[-70.90379382600179,41.09628322051196]},"properties":{"kind":"pile"}},{"type":"Feature","geometry":{"type":"Point","coordinates":[-70.90378637544012,41.09634497968774]},"properties":{"kind":"pile"}},{"type":"Feature","geometry":{"type":"Point","coordinates":[-70.90377892487845,41.09640673886352]},"properties":{"kind":"pile"}},{"type":"Feature","geometry":{"type":"Point","coordinates":[-70.90377147431678,41.09646849803931]},"properties":{"kind":"pile"}},{"type":"Feature","geometry":{"type":"Point","coordinates":[-70.90376402375512,41.09653025721509]},"properties":{"kind":"pile"}},{"type":"Feature","geometry":{"type":"Point","coordinates":[-70.90375657319345,41.09659201639087]},"properties":{"kind":"pile"}},{"type":"Feature","geometry":{"type":"Point","coordinates":[-70.90374912263178,41.09665377556666]},"properties":{"kind":"pile"}},{"type":"Feature","geometry":{"type":"Point","coordinates":[-70.90374167207011,41.09671553474244]},"properties":{"kind":"pile"}},{"type":"Feature","geometry":{"type":"Point","coordinates":[-70.90373422150844,41.09677729391822]},"properties":{"kind":"pile"}},{"type":"Feature","geometry":{"type":"Point","coordinates":[-70.90372677094678,41.09683905309401]},"properties":{"kind":"pile"}},{"type":"Feature","geometry":{"type":"Point","coordinates":[-70.90371932038511,41.09690081226979]},"properties":{"kind":"pile"}},{"type":"Feature","geometry":{"type":"Point","coordinates":[-70.90989434589626,41.100538989170474]},"properties":{"kind":"pile"}},{"type":"Feature","geometry":{"type":"Point","coordinates":[-70.90997381855406,41.10052900788954]},"properties":{"kind":"pile"}},{"type":"Feature","geometry":{"type":"Point","coordinates":[-70.91005329121187,41.1005190266086]},"properties":{"kind":"pile"}},{"type":"Feature","geometry":{"type":"Point","coordinates":[-70.91013276386967,41.10050904532767]},"properties":{"kind":"pile"}},{"type":"Feature","geometry":{"type":"Point","coordinates":[-70.91021223652747,41.10049906404674]},"properties":{"kind":"pile"}},{"type":"Feature","geometry":{"type":"Point","coordinates":[-70.91029170918527,41.1004890827658]},"properties":{"kind":"pile"}},{"type":"Feature","geometry":{"type":"Point","coordinates":[-70.91037118184308,41.100479101484865]},"properties":{"kind":"pile"}},{"type":"Feature","geometry":{"type":"Point","coordinates":[-70.91045065450088,41.10046912020393]},"properties":{"kind":"pile"}},{"type":"Feature","geometry":{"type":"Point","coordinates":[-70.91053012715868,41.10045913892299]},"properties":{"kind":"pile"}},{"type":"Feature","geometry":{"type":"Point","coordinates":[-70.91060959981648,41.10044915764206]},"properties":{"kind":"pile"}},{"type":"Feature","geometry":{"type":"Point","coordinates":[-70.91068907247428,41.10043917636113]},"properties":{"kind":"pile"}},{"type":"Feature","geometry":{"type":"Point","coordinates":[-70.91076854513209,41.10042919508019]},"properties":{"kind":"pile"}},{"type":"Feature","geometry":{"type":"Point","coordinates":[-70.91084801778989,41.100419213799256]},"properties":{"kind":"pile"}},{"type":"Feature","geometry":{"type":"Point","coordinates":[-70.91092749044768,41.100409232518324]},"properties":{"kind":"pile"}},{"type":"Feature","geometry":{"type":"Point","coordinates":[-70.91100696310548,41.10039925123739]},"properties":{"kind":"pile"}},{"type":"Feature","geometry":{"type":"Point","coordinates":[-70.91108643576328,41.10038926995645]},"properties":{"kind":"pile"}},{"type":"Feature","geometry":{"type":"Point","coordinates":[-70.91116590842108,41.10037928867552]},"properties":{"kind":"pile"}},{"type":"Feature","geometry":{"type":"Point","coordinates":[-70.91124538107888,41.10036930739459]},"properties":{"kind":"pile"}},{"type":"Feature","geometry":{"type":"Point","coordinates":[-70.91132485373669,41.10035932611365]},"properties":{"kind":"pile"}},{"type":"Feature","geometry":{"type":"Point","coordinates":[-70.9113606164327,41.100673736463094]},"properties":{"kind":"pile"}},{"type":"Feature","geometry":{"type":"Point","coordinates":[-70.9112811437749,41.100683717744026]},"properties":{"kind":"pile"}},{"type":"Feature","geometry":{"type":"Point","coordinates":[-70.9112016711171,41.10069369902496]},"properties":{"kind":"pile"}},{"type":"Feature","geometry":{"type":"Point","coordinates":[-70.9111221984593,41.1007036803059]},"properties":{"kind":"pile"}},{"type":"Feature","geometry":{"type":"Point","coordinates":[-70.9110427258015,41.10071366158683]},"properties":{"kind":"pile"}},{"type":"Feature","geometry":{"type":"Point","coordinates":[-70.91096325314369,41.10072364286776]},"properties":{"kind":"pile"}},{"type":"Feature","geometry":{"type":"Point","coordinates":[-70.91088378048589,41.1007336241487]},"properties":{"kind":"pile"}},{"type":"Feature","geometry":{"type":"Point","coordinates":[-70.91080430782809,41.100743605429635]},"properties":{"kind":"pile"}},{"type":"Feature","geometry":{"type":"Point","coordinates":[-70.91072483517029,41.10075358671057]},"properties":{"kind":"pile"}},{"type":"Feature","geometry":{"type":"Point","coordinates":[-70.91064536251248,41.1007635679915]},"properties":{"kind":"pile"}},{"type":"Feature","geometry":{"type":"Point","coordinates":[-70.91056588985468,41.10077354927244]},"properties":{"kind":"pile"}},{"type":"Feature","geometry":{"type":"Point","coordinates":[-70.91048641719689,41.10078353055337]},"properties":{"kind":"pile"}},{"type":"Feature","geometry":{"type":"Point","coordinates":[-70.91040694453909,41.100793511834304]},"properties":{"kind":"pile"}},{"type":"Feature","geometry":{"type":"Point","coordinates":[-70.91032747188129,41.100803493115244]},"properties":{"kind":"pile"}},{"type":"Feature","geometry":{"type":"Point","coordinates":[-70.91024799922349,41.100813474396176]},"properties":{"kind":"pile"}},{"type":"Feature","geometry":{"type":"Point","coordinates":[-70.91016852656568,41.10082345567711]},"properties":{"kind":"pile"}},{"type":"Feature","geometry":{"type":"Point","coordinates":[-70.91008905390788,41.10083343695805]},"properties":{"kind":"pile"}},{"type":"Feature","geometry":{"type":"Point","coordinates":[-70.91000958125008,41.10084341823898]},"properties":{"kind":"pile"}},{"type":"Feature","geometry":{"type":"Point","coordinates":[-70.90993010859228,41.10085339951991]},"properties":{"kind":"pile"}},{"type":"Feature","geometry":{"type":"Point","coordinates":[-70.90953671893617,41.10251528279554]},"properties":{"kind":"pile"}},{"type":"Feature","geometry":{"type":"Point","coordinates":[-70.90961736030951,41.10252585121064]},"properties":{"kind":"pile"}},{"type":"Feature","geometry":{"type":"Point","coordinates":[-70.90969800168287,41.10253641962575]},"properties":{"kind":"pile"}},{"type":"Feature","geometry":{"type":"Point","coordinates":[-70.90977864305623,41.10254698804086]},"properties":{"kind":"pile"}},{"type":"Feature","geometry":{"type":"Point","coordinates":[-70.90985928442959,41.10255755645596]},"properties":{"kind":"pile"}},{"type":"Feature","geometry":{"type":"Point","coordinates":[-70.90993992580295,41.10256812487107]},"properties":{"kind":"pile"}},{"type":"Feature","geometry":{"type":"Point","coordinates":[-70.9100205671763,41.102578693286176]},"properties":{"kind":"pile"}},{"type":"Feature","geometry":{"type":"Point","coordinates":[-70.91010120854966,41.10258926170129]},"properties":{"kind":"pile"}},{"type":"Feature","geometry":{"type":"Point","coordinates":[-70.91018184992302,41.1025998301164]},"properties":{"kind":"pile"}},{"type":"Feature","geometry":{"type":"Point","coordinates":[-70.91026249129638,41.1026103985315]},"properties":{"kind":"pile"}},{"type":"Feature","geometry":{"type":"Point","coordinates":[-70.91034313266974,41.10262096694661]},"properties":{"kind":"pile"}},{"type":"Feature","geometry":{"type":"Point","coordinates":[-70.9104237740431,41.102631535361716]},"properties":{"kind":"pile"}},{"type":"Feature","geometry":{"type":"Point","coordinates":[-70.91050441541644,41.10264210377682]},"properties":{"kind":"pile"}},{"type":"Feature","geometry":{"type":"Point","coordinates":[-70.9105850567898,41.10265267219193]},"properties":{"kind":"pile"}},{"type":"Feature","geometry":{"type":"Point","coordinates":[-70.91066569816316,41.102663240607036]},"properties":{"kind":"pile"}},{"type":"Feature","geometry":{"type":"Point","coordinates":[-70.91074633953652,41.10267380902214]},"properties":{"kind":"pile"}},{"type":"Feature","geometry":{"type":"Point","coordinates":[-70.91082698090987,41.10268437743725]},"properties":{"kind":"pile"}},{"type":"Feature","geometry":{"type":"Point","coordinates":[-70.91090762228323,41.10269494585236]},"properties":{"kind":"pile"}},{"type":"Feature","geometry":{"type":"Point","coordinates":[-70.91084801778989,41.1030093562018]},"properties":{"kind":"pile"}},{"type":"Feature","geometry":{"type":"Point","coordinates":[-70.91076737641653,41.102998787786696]},"properties":{"kind":"pile"}},{"type":"Feature","geometry":{"type":"Point","coordinates":[-70.91068673504317,41.10298821937159]},"properties":{"kind":"pile"}},{"type":"Feature","geometry":{"type":"Point","coordinates":[-70.91060609366981,41.10297765095648]},"properties":{"kind":"pile"}},{"type":"Feature","geometry":{"type":"Point","coordinates":[-70.91052545229645,41.102967082541376]},"properties":{"kind":"pile"}},{"type":"Feature","geometry":{"type":"Point","coordinates":[-70.9104448109231,41.10295651412626]},"properties":{"kind":"pile"}},{"type":"Feature","geometry":{"type":"Point","coordinates":[-70.91036416954974,41.102945945711156]},"properties":{"kind":"pile"}},{"type":"Feature","geometry":{"type":"Point","coordinates":[-70.91028352817638,41.10293537729605]},"properties":{"kind":"pile"}},{"type":"Feature","geometry":{"type":"Point","coordinates":[-70.91020288680302,41.10292480888094]},"properties":{"kind":"pile"}},{"type":"Feature","geometry":{"type":"Point","coordinates":[-70.91012224542966,41.102914240465836]},"properties":{"kind":"pile"}},{"type":"Feature","geometry":{"type":"Point","coordinates":[-70.9100416040563,41.10290367205073]},"properties":{"kind":"pile"}},{"type":"Feature","geometry":{"type":"Point","coordinates":[-70.90996096268296,41.10289310363562]},"properties":{"kind":"pile"}},{"type":"Feature","geometry":{"type":"Point","coordinates":[-70.9098803213096,41.102882535220516]},"properties":{"kind":"pile"}},{"type":"Feature","geometry":{"type":"Point","coordinates":[-70.90979967993624,41.10287196680541]},"properties":{"kind":"pile"}},{"type":"Feature","geometry":{"type":"Point","coordinates":[-70.90971903856288,41.1028613983903]},"properties":{"kind":"pile"}},{"type":"Feature","geometry":{"type":"Point","coordinates":[-70.90963839718952,41.10285082997519]},"properties":{"kind":"pile"}},{"type":"Feature","geometry":{"type":"Point","coordinates":[-70.90955775581617,41.10284026156008]},"properties":{"kind":"pile"}},{"type":"Feature","geometry":{"type":"Point","coordinates":[-70.90947711444281,41.102829693144976]},"properties":{"kind":"pile"}},{"type":"Feature","geometry":{"type":"Point","coordinates":[-70.89788862167818,41.09718742965858]},"properties":{"kind":"bollard"}},{"type":"Feature","geometry":{"type":"Point","coordinates":[-70.89795654445582,41.09697252009151]},"properties":{"kind":"bollard"}},{"type":"Feature","geometry":{"type":"Point","coordinates":[-70.898020268411,41.096763863141]},"properties":{"kind":"bollard"}},{"type":"Feature","geometry":{"type":"Point","coordinates":[-70.89809459105416,41.09655687367256]},"properties":{"kind":"bollard"}},{"type":"Feature","geometry":{"type":"Point","coordinates":[-70.89816880018923,41.09634308114231]},"properties":{"kind":"bollard"}},{"type":"Feature","geometry":{"type":"Point","coordinates":[-70.89776025030721,41.09627283507303]},"properties":{"kind":"bollard"}},{"type":"Feature","geometry":{"type":"Point","coordinates":[-70.89769232752957,41.0964877446401]},"properties":{"kind":"bollard"}},{"type":"Feature","geometry":{"type":"Point","coordinates":[-70.89762860357439,41.09669640159061]},"properties":{"kind":"bollard"}},{"type":"Feature","geometry":{"type":"Point","coordinates":[-70.89755428093123,41.09690339105905]},"properties":{"kind":"bollard"}},{"type":"Feature","geometry":{"type":"Point","coordinates":[-70.89748007179617,41.097117183589305]},"properties":{"kind":"bollard"}},{"type":"Feature","geometry":{"type":"Point","coordinates":[-70.89596854305937,41.09717853088329]},"properties":{"kind":"bollard"}},{"type":"Feature","geometry":{"type":"Point","coordinates":[-70.89601303873685,41.09694570006355]},"properties":{"kind":"bollard"}},{"type":"Feature","geometry":{"type":"Point","coordinates":[-70.89605332013042,41.09671894737679]},"properties":{"kind":"bollard"}},{"type":"Feature","geometry":{"type":"Point","coordinates":[-70.89610462193379,41.09649465433864]},"properties":{"kind":"bollard"}},{"type":"Feature","geometry":{"type":"Point","coordinates":[-70.8961553186011,41.09626275174506]},"properties":{"kind":"bollard"}},{"type":"Feature","geometry":{"type":"Point","coordinates":[-70.89574643236486,41.096191902319916]},"properties":{"kind":"bollard"}},{"type":"Feature","geometry":{"type":"Point","coordinates":[-70.89570193668737,41.09642473313965]},"properties":{"kind":"bollard"}},{"type":"Feature","geometry":{"type":"Point","coordinates":[-70.89566165529381,41.096651485826406]},"properties":{"kind":"bollard"}},{"type":"Feature","geometry":{"type":"Point","coordinates":[-70.89561035349044,41.096875778864565]},"properties":{"kind":"bollard"}},{"type":"Feature","geometry":{"type":"Point","coordinates":[-70.89555965682312,41.09710768145815]},"properties":{"kind":"bollard"}},{"type":"Feature","geometry":{"type":"Point","coordinates":[-70.89376396068381,41.09728789779849]},"properties":{"kind":"bollard"}},{"type":"Feature","geometry":{"type":"Point","coordinates":[-70.89370143991881,41.09709231279414]},"properties":{"kind":"bollard"}},{"type":"Feature","geometry":{"type":"Point","coordinates":[-70.89363957200808,41.09690367796862]},"properties":{"kind":"bollard"}},{"type":"Feature","geometry":{"type":"Point","coordinates":[-70.89358737848201,41.096712274094905]},"properties":{"kind":"bollard"}},{"type":"Feature","geometry":{"type":"Point","coordinates":[-70.89353118809895,41.09651534920247]},"properties":{"kind":"bollard"}},{"type":"Feature","geometry":{"type":"Point","coordinates":[-70.89314689257633,41.09660355826951]},"properties":{"kind":"bollard"}},{"type":"Feature","geometry":{"type":"Point","coordinates":[-70.89320941334132,41.09679914327385]},"properties":{"kind":"bollard"}},{"type":"Feature","geometry":{"type":"Point","coordinates":[-70.89327128125205,41.09698777809937]},"properties":{"kind":"bollard"}},{"type":"Feature","geometry":{"type":"Point","coordinates":[-70.89332347477813,41.09717918197308]},"properties":{"kind":"bollard"}},{"type":"Feature","geometry":{"type":"Point","coordinates":[-70.89337966516119,41.09737610686552]},"properties":{"kind":"bollard"}},{"type":"Feature","geometry":{"type":"Point","coordinates":[-70.90418020970931,41.09683750907437]},"properties":{"kind":"bollard"}},{"type":"Feature","geometry":{"type":"Point","coordinates":[-70.90420060175778,41.09664116549348]},"properties":{"kind":"bollard"}},{"type":"Feature","geometry":{"type":"Point","coordinates":[-70.90421891809912,41.09645036554562]},"properties":{"kind":"bollard"}},{"type":"Feature","geometry":{"type":"Point","coordinates":[-70.90424615171261,41.09626074912107]},"properties":{"kind":"bollard"}},{"type":"Feature","geometry":{"type":"Point","coordinates":[-70.90427324612841,41.096065038767286]},"properties":{"kind":"bollard"}},{"type":"Feature","geometry":{"type":"Point","coordinates":[-70.90383063419708,41.09602088441688]},"properties":{"kind":"bollard"}},{"type":"Feature","geometry":{"type":"Point","coordinates":[-70.90381024214861,41.096217227997776]},"properties":{"kind":"bollard"}},{"type":"Feature","geometry":{"type":"Point","coordinates":[-70.90379192580727,41.09640802794563]},"properties":{"kind":"bollard"}},{"type":"Feature","geometry":{"type":"Point","coordinates":[-70.90376469219377,41.09659764437018]},"properties":{"kind":"bollard"}},{"type":"Feature","geometry":{"type":"Point","coordinates":[-70.90373759777798,41.096793354723964]},"properties":{"kind":"bollard"}},{"type":"Feature","geometry":{"type":"Point","coordinates":[-70.91005027464651,41.10052288531847]},"properties":{"kind":"bollard"}},{"type":"Feature","geometry":{"type":"Point","coordinates":[-70.91033508734921,41.100489713671024]},"properties":{"kind":"bollard"}},{"type":"Feature","geometry":{"type":"Point","coordinates":[-70.91061071968066,41.10045900300972]},"properties":{"kind":"bollard"}},{"type":"Feature","geometry":{"type":"Point","coordinates":[-70.91088622081591,41.100420051719745]},"properties":{"kind":"bollard"}},{"type":"Feature","geometry":{"type":"Point","coordinates":[-70.91117030532158,41.10038204375145]},"properties":{"kind":"bollard"}},{"type":"Feature","geometry":{"type":"Point","coordinates":[-70.91120468768246,41.1006898403151]},"properties":{"kind":"bollard"}},{"type":"Feature","geometry":{"type":"Point","coordinates":[-70.91091987497975,41.10072301196254]},"properties":{"kind":"bollard"}},{"type":"Feature","geometry":{"type":"Point","coordinates":[-70.9106442426483,41.10075372262385]},"properties":{"kind":"bollard"}},{"type":"Feature","geometry":{"type":"Point","coordinates":[-70.91036874151305,41.100792673913816]},"properties":{"kind":"bollard"}},{"type":"Feature","geometry":{"type":"Point","coordinates":[-70.91008465700739,41.10083068188211]},"properties":{"kind":"bollard"}},{"type":"Feature","geometry":{"type":"Point","coordinates":[-70.90968512181946,41.10253824635234]},"properties":{"kind":"bollard"}},{"type":"Feature","geometry":{"type":"Point","coordinates":[-70.90995703889023,41.10257633330207]},"properties":{"kind":"bollard"}},{"type":"Feature","geometry":{"type":"Point","coordinates":[-70.91022031615307,41.102614896478315]},"properties":{"kind":"bollard"}},{"type":"Feature","geometry":{"type":"Point","coordinates":[-70.9104847621783,41.102645670352906]},"properties":{"kind":"bollard"}},{"type":"Feature","geometry":{"type":"Point","coordinates":[-70.91075766350166,41.10267887899636]},"properties":{"kind":"bollard"}},{"type":"Feature","geometry":{"type":"Point","coordinates":[-70.91069961490658,41.102986392645]},"properties":{"kind":"bollard"}},{"type":"Feature","geometry":{"type":"Point","coordinates":[-70.91042769783581,41.10294830569527]},"properties":{"kind":"bollard"}},{"type":"Feature","geometry":{"type":"Point","coordinates":[-70.91016442057297,41.102909742519024]},"properties":{"kind":"bollard"}},{"type":"Feature","geometry":{"type":"Point","coordinates":[-70.90989997454774,41.10287896864443]},"properties":{"kind":"bollard"}},{"type":"Feature","geometry":{"type":"Point","coordinates":[-70.90962707322439,41.10284576000098]},"properties":{"kind":"bollard"}},{"type":"Feature","geometry":{"type":"Point","coordinates":[-70.90228423539811,41.10012971552091]},"properties":{"kind":"bench","rot":184}},{"type":"Feature","geometry":{"type":"Point","coordinates":[-70.90191933214956,41.10010211737523]},"properties":{"kind":"bench","rot":4}},{"type":"Feature","geometry":{"type":"Point","coordinates":[-70.90147190809851,41.10017252052765]},"properties":{"kind":"bench","rot":184}},{"type":"Feature","geometry":{"type":"Point","coordinates":[-70.90118024453584,41.10018788953072]},"properties":{"kind":"bench","rot":184}},{"type":"Feature","geometry":{"type":"Point","coordinates":[-70.90074444868284,41.100210853481876]},"properties":{"kind":"bench","rot":184}},{"type":"Feature","geometry":{"type":"Point","coordinates":[-70.90033431833625,41.10018563854582]},"properties":{"kind":"bench","rot":4}},{"type":"Feature","geometry":{"type":"Point","coordinates":[-70.89993822827704,41.100253336690216]},"properties":{"kind":"bench","rot":184}},{"type":"Feature","geometry":{"type":"Point","coordinates":[-70.89962278354938,41.10022313236311]},"properties":{"kind":"bench","rot":4}},{"type":"Feature","geometry":{"type":"Point","coordinates":[-70.89918762641759,41.1002460626573]},"properties":{"kind":"bench","rot":4}},{"type":"Feature","geometry":{"type":"Point","coordinates":[-70.89881950648125,41.10031228693605]},"properties":{"kind":"bench","rot":184}},{"type":"Feature","geometry":{"type":"Point","coordinates":[-70.89860547637815,41.100398400642185]},"properties":{"kind":"bench","rot":94}},{"type":"Feature","geometry":{"type":"Point","coordinates":[-70.89863322656406,41.10069744937107]},"properties":{"kind":"bench","rot":94}},{"type":"Feature","geometry":{"type":"Point","coordinates":[-70.89865607496013,41.1009436741649]},"properties":{"kind":"bench","rot":94}},{"type":"Feature","geometry":{"type":"Point","coordinates":[-70.89868282551845,41.10123195044852]},"properties":{"kind":"bench","rot":94}},{"type":"Feature","geometry":{"type":"Point","coordinates":[-70.89877358336388,41.101540349009824]},"properties":{"kind":"bench","rot":274}},{"type":"Feature","geometry":{"type":"Point","coordinates":[-70.89880286009843,41.10185584852688]},"properties":{"kind":"bench","rot":274}},{"type":"Feature","geometry":{"type":"Point","coordinates":[-70.89883286254815,41.10217916868348]},"properties":{"kind":"bench","rot":274}},{"type":"Feature","geometry":{"type":"Point","coordinates":[-70.89893303768359,41.102251403667985]},"properties":{"kind":"bench","rot":-176}},{"type":"Feature","geometry":{"type":"Point","coordinates":[-70.89921883375862,41.10223634384798]},"properties":{"kind":"bench","rot":-176}},{"type":"Feature","geometry":{"type":"Point","coordinates":[-70.89964539521114,41.10221386649696]},"properties":{"kind":"bench","rot":-176}},{"type":"Feature","geometry":{"type":"Point","coordinates":[-70.89990964376405,41.10219994210824]},"properties":{"kind":"bench","rot":-176}},{"type":"Feature","geometry":{"type":"Point","coordinates":[-70.90024061305057,41.102135675456445]},"properties":{"kind":"bench","rot":4}},{"type":"Feature","geometry":{"type":"Point","coordinates":[-70.90058813707533,41.1021641893879]},"properties":{"kind":"bench","rot":-176}},{"type":"Feature","geometry":{"type":"Point","coordinates":[-70.90100288343652,41.102095508163]},"properties":{"kind":"bench","rot":4}},{"type":"Feature","geometry":{"type":"Point","coordinates":[-70.9013323347312,41.102124974424065]},"properties":{"kind":"bench","rot":-176}},{"type":"Feature","geometry":{"type":"Point","coordinates":[-70.90171338883889,41.1020580685884]},"properties":{"kind":"bench","rot":4}},{"type":"Feature","geometry":{"type":"Point","coordinates":[-70.90204007218854,41.10204085424266]},"properties":{"kind":"bench","rot":4}},{"type":"Feature","geometry":{"type":"Point","coordinates":[-70.90244199883284,41.102019675005266]},"properties":{"kind":"bench","rot":4}},{"type":"Feature","geometry":{"type":"Point","coordinates":[-70.90252769567738,41.101971943341965]},"properties":{"kind":"bench","rot":94}},{"type":"Feature","geometry":{"type":"Point","coordinates":[-70.90250841408253,41.10176415603385]},"properties":{"kind":"bench","rot":94}},{"type":"Feature","geometry":{"type":"Point","coordinates":[-70.90248383787356,41.1014993115359]},"properties":{"kind":"bench","rot":94}},{"type":"Feature","geometry":{"type":"Point","coordinates":[-70.90245421137985,41.10118004285363]},"properties":{"kind":"bench","rot":94}},{"type":"Feature","geometry":{"type":"Point","coordinates":[-70.90242789506595,41.100896446187036]},"properties":{"kind":"bench","rot":94}},{"type":"Feature","geometry":{"type":"Point","coordinates":[-70.90245867835237,41.10055853139748]},"properties":{"kind":"bench","rot":-86}},{"type":"Feature","geometry":{"type":"Point","coordinates":[-70.90242975654371,41.100246856724546]},"properties":{"kind":"bench","rot":-86}},{"type":"Feature","geometry":{"type":"Point","coordinates":[-70.90234727300704,41.10015335443293]},"properties":{"kind":"bench","rot":218.4}},{"type":"Feature","geometry":{"type":"Point","coordinates":[-70.90213722886024,41.10027860160506]},"properties":{"kind":"bench","rot":218.4}},{"type":"Feature","geometry":{"type":"Point","coordinates":[-70.90184557260172,41.1003929454098]},"properties":{"kind":"bench","rot":38.4}},{"type":"Feature","geometry":{"type":"Point","coordinates":[-70.9016283047998,41.100522499973444]},"properties":{"kind":"bench","rot":38.4}},{"type":"Feature","geometry":{"type":"Point","coordinates":[-70.90130474128395,41.100715437581954]},"properties":{"kind":"bench","rot":38.4}},{"type":"Feature","geometry":{"type":"Point","coordinates":[-70.90108472903182,41.100846628633136]},"properties":{"kind":"bench","rot":38.4}},{"type":"Feature","geometry":{"type":"Point","coordinates":[-70.90085373138294,41.10104393799704]},"properties":{"kind":"bench","rot":218.4}},{"type":"Feature","geometry":{"type":"Point","coordinates":[-70.89868327533132,41.10035075955399]},"properties":{"kind":"bench","rot":149.6}},{"type":"Feature","geometry":{"type":"Point","coordinates":[-70.89898265701521,41.100482878516495]},"properties":{"kind":"bench","rot":149.6}},{"type":"Feature","geometry":{"type":"Point","coordinates":[-70.89926948095183,41.100555322523135]},"properties":{"kind":"bench","rot":329.6}},{"type":"Feature","geometry":{"type":"Point","coordinates":[-70.89950350958341,41.10071273393061]},"properties":{"kind":"bench","rot":149.6}},{"type":"Feature","geometry":{"type":"Point","coordinates":[-70.89977254797539,41.10077732906795]},"properties":{"kind":"bench","rot":329.6}},{"type":"Feature","geometry":{"type":"Point","coordinates":[-70.90000595289484,41.100880332082035]},"properties":{"kind":"bench","rot":329.6}},{"type":"Feature","geometry":{"type":"Point","coordinates":[-70.9002908545673,41.10100606092721]},"properties":{"kind":"bench","rot":329.6}},{"type":"Feature","geometry":{"type":"Point","coordinates":[-70.9005298616172,41.10111153619562]},"properties":{"kind":"bench","rot":329.6}},{"type":"Feature","geometry":{"type":"Point","coordinates":[-70.89886681933113,41.10216914545773]},"properties":{"kind":"bench","rot":38.4}},{"type":"Feature","geometry":{"type":"Point","coordinates":[-70.89919849775902,41.10197136901034]},"properties":{"kind":"bench","rot":38.4}},{"type":"Feature","geometry":{"type":"Point","coordinates":[-70.89950229780821,41.101790216154455]},"properties":{"kind":"bench","rot":38.4}},{"type":"Feature","geometry":{"type":"Point","coordinates":[-70.89986413813102,41.10163402231145]},"properties":{"kind":"bench","rot":-141.6}},{"type":"Feature","geometry":{"type":"Point","coordinates":[-70.90012880319243,41.101476205247714]},"properties":{"kind":"bench","rot":-141.6}},{"type":"Feature","geometry":{"type":"Point","coordinates":[-70.90038014018602,41.101266767741016]},"properties":{"kind":"bench","rot":38.4}},{"type":"Feature","geometry":{"type":"Point","coordinates":[-70.90245729381144,41.1020162569204]},"properties":{"kind":"bench","rot":149.6}},{"type":"Feature","geometry":{"type":"Point","coordinates":[-70.90214462841428,41.1018241426288]},"properties":{"kind":"bench","rot":-30.4}},{"type":"Feature","geometry":{"type":"Point","coordinates":[-70.90175828550947,41.10170778029471]},"properties":{"kind":"bench","rot":149.6}},{"type":"Feature","geometry":{"type":"Point","coordinates":[-70.90145595164294,41.101574358516004]},"properties":{"kind":"bench","rot":149.6}},{"type":"Feature","geometry":{"type":"Point","coordinates":[-70.90118090141901,41.101452977175136]},"properties":{"kind":"bench","rot":149.6}},{"type":"Feature","geometry":{"type":"Point","coordinates":[-70.90081263192606,41.10129045760247]},"properties":{"kind":"bench","rot":149.6}},{"type":"Feature","geometry":{"type":"Point","coordinates":[-70.89670122812404,41.09937278898768]},"properties":{"kind":"bench","rot":4}},{"type":"Feature","geometry":{"type":"Point","coordinates":[-70.89626692437274,41.099442500775275]},"properties":{"kind":"bench","rot":184}},{"type":"Feature","geometry":{"type":"Point","coordinates":[-70.89601200129069,41.0995303452456]},"properties":{"kind":"bench","rot":274}},{"type":"Feature","geometry":{"type":"Point","coordinates":[-70.89597706616692,41.09982351793197]},"properties":{"kind":"bench","rot":94}},{"type":"Feature","geometry":{"type":"Point","coordinates":[-70.89614892962544,41.100041253266234]},"properties":{"kind":"bench","rot":4}},{"type":"Feature","geometry":{"type":"Point","coordinates":[-70.89654618761521,41.10006714650194]},"properties":{"kind":"bench","rot":-176}},{"type":"Feature","geometry":{"type":"Point","coordinates":[-70.89689717391451,41.099926078737354]},"properties":{"kind":"bench","rot":-86}},{"type":"Feature","geometry":{"type":"Point","coordinates":[-70.89686598719051,41.099589996298036]},"properties":{"kind":"bench","rot":-86}},{"type":"Feature","geometry":{"type":"Point","coordinates":[-70.89680027888711,41.099439685504485]},"properties":{"kind":"bench","rot":229}},{"type":"Feature","geometry":{"type":"Point","coordinates":[-70.89652510549517,41.099607025069616]},"properties":{"kind":"bench","rot":49}},{"type":"Feature","geometry":{"type":"Point","coordinates":[-70.89605856795322,41.09946035386561]},"properties":{"kind":"bench","rot":319}},{"type":"Feature","geometry":{"type":"Point","coordinates":[-70.89628848284718,41.099610962528324]},"properties":{"kind":"bench","rot":319}},{"type":"Feature","geometry":{"type":"Point","coordinates":[-70.89605658800048,41.10001317141616]},"properties":{"kind":"bench","rot":49}},{"type":"Feature","geometry":{"type":"Point","coordinates":[-70.89630009154178,41.099802084157325]},"properties":{"kind":"bench","rot":49}},{"type":"Feature","geometry":{"type":"Point","coordinates":[-70.89680056740612,41.0999464100032]},"properties":{"kind":"bench","rot":-41}},{"type":"Feature","geometry":{"type":"Point","coordinates":[-70.89652724048811,41.09982925827443]},"properties":{"kind":"bench","rot":139}},{"type":"Feature","geometry":{"type":"Point","coordinates":[-70.9046926897782,41.104114780103785]},"properties":{"kind":"bench","rot":4}},{"type":"Feature","geometry":{"type":"Point","coordinates":[-70.90435404578375,41.10413262470715]},"properties":{"kind":"bench","rot":4}},{"type":"Feature","geometry":{"type":"Point","coordinates":[-70.90394858696628,41.104200816531566]},"properties":{"kind":"bench","rot":184}},{"type":"Feature","geometry":{"type":"Point","coordinates":[-70.903543464069,41.10422216419323]},"properties":{"kind":"bench","rot":184}},{"type":"Feature","geometry":{"type":"Point","coordinates":[-70.90325342677959,41.10429600281349]},"properties":{"kind":"bench","rot":274}},{"type":"Feature","geometry":{"type":"Point","coordinates":[-70.90327690417496,41.10454900599213]},"properties":{"kind":"bench","rot":274}},{"type":"Feature","geometry":{"type":"Point","coordinates":[-70.90329944731721,41.10479194123078]},"properties":{"kind":"bench","rot":274}},{"type":"Feature","geometry":{"type":"Point","coordinates":[-70.90334283894947,41.10482527083263]},"properties":{"kind":"bench","rot":4}},{"type":"Feature","geometry":{"type":"Point","coordinates":[-70.90365246133496,41.10480895550221]},"properties":{"kind":"bench","rot":4}},{"type":"Feature","geometry":{"type":"Point","coordinates":[-70.90394533785286,41.104840349045006]},"properties":{"kind":"bench","rot":-176}},{"type":"Feature","geometry":{"type":"Point","coordinates":[-70.90435599808224,41.10481870959759]},"properties":{"kind":"bench","rot":-176}},{"type":"Feature","geometry":{"type":"Point","coordinates":[-70.90464747530498,41.10475652395188]},"properties":{"kind":"bench","rot":4}},{"type":"Feature","geometry":{"type":"Point","coordinates":[-70.9049134520703,41.104671283966766]},"properties":{"kind":"bench","rot":-86}},{"type":"Feature","geometry":{"type":"Point","coordinates":[-70.90482342549828,41.10437076594299]},"properties":{"kind":"bench","rot":94}},{"type":"Feature","geometry":{"type":"Point","coordinates":[-70.90472278151283,41.1041541032773]},"properties":{"kind":"bench","rot":31.6}},{"type":"Feature","geometry":{"type":"Point","coordinates":[-70.90442268670625,41.104347872502295]},"properties":{"kind":"bench","rot":211.6}},{"type":"Feature","geometry":{"type":"Point","coordinates":[-70.90413940821693,41.104424205682214]},"properties":{"kind":"bench","rot":31.6}},{"type":"Feature","geometry":{"type":"Point","coordinates":[-70.90329821400313,41.10421795424904]},"properties":{"kind":"bench","rot":336.4}},{"type":"Feature","geometry":{"type":"Point","coordinates":[-70.90362802536836,41.104377329773605]},"properties":{"kind":"bench","rot":156.4}},{"type":"Feature","geometry":{"type":"Point","coordinates":[-70.90391466805687,41.1044205890246]},"properties":{"kind":"bench","rot":336.4}},{"type":"Feature","geometry":{"type":"Point","coordinates":[-70.90337404886294,41.10483339284639]},"properties":{"kind":"bench","rot":-148.4}},{"type":"Feature","geometry":{"type":"Point","coordinates":[-70.9036037289619,41.1046722256997]},"properties":{"kind":"bench","rot":31.6}},{"type":"Feature","geometry":{"type":"Point","coordinates":[-70.90399399845727,41.104546355579636]},"properties":{"kind":"bench","rot":-148.4}},{"type":"Feature","geometry":{"type":"Point","coordinates":[-70.90480887014049,41.104714522428765]},"properties":{"kind":"bench","rot":-23.6}},{"type":"Feature","geometry":{"type":"Point","coordinates":[-70.90455694373514,41.104631711633225]},"properties":{"kind":"bench","rot":-23.6}},{"type":"Feature","geometry":{"type":"Point","coordinates":[-70.90424489377357,41.10452913760756]},"properties":{"kind":"bench","rot":-23.6}},{"type":"Feature","geometry":{"type":"Point","coordinates":[-70.9104189424691,41.09968910400269]},"properties":{"kind":"bench","rot":280}},{"type":"Feature","geometry":{"type":"Point","coordinates":[-70.91043380757682,41.10002500890089]},"properties":{"kind":"bench","rot":99.7}},{"type":"Feature","geometry":{"type":"Point","coordinates":[-70.91055248521813,41.10027301641029]},"properties":{"kind":"bench","rot":279.4}},{"type":"Feature","geometry":{"type":"Point","coordinates":[-70.91061422979006,41.100572304548514]},"properties":{"kind":"bench","rot":277.4}},{"type":"Feature","geometry":{"type":"Point","coordinates":[-70.91065694699459,41.100834880057825]},"properties":{"kind":"bench","rot":275.4}},{"type":"Feature","geometry":{"type":"Point","coordinates":[-70.91063787859484,41.10114973350153]},"properties":{"kind":"bench","rot":97.8}},{"type":"Feature","geometry":{"type":"Point","coordinates":[-70.9107520107838,41.101419059376234]},"properties":{"kind":"bench","rot":280.4}},{"type":"Feature","geometry":{"type":"Point","coordinates":[-70.91079006208139,41.101754116448085]},"properties":{"kind":"bench","rot":261.9}},{"type":"Feature","geometry":{"type":"Point","coordinates":[-70.91071467274692,41.10196869115895]},"properties":{"kind":"bench","rot":242.9}},{"type":"Feature","geometry":{"type":"Point","coordinates":[-70.91049124376958,41.10218004017866]},"properties":{"kind":"bench","rot":57.7}},{"type":"Feature","geometry":{"type":"Point","coordinates":[-70.91026872206142,41.10242751247085]},"properties":{"kind":"bench","rot":52.3}},{"type":"Feature","geometry":{"type":"Point","coordinates":[-70.9100808705699,41.10262946923034]},"properties":{"kind":"bench","rot":65.7}},{"type":"Feature","geometry":{"type":"Point","coordinates":[-70.90997364960185,41.10296899679134]},"properties":{"kind":"bench","rot":259}},{"type":"Feature","geometry":{"type":"Point","coordinates":[-70.9098388218698,41.103211582436046]},"properties":{"kind":"bench","rot":71.2}},{"type":"Feature","geometry":{"type":"Point","coordinates":[-70.90974815115425,41.103519371215725]},"properties":{"kind":"bench","rot":243.6}},{"type":"Feature","geometry":{"type":"Point","coordinates":[-70.90955182555463,41.103677972238]},"properties":{"kind":"bench","rot":43.3}},{"type":"Feature","geometry":{"type":"Point","coordinates":[-70.909187589705,41.1039091833499]},"properties":{"kind":"bench","rot":30.5}},{"type":"Feature","geometry":{"type":"Point","coordinates":[-70.90895803194228,41.10406540748405]},"properties":{"kind":"bench","rot":210.5}},{"type":"Feature","geometry":{"type":"Point","coordinates":[-70.90870210319046,41.10412777227848]},"properties":{"kind":"bench","rot":32.2}},{"type":"Feature","geometry":{"type":"Point","coordinates":[-70.90850472247458,41.10427654021982]},"properties":{"kind":"bench","rot":212.2}},{"type":"Feature","geometry":{"type":"Point","coordinates":[-70.90824576711194,41.104345616279936]},"properties":{"kind":"bench","rot":33.8}},{"type":"Feature","geometry":{"type":"Point","coordinates":[-70.90791052535921,41.10451448870159]},"properties":{"kind":"bench","rot":33.8}},{"type":"Feature","geometry":{"type":"Point","coordinates":[-70.90777051176318,41.10463584200259]},"properties":{"kind":"bench","rot":209.7}},{"type":"Feature","geometry":{"type":"Point","coordinates":[-70.90738991917686,41.10474545479888]},"properties":{"kind":"bench","rot":29.7}},{"type":"Feature","geometry":{"type":"Point","coordinates":[-70.90722519315793,41.10486209832855]},"properties":{"kind":"bench","rot":205.6}},{"type":"Feature","geometry":{"type":"Point","coordinates":[-70.90688338803592,41.104985416552495]},"properties":{"kind":"bench","rot":205.6}},{"type":"Feature","geometry":{"type":"Point","coordinates":[-70.90666414540729,41.10500614635684]},"properties":{"kind":"bench","rot":22.3}},{"type":"Feature","geometry":{"type":"Point","coordinates":[-70.90637704504351,41.10514515616775]},"properties":{"kind":"bench","rot":202.3}},{"type":"Feature","geometry":{"type":"Point","coordinates":[-70.90616616716702,41.105204718442295]},"properties":{"kind":"bench","rot":199}},{"type":"Feature","geometry":{"type":"Point","coordinates":[-70.90559744785473,41.10533660917813]},"properties":{"kind":"bench","rot":190.8}},{"type":"Feature","geometry":{"type":"Point","coordinates":[-70.90521282646496,41.10534451492541]},"properties":{"kind":"bench","rot":10.8}},{"type":"Feature","geometry":{"type":"Point","coordinates":[-70.90497659113237,41.105416348684635]},"properties":{"kind":"bench","rot":184.5}},{"type":"Feature","geometry":{"type":"Point","coordinates":[-70.90461306088615,41.10543793173474]},"properties":{"kind":"bench","rot":184.5}},{"type":"Feature","geometry":{"type":"Point","coordinates":[-70.90424688058101,41.10541332067557]},"properties":{"kind":"bench","rot":4.9}},{"type":"Feature","geometry":{"type":"Point","coordinates":[-70.90391846549616,41.10548145422592]},"properties":{"kind":"bench","rot":184.9}},{"type":"Feature","geometry":{"type":"Point","coordinates":[-70.90364734130938,41.10549899664351]},"properties":{"kind":"bench","rot":184.9}},{"type":"Feature","geometry":{"type":"Point","coordinates":[-70.90353014108926,41.10550691847479]},"properties":{"kind":"bench","rot":185.3}},{"type":"Feature","geometry":{"type":"Point","coordinates":[-70.90309091838456,41.10549070565053]},"properties":{"kind":"bench","rot":5.3}},{"type":"Feature","geometry":{"type":"Point","coordinates":[-70.90273979852302,41.105519463647965]},"properties":{"kind":"bench","rot":8.7}},{"type":"Feature","geometry":{"type":"Point","coordinates":[-70.90244141654028,41.10560098660628]},"properties":{"kind":"bench","rot":188.7}},{"type":"Feature","geometry":{"type":"Point","coordinates":[-70.902162981937,41.105585714737416]},"properties":{"kind":"bench","rot":8.7}},{"type":"Feature","geometry":{"type":"Point","coordinates":[-70.90196505714411,41.10566143296741]},"properties":{"kind":"bench","rot":192}},{"type":"Feature","geometry":{"type":"Point","coordinates":[-70.90158269899669,41.10572285082839]},"properties":{"kind":"bench","rot":192}},{"type":"Feature","geometry":{"type":"Point","coordinates":[-70.90122795019327,41.10577814772076]},"properties":{"kind":"bench","rot":191}},{"type":"Feature","geometry":{"type":"Point","coordinates":[-70.90084439144523,41.105786904861326]},"properties":{"kind":"bench","rot":11}},{"type":"Feature","geometry":{"type":"Point","coordinates":[-70.90047702259537,41.105839218681204]},"properties":{"kind":"bench","rot":10.1}},{"type":"Feature","geometry":{"type":"Point","coordinates":[-70.90011089722272,41.10593560205066]},"properties":{"kind":"bench","rot":190.1}},{"type":"Feature","geometry":{"type":"Point","coordinates":[-70.89978473268192,41.10596758393076]},"properties":{"kind":"bench","rot":181.1}},{"type":"Feature","geometry":{"type":"Point","coordinates":[-70.89947116813686,41.10597193654683]},"properties":{"kind":"bench","rot":181.1}},{"type":"Feature","geometry":{"type":"Point","coordinates":[-70.89911726947068,41.10591663068477]},"properties":{"kind":"bench","rot":-9.4}},{"type":"Feature","geometry":{"type":"Point","coordinates":[-70.89879345737317,41.105876217852625]},"properties":{"kind":"bench","rot":-9.4}},{"type":"Feature","geometry":{"type":"Point","coordinates":[-70.898465498191,41.10588095578464]},"properties":{"kind":"bench","rot":169.5}},{"type":"Feature","geometry":{"type":"Point","coordinates":[-70.89807608164935,41.10577911712865]},"properties":{"kind":"bench","rot":-10.5}},{"type":"Feature","geometry":{"type":"Point","coordinates":[-70.89780169612368,41.10578615627124]},"properties":{"kind":"bench","rot":168.4}},{"type":"Feature","geometry":{"type":"Point","coordinates":[-70.89749832314573,41.10569138866712]},"properties":{"kind":"bench","rot":-11.6}},{"type":"Feature","geometry":{"type":"Point","coordinates":[-70.89721052791359,41.10569572879191]},"properties":{"kind":"bench","rot":169.4}},{"type":"Feature","geometry":{"type":"Point","coordinates":[-70.89694693332021,41.105611028037586]},"properties":{"kind":"bench","rot":-10.6}},{"type":"Feature","geometry":{"type":"Point","coordinates":[-70.89656160877722,41.10555821653076]},"properties":{"kind":"bench","rot":-9.6}},{"type":"Feature","geometry":{"type":"Point","coordinates":[-70.89620686983524,41.105513163648205]},"properties":{"kind":"bench","rot":-9.6}},{"type":"Feature","geometry":{"type":"Point","coordinates":[-70.89595948117606,41.10548079243192]},"properties":{"kind":"bench","rot":-10.6}},{"type":"Feature","geometry":{"type":"Point","coordinates":[-70.89557273355958,41.105473831585826]},"properties":{"kind":"bench","rot":169.4}},{"type":"Feature","geometry":{"type":"Point","coordinates":[-70.89530047060113,41.105434432215965]},"properties":{"kind":"bench","rot":168.4}},{"type":"Feature","geometry":{"type":"Point","coordinates":[-70.8950291273802,41.10539258894563]},"properties":{"kind":"bench","rot":168.4}},{"type":"Feature","geometry":{"type":"Point","coordinates":[-70.89464845019204,41.105268674055935]},"properties":{"kind":"bench","rot":-21.7}},{"type":"Feature","geometry":{"type":"Point","coordinates":[-70.894204078447,41.10511747850803]},"properties":{"kind":"bench","rot":-35.2}},{"type":"Feature","geometry":{"type":"Point","coordinates":[-70.8937843891382,41.104952050161295]},"properties":{"kind":"bench","rot":145.1}},{"type":"Feature","geometry":{"type":"Point","coordinates":[-70.89354839229698,41.104828105654576]},"properties":{"kind":"bench","rot":145.1}},{"type":"Feature","geometry":{"type":"Point","coordinates":[-70.893399469403,41.10469325744872]},"properties":{"kind":"bench","rot":-34.7}},{"type":"Feature","geometry":{"type":"Point","coordinates":[-70.89297130457913,41.10446874528275]},"properties":{"kind":"bench","rot":-35.2}},{"type":"Feature","geometry":{"type":"Point","coordinates":[-70.89255684659825,41.104304504873845]},"properties":{"kind":"bench","rot":144.2}},{"type":"Feature","geometry":{"type":"Point","coordinates":[-70.89234672546824,41.1041329498226]},"properties":{"kind":"bench","rot":-35.8}},{"type":"Feature","geometry":{"type":"Point","coordinates":[-70.8921228884153,41.10407941824903]},"properties":{"kind":"bench","rot":149.4}},{"type":"Feature","geometry":{"type":"Point","coordinates":[-70.89190817777865,41.10392947912809]},"properties":{"kind":"bench","rot":-30.6}},{"type":"Feature","geometry":{"type":"Point","coordinates":[-70.89173719870796,41.103860885846515]},"properties":{"kind":"bench","rot":-25.3}},{"type":"Feature","geometry":{"type":"Point","coordinates":[-70.89124448008918,41.10370415993646]},"properties":{"kind":"bench","rot":138.6}},{"type":"Feature","geometry":{"type":"Point","coordinates":[-70.89102398599292,41.10345889580947]},"properties":{"kind":"bench","rot":-59.2}},{"type":"Feature","geometry":{"type":"Point","coordinates":[-70.89079303309268,41.10317352698033]},"properties":{"kind":"bench","rot":-57.3}},{"type":"Feature","geometry":{"type":"Point","coordinates":[-70.89049163132138,41.10291145149956]},"properties":{"kind":"bench","rot":124.4}},{"type":"Feature","geometry":{"type":"Point","coordinates":[-70.89030581094977,41.10260234207059]},"properties":{"kind":"bench","rot":-62.9}},{"type":"Feature","geometry":{"type":"Point","coordinates":[-70.89007901513382,41.102350257376266]},"properties":{"kind":"bench","rot":109.8}},{"type":"Feature","geometry":{"type":"Point","coordinates":[-70.88992963386436,41.10204493387049]},"properties":{"kind":"bench","rot":112.1}},{"type":"Feature","geometry":{"type":"Point","coordinates":[-70.88973843099008,41.10170055931377]},"properties":{"kind":"bench","rot":114.6}},{"type":"Feature","geometry":{"type":"Point","coordinates":[-70.88965221536104,41.10137236776711]},"properties":{"kind":"bench","rot":-84.5}},{"type":"Feature","geometry":{"type":"Point","coordinates":[-70.88961126904843,41.10111391336326]},"properties":{"kind":"bench","rot":72.8}},{"type":"Feature","geometry":{"type":"Point","coordinates":[-70.88969905986195,41.10086733174873]},"properties":{"kind":"bench","rot":80}},{"type":"Feature","geometry":{"type":"Point","coordinates":[-70.88981949183271,41.100566125346106]},"properties":{"kind":"bench","rot":-93.2}},{"type":"Feature","geometry":{"type":"Point","coordinates":[-70.88984338187268,41.10027762501922]},"properties":{"kind":"bench","rot":-94.6}},{"type":"Feature","geometry":{"type":"Point","coordinates":[-70.8898767365453,41.09998697439268]},"properties":{"kind":"bench","rot":-96}},{"type":"Feature","geometry":{"type":"Point","coordinates":[-70.88991375663636,41.09968946340194]},"properties":{"kind":"bench","rot":-93.2}},{"type":"Feature","geometry":{"type":"Point","coordinates":[-70.88986832050682,41.09935236568036]},"properties":{"kind":"bench","rot":90.2}},{"type":"Feature","geometry":{"type":"Point","coordinates":[-70.88995384627708,41.099148131272685]},"properties":{"kind":"bench","rot":-114.4}},{"type":"Feature","geometry":{"type":"Point","coordinates":[-70.89006479894896,41.098918485241256]},"properties":{"kind":"bench","rot":41.9}},{"type":"Feature","geometry":{"type":"Point","coordinates":[-70.89034866455214,41.098733889501766]},"properties":{"kind":"bench","rot":37.4}},{"type":"Feature","geometry":{"type":"Point","coordinates":[-70.89072004971537,41.09858855202307]},"properties":{"kind":"bench","rot":-147.6}},{"type":"Feature","geometry":{"type":"Point","coordinates":[-70.89097952048067,41.09840389867986]},"properties":{"kind":"bench","rot":37.6}},{"type":"Feature","geometry":{"type":"Point","coordinates":[-70.89135507661081,41.09817429976931]},"properties":{"kind":"bench","rot":42.8}},{"type":"Feature","geometry":{"type":"Point","coordinates":[-70.89162345202492,41.09798058555551]},"properties":{"kind":"bench","rot":46.6}},{"type":"Feature","geometry":{"type":"Point","coordinates":[-70.89189488019348,41.09775739950358]},"properties":{"kind":"bench","rot":50.7}},{"type":"Feature","geometry":{"type":"Point","coordinates":[-70.89217427310591,41.097595322564516]},"properties":{"kind":"bench","rot":-148.3}},{"type":"Feature","geometry":{"type":"Point","coordinates":[-70.8924524983673,41.09748799130995]},"properties":{"kind":"bench","rot":-169}},{"type":"Feature","geometry":{"type":"Point","coordinates":[-70.89278589934425,41.09738401862953]},"properties":{"kind":"bench","rot":18.3}},{"type":"Feature","geometry":{"type":"Point","coordinates":[-70.89318109708418,41.09727437773263]},"properties":{"kind":"bench","rot":25.3}},{"type":"Feature","geometry":{"type":"Point","coordinates":[-70.89352239426469,41.09721762430406]},"properties":{"kind":"bench","rot":-164.5}},{"type":"Feature","geometry":{"type":"Point","coordinates":[-70.8938551060912,41.097161584059485]},"properties":{"kind":"bench","rot":-174.4}},{"type":"Feature","geometry":{"type":"Point","coordinates":[-70.8942304437882,41.09707983696742]},"properties":{"kind":"bench","rot":9.8}},{"type":"Feature","geometry":{"type":"Point","coordinates":[-70.8945547403853,41.097081302248725]},"properties":{"kind":"bench","rot":-165.8}},{"type":"Feature","geometry":{"type":"Point","coordinates":[-70.89489248881421,41.09703540828195]},"properties":{"kind":"bench","rot":173.2}},{"type":"Feature","geometry":{"type":"Point","coordinates":[-70.89512965628002,41.09707758751408]},"properties":{"kind":"bench","rot":148.7}},{"type":"Feature","geometry":{"type":"Point","coordinates":[-70.89541620004272,41.097208712743935]},"properties":{"kind":"bench","rot":148.8}},{"type":"Feature","geometry":{"type":"Point","coordinates":[-70.89569035671478,41.09727988037136]},"properties":{"kind":"bench","rot":328.2}},{"type":"Feature","geometry":{"type":"Point","coordinates":[-70.89599437519472,41.09742829222526]},"properties":{"kind":"bench","rot":324.5}},{"type":"Feature","geometry":{"type":"Point","coordinates":[-70.89622808916657,41.09761943717722]},"properties":{"kind":"bench","rot":140.8}},{"type":"Feature","geometry":{"type":"Point","coordinates":[-70.89647178907349,41.09771923956784]},"properties":{"kind":"bench","rot":314.3}},{"type":"Feature","geometry":{"type":"Point","coordinates":[-70.8966656975423,41.09795017026933]},"properties":{"kind":"bench","rot":128.9}},{"type":"Feature","geometry":{"type":"Point","coordinates":[-70.89692393277254,41.09810133604189]},"properties":{"kind":"bench","rot":171}},{"type":"Feature","geometry":{"type":"Point","coordinates":[-70.89725886315262,41.09803809475161]},"properties":{"kind":"bench","rot":37.1}},{"type":"Feature","geometry":{"type":"Point","coordinates":[-70.89757506696422,41.097931228166836]},"properties":{"kind":"bench","rot":-150.7}},{"type":"Feature","geometry":{"type":"Point","coordinates":[-70.89778033260721,41.09780567689855]},"properties":{"kind":"bench","rot":20}},{"type":"Feature","geometry":{"type":"Point","coordinates":[-70.89807577372422,41.09776377302772]},"properties":{"kind":"bench","rot":-152.7}},{"type":"Feature","geometry":{"type":"Point","coordinates":[-70.8983398349742,41.09759494229636]},"properties":{"kind":"bench","rot":34.6}},{"type":"Feature","geometry":{"type":"Point","coordinates":[-70.89859839643184,41.097506840273944]},"properties":{"kind":"bench","rot":-137.9}},{"type":"Feature","geometry":{"type":"Point","coordinates":[-70.8987793573047,41.097308751036934]},"properties":{"kind":"bench","rot":50.2}},{"type":"Feature","geometry":{"type":"Point","coordinates":[-70.8989984454666,41.09716016546826]},"properties":{"kind":"bench","rot":26.4}},{"type":"Feature","geometry":{"type":"Point","coordinates":[-70.89925626120227,41.097083281124604]},"properties":{"kind":"bench","rot":10.5}},{"type":"Feature","geometry":{"type":"Point","coordinates":[-70.89973125161269,41.09705771407892]},"properties":{"kind":"bench","rot":-165.9}},{"type":"Feature","geometry":{"type":"Point","coordinates":[-70.90013383801697,41.09697579565976]},"properties":{"kind":"bench","rot":-162.4}},{"type":"Feature","geometry":{"type":"Point","coordinates":[-70.90046777642874,41.096857128270166]},"properties":{"kind":"bench","rot":7.6}},{"type":"Feature","geometry":{"type":"Point","coordinates":[-70.90087859361876,41.09682766075578]},"properties":{"kind":"bench","rot":357.6}},{"type":"Feature","geometry":{"type":"Point","coordinates":[-70.90128398855984,41.096882486976995]},"properties":{"kind":"bench","rot":-177.8}},{"type":"Feature","geometry":{"type":"Point","coordinates":[-70.90177553722744,41.09686052041489]},"properties":{"kind":"bench","rot":-173.3}},{"type":"Feature","geometry":{"type":"Point","coordinates":[-70.90219781140138,41.09678870897995]},"properties":{"kind":"bench","rot":359.7}},{"type":"Feature","geometry":{"type":"Point","coordinates":[-70.90261971843456,41.09684460215679]},"properties":{"kind":"bench","rot":174.1}},{"type":"Feature","geometry":{"type":"Point","coordinates":[-70.90297329872938,41.096825214570536]},"properties":{"kind":"bench","rot":354.1}},{"type":"Feature","geometry":{"type":"Point","coordinates":[-70.90314673491976,41.096888587667024]},"properties":{"kind":"bench","rot":172.2}},{"type":"Feature","geometry":{"type":"Point","coordinates":[-70.90368825766937,41.09694811653034]},"properties":{"kind":"bench","rot":170.3}},{"type":"Feature","geometry":{"type":"Point","coordinates":[-70.90415416125599,41.09695910434319]},"properties":{"kind":"bench","rot":352.2}},{"type":"Feature","geometry":{"type":"Point","coordinates":[-70.90450486244251,41.09699534963894]},"properties":{"kind":"bench","rot":352.2}},{"type":"Feature","geometry":{"type":"Point","coordinates":[-70.90473773803203,41.09706315600566]},"properties":{"kind":"bench","rot":174.1}},{"type":"Feature","geometry":{"type":"Point","coordinates":[-70.90500681563583,41.097037062176206]},"properties":{"kind":"bench","rot":354.1}},{"type":"Feature","geometry":{"type":"Point","coordinates":[-70.90521437175731,41.097059079645106]},"properties":{"kind":"bench","rot":348.4}},{"type":"Feature","geometry":{"type":"Point","coordinates":[-70.9055745944838,41.097115008542744]},"properties":{"kind":"bench","rot":348.4}},{"type":"Feature","geometry":{"type":"Point","coordinates":[-70.90570546212543,41.09718921490196]},"properties":{"kind":"bench","rot":162.6}},{"type":"Feature","geometry":{"type":"Point","coordinates":[-70.90603108796417,41.09726613171635]},"properties":{"kind":"bench","rot":162.6}},{"type":"Feature","geometry":{"type":"Point","coordinates":[-70.90624361302689,41.09726254374908]},"properties":{"kind":"bench","rot":346.2}},{"type":"Feature","geometry":{"type":"Point","coordinates":[-70.906517337859,41.097361193984064]},"properties":{"kind":"bench","rot":166.2}},{"type":"Feature","geometry":{"type":"Point","coordinates":[-70.90669683390257,41.09738746527773]},"properties":{"kind":"bench","rot":171.1}},{"type":"Feature","geometry":{"type":"Point","coordinates":[-70.90706909520748,41.097390959707035]},"properties":{"kind":"bench","rot":344.4}},{"type":"Feature","geometry":{"type":"Point","coordinates":[-70.90740645576422,41.0975175831652]},"properties":{"kind":"bench","rot":157.6}},{"type":"Feature","geometry":{"type":"Point","coordinates":[-70.90782216673632,41.09759745977103]},"properties":{"kind":"bench","rot":336.8}},{"type":"Feature","geometry":{"type":"Point","coordinates":[-70.90819130570623,41.09771830661232]},"properties":{"kind":"bench","rot":336}},{"type":"Feature","geometry":{"type":"Point","coordinates":[-70.90848684550451,41.0978236489959]},"properties":{"kind":"bench","rot":330.4}},{"type":"Feature","geometry":{"type":"Point","coordinates":[-70.9088497812568,41.0979892980842]},"properties":{"kind":"bench","rot":324.8}},{"type":"Feature","geometry":{"type":"Point","coordinates":[-70.90911878632258,41.098143585197484]},"properties":{"kind":"bench","rot":316.1}},{"type":"Feature","geometry":{"type":"Point","coordinates":[-70.90928094834238,41.09834827341565]},"properties":{"kind":"bench","rot":123}},{"type":"Feature","geometry":{"type":"Point","coordinates":[-70.90947161357974,41.098498646006334]},"properties":{"kind":"bench","rot":297.9}},{"type":"Feature","geometry":{"type":"Point","coordinates":[-70.90958112207376,41.09867164044989]},"properties":{"kind":"bench","rot":292.7}},{"type":"Feature","geometry":{"type":"Point","coordinates":[-70.90970722688422,41.09886484166428]},"properties":{"kind":"bench","rot":300.4}},{"type":"Feature","geometry":{"type":"Point","coordinates":[-70.90982733714536,41.099005705950866]},"properties":{"kind":"bench","rot":308}},{"type":"Feature","geometry":{"type":"Point","coordinates":[-70.91001464459754,41.09918338996479]},"properties":{"kind":"bench","rot":309.4}},{"type":"Feature","geometry":{"type":"Point","coordinates":[-70.91013965956085,41.099368164319216]},"properties":{"kind":"bench","rot":131.3}},{"type":"Feature","geometry":{"type":"Point","coordinates":[-70.91027335218733,41.09951266341995]},"properties":{"kind":"bench","rot":112.4}},{"type":"Feature","geometry":{"type":"Point","coordinates":[-70.9104579191129,41.10021403596871]},"properties":{"kind":"bench","rot":-260.5}},{"type":"Feature","geometry":{"type":"Point","coordinates":[-70.91066154386235,41.101384028065056]},"properties":{"kind":"bench","rot":-261}},{"type":"Feature","geometry":{"type":"Point","coordinates":[-70.90972815808713,41.103413147753244]},"properties":{"kind":"bench","rot":67.2}},{"type":"Feature","geometry":{"type":"Point","coordinates":[-70.90928141390908,41.103851446602626]},"properties":{"kind":"bench","rot":36.3}},{"type":"Feature","geometry":{"type":"Point","coordinates":[-70.90508142495241,41.105349261076206]},"properties":{"kind":"bench","rot":7.5}},{"type":"Feature","geometry":{"type":"Point","coordinates":[-70.90358818285144,41.10544187501077]},"properties":{"kind":"bench","rot":5.1}},{"type":"Feature","geometry":{"type":"Point","coordinates":[-70.90207583256331,41.10558156523064]},"properties":{"kind":"bench","rot":10.4}},{"type":"Feature","geometry":{"type":"Point","coordinates":[-70.9005987960514,41.105808709424586]},"properties":{"kind":"bench","rot":10.5}},{"type":"Feature","geometry":{"type":"Point","coordinates":[-70.89795672655467,41.10574821442235]},"properties":{"kind":"bench","rot":-11.1}},{"type":"Feature","geometry":{"type":"Point","coordinates":[-70.89539432231386,41.105386921568105]},"properties":{"kind":"bench","rot":-11.1}},{"type":"Feature","geometry":{"type":"Point","coordinates":[-70.8934971781454,41.10472718867015]},"properties":{"kind":"bench","rot":-34.8}},{"type":"Feature","geometry":{"type":"Point","coordinates":[-70.89183056210643,41.10387865900511]},"properties":{"kind":"bench","rot":-28}},{"type":"Feature","geometry":{"type":"Point","coordinates":[-70.8898605061451,41.10175551764423]},"properties":{"kind":"bench","rot":-66.7}},{"type":"Feature","geometry":{"type":"Point","coordinates":[-70.88994932396062,41.09945869180266]},"properties":{"kind":"bench","rot":-91.7}},{"type":"Feature","geometry":{"type":"Point","coordinates":[-70.89130686829994,41.09829061072023]},"properties":{"kind":"bench","rot":-139.8}},{"type":"Feature","geometry":{"type":"Point","coordinates":[-70.89310687718832,41.09736792864272]},"properties":{"kind":"bench","rot":-158.2}},{"type":"Feature","geometry":{"type":"Point","coordinates":[-70.89656355564443,41.0978769453172]},"properties":{"kind":"bench","rot":-228.9}},{"type":"Feature","geometry":{"type":"Point","coordinates":[-70.8977135863644,41.09788850479872]},"properties":{"kind":"bench","rot":-155.3}},{"type":"Feature","geometry":{"type":"Point","coordinates":[-70.89827790427515,41.09770081186277]},"properties":{"kind":"bench","rot":-149}},{"type":"Feature","geometry":{"type":"Point","coordinates":[-70.90001956905347,41.09701771757007]},"properties":{"kind":"bench","rot":-164.2}},{"type":"Feature","geometry":{"type":"Point","coordinates":[-70.90079289914172,41.09688562830388]},"properties":{"kind":"bench","rot":-177.4}},{"type":"Feature","geometry":{"type":"Point","coordinates":[-70.90251686112708,41.096850628716815]},"properties":{"kind":"bench","rot":-183.2}},{"type":"Feature","geometry":{"type":"Point","coordinates":[-70.903548708928,41.09694429142504]},"properties":{"kind":"bench","rot":-188.8}},{"type":"Feature","geometry":{"type":"Point","coordinates":[-70.90659059703485,41.09738912335288]},"properties":{"kind":"bench","rot":-191.5}},{"type":"Feature","geometry":{"type":"Point","coordinates":[-70.90921636591428,41.0982985139601]},"properties":{"kind":"bench","rot":-229.8}},{"type":"Feature","geometry":{"type":"Point","coordinates":[-70.91039045900692,41.099634849004886]},"properties":{"kind":"rail","rot":99.9}},{"type":"Feature","geometry":{"type":"Point","coordinates":[-70.91039739269036,41.099664504099955]},"properties":{"kind":"rail","rot":99.9}},{"type":"Feature","geometry":{"type":"Point","coordinates":[-70.91040432637381,41.09969415919502]},"properties":{"kind":"rail","rot":99.9}},{"type":"Feature","geometry":{"type":"Point","coordinates":[-70.91041126005724,41.09972381429009]},"properties":{"kind":"rail","rot":99.9}},{"type":"Feature","geometry":{"type":"Point","coordinates":[-70.9104181937407,41.099753469385156]},"properties":{"kind":"rail","rot":99.9}},{"type":"Feature","geometry":{"type":"Point","coordinates":[-70.91042512742413,41.09978312448022]},"properties":{"kind":"rail","rot":99.9}},{"type":"Feature","geometry":{"type":"Point","coordinates":[-70.91043206110758,41.09981277957529]},"properties":{"kind":"rail","rot":99.9}},{"type":"Feature","geometry":{"type":"Point","coordinates":[-70.91043899479102,41.09984243467035]},"properties":{"kind":"rail","rot":99.9}},{"type":"Feature","geometry":{"type":"Point","coordinates":[-70.91044592847447,41.09987208976542]},"properties":{"kind":"rail","rot":99.9}},{"type":"Feature","geometry":{"type":"Point","coordinates":[-70.91045286215791,41.09990174486049]},"properties":{"kind":"rail","rot":99.9}},{"type":"Feature","geometry":{"type":"Point","coordinates":[-70.91045605294379,41.09991539172788]},"properties":{"kind":"rail","rot":99.7}},{"type":"Feature","geometry":{"type":"Point","coordinates":[-70.91046251323228,41.099943804981656]},"properties":{"kind":"rail","rot":99.7}},{"type":"Feature","geometry":{"type":"Point","coordinates":[-70.91046897352075,41.099972218235436]},"properties":{"kind":"rail","rot":99.7}},{"type":"Feature","geometry":{"type":"Point","coordinates":[-70.91047543380922,41.100000631489216]},"properties":{"kind":"rail","rot":99.7}},{"type":"Feature","geometry":{"type":"Point","coordinates":[-70.91048189409771,41.10002904474299]},"properties":{"kind":"rail","rot":99.7}},{"type":"Feature","geometry":{"type":"Point","coordinates":[-70.91048835438619,41.10005745799677]},"properties":{"kind":"rail","rot":99.7}},{"type":"Feature","geometry":{"type":"Point","coordinates":[-70.91049481467468,41.10008587125055]},"properties":{"kind":"rail","rot":99.7}},{"type":"Feature","geometry":{"type":"Point","coordinates":[-70.91050127496315,41.10011428450433]},"properties":{"kind":"rail","rot":99.7}},{"type":"Feature","geometry":{"type":"Point","coordinates":[-70.91050773525164,41.1001426977581]},"properties":{"kind":"rail","rot":99.7}},{"type":"Feature","geometry":{"type":"Point","coordinates":[-70.91051419554012,41.10017111101188]},"properties":{"kind":"rail","rot":99.7}},{"type":"Feature","geometry":{"type":"Point","coordinates":[-70.91052065582859,41.10019952426566]},"properties":{"kind":"rail","rot":99.7}},{"type":"Feature","geometry":{"type":"Point","coordinates":[-70.91052210756598,41.10020590921006]},"properties":{"kind":"rail","rot":99.4}},{"type":"Feature","geometry":{"type":"Point","coordinates":[-70.91052836457465,41.10023452969955]},"properties":{"kind":"rail","rot":99.4}},{"type":"Feature","geometry":{"type":"Point","coordinates":[-70.91053462158331,41.100263150189036]},"properties":{"kind":"rail","rot":99.4}},{"type":"Feature","geometry":{"type":"Point","coordinates":[-70.91054087859197,41.100291770678524]},"properties":{"kind":"rail","rot":99.4}},{"type":"Feature","geometry":{"type":"Point","coordinates":[-70.91054713560064,41.10032039116801]},"properties":{"kind":"rail","rot":99.4}},{"type":"Feature","geometry":{"type":"Point","coordinates":[-70.91055339260929,41.1003490116575]},"properties":{"kind":"rail","rot":99.4}},{"type":"Feature","geometry":{"type":"Point","coordinates":[-70.91055964961795,41.10037763214699]},"properties":{"kind":"rail","rot":99.4}},{"type":"Feature","geometry":{"type":"Point","coordinates":[-70.91056590662662,41.100406252636475]},"properties":{"kind":"rail","rot":99.4}},{"type":"Feature","geometry":{"type":"Point","coordinates":[-70.91057216363528,41.10043487312597]},"properties":{"kind":"rail","rot":99.4}},{"type":"Feature","geometry":{"type":"Point","coordinates":[-70.91057842064394,41.10046349361546]},"properties":{"kind":"rail","rot":99.4}},{"type":"Feature","geometry":{"type":"Point","coordinates":[-70.91058467765261,41.100492114104945]},"properties":{"kind":"rail","rot":99.4}},{"type":"Feature","geometry":{"type":"Point","coordinates":[-70.9105853724935,41.100495292410685]},"properties":{"kind":"rail","rot":97.4}},{"type":"Feature","geometry":{"type":"Point","coordinates":[-70.91059034492868,41.10052424031968]},"properties":{"kind":"rail","rot":97.4}},{"type":"Feature","geometry":{"type":"Point","coordinates":[-70.91059531736386,41.10055318822867]},"properties":{"kind":"rail","rot":97.4}},{"type":"Feature","geometry":{"type":"Point","coordinates":[-70.91060028979904,41.10058213613767]},"properties":{"kind":"rail","rot":97.4}},{"type":"Feature","geometry":{"type":"Point","coordinates":[-70.91060526223421,41.10061108404666]},"properties":{"kind":"rail","rot":97.4}},{"type":"Feature","geometry":{"type":"Point","coordinates":[-70.91061023466939,41.100640031955656]},"properties":{"kind":"rail","rot":97.4}},{"type":"Feature","geometry":{"type":"Point","coordinates":[-70.91061520710457,41.10066897986465]},"properties":{"kind":"rail","rot":97.4}},{"type":"Feature","geometry":{"type":"Point","coordinates":[-70.91062017953975,41.100697927773645]},"properties":{"kind":"rail","rot":97.4}},{"type":"Feature","geometry":{"type":"Point","coordinates":[-70.91062515197493,41.10072687568264]},"properties":{"kind":"rail","rot":97.4}},{"type":"Feature","geometry":{"type":"Point","coordinates":[-70.9106301244101,41.10075582359163]},"properties":{"kind":"rail","rot":97.4}},{"type":"Feature","geometry":{"type":"Point","coordinates":[-70.91063507373606,41.10078463696626]},"properties":{"kind":"rail","rot":95.4}},{"type":"Feature","geometry":{"type":"Point","coordinates":[-70.91063865941247,41.100813212729825]},"properties":{"kind":"rail","rot":95.4}},{"type":"Feature","geometry":{"type":"Point","coordinates":[-70.91064224508887,41.10084178849338]},"properties":{"kind":"rail","rot":95.4}},{"type":"Feature","geometry":{"type":"Point","coordinates":[-70.91064583076526,41.10087036425695]},"properties":{"kind":"rail","rot":95.4}},{"type":"Feature","geometry":{"type":"Point","coordinates":[-70.91064941644167,41.100898940020514]},"properties":{"kind":"rail","rot":95.4}},{"type":"Feature","geometry":{"type":"Point","coordinates":[-70.91065300211807,41.10092751578408]},"properties":{"kind":"rail","rot":95.4}},{"type":"Feature","geometry":{"type":"Point","coordinates":[-70.91065658779446,41.10095609154764]},"properties":{"kind":"rail","rot":95.4}},{"type":"Feature","geometry":{"type":"Point","coordinates":[-70.91066017347086,41.1009846673112]},"properties":{"kind":"rail","rot":95.4}},{"type":"Feature","geometry":{"type":"Point","coordinates":[-70.91066375914727,41.10101324307477]},"properties":{"kind":"rail","rot":95.4}},{"type":"Feature","geometry":{"type":"Point","coordinates":[-70.91066734482366,41.10104181883833]},"properties":{"kind":"rail","rot":95.4}},{"type":"Feature","geometry":{"type":"Point","coordinates":[-70.91067093050006,41.10107039460189]},"properties":{"kind":"rail","rot":95.4}},{"type":"Feature","geometry":{"type":"Point","coordinates":[-70.91067205635797,41.10107936703716]},"properties":{"kind":"rail","rot":97.8}},{"type":"Feature","geometry":{"type":"Point","coordinates":[-70.91067712376126,41.10110735307616]},"properties":{"kind":"rail","rot":97.8}},{"type":"Feature","geometry":{"type":"Point","coordinates":[-70.91068219116455,41.10113533911517]},"properties":{"kind":"rail","rot":97.8}},{"type":"Feature","geometry":{"type":"Point","coordinates":[-70.91068725856785,41.10116332515417]},"properties":{"kind":"rail","rot":97.8}},{"type":"Feature","geometry":{"type":"Point","coordinates":[-70.91069232597116,41.10119131119317]},"properties":{"kind":"rail","rot":97.8}},{"type":"Feature","geometry":{"type":"Point","coordinates":[-70.91069739337445,41.10121929723217]},"properties":{"kind":"rail","rot":97.8}},{"type":"Feature","geometry":{"type":"Point","coordinates":[-70.91070246077774,41.10124728327118]},"properties":{"kind":"rail","rot":97.8}},{"type":"Feature","geometry":{"type":"Point","coordinates":[-70.91070752818104,41.10127526931018]},"properties":{"kind":"rail","rot":97.8}},{"type":"Feature","geometry":{"type":"Point","coordinates":[-70.91071259558433,41.10130325534918]},"properties":{"kind":"rail","rot":97.8}},{"type":"Feature","geometry":{"type":"Point","coordinates":[-70.91071766298762,41.10133124138818]},"properties":{"kind":"rail","rot":97.8}},{"type":"Feature","geometry":{"type":"Point","coordinates":[-70.91072273039092,41.10135922742719]},"properties":{"kind":"rail","rot":97.8}},{"type":"Feature","geometry":{"type":"Point","coordinates":[-70.91072583858163,41.101376393210415]},"properties":{"kind":"rail","rot":100.7}},{"type":"Feature","geometry":{"type":"Point","coordinates":[-70.91073316158663,41.101406493146335]},"properties":{"kind":"rail","rot":100.7}},{"type":"Feature","geometry":{"type":"Point","coordinates":[-70.91074048459163,41.10143659308225]},"properties":{"kind":"rail","rot":100.7}},{"type":"Feature","geometry":{"type":"Point","coordinates":[-70.91074780759664,41.10146669301817]},"properties":{"kind":"rail","rot":100.7}},{"type":"Feature","geometry":{"type":"Point","coordinates":[-70.91075513060163,41.10149679295409]},"properties":{"kind":"rail","rot":100.7}},{"type":"Feature","geometry":{"type":"Point","coordinates":[-70.91076245360664,41.10152689289]},"properties":{"kind":"rail","rot":100.7}},{"type":"Feature","geometry":{"type":"Point","coordinates":[-70.91076977661163,41.10155699282592]},"properties":{"kind":"rail","rot":100.7}},{"type":"Feature","geometry":{"type":"Point","coordinates":[-70.91077709961664,41.10158709276183]},"properties":{"kind":"rail","rot":100.7}},{"type":"Feature","geometry":{"type":"Point","coordinates":[-70.91078442262165,41.10161719269775]},"properties":{"kind":"rail","rot":100.7}},{"type":"Feature","geometry":{"type":"Point","coordinates":[-70.91079174562664,41.10164729263367]},"properties":{"kind":"rail","rot":100.7}},{"type":"Feature","geometry":{"type":"Point","coordinates":[-70.91079325004257,41.10165347627322]},"properties":{"kind":"rail","rot":81.9}},{"type":"Feature","geometry":{"type":"Point","coordinates":[-70.91078672578551,41.101687934024255]},"properties":{"kind":"rail","rot":81.9}},{"type":"Feature","geometry":{"type":"Point","coordinates":[-70.91078020152844,41.10172239177529]},"properties":{"kind":"rail","rot":81.9}},{"type":"Feature","geometry":{"type":"Point","coordinates":[-70.91077367727138,41.101756849526325]},"properties":{"kind":"rail","rot":81.9}},{"type":"Feature","geometry":{"type":"Point","coordinates":[-70.9107671530143,41.10179130727737]},"properties":{"kind":"rail","rot":81.9}},{"type":"Feature","geometry":{"type":"Point","coordinates":[-70.91076062875725,41.1018257650284]},"properties":{"kind":"rail","rot":81.9}},{"type":"Feature","geometry":{"type":"Point","coordinates":[-70.91075410450017,41.101860222779436]},"properties":{"kind":"rail","rot":81.9}},{"type":"Feature","geometry":{"type":"Point","coordinates":[-70.91074770719307,41.10189401004643]},"properties":{"kind":"rail","rot":62.6}},{"type":"Feature","geometry":{"type":"Point","coordinates":[-70.91072845132854,41.1019224264036]},"properties":{"kind":"rail","rot":62.6}},{"type":"Feature","geometry":{"type":"Point","coordinates":[-70.910709195464,41.10195084276077]},"properties":{"kind":"rail","rot":62.6}},{"type":"Feature","geometry":{"type":"Point","coordinates":[-70.91068993959945,41.10197925911795]},"properties":{"kind":"rail","rot":62.6}},{"type":"Feature","geometry":{"type":"Point","coordinates":[-70.91067068373492,41.102007675475114]},"properties":{"kind":"rail","rot":62.6}},{"type":"Feature","geometry":{"type":"Point","coordinates":[-70.91065142787038,41.10203609183229]},"properties":{"kind":"rail","rot":62.6}},{"type":"Feature","geometry":{"type":"Point","coordinates":[-70.91063217200585,41.102064508189464]},"properties":{"kind":"rail","rot":62.6}},{"type":"Feature","geometry":{"type":"Point","coordinates":[-70.9106129161413,41.10209292454663]},"properties":{"kind":"rail","rot":62.6}},{"type":"Feature","geometry":{"type":"Point","coordinates":[-70.91059366027676,41.10212134090381]},"properties":{"kind":"rail","rot":62.6}},{"type":"Feature","geometry":{"type":"Point","coordinates":[-70.9105860309351,41.10213259971264]},"properties":{"kind":"rail","rot":57.7}},{"type":"Feature","geometry":{"type":"Point","coordinates":[-70.91056469531213,41.102158028716374]},"properties":{"kind":"rail","rot":57.7}},{"type":"Feature","geometry":{"type":"Point","coordinates":[-70.91054335968916,41.102183457720116]},"properties":{"kind":"rail","rot":57.7}},{"type":"Feature","geometry":{"type":"Point","coordinates":[-70.9105220240662,41.10220888672385]},"properties":{"kind":"rail","rot":57.7}},{"type":"Feature","geometry":{"type":"Point","coordinates":[-70.91050068844322,41.102234315727586]},"properties":{"kind":"rail","rot":57.7}},{"type":"Feature","geometry":{"type":"Point","coordinates":[-70.91047935282026,41.10225974473133]},"properties":{"kind":"rail","rot":57.7}},{"type":"Feature","geometry":{"type":"Point","coordinates":[-70.91045801719729,41.10228517373506]},"properties":{"kind":"rail","rot":57.7}},{"type":"Feature","geometry":{"type":"Point","coordinates":[-70.91043668157431,41.102310602738804]},"properties":{"kind":"rail","rot":57.7}},{"type":"Feature","geometry":{"type":"Point","coordinates":[-70.91041534595135,41.10233603174254]},"properties":{"kind":"rail","rot":57.7}},{"type":"Feature","geometry":{"type":"Point","coordinates":[-70.91039401032837,41.10236146074627]},"properties":{"kind":"rail","rot":57.7}},{"type":"Feature","geometry":{"type":"Point","coordinates":[-70.91038877758994,41.10236769742028]},"properties":{"kind":"rail","rot":52.4}},{"type":"Feature","geometry":{"type":"Point","coordinates":[-70.91036611692176,41.10238979016072]},"properties":{"kind":"rail","rot":52.4}},{"type":"Feature","geometry":{"type":"Point","coordinates":[-70.91034345625359,41.10241188290117]},"properties":{"kind":"rail","rot":52.4}},{"type":"Feature","geometry":{"type":"Point","coordinates":[-70.9103207955854,41.10243397564162]},"properties":{"kind":"rail","rot":52.4}},{"type":"Feature","geometry":{"type":"Point","coordinates":[-70.91029813491723,41.10245606838206]},"properties":{"kind":"rail","rot":52.4}},{"type":"Feature","geometry":{"type":"Point","coordinates":[-70.91027547424903,41.10247816112251]},"properties":{"kind":"rail","rot":52.4}},{"type":"Feature","geometry":{"type":"Point","coordinates":[-70.91025281358085,41.10250025386296]},"properties":{"kind":"rail","rot":52.4}},{"type":"Feature","geometry":{"type":"Point","coordinates":[-70.91023015291267,41.1025223466034]},"properties":{"kind":"rail","rot":52.4}},{"type":"Feature","geometry":{"type":"Point","coordinates":[-70.9102074922445,41.10254443934385]},"properties":{"kind":"rail","rot":52.4}},{"type":"Feature","geometry":{"type":"Point","coordinates":[-70.9101848315763,41.102566532084296]},"properties":{"kind":"rail","rot":52.4}},{"type":"Feature","geometry":{"type":"Point","coordinates":[-70.91016217090812,41.10258862482474]},"properties":{"kind":"rail","rot":52.4}},{"type":"Feature","geometry":{"type":"Point","coordinates":[-70.91014793243475,41.102602506449685]},"properties":{"kind":"rail","rot":65.7}},{"type":"Feature","geometry":{"type":"Point","coordinates":[-70.910133645738,41.102626334660165]},"properties":{"kind":"rail","rot":65.7}},{"type":"Feature","geometry":{"type":"Point","coordinates":[-70.91011935904125,41.102650162870646]},"properties":{"kind":"rail","rot":65.7}},{"type":"Feature","geometry":{"type":"Point","coordinates":[-70.91010507234449,41.102673991081126]},"properties":{"kind":"rail","rot":65.7}},{"type":"Feature","geometry":{"type":"Point","coordinates":[-70.91009078564774,41.102697819291606]},"properties":{"kind":"rail","rot":65.7}},{"type":"Feature","geometry":{"type":"Point","coordinates":[-70.91007649895099,41.10272164750209]},"properties":{"kind":"rail","rot":65.7}},{"type":"Feature","geometry":{"type":"Point","coordinates":[-70.91006221225423,41.10274547571256]},"properties":{"kind":"rail","rot":65.7}},{"type":"Feature","geometry":{"type":"Point","coordinates":[-70.91004792555748,41.10276930392304]},"properties":{"kind":"rail","rot":65.7}},{"type":"Feature","geometry":{"type":"Point","coordinates":[-70.91003363886071,41.10279313213352]},"properties":{"kind":"rail","rot":65.7}},{"type":"Feature","geometry":{"type":"Point","coordinates":[-70.91001935216396,41.102816960344]},"properties":{"kind":"rail","rot":65.7}},{"type":"Feature","geometry":{"type":"Point","coordinates":[-70.9100050654672,41.10284078855448]},"properties":{"kind":"rail","rot":65.7}},{"type":"Feature","geometry":{"type":"Point","coordinates":[-70.90999077877045,41.10286461676496]},"properties":{"kind":"rail","rot":65.7}},{"type":"Feature","geometry":{"type":"Point","coordinates":[-70.90998000024832,41.102882593831204]},"properties":{"kind":"rail","rot":78.9}},{"type":"Feature","geometry":{"type":"Point","coordinates":[-70.90997288612205,41.10291025863179]},"properties":{"kind":"rail","rot":78.9}},{"type":"Feature","geometry":{"type":"Point","coordinates":[-70.90996577199576,41.10293792343238]},"properties":{"kind":"rail","rot":78.9}},{"type":"Feature","geometry":{"type":"Point","coordinates":[-70.90995865786947,41.10296558823297]},"properties":{"kind":"rail","rot":78.9}},{"type":"Feature","geometry":{"type":"Point","coordinates":[-70.90995154374319,41.10299325303356]},"properties":{"kind":"rail","rot":78.9}},{"type":"Feature","geometry":{"type":"Point","coordinates":[-70.9099444296169,41.10302091783415]},"properties":{"kind":"rail","rot":78.9}},{"type":"Feature","geometry":{"type":"Point","coordinates":[-70.90993731549062,41.103048582634734]},"properties":{"kind":"rail","rot":78.9}},{"type":"Feature","geometry":{"type":"Point","coordinates":[-70.90993020136433,41.103076247435325]},"properties":{"kind":"rail","rot":78.9}},{"type":"Feature","geometry":{"type":"Point","coordinates":[-70.90992308723806,41.103103912235916]},"properties":{"kind":"rail","rot":78.9}},{"type":"Feature","geometry":{"type":"Point","coordinates":[-70.90991597311177,41.10313157703651]},"properties":{"kind":"rail","rot":78.9}},{"type":"Feature","geometry":{"type":"Point","coordinates":[-70.90990885898549,41.10315924183709]},"properties":{"kind":"rail","rot":78.9}},{"type":"Feature","geometry":{"type":"Point","coordinates":[-70.90990528948737,41.10317312259345]},"properties":{"kind":"rail","rot":71.2}},{"type":"Feature","geometry":{"type":"Point","coordinates":[-70.90989212639938,41.103202232805735]},"properties":{"kind":"rail","rot":71.2}},{"type":"Feature","geometry":{"type":"Point","coordinates":[-70.9098789633114,41.10323134301802]},"properties":{"kind":"rail","rot":71.2}},{"type":"Feature","geometry":{"type":"Point","coordinates":[-70.90986580022341,41.103260453230305]},"properties":{"kind":"rail","rot":71.2}},{"type":"Feature","geometry":{"type":"Point","coordinates":[-70.90985263713543,41.10328956344259]},"properties":{"kind":"rail","rot":71.2}},{"type":"Feature","geometry":{"type":"Point","coordinates":[-70.90983947404746,41.103318673654876]},"properties":{"kind":"rail","rot":71.2}},{"type":"Feature","geometry":{"type":"Point","coordinates":[-70.90982631095947,41.10334778386716]},"properties":{"kind":"rail","rot":71.2}},{"type":"Feature","geometry":{"type":"Point","coordinates":[-70.90981314787149,41.103376894079446]},"properties":{"kind":"rail","rot":71.2}},{"type":"Feature","geometry":{"type":"Point","coordinates":[-70.9097999847835,41.10340600429173]},"properties":{"kind":"rail","rot":71.2}},{"type":"Feature","geometry":{"type":"Point","coordinates":[-70.90978815874276,41.10343215761965]},"properties":{"kind":"rail","rot":64.1}},{"type":"Feature","geometry":{"type":"Point","coordinates":[-70.90976877191503,41.10346159034078]},"properties":{"kind":"rail","rot":64.1}},{"type":"Feature","geometry":{"type":"Point","coordinates":[-70.9097493850873,41.1034910230619]},"properties":{"kind":"rail","rot":64.1}},{"type":"Feature","geometry":{"type":"Point","coordinates":[-70.90972999825955,41.10352045578303]},"properties":{"kind":"rail","rot":64.1}},{"type":"Feature","geometry":{"type":"Point","coordinates":[-70.90971061143182,41.103549888504155]},"properties":{"kind":"rail","rot":64.1}},{"type":"Feature","geometry":{"type":"Point","coordinates":[-70.90969122460407,41.10357932122528]},"properties":{"kind":"rail","rot":64.1}},{"type":"Feature","geometry":{"type":"Point","coordinates":[-70.90967183777634,41.10360875394641]},"properties":{"kind":"rail","rot":64.1}},{"type":"Feature","geometry":{"type":"Point","coordinates":[-70.9096524509486,41.10363818666754]},"properties":{"kind":"rail","rot":64.1}},{"type":"Feature","geometry":{"type":"Point","coordinates":[-70.90963306412087,41.10366761938866]},"properties":{"kind":"rail","rot":64.1}},{"type":"Feature","geometry":{"type":"Point","coordinates":[-70.90963239072906,41.10366864171957]},"properties":{"kind":"rail","rot":43.2}},{"type":"Feature","geometry":{"type":"Point","coordinates":[-70.90960119191469,41.10369084251981]},"properties":{"kind":"rail","rot":43.2}},{"type":"Feature","geometry":{"type":"Point","coordinates":[-70.90956999310032,41.10371304332005]},"properties":{"kind":"rail","rot":43.2}},{"type":"Feature","geometry":{"type":"Point","coordinates":[-70.90953879428595,41.10373524412029]},"properties":{"kind":"rail","rot":43.2}},{"type":"Feature","geometry":{"type":"Point","coordinates":[-70.9095075954716,41.103757444920525]},"properties":{"kind":"rail","rot":43.2}},{"type":"Feature","geometry":{"type":"Point","coordinates":[-70.90947639665723,41.10377964572077]},"properties":{"kind":"rail","rot":43.2}},{"type":"Feature","geometry":{"type":"Point","coordinates":[-70.90944519784286,41.10380184652101]},"properties":{"kind":"rail","rot":43.2}},{"type":"Feature","geometry":{"type":"Point","coordinates":[-70.90941399902849,41.10382404732125]},"properties":{"kind":"rail","rot":43.2}},{"type":"Feature","geometry":{"type":"Point","coordinates":[-70.90938280021412,41.103846248121485]},"properties":{"kind":"rail","rot":43.2}},{"type":"Feature","geometry":{"type":"Point","coordinates":[-70.90935160139975,41.10386844892172]},"properties":{"kind":"rail","rot":43.2}},{"type":"Feature","geometry":{"type":"Point","coordinates":[-70.90932040258538,41.10389064972196]},"properties":{"kind":"rail","rot":43.2}},{"type":"Feature","geometry":{"type":"Point","coordinates":[-70.90931993542205,41.103890982151256]},"properties":{"kind":"rail","rot":30.4}},{"type":"Feature","geometry":{"type":"Point","coordinates":[-70.90928622784756,41.10390596354436]},"properties":{"kind":"rail","rot":30.4}},{"type":"Feature","geometry":{"type":"Point","coordinates":[-70.90925252027307,41.10392094493747]},"properties":{"kind":"rail","rot":30.4}},{"type":"Feature","geometry":{"type":"Point","coordinates":[-70.90921881269858,41.10393592633058]},"properties":{"kind":"rail","rot":30.4}},{"type":"Feature","geometry":{"type":"Point","coordinates":[-70.9091851051241,41.10395090772368]},"properties":{"kind":"rail","rot":30.4}},{"type":"Feature","geometry":{"type":"Point","coordinates":[-70.9091513975496,41.103965889116786]},"properties":{"kind":"rail","rot":30.4}},{"type":"Feature","geometry":{"type":"Point","coordinates":[-70.90911768997512,41.10398087050989]},"properties":{"kind":"rail","rot":30.4}},{"type":"Feature","geometry":{"type":"Point","coordinates":[-70.90908398240063,41.103995851903]},"properties":{"kind":"rail","rot":30.4}},{"type":"Feature","geometry":{"type":"Point","coordinates":[-70.90905027482616,41.1040108332961]},"properties":{"kind":"rail","rot":30.4}},{"type":"Feature","geometry":{"type":"Point","coordinates":[-70.90901656725167,41.10402581468921]},"properties":{"kind":"rail","rot":30.4}},{"type":"Feature","geometry":{"type":"Point","coordinates":[-70.90898285967718,41.104040796082316]},"properties":{"kind":"rail","rot":30.4}},{"type":"Feature","geometry":{"type":"Point","coordinates":[-70.90894915210269,41.104055777475416]},"properties":{"kind":"rail","rot":30.4}},{"type":"Feature","geometry":{"type":"Point","coordinates":[-70.9089154445282,41.104070758868524]},"properties":{"kind":"rail","rot":30.4}},{"type":"Feature","geometry":{"type":"Point","coordinates":[-70.90888173695372,41.10408574026163]},"properties":{"kind":"rail","rot":30.4}},{"type":"Feature","geometry":{"type":"Point","coordinates":[-70.90884802937923,41.10410072165474]},"properties":{"kind":"rail","rot":30.4}},{"type":"Feature","geometry":{"type":"Point","coordinates":[-70.90882294728219,41.10411186943862]},"properties":{"kind":"rail","rot":32.2}},{"type":"Feature","geometry":{"type":"Point","coordinates":[-70.90879091293128,41.104127057121765]},"properties":{"kind":"rail","rot":32.2}},{"type":"Feature","geometry":{"type":"Point","coordinates":[-70.90875887858036,41.10414224480491]},"properties":{"kind":"rail","rot":32.2}},{"type":"Feature","geometry":{"type":"Point","coordinates":[-70.90872684422945,41.104157432488066]},"properties":{"kind":"rail","rot":32.2}},{"type":"Feature","geometry":{"type":"Point","coordinates":[-70.90869480987853,41.10417262017121]},"properties":{"kind":"rail","rot":32.2}},{"type":"Feature","geometry":{"type":"Point","coordinates":[-70.90866277552762,41.10418780785436]},"properties":{"kind":"rail","rot":32.2}},{"type":"Feature","geometry":{"type":"Point","coordinates":[-70.9086307411767,41.104202995537506]},"properties":{"kind":"rail","rot":32.2}},{"type":"Feature","geometry":{"type":"Point","coordinates":[-70.90859870682579,41.10421818322065]},"properties":{"kind":"rail","rot":32.2}},{"type":"Feature","geometry":{"type":"Point","coordinates":[-70.90856667247486,41.1042333709038]},"properties":{"kind":"rail","rot":32.2}},{"type":"Feature","geometry":{"type":"Point","coordinates":[-70.90853463812395,41.10424855858695]},"properties":{"kind":"rail","rot":32.2}},{"type":"Feature","geometry":{"type":"Point","coordinates":[-70.90850260377303,41.1042637462701]},"properties":{"kind":"rail","rot":32.2}},{"type":"Feature","geometry":{"type":"Point","coordinates":[-70.90847056942211,41.104278933953246]},"properties":{"kind":"rail","rot":32.2}},{"type":"Feature","geometry":{"type":"Point","coordinates":[-70.9084385350712,41.10429412163639]},"properties":{"kind":"rail","rot":32.2}},{"type":"Feature","geometry":{"type":"Point","coordinates":[-70.90840650072028,41.10430930931954]},"properties":{"kind":"rail","rot":32.2}},{"type":"Feature","geometry":{"type":"Point","coordinates":[-70.90837446636937,41.104324497002686]},"properties":{"kind":"rail","rot":32.2}},{"type":"Feature","geometry":{"type":"Point","coordinates":[-70.90834243201844,41.10433968468584]},"properties":{"kind":"rail","rot":32.2}},{"type":"Feature","geometry":{"type":"Point","coordinates":[-70.90832143559341,41.10434963922032]},"properties":{"kind":"rail","rot":33.8}},{"type":"Feature","geometry":{"type":"Point","coordinates":[-70.90828951860367,41.10436571636998]},"properties":{"kind":"rail","rot":33.8}},{"type":"Feature","geometry":{"type":"Point","coordinates":[-70.90825760161391,41.10438179351966]},"properties":{"kind":"rail","rot":33.8}},{"type":"Feature","geometry":{"type":"Point","coordinates":[-70.90822568462417,41.104397870669324]},"properties":{"kind":"rail","rot":33.8}},{"type":"Feature","geometry":{"type":"Point","coordinates":[-70.90819376763442,41.104413947819]},"properties":{"kind":"rail","rot":33.8}},{"type":"Feature","geometry":{"type":"Point","coordinates":[-70.90816185064467,41.104430024968664]},"properties":{"kind":"rail","rot":33.8}},{"type":"Feature","geometry":{"type":"Point","coordinates":[-70.90812993365492,41.10444610211834]},"properties":{"kind":"rail","rot":33.8}},{"type":"Feature","geometry":{"type":"Point","coordinates":[-70.90809801666518,41.10446217926801]},"properties":{"kind":"rail","rot":33.8}},{"type":"Feature","geometry":{"type":"Point","coordinates":[-70.90806609967542,41.10447825641768]},"properties":{"kind":"rail","rot":33.8}},{"type":"Feature","geometry":{"type":"Point","coordinates":[-70.90803418268568,41.10449433356735]},"properties":{"kind":"rail","rot":33.8}},{"type":"Feature","geometry":{"type":"Point","coordinates":[-70.90800226569593,41.10451041071702]},"properties":{"kind":"rail","rot":33.8}},{"type":"Feature","geometry":{"type":"Point","coordinates":[-70.90797034870619,41.10452648786669]},"properties":{"kind":"rail","rot":33.8}},{"type":"Feature","geometry":{"type":"Point","coordinates":[-70.90793843171643,41.10454256501636]},"properties":{"kind":"rail","rot":33.8}},{"type":"Feature","geometry":{"type":"Point","coordinates":[-70.90790651472669,41.10455864216603]},"properties":{"kind":"rail","rot":33.8}},{"type":"Feature","geometry":{"type":"Point","coordinates":[-70.90787459773695,41.1045747193157]},"properties":{"kind":"rail","rot":33.8}},{"type":"Feature","geometry":{"type":"Point","coordinates":[-70.9078426807472,41.104590796465374]},"properties":{"kind":"rail","rot":33.8}},{"type":"Feature","geometry":{"type":"Point","coordinates":[-70.90783438132755,41.104594977029166]},"properties":{"kind":"rail","rot":29.7}},{"type":"Feature","geometry":{"type":"Point","coordinates":[-70.90780052242516,41.10460951123242]},"properties":{"kind":"rail","rot":29.7}},{"type":"Feature","geometry":{"type":"Point","coordinates":[-70.90776666352276,41.10462404543567]},"properties":{"kind":"rail","rot":29.7}},{"type":"Feature","geometry":{"type":"Point","coordinates":[-70.90773280462038,41.104638579638916]},"properties":{"kind":"rail","rot":29.7}},{"type":"Feature","geometry":{"type":"Point","coordinates":[-70.90769894571798,41.10465311384217]},"properties":{"kind":"rail","rot":29.7}},{"type":"Feature","geometry":{"type":"Point","coordinates":[-70.9076650868156,41.10466764804542]},"properties":{"kind":"rail","rot":29.7}},{"type":"Feature","geometry":{"type":"Point","coordinates":[-70.9076312279132,41.104682182248666]},"properties":{"kind":"rail","rot":29.7}},{"type":"Feature","geometry":{"type":"Point","coordinates":[-70.90759736901082,41.10469671645192]},"properties":{"kind":"rail","rot":29.7}},{"type":"Feature","geometry":{"type":"Point","coordinates":[-70.90756351010842,41.10471125065517]},"properties":{"kind":"rail","rot":29.7}},{"type":"Feature","geometry":{"type":"Point","coordinates":[-70.90752965120603,41.10472578485842]},"properties":{"kind":"rail","rot":29.7}},{"type":"Feature","geometry":{"type":"Point","coordinates":[-70.90749579230365,41.10474031906167]},"properties":{"kind":"rail","rot":29.7}},{"type":"Feature","geometry":{"type":"Point","coordinates":[-70.90746193340125,41.10475485326492]},"properties":{"kind":"rail","rot":29.7}},{"type":"Feature","geometry":{"type":"Point","coordinates":[-70.90742807449887,41.10476938746817]},"properties":{"kind":"rail","rot":29.7}},{"type":"Feature","geometry":{"type":"Point","coordinates":[-70.90739421559647,41.10478392167142]},"properties":{"kind":"rail","rot":29.7}},{"type":"Feature","geometry":{"type":"Point","coordinates":[-70.90736035669408,41.10479845587467]},"properties":{"kind":"rail","rot":29.7}},{"type":"Feature","geometry":{"type":"Point","coordinates":[-70.90733229152734,41.104810503070794]},"properties":{"kind":"rail","rot":25.6}},{"type":"Feature","geometry":{"type":"Point","coordinates":[-70.90729721990357,41.104823156578405]},"properties":{"kind":"rail","rot":25.6}},{"type":"Feature","geometry":{"type":"Point","coordinates":[-70.90726214827981,41.104835810086016]},"properties":{"kind":"rail","rot":25.6}},{"type":"Feature","geometry":{"type":"Point","coordinates":[-70.90722707665604,41.104848463593626]},"properties":{"kind":"rail","rot":25.6}},{"type":"Feature","geometry":{"type":"Point","coordinates":[-70.90719200503229,41.10486111710124]},"properties":{"kind":"rail","rot":25.6}},{"type":"Feature","geometry":{"type":"Point","coordinates":[-70.90715693340852,41.10487377060885]},"properties":{"kind":"rail","rot":25.6}},{"type":"Feature","geometry":{"type":"Point","coordinates":[-70.90712186178476,41.10488642411646]},"properties":{"kind":"rail","rot":25.6}},{"type":"Feature","geometry":{"type":"Point","coordinates":[-70.90708679016099,41.10489907762407]},"properties":{"kind":"rail","rot":25.6}},{"type":"Feature","geometry":{"type":"Point","coordinates":[-70.90705171853722,41.10491173113168]},"properties":{"kind":"rail","rot":25.6}},{"type":"Feature","geometry":{"type":"Point","coordinates":[-70.90701664691346,41.10492438463929]},"properties":{"kind":"rail","rot":25.6}},{"type":"Feature","geometry":{"type":"Point","coordinates":[-70.90698157528969,41.1049370381469]},"properties":{"kind":"rail","rot":25.6}},{"type":"Feature","geometry":{"type":"Point","coordinates":[-70.90694650366594,41.10494969165451]},"properties":{"kind":"rail","rot":25.6}},{"type":"Feature","geometry":{"type":"Point","coordinates":[-70.90691143204216,41.10496234516212]},"properties":{"kind":"rail","rot":25.6}},{"type":"Feature","geometry":{"type":"Point","coordinates":[-70.9068763604184,41.10497499866974]},"properties":{"kind":"rail","rot":25.6}},{"type":"Feature","geometry":{"type":"Point","coordinates":[-70.90684128879464,41.10498765217735]},"properties":{"kind":"rail","rot":25.6}},{"type":"Feature","geometry":{"type":"Point","coordinates":[-70.9068085627011,41.10499945944]},"properties":{"kind":"rail","rot":22.3}},{"type":"Feature","geometry":{"type":"Point","coordinates":[-70.90677264417937,41.105010536145784]},"properties":{"kind":"rail","rot":22.3}},{"type":"Feature","geometry":{"type":"Point","coordinates":[-70.90673672565762,41.105021612851566]},"properties":{"kind":"rail","rot":22.3}},{"type":"Feature","geometry":{"type":"Point","coordinates":[-70.90670080713589,41.10503268955735]},"properties":{"kind":"rail","rot":22.3}},{"type":"Feature","geometry":{"type":"Point","coordinates":[-70.90666488861416,41.10504376626313]},"properties":{"kind":"rail","rot":22.3}},{"type":"Feature","geometry":{"type":"Point","coordinates":[-70.90662897009241,41.10505484296891]},"properties":{"kind":"rail","rot":22.3}},{"type":"Feature","geometry":{"type":"Point","coordinates":[-70.90659305157068,41.10506591967469]},"properties":{"kind":"rail","rot":22.3}},{"type":"Feature","geometry":{"type":"Point","coordinates":[-70.90655713304893,41.105076996380475]},"properties":{"kind":"rail","rot":22.3}},{"type":"Feature","geometry":{"type":"Point","coordinates":[-70.9065212145272,41.10508807308626]},"properties":{"kind":"rail","rot":22.3}},{"type":"Feature","geometry":{"type":"Point","coordinates":[-70.90648529600547,41.10509914979204]},"properties":{"kind":"rail","rot":22.3}},{"type":"Feature","geometry":{"type":"Point","coordinates":[-70.90644937748372,41.10511022649782]},"properties":{"kind":"rail","rot":22.3}},{"type":"Feature","geometry":{"type":"Point","coordinates":[-70.90641345896199,41.1051213032036]},"properties":{"kind":"rail","rot":22.3}},{"type":"Feature","geometry":{"type":"Point","coordinates":[-70.90637754044026,41.105132379909385]},"properties":{"kind":"rail","rot":22.3}},{"type":"Feature","geometry":{"type":"Point","coordinates":[-70.90634162191851,41.10514345661517]},"properties":{"kind":"rail","rot":22.3}},{"type":"Feature","geometry":{"type":"Point","coordinates":[-70.90630570339678,41.10515453332094]},"properties":{"kind":"rail","rot":22.3}},{"type":"Feature","geometry":{"type":"Point","coordinates":[-70.90627125535953,41.105165156552495]},"properties":{"kind":"rail","rot":19}},{"type":"Feature","geometry":{"type":"Point","coordinates":[-70.90623403224495,41.10517479204511]},"properties":{"kind":"rail","rot":19}},{"type":"Feature","geometry":{"type":"Point","coordinates":[-70.90619680913038,41.10518442753773]},"properties":{"kind":"rail","rot":19}},{"type":"Feature","geometry":{"type":"Point","coordinates":[-70.9061595860158,41.105194063030346]},"properties":{"kind":"rail","rot":19}},{"type":"Feature","geometry":{"type":"Point","coordinates":[-70.90612236290123,41.10520369852296]},"properties":{"kind":"rail","rot":19}},{"type":"Feature","geometry":{"type":"Point","coordinates":[-70.90608513978665,41.10521333401558]},"properties":{"kind":"rail","rot":19}},{"type":"Feature","geometry":{"type":"Point","coordinates":[-70.9060479166721,41.1052229695082]},"properties":{"kind":"rail","rot":19}},{"type":"Feature","geometry":{"type":"Point","coordinates":[-70.90601069355752,41.105232605000815]},"properties":{"kind":"rail","rot":19}},{"type":"Feature","geometry":{"type":"Point","coordinates":[-70.90597347044294,41.10524224049343]},"properties":{"kind":"rail","rot":19}},{"type":"Feature","geometry":{"type":"Point","coordinates":[-70.90593624732837,41.10525187598605]},"properties":{"kind":"rail","rot":19}},{"type":"Feature","geometry":{"type":"Point","coordinates":[-70.9058990242138,41.10526151147867]},"properties":{"kind":"rail","rot":19}},{"type":"Feature","geometry":{"type":"Point","coordinates":[-70.90586180109922,41.10527114697129]},"properties":{"kind":"rail","rot":19}},{"type":"Feature","geometry":{"type":"Point","coordinates":[-70.90582457798466,41.10528078246391]},"properties":{"kind":"rail","rot":19}},{"type":"Feature","geometry":{"type":"Point","coordinates":[-70.90578735487009,41.105290417956525]},"properties":{"kind":"rail","rot":19}},{"type":"Feature","geometry":{"type":"Point","coordinates":[-70.90575013175551,41.10530005344914]},"properties":{"kind":"rail","rot":19}},{"type":"Feature","geometry":{"type":"Point","coordinates":[-70.90572726910287,41.10530597162453]},"properties":{"kind":"rail","rot":10.8}},{"type":"Feature","geometry":{"type":"Point","coordinates":[-70.90568853337591,41.10531155801647]},"properties":{"kind":"rail","rot":10.8}},{"type":"Feature","geometry":{"type":"Point","coordinates":[-70.90564979764896,41.1053171444084]},"properties":{"kind":"rail","rot":10.8}},{"type":"Feature","geometry":{"type":"Point","coordinates":[-70.90561106192202,41.10532273080034]},"properties":{"kind":"rail","rot":10.8}},{"type":"Feature","geometry":{"type":"Point","coordinates":[-70.90557232619507,41.10532831719228]},"properties":{"kind":"rail","rot":10.8}},{"type":"Feature","geometry":{"type":"Point","coordinates":[-70.90553359046812,41.10533390358422]},"properties":{"kind":"rail","rot":10.8}},{"type":"Feature","geometry":{"type":"Point","coordinates":[-70.90549485474118,41.10533948997615]},"properties":{"kind":"rail","rot":10.8}},{"type":"Feature","geometry":{"type":"Point","coordinates":[-70.90545611901423,41.10534507636809]},"properties":{"kind":"rail","rot":10.8}},{"type":"Feature","geometry":{"type":"Point","coordinates":[-70.90541738328729,41.105350662760024]},"properties":{"kind":"rail","rot":10.8}},{"type":"Feature","geometry":{"type":"Point","coordinates":[-70.90537864756034,41.10535624915196]},"properties":{"kind":"rail","rot":10.8}},{"type":"Feature","geometry":{"type":"Point","coordinates":[-70.9053399118334,41.105361835543896]},"properties":{"kind":"rail","rot":10.8}},{"type":"Feature","geometry":{"type":"Point","coordinates":[-70.90530117610645,41.10536742193583]},"properties":{"kind":"rail","rot":10.8}},{"type":"Feature","geometry":{"type":"Point","coordinates":[-70.9052624403795,41.10537300832777]},"properties":{"kind":"rail","rot":10.8}},{"type":"Feature","geometry":{"type":"Point","coordinates":[-70.90522370465254,41.1053785947197]},"properties":{"kind":"rail","rot":10.8}},{"type":"Feature","geometry":{"type":"Point","coordinates":[-70.9051849689256,41.10538418111164]},"properties":{"kind":"rail","rot":10.8}},{"type":"Feature","geometry":{"type":"Point","coordinates":[-70.90514623319865,41.105389767503574]},"properties":{"kind":"rail","rot":10.8}},{"type":"Feature","geometry":{"type":"Point","coordinates":[-70.9051074974717,41.10539535389552]},"properties":{"kind":"rail","rot":10.8}},{"type":"Feature","geometry":{"type":"Point","coordinates":[-70.90508990539993,41.105397890990226]},"properties":{"kind":"rail","rot":4.5}},{"type":"Feature","geometry":{"type":"Point","coordinates":[-70.9050514518681,41.105400174819025]},"properties":{"kind":"rail","rot":4.5}},{"type":"Feature","geometry":{"type":"Point","coordinates":[-70.90501299833626,41.10540245864783]},"properties":{"kind":"rail","rot":4.5}},{"type":"Feature","geometry":{"type":"Point","coordinates":[-70.90497454480443,41.10540474247664]},"properties":{"kind":"rail","rot":4.5}},{"type":"Feature","geometry":{"type":"Point","coordinates":[-70.90493609127259,41.10540702630544]},"properties":{"kind":"rail","rot":4.5}},{"type":"Feature","geometry":{"type":"Point","coordinates":[-70.90489763774076,41.10540931013425]},"properties":{"kind":"rail","rot":4.5}},{"type":"Feature","geometry":{"type":"Point","coordinates":[-70.90485918420892,41.10541159396305]},"properties":{"kind":"rail","rot":4.5}},{"type":"Feature","geometry":{"type":"Point","coordinates":[-70.90482073067709,41.105413877791854]},"properties":{"kind":"rail","rot":4.5}},{"type":"Feature","geometry":{"type":"Point","coordinates":[-70.90478227714524,41.10541616162066]},"properties":{"kind":"rail","rot":4.5}},{"type":"Feature","geometry":{"type":"Point","coordinates":[-70.90474382361342,41.105418445449466]},"properties":{"kind":"rail","rot":4.5}},{"type":"Feature","geometry":{"type":"Point","coordinates":[-70.90470537008157,41.10542072927827]},"properties":{"kind":"rail","rot":4.5}},{"type":"Feature","geometry":{"type":"Point","coordinates":[-70.90466691654974,41.10542301310707]},"properties":{"kind":"rail","rot":4.5}},{"type":"Feature","geometry":{"type":"Point","coordinates":[-70.9046284630179,41.10542529693588]},"properties":{"kind":"rail","rot":4.5}},{"type":"Feature","geometry":{"type":"Point","coordinates":[-70.90459000948607,41.10542758076468]},"properties":{"kind":"rail","rot":4.5}},{"type":"Feature","geometry":{"type":"Point","coordinates":[-70.90455155595423,41.10542986459349]},"properties":{"kind":"rail","rot":4.5}},{"type":"Feature","geometry":{"type":"Point","coordinates":[-70.9045131024224,41.105432148422295]},"properties":{"kind":"rail","rot":4.5}},{"type":"Feature","geometry":{"type":"Point","coordinates":[-70.90447464889056,41.105434432251094]},"properties":{"kind":"rail","rot":4.5}},{"type":"Feature","geometry":{"type":"Point","coordinates":[-70.90443619535873,41.1054367160799]},"properties":{"kind":"rail","rot":4.5}},{"type":"Feature","geometry":{"type":"Point","coordinates":[-70.90439774182688,41.105438999908706]},"properties":{"kind":"rail","rot":4.5}},{"type":"Feature","geometry":{"type":"Point","coordinates":[-70.90435928829505,41.10544128373751]},"properties":{"kind":"rail","rot":4.5}},{"type":"Feature","geometry":{"type":"Point","coordinates":[-70.9043455440387,41.105442100035184]},"properties":{"kind":"rail","rot":4.9}},{"type":"Feature","geometry":{"type":"Point","coordinates":[-70.90430759489934,41.10544455544006]},"properties":{"kind":"rail","rot":4.9}},{"type":"Feature","geometry":{"type":"Point","coordinates":[-70.90426964575997,41.105447010844934]},"properties":{"kind":"rail","rot":4.9}},{"type":"Feature","geometry":{"type":"Point","coordinates":[-70.9042316966206,41.10544946624981]},"properties":{"kind":"rail","rot":4.9}},{"type":"Feature","geometry":{"type":"Point","coordinates":[-70.90419374748123,41.105451921654684]},"properties":{"kind":"rail","rot":4.9}},{"type":"Feature","geometry":{"type":"Point","coordinates":[-70.90415579834186,41.10545437705956]},"properties":{"kind":"rail","rot":4.9}},{"type":"Feature","geometry":{"type":"Point","coordinates":[-70.90411784920249,41.10545683246444]},"properties":{"kind":"rail","rot":4.9}},{"type":"Feature","geometry":{"type":"Point","coordinates":[-70.90407990006314,41.105459287869316]},"properties":{"kind":"rail","rot":4.9}},{"type":"Feature","geometry":{"type":"Point","coordinates":[-70.90404195092377,41.10546174327419]},"properties":{"kind":"rail","rot":4.9}},{"type":"Feature","geometry":{"type":"Point","coordinates":[-70.9040040017844,41.105464198679066]},"properties":{"kind":"rail","rot":4.9}},{"type":"Feature","geometry":{"type":"Point","coordinates":[-70.90396605264503,41.10546665408394]},"properties":{"kind":"rail","rot":4.9}},{"type":"Feature","geometry":{"type":"Point","coordinates":[-70.90392810350566,41.105469109488816]},"properties":{"kind":"rail","rot":4.9}},{"type":"Feature","geometry":{"type":"Point","coordinates":[-70.9038901543663,41.10547156489369]},"properties":{"kind":"rail","rot":4.9}},{"type":"Feature","geometry":{"type":"Point","coordinates":[-70.90385220522693,41.105474020298566]},"properties":{"kind":"rail","rot":4.9}},{"type":"Feature","geometry":{"type":"Point","coordinates":[-70.90381425608756,41.10547647570344]},"properties":{"kind":"rail","rot":4.9}},{"type":"Feature","geometry":{"type":"Point","coordinates":[-70.90377630694819,41.105478931108316]},"properties":{"kind":"rail","rot":4.9}},{"type":"Feature","geometry":{"type":"Point","coordinates":[-70.90373835780882,41.10548138651319]},"properties":{"kind":"rail","rot":4.9}},{"type":"Feature","geometry":{"type":"Point","coordinates":[-70.90370040866945,41.105483841918065]},"properties":{"kind":"rail","rot":4.9}},{"type":"Feature","geometry":{"type":"Point","coordinates":[-70.90366245953008,41.10548629732295]},"properties":{"kind":"rail","rot":4.9}},{"type":"Feature","geometry":{"type":"Point","coordinates":[-70.90362451039071,41.10548875272782]},"properties":{"kind":"rail","rot":4.9}},{"type":"Feature","geometry":{"type":"Point","coordinates":[-70.90359396982498,41.10549072877932]},"properties":{"kind":"rail","rot":5.3}},{"type":"Feature","geometry":{"type":"Point","coordinates":[-70.90355626386955,41.10549336404139]},"properties":{"kind":"rail","rot":5.3}},{"type":"Feature","geometry":{"type":"Point","coordinates":[-70.90351855791411,41.105495999303464]},"properties":{"kind":"rail","rot":5.3}},{"type":"Feature","geometry":{"type":"Point","coordinates":[-70.90348085195868,41.105498634565535]},"properties":{"kind":"rail","rot":5.3}},{"type":"Feature","geometry":{"type":"Point","coordinates":[-70.90344314600324,41.105501269827606]},"properties":{"kind":"rail","rot":5.3}},{"type":"Feature","geometry":{"type":"Point","coordinates":[-70.9034054400478,41.10550390508967]},"properties":{"kind":"rail","rot":5.3}},{"type":"Feature","geometry":{"type":"Point","coordinates":[-70.90336773409237,41.10550654035174]},"properties":{"kind":"rail","rot":5.3}},{"type":"Feature","geometry":{"type":"Point","coordinates":[-70.90333002813693,41.10550917561381]},"properties":{"kind":"rail","rot":5.3}},{"type":"Feature","geometry":{"type":"Point","coordinates":[-70.9032923221815,41.10551181087588]},"properties":{"kind":"rail","rot":5.3}},{"type":"Feature","geometry":{"type":"Point","coordinates":[-70.90325461622606,41.105514446137946]},"properties":{"kind":"rail","rot":5.3}},{"type":"Feature","geometry":{"type":"Point","coordinates":[-70.90321691027061,41.105517081400016]},"properties":{"kind":"rail","rot":5.3}},{"type":"Feature","geometry":{"type":"Point","coordinates":[-70.90317920431518,41.10551971666209]},"properties":{"kind":"rail","rot":5.3}},{"type":"Feature","geometry":{"type":"Point","coordinates":[-70.90314149835974,41.10552235192416]},"properties":{"kind":"rail","rot":5.3}},{"type":"Feature","geometry":{"type":"Point","coordinates":[-70.90310379240431,41.10552498718623]},"properties":{"kind":"rail","rot":5.3}},{"type":"Feature","geometry":{"type":"Point","coordinates":[-70.90306608644887,41.10552762244829]},"properties":{"kind":"rail","rot":5.3}},{"type":"Feature","geometry":{"type":"Point","coordinates":[-70.90302838049344,41.10553025771036]},"properties":{"kind":"rail","rot":5.3}},{"type":"Feature","geometry":{"type":"Point","coordinates":[-70.902990674538,41.105532892972434]},"properties":{"kind":"rail","rot":5.3}},{"type":"Feature","geometry":{"type":"Point","coordinates":[-70.90295296858257,41.105535528234505]},"properties":{"kind":"rail","rot":5.3}},{"type":"Feature","geometry":{"type":"Point","coordinates":[-70.90291526262713,41.105538163496576]},"properties":{"kind":"rail","rot":5.3}},{"type":"Feature","geometry":{"type":"Point","coordinates":[-70.9028775566717,41.10554079875864]},"properties":{"kind":"rail","rot":5.3}},{"type":"Feature","geometry":{"type":"Point","coordinates":[-70.90283985071625,41.10554343402071]},"properties":{"kind":"rail","rot":5.3}},{"type":"Feature","geometry":{"type":"Point","coordinates":[-70.9028392229483,41.105543477895296]},"properties":{"kind":"rail","rot":8.7}},{"type":"Feature","geometry":{"type":"Point","coordinates":[-70.90280200299307,41.10554775284623]},"properties":{"kind":"rail","rot":8.7}},{"type":"Feature","geometry":{"type":"Point","coordinates":[-70.90276478303785,41.10555202779716]},"properties":{"kind":"rail","rot":8.7}},{"type":"Feature","geometry":{"type":"Point","coordinates":[-70.90272756308264,41.10555630274809]},"properties":{"kind":"rail","rot":8.7}},{"type":"Feature","geometry":{"type":"Point","coordinates":[-70.90269034312742,41.10556057769902]},"properties":{"kind":"rail","rot":8.7}},{"type":"Feature","geometry":{"type":"Point","coordinates":[-70.9026531231722,41.105564852649955]},"properties":{"kind":"rail","rot":8.7}},{"type":"Feature","geometry":{"type":"Point","coordinates":[-70.90261590321697,41.10556912760089]},"properties":{"kind":"rail","rot":8.7}},{"type":"Feature","geometry":{"type":"Point","coordinates":[-70.90257868326175,41.10557340255182]},"properties":{"kind":"rail","rot":8.7}},{"type":"Feature","geometry":{"type":"Point","coordinates":[-70.90254146330653,41.10557767750275]},"properties":{"kind":"rail","rot":8.7}},{"type":"Feature","geometry":{"type":"Point","coordinates":[-70.90250424335132,41.10558195245368]},"properties":{"kind":"rail","rot":8.7}},{"type":"Feature","geometry":{"type":"Point","coordinates":[-70.9024670233961,41.105586227404615]},"properties":{"kind":"rail","rot":8.7}},{"type":"Feature","geometry":{"type":"Point","coordinates":[-70.90242980344087,41.10559050235554]},"properties":{"kind":"rail","rot":8.7}},{"type":"Feature","geometry":{"type":"Point","coordinates":[-70.90239258348565,41.10559477730647]},"properties":{"kind":"rail","rot":8.7}},{"type":"Feature","geometry":{"type":"Point","coordinates":[-70.90235536353043,41.1055990522574]},"properties":{"kind":"rail","rot":8.7}},{"type":"Feature","geometry":{"type":"Point","coordinates":[-70.90231814357522,41.105603327208335]},"properties":{"kind":"rail","rot":8.7}},{"type":"Feature","geometry":{"type":"Point","coordinates":[-70.90228092361998,41.10560760215927]},"properties":{"kind":"rail","rot":8.7}},{"type":"Feature","geometry":{"type":"Point","coordinates":[-70.90224370366477,41.1056118771102]},"properties":{"kind":"rail","rot":8.7}},{"type":"Feature","geometry":{"type":"Point","coordinates":[-70.90220648370955,41.10561615206113]},"properties":{"kind":"rail","rot":8.7}},{"type":"Feature","geometry":{"type":"Point","coordinates":[-70.90216926375433,41.10562042701206]},"properties":{"kind":"rail","rot":8.7}},{"type":"Feature","geometry":{"type":"Point","coordinates":[-70.90213204379911,41.105624701962995]},"properties":{"kind":"rail","rot":8.7}},{"type":"Feature","geometry":{"type":"Point","coordinates":[-70.90209482384388,41.10562897691393]},"properties":{"kind":"rail","rot":8.7}},{"type":"Feature","geometry":{"type":"Point","coordinates":[-70.90208753019068,41.10562981463685]},"properties":{"kind":"rail","rot":12}},{"type":"Feature","geometry":{"type":"Point","coordinates":[-70.90205039408127,41.10563578001308]},"properties":{"kind":"rail","rot":12}},{"type":"Feature","geometry":{"type":"Point","coordinates":[-70.90201325797186,41.10564174538932]},"properties":{"kind":"rail","rot":12}},{"type":"Feature","geometry":{"type":"Point","coordinates":[-70.90197612186245,41.10564771076555]},"properties":{"kind":"rail","rot":12}},{"type":"Feature","geometry":{"type":"Point","coordinates":[-70.90193898575302,41.10565367614179]},"properties":{"kind":"rail","rot":12}},{"type":"Feature","geometry":{"type":"Point","coordinates":[-70.90190184964361,41.105659641518024]},"properties":{"kind":"rail","rot":12}},{"type":"Feature","geometry":{"type":"Point","coordinates":[-70.9018647135342,41.10566560689426]},"properties":{"kind":"rail","rot":12}},{"type":"Feature","geometry":{"type":"Point","coordinates":[-70.90182757742478,41.105671572270495]},"properties":{"kind":"rail","rot":12}},{"type":"Feature","geometry":{"type":"Point","coordinates":[-70.90179044131537,41.105677537646734]},"properties":{"kind":"rail","rot":12}},{"type":"Feature","geometry":{"type":"Point","coordinates":[-70.90175330520594,41.105683503022966]},"properties":{"kind":"rail","rot":12}},{"type":"Feature","geometry":{"type":"Point","coordinates":[-70.90171616909653,41.105689468399206]},"properties":{"kind":"rail","rot":12}},{"type":"Feature","geometry":{"type":"Point","coordinates":[-70.90167903298712,41.105695433775445]},"properties":{"kind":"rail","rot":12}},{"type":"Feature","geometry":{"type":"Point","coordinates":[-70.9016418968777,41.10570139915168]},"properties":{"kind":"rail","rot":12}},{"type":"Feature","geometry":{"type":"Point","coordinates":[-70.9016047607683,41.105707364527916]},"properties":{"kind":"rail","rot":12}},{"type":"Feature","geometry":{"type":"Point","coordinates":[-70.90156762465887,41.10571332990415]},"properties":{"kind":"rail","rot":12}},{"type":"Feature","geometry":{"type":"Point","coordinates":[-70.90153048854945,41.10571929528039]},"properties":{"kind":"rail","rot":12}},{"type":"Feature","geometry":{"type":"Point","coordinates":[-70.90149335244004,41.10572526065662]},"properties":{"kind":"rail","rot":12}},{"type":"Feature","geometry":{"type":"Point","coordinates":[-70.90145621633063,41.10573122603286]},"properties":{"kind":"rail","rot":12}},{"type":"Feature","geometry":{"type":"Point","coordinates":[-70.90141908022122,41.10573719140909]},"properties":{"kind":"rail","rot":12}},{"type":"Feature","geometry":{"type":"Point","coordinates":[-70.90138194411179,41.10574315678533]},"properties":{"kind":"rail","rot":12}},{"type":"Feature","geometry":{"type":"Point","coordinates":[-70.90134776206651,41.105748647634094]},"properties":{"kind":"rail","rot":11}},{"type":"Feature","geometry":{"type":"Point","coordinates":[-70.90131017025995,41.10575417028075]},"properties":{"kind":"rail","rot":11}},{"type":"Feature","geometry":{"type":"Point","coordinates":[-70.9012725784534,41.10575969292739]},"properties":{"kind":"rail","rot":11}},{"type":"Feature","geometry":{"type":"Point","coordinates":[-70.90123498664686,41.105765215574046]},"properties":{"kind":"rail","rot":11}},{"type":"Feature","geometry":{"type":"Point","coordinates":[-70.9011973948403,41.10577073822069]},"properties":{"kind":"rail","rot":11}},{"type":"Feature","geometry":{"type":"Point","coordinates":[-70.90115980303375,41.10577626086734]},"properties":{"kind":"rail","rot":11}},{"type":"Feature","geometry":{"type":"Point","coordinates":[-70.90112221122719,41.10578178351399]},"properties":{"kind":"rail","rot":11}},{"type":"Feature","geometry":{"type":"Point","coordinates":[-70.90108461942064,41.105787306160636]},"properties":{"kind":"rail","rot":11}},{"type":"Feature","geometry":{"type":"Point","coordinates":[-70.9010470276141,41.10579282880728]},"properties":{"kind":"rail","rot":11}},{"type":"Feature","geometry":{"type":"Point","coordinates":[-70.90100943580754,41.105798351453934]},"properties":{"kind":"rail","rot":11}},{"type":"Feature","geometry":{"type":"Point","coordinates":[-70.90097184400099,41.10580387410058]},"properties":{"kind":"rail","rot":11}},{"type":"Feature","geometry":{"type":"Point","coordinates":[-70.90093425219443,41.105809396747226]},"properties":{"kind":"rail","rot":11}},{"type":"Feature","geometry":{"type":"Point","coordinates":[-70.90089666038789,41.10581491939388]},"properties":{"kind":"rail","rot":11}},{"type":"Feature","geometry":{"type":"Point","coordinates":[-70.90085906858134,41.105820442040525]},"properties":{"kind":"rail","rot":11}},{"type":"Feature","geometry":{"type":"Point","coordinates":[-70.90082147677478,41.10582596468718]},"properties":{"kind":"rail","rot":11}},{"type":"Feature","geometry":{"type":"Point","coordinates":[-70.90078388496823,41.10583148733382]},"properties":{"kind":"rail","rot":11}},{"type":"Feature","geometry":{"type":"Point","coordinates":[-70.90074629316167,41.10583700998047]},"properties":{"kind":"rail","rot":11}},{"type":"Feature","geometry":{"type":"Point","coordinates":[-70.90070870135513,41.10584253262712]},"properties":{"kind":"rail","rot":11}},{"type":"Feature","geometry":{"type":"Point","coordinates":[-70.90067110954858,41.10584805527377]},"properties":{"kind":"rail","rot":11}},{"type":"Feature","geometry":{"type":"Point","coordinates":[-70.90063351774202,41.10585357792041]},"properties":{"kind":"rail","rot":11}},{"type":"Feature","geometry":{"type":"Point","coordinates":[-70.90061068948819,41.10585693164005]},"properties":{"kind":"rail","rot":10.1}},{"type":"Feature","geometry":{"type":"Point","coordinates":[-70.9005723915553,41.105862049349454]},"properties":{"kind":"rail","rot":10.1}},{"type":"Feature","geometry":{"type":"Point","coordinates":[-70.90053409362243,41.10586716705887]},"properties":{"kind":"rail","rot":10.1}},{"type":"Feature","geometry":{"type":"Point","coordinates":[-70.90049579568954,41.10587228476828]},"properties":{"kind":"rail","rot":10.1}},{"type":"Feature","geometry":{"type":"Point","coordinates":[-70.90045749775666,41.105877402477695]},"properties":{"kind":"rail","rot":10.1}},{"type":"Feature","geometry":{"type":"Point","coordinates":[-70.90041919982377,41.10588252018711]},"properties":{"kind":"rail","rot":10.1}},{"type":"Feature","geometry":{"type":"Point","coordinates":[-70.9003809018909,41.10588763789652]},"properties":{"kind":"rail","rot":10.1}},{"type":"Feature","geometry":{"type":"Point","coordinates":[-70.90034260395801,41.105892755605936]},"properties":{"kind":"rail","rot":10.1}},{"type":"Feature","geometry":{"type":"Point","coordinates":[-70.90030430602513,41.10589787331534]},"properties":{"kind":"rail","rot":10.1}},{"type":"Feature","geometry":{"type":"Point","coordinates":[-70.90026600809225,41.105902991024756]},"properties":{"kind":"rail","rot":10.1}},{"type":"Feature","geometry":{"type":"Point","coordinates":[-70.90022771015937,41.10590810873417]},"properties":{"kind":"rail","rot":10.1}},{"type":"Feature","geometry":{"type":"Point","coordinates":[-70.90018941222648,41.10591322644358]},"properties":{"kind":"rail","rot":10.1}},{"type":"Feature","geometry":{"type":"Point","coordinates":[-70.9001511142936,41.105918344153]},"properties":{"kind":"rail","rot":10.1}},{"type":"Feature","geometry":{"type":"Point","coordinates":[-70.90011281636072,41.10592346186241]},"properties":{"kind":"rail","rot":10.1}},{"type":"Feature","geometry":{"type":"Point","coordinates":[-70.90007451842784,41.105928579571824]},"properties":{"kind":"rail","rot":10.1}},{"type":"Feature","geometry":{"type":"Point","coordinates":[-70.90003622049495,41.10593369728123]},"properties":{"kind":"rail","rot":10.1}},{"type":"Feature","geometry":{"type":"Point","coordinates":[-70.89999792256208,41.105938814990644]},"properties":{"kind":"rail","rot":10.1}},{"type":"Feature","geometry":{"type":"Point","coordinates":[-70.89995962462919,41.10594393270006]},"properties":{"kind":"rail","rot":10.1}},{"type":"Feature","geometry":{"type":"Point","coordinates":[-70.89992132669632,41.10594905040947]},"properties":{"kind":"rail","rot":10.1}},{"type":"Feature","geometry":{"type":"Point","coordinates":[-70.89988302876343,41.105954168118885]},"properties":{"kind":"rail","rot":10.1}},{"type":"Feature","geometry":{"type":"Point","coordinates":[-70.89988025219837,41.10595453914813]},"properties":{"kind":"rail","rot":1.1}},{"type":"Feature","geometry":{"type":"Point","coordinates":[-70.899840391883,41.10595509206794]},"properties":{"kind":"rail","rot":1.1}},{"type":"Feature","geometry":{"type":"Point","coordinates":[-70.89980053156762,41.105955644987745]},"properties":{"kind":"rail","rot":1.1}},{"type":"Feature","geometry":{"type":"Point","coordinates":[-70.89976067125225,41.10595619790756]},"properties":{"kind":"rail","rot":1.1}},{"type":"Feature","geometry":{"type":"Point","coordinates":[-70.89972081093688,41.10595675082737]},"properties":{"kind":"rail","rot":1.1}},{"type":"Feature","geometry":{"type":"Point","coordinates":[-70.89968095062152,41.105957303747175]},"properties":{"kind":"rail","rot":1.1}},{"type":"Feature","geometry":{"type":"Point","coordinates":[-70.89964109030613,41.10595785666698]},"properties":{"kind":"rail","rot":1.1}},{"type":"Feature","geometry":{"type":"Point","coordinates":[-70.89960122999076,41.1059584095868]},"properties":{"kind":"rail","rot":1.1}},{"type":"Feature","geometry":{"type":"Point","coordinates":[-70.8995613696754,41.105958962506605]},"properties":{"kind":"rail","rot":1.1}},{"type":"Feature","geometry":{"type":"Point","coordinates":[-70.89952150936001,41.10595951542641]},"properties":{"kind":"rail","rot":1.1}},{"type":"Feature","geometry":{"type":"Point","coordinates":[-70.89948164904465,41.10596006834622]},"properties":{"kind":"rail","rot":1.1}},{"type":"Feature","geometry":{"type":"Point","coordinates":[-70.89944178872928,41.10596062126603]},"properties":{"kind":"rail","rot":1.1}},{"type":"Feature","geometry":{"type":"Point","coordinates":[-70.8994019284139,41.10596117418584]},"properties":{"kind":"rail","rot":1.1}},{"type":"Feature","geometry":{"type":"Point","coordinates":[-70.89936206809853,41.10596172710565]},"properties":{"kind":"rail","rot":1.1}},{"type":"Feature","geometry":{"type":"Point","coordinates":[-70.89932220778316,41.10596228002546]},"properties":{"kind":"rail","rot":1.1}},{"type":"Feature","geometry":{"type":"Point","coordinates":[-70.89928234746777,41.105962832945266]},"properties":{"kind":"rail","rot":1.1}},{"type":"Feature","geometry":{"type":"Point","coordinates":[-70.8992424871524,41.10596338586508]},"properties":{"kind":"rail","rot":1.1}},{"type":"Feature","geometry":{"type":"Point","coordinates":[-70.89921125496733,41.10596381910033]},"properties":{"kind":"rail","rot":-9.5}},{"type":"Feature","geometry":{"type":"Point","coordinates":[-70.8991725508445,41.10595899191761]},"properties":{"kind":"rail","rot":-9.5}},{"type":"Feature","geometry":{"type":"Point","coordinates":[-70.89913384672165,41.10595416473488]},"properties":{"kind":"rail","rot":-9.5}},{"type":"Feature","geometry":{"type":"Point","coordinates":[-70.89909514259882,41.10594933755216]},"properties":{"kind":"rail","rot":-9.5}},{"type":"Feature","geometry":{"type":"Point","coordinates":[-70.89905643847598,41.10594451036944]},"properties":{"kind":"rail","rot":-9.5}},{"type":"Feature","geometry":{"type":"Point","coordinates":[-70.89901773435315,41.10593968318672]},"properties":{"kind":"rail","rot":-9.5}},{"type":"Feature","geometry":{"type":"Point","coordinates":[-70.89897903023031,41.10593485600399]},"properties":{"kind":"rail","rot":-9.5}},{"type":"Feature","geometry":{"type":"Point","coordinates":[-70.89894032610748,41.10593002882127]},"properties":{"kind":"rail","rot":-9.5}},{"type":"Feature","geometry":{"type":"Point","coordinates":[-70.89890162198465,41.10592520163855]},"properties":{"kind":"rail","rot":-9.5}},{"type":"Feature","geometry":{"type":"Point","coordinates":[-70.8988629178618,41.10592037445583]},"properties":{"kind":"rail","rot":-9.5}},{"type":"Feature","geometry":{"type":"Point","coordinates":[-70.89882421373898,41.1059155472731]},"properties":{"kind":"rail","rot":-9.5}},{"type":"Feature","geometry":{"type":"Point","coordinates":[-70.89878550961613,41.10591072009038]},"properties":{"kind":"rail","rot":-9.5}},{"type":"Feature","geometry":{"type":"Point","coordinates":[-70.8987468054933,41.10590589290766]},"properties":{"kind":"rail","rot":-9.5}},{"type":"Feature","geometry":{"type":"Point","coordinates":[-70.89870810137046,41.10590106572493]},"properties":{"kind":"rail","rot":-9.5}},{"type":"Feature","geometry":{"type":"Point","coordinates":[-70.89866939724763,41.10589623854221]},"properties":{"kind":"rail","rot":-9.5}},{"type":"Feature","geometry":{"type":"Point","coordinates":[-70.89863069312479,41.10589141135949]},"properties":{"kind":"rail","rot":-9.5}},{"type":"Feature","geometry":{"type":"Point","coordinates":[-70.89859198900196,41.105886584176766]},"properties":{"kind":"rail","rot":-9.5}},{"type":"Feature","geometry":{"type":"Point","coordinates":[-70.8985823458212,41.10588538147813]},"properties":{"kind":"rail","rot":-10.5}},{"type":"Feature","geometry":{"type":"Point","coordinates":[-70.8985446383269,41.105880120436794]},"properties":{"kind":"rail","rot":-10.5}},{"type":"Feature","geometry":{"type":"Point","coordinates":[-70.89850693083261,41.10587485939545]},"properties":{"kind":"rail","rot":-10.5}},{"type":"Feature","geometry":{"type":"Point","coordinates":[-70.89846922333831,41.10586959835411]},"properties":{"kind":"rail","rot":-10.5}},{"type":"Feature","geometry":{"type":"Point","coordinates":[-70.89843151584401,41.105864337312774]},"properties":{"kind":"rail","rot":-10.5}},{"type":"Feature","geometry":{"type":"Point","coordinates":[-70.89839380834972,41.10585907627143]},"properties":{"kind":"rail","rot":-10.5}},{"type":"Feature","geometry":{"type":"Point","coordinates":[-70.89835610085542,41.10585381523009]},"properties":{"kind":"rail","rot":-10.5}},{"type":"Feature","geometry":{"type":"Point","coordinates":[-70.89831839336112,41.105848554188746]},"properties":{"kind":"rail","rot":-10.5}},{"type":"Feature","geometry":{"type":"Point","coordinates":[-70.89828068586684,41.10584329314741]},"properties":{"kind":"rail","rot":-10.5}},{"type":"Feature","geometry":{"type":"Point","coordinates":[-70.89824297837254,41.10583803210607]},"properties":{"kind":"rail","rot":-10.5}},{"type":"Feature","geometry":{"type":"Point","coordinates":[-70.89820527087824,41.105832771064726]},"properties":{"kind":"rail","rot":-10.5}},{"type":"Feature","geometry":{"type":"Point","coordinates":[-70.89816756338395,41.10582751002339]},"properties":{"kind":"rail","rot":-10.5}},{"type":"Feature","geometry":{"type":"Point","coordinates":[-70.89812985588965,41.105822248982044]},"properties":{"kind":"rail","rot":-10.5}},{"type":"Feature","geometry":{"type":"Point","coordinates":[-70.89809214839535,41.105816987940706]},"properties":{"kind":"rail","rot":-10.5}},{"type":"Feature","geometry":{"type":"Point","coordinates":[-70.89805444090106,41.10581172689937]},"properties":{"kind":"rail","rot":-10.5}},{"type":"Feature","geometry":{"type":"Point","coordinates":[-70.89801673340676,41.105806465858024]},"properties":{"kind":"rail","rot":-10.5}},{"type":"Feature","geometry":{"type":"Point","coordinates":[-70.89797902591246,41.105801204816686]},"properties":{"kind":"rail","rot":-10.5}},{"type":"Feature","geometry":{"type":"Point","coordinates":[-70.8979442373938,41.105796351037924]},"properties":{"kind":"rail","rot":-11.6}},{"type":"Feature","geometry":{"type":"Point","coordinates":[-70.89790686492351,41.10579055186595]},"properties":{"kind":"rail","rot":-11.6}},{"type":"Feature","geometry":{"type":"Point","coordinates":[-70.89786949245322,41.10578475269397]},"properties":{"kind":"rail","rot":-11.6}},{"type":"Feature","geometry":{"type":"Point","coordinates":[-70.89783211998294,41.10577895352199]},"properties":{"kind":"rail","rot":-11.6}},{"type":"Feature","geometry":{"type":"Point","coordinates":[-70.89779474751263,41.10577315435002]},"properties":{"kind":"rail","rot":-11.6}},{"type":"Feature","geometry":{"type":"Point","coordinates":[-70.89775737504235,41.10576735517804]},"properties":{"kind":"rail","rot":-11.6}},{"type":"Feature","geometry":{"type":"Point","coordinates":[-70.89772000257206,41.10576155600606]},"properties":{"kind":"rail","rot":-11.6}},{"type":"Feature","geometry":{"type":"Point","coordinates":[-70.89768263010177,41.105755756834085]},"properties":{"kind":"rail","rot":-11.6}},{"type":"Feature","geometry":{"type":"Point","coordinates":[-70.89764525763148,41.105749957662105]},"properties":{"kind":"rail","rot":-11.6}},{"type":"Feature","geometry":{"type":"Point","coordinates":[-70.8976078851612,41.105744158490126]},"properties":{"kind":"rail","rot":-11.6}},{"type":"Feature","geometry":{"type":"Point","coordinates":[-70.8975705126909,41.105738359318146]},"properties":{"kind":"rail","rot":-11.6}},{"type":"Feature","geometry":{"type":"Point","coordinates":[-70.89753314022062,41.10573256014617]},"properties":{"kind":"rail","rot":-11.6}},{"type":"Feature","geometry":{"type":"Point","coordinates":[-70.89749576775033,41.10572676097419]},"properties":{"kind":"rail","rot":-11.6}},{"type":"Feature","geometry":{"type":"Point","coordinates":[-70.89745839528004,41.10572096180221]},"properties":{"kind":"rail","rot":-11.6}},{"type":"Feature","geometry":{"type":"Point","coordinates":[-70.89742102280975,41.10571516263024]},"properties":{"kind":"rail","rot":-11.6}},{"type":"Feature","geometry":{"type":"Point","coordinates":[-70.89738365033945,41.10570936345826]},"properties":{"kind":"rail","rot":-11.6}},{"type":"Feature","geometry":{"type":"Point","coordinates":[-70.89734627786916,41.10570356428628]},"properties":{"kind":"rail","rot":-11.6}},{"type":"Feature","geometry":{"type":"Point","coordinates":[-70.89730890539887,41.10569776511431]},"properties":{"kind":"rail","rot":-11.6}},{"type":"Feature","geometry":{"type":"Point","coordinates":[-70.89730589237794,41.10569729757693]},"properties":{"kind":"rail","rot":-10.6}},{"type":"Feature","geometry":{"type":"Point","coordinates":[-70.89726857216445,41.10569203395522]},"properties":{"kind":"rail","rot":-10.6}},{"type":"Feature","geometry":{"type":"Point","coordinates":[-70.89723125195096,41.10568677033351]},"properties":{"kind":"rail","rot":-10.6}},{"type":"Feature","geometry":{"type":"Point","coordinates":[-70.89719393173746,41.105681506711804]},"properties":{"kind":"rail","rot":-10.6}},{"type":"Feature","geometry":{"type":"Point","coordinates":[-70.89715661152397,41.105676243090095]},"properties":{"kind":"rail","rot":-10.6}},{"type":"Feature","geometry":{"type":"Point","coordinates":[-70.89711929131047,41.105670979468385]},"properties":{"kind":"rail","rot":-10.6}},{"type":"Feature","geometry":{"type":"Point","coordinates":[-70.89708197109698,41.105665715846676]},"properties":{"kind":"rail","rot":-10.6}},{"type":"Feature","geometry":{"type":"Point","coordinates":[-70.89704465088347,41.10566045222496]},"properties":{"kind":"rail","rot":-10.6}},{"type":"Feature","geometry":{"type":"Point","coordinates":[-70.89700733066998,41.10565518860325]},"properties":{"kind":"rail","rot":-10.6}},{"type":"Feature","geometry":{"type":"Point","coordinates":[-70.89697001045649,41.10564992498154]},"properties":{"kind":"rail","rot":-10.6}},{"type":"Feature","geometry":{"type":"Point","coordinates":[-70.89693269024299,41.10564466135983]},"properties":{"kind":"rail","rot":-10.6}},{"type":"Feature","geometry":{"type":"Point","coordinates":[-70.8968953700295,41.10563939773812]},"properties":{"kind":"rail","rot":-10.6}},{"type":"Feature","geometry":{"type":"Point","coordinates":[-70.896858049816,41.105634134116414]},"properties":{"kind":"rail","rot":-10.6}},{"type":"Feature","geometry":{"type":"Point","coordinates":[-70.89682072960251,41.105628870494705]},"properties":{"kind":"rail","rot":-10.6}},{"type":"Feature","geometry":{"type":"Point","coordinates":[-70.89678340938902,41.105623606872996]},"properties":{"kind":"rail","rot":-10.6}},{"type":"Feature","geometry":{"type":"Point","coordinates":[-70.89674608917552,41.10561834325128]},"properties":{"kind":"rail","rot":-10.6}},{"type":"Feature","geometry":{"type":"Point","coordinates":[-70.89670876896201,41.10561307962957]},"properties":{"kind":"rail","rot":-10.6}},{"type":"Feature","geometry":{"type":"Point","coordinates":[-70.89667144874852,41.10560781600786]},"properties":{"kind":"rail","rot":-10.6}},{"type":"Feature","geometry":{"type":"Point","coordinates":[-70.89666278680521,41.1056065943323]},"properties":{"kind":"rail","rot":-9.6}},{"type":"Feature","geometry":{"type":"Point","coordinates":[-70.89662517147387,41.10560181707593]},"properties":{"kind":"rail","rot":-9.6}},{"type":"Feature","geometry":{"type":"Point","coordinates":[-70.89658755614253,41.10559703981956]},"properties":{"kind":"rail","rot":-9.6}},{"type":"Feature","geometry":{"type":"Point","coordinates":[-70.89654994081118,41.105592262563185]},"properties":{"kind":"rail","rot":-9.6}},{"type":"Feature","geometry":{"type":"Point","coordinates":[-70.89651232547985,41.10558748530682]},"properties":{"kind":"rail","rot":-9.6}},{"type":"Feature","geometry":{"type":"Point","coordinates":[-70.8964747101485,41.10558270805045]},"properties":{"kind":"rail","rot":-9.6}},{"type":"Feature","geometry":{"type":"Point","coordinates":[-70.89643709481716,41.10557793079408]},"properties":{"kind":"rail","rot":-9.6}},{"type":"Feature","geometry":{"type":"Point","coordinates":[-70.89639947948582,41.105573153537705]},"properties":{"kind":"rail","rot":-9.6}},{"type":"Feature","geometry":{"type":"Point","coordinates":[-70.89636186415447,41.10556837628133]},"properties":{"kind":"rail","rot":-9.6}},{"type":"Feature","geometry":{"type":"Point","coordinates":[-70.89632424882313,41.10556359902496]},"properties":{"kind":"rail","rot":-9.6}},{"type":"Feature","geometry":{"type":"Point","coordinates":[-70.89628663349178,41.1055588217686]},"properties":{"kind":"rail","rot":-9.6}},{"type":"Feature","geometry":{"type":"Point","coordinates":[-70.89624901816045,41.105554044512225]},"properties":{"kind":"rail","rot":-9.6}},{"type":"Feature","geometry":{"type":"Point","coordinates":[-70.89621140282911,41.10554926725585]},"properties":{"kind":"rail","rot":-9.6}},{"type":"Feature","geometry":{"type":"Point","coordinates":[-70.89617378749776,41.10554448999948]},"properties":{"kind":"rail","rot":-9.6}},{"type":"Feature","geometry":{"type":"Point","coordinates":[-70.89613617216642,41.10553971274311]},"properties":{"kind":"rail","rot":-9.6}},{"type":"Feature","geometry":{"type":"Point","coordinates":[-70.89609855683507,41.105534935486745]},"properties":{"kind":"rail","rot":-9.6}},{"type":"Feature","geometry":{"type":"Point","coordinates":[-70.89606094150373,41.10553015823037]},"properties":{"kind":"rail","rot":-9.6}},{"type":"Feature","geometry":{"type":"Point","coordinates":[-70.8960233261724,41.105525380974]},"properties":{"kind":"rail","rot":-9.6}},{"type":"Feature","geometry":{"type":"Point","coordinates":[-70.89601999002416,41.10552495727348]},"properties":{"kind":"rail","rot":-10.6}},{"type":"Feature","geometry":{"type":"Point","coordinates":[-70.89598231623803,41.10551965003666]},"properties":{"kind":"rail","rot":-10.6}},{"type":"Feature","geometry":{"type":"Point","coordinates":[-70.8959446424519,41.105514342799836]},"properties":{"kind":"rail","rot":-10.6}},{"type":"Feature","geometry":{"type":"Point","coordinates":[-70.89590696866576,41.10550903556302]},"properties":{"kind":"rail","rot":-10.6}},{"type":"Feature","geometry":{"type":"Point","coordinates":[-70.89586929487962,41.10550372832619]},"properties":{"kind":"rail","rot":-10.6}},{"type":"Feature","geometry":{"type":"Point","coordinates":[-70.89583162109348,41.105498421089365]},"properties":{"kind":"rail","rot":-10.6}},{"type":"Feature","geometry":{"type":"Point","coordinates":[-70.89579394730734,41.105493113852546]},"properties":{"kind":"rail","rot":-10.6}},{"type":"Feature","geometry":{"type":"Point","coordinates":[-70.8957562735212,41.10548780661572]},"properties":{"kind":"rail","rot":-10.6}},{"type":"Feature","geometry":{"type":"Point","coordinates":[-70.89571859973506,41.1054824993789]},"properties":{"kind":"rail","rot":-10.6}},{"type":"Feature","geometry":{"type":"Point","coordinates":[-70.89568092594892,41.105477192142075]},"properties":{"kind":"rail","rot":-10.6}},{"type":"Feature","geometry":{"type":"Point","coordinates":[-70.8956432521628,41.105471884905256]},"properties":{"kind":"rail","rot":-10.6}},{"type":"Feature","geometry":{"type":"Point","coordinates":[-70.89560557837666,41.10546657766843]},"properties":{"kind":"rail","rot":-10.6}},{"type":"Feature","geometry":{"type":"Point","coordinates":[-70.89556790459052,41.105461270431604]},"properties":{"kind":"rail","rot":-10.6}},{"type":"Feature","geometry":{"type":"Point","coordinates":[-70.89553023080438,41.105455963194785]},"properties":{"kind":"rail","rot":-10.6}},{"type":"Feature","geometry":{"type":"Point","coordinates":[-70.89549255701824,41.10545065595796]},"properties":{"kind":"rail","rot":-10.6}},{"type":"Feature","geometry":{"type":"Point","coordinates":[-70.8954548832321,41.10544534872114]},"properties":{"kind":"rail","rot":-10.6}},{"type":"Feature","geometry":{"type":"Point","coordinates":[-70.89541720944597,41.105440041484314]},"properties":{"kind":"rail","rot":-10.6}},{"type":"Feature","geometry":{"type":"Point","coordinates":[-70.89538179139686,41.10543505202099]},"properties":{"kind":"rail","rot":-11.5}},{"type":"Feature","geometry":{"type":"Point","coordinates":[-70.89534349489311,41.10542914394069]},"properties":{"kind":"rail","rot":-11.5}},{"type":"Feature","geometry":{"type":"Point","coordinates":[-70.89530519838938,41.10542323586039]},"properties":{"kind":"rail","rot":-11.5}},{"type":"Feature","geometry":{"type":"Point","coordinates":[-70.89526690188565,41.105417327780096]},"properties":{"kind":"rail","rot":-11.5}},{"type":"Feature","geometry":{"type":"Point","coordinates":[-70.89522860538192,41.1054114196998]},"properties":{"kind":"rail","rot":-11.5}},{"type":"Feature","geometry":{"type":"Point","coordinates":[-70.89519030887818,41.1054055116195]},"properties":{"kind":"rail","rot":-11.5}},{"type":"Feature","geometry":{"type":"Point","coordinates":[-70.89515201237445,41.105399603539205]},"properties":{"kind":"rail","rot":-11.5}},{"type":"Feature","geometry":{"type":"Point","coordinates":[-70.89511371587072,41.10539369545891]},"properties":{"kind":"rail","rot":-11.5}},{"type":"Feature","geometry":{"type":"Point","coordinates":[-70.89507541936699,41.10538778737861]},"properties":{"kind":"rail","rot":-11.5}},{"type":"Feature","geometry":{"type":"Point","coordinates":[-70.89503712286324,41.105381879298314]},"properties":{"kind":"rail","rot":-11.5}},{"type":"Feature","geometry":{"type":"Point","coordinates":[-70.89499882635951,41.10537597121802]},"properties":{"kind":"rail","rot":-11.5}},{"type":"Feature","geometry":{"type":"Point","coordinates":[-70.89496052985578,41.10537006313772]},"properties":{"kind":"rail","rot":-11.5}},{"type":"Feature","geometry":{"type":"Point","coordinates":[-70.89492223335205,41.10536415505742]},"properties":{"kind":"rail","rot":-11.5}},{"type":"Feature","geometry":{"type":"Point","coordinates":[-70.89488393684832,41.105358246977126]},"properties":{"kind":"rail","rot":-11.5}},{"type":"Feature","geometry":{"type":"Point","coordinates":[-70.89484564034458,41.10535233889683]},"properties":{"kind":"rail","rot":-11.5}},{"type":"Feature","geometry":{"type":"Point","coordinates":[-70.89480734384085,41.10534643081653]},"properties":{"kind":"rail","rot":-11.5}},{"type":"Feature","geometry":{"type":"Point","coordinates":[-70.89476904733712,41.105340522736235]},"properties":{"kind":"rail","rot":-11.5}},{"type":"Feature","geometry":{"type":"Point","coordinates":[-70.89475556186804,41.10533844230522]},"properties":{"kind":"rail","rot":-21.7}},{"type":"Feature","geometry":{"type":"Point","coordinates":[-70.89471765669745,41.10532707473378]},"properties":{"kind":"rail","rot":-21.7}},{"type":"Feature","geometry":{"type":"Point","coordinates":[-70.89467975152685,41.10531570716233]},"properties":{"kind":"rail","rot":-21.7}},{"type":"Feature","geometry":{"type":"Point","coordinates":[-70.89464184635625,41.105304339590894]},"properties":{"kind":"rail","rot":-21.7}},{"type":"Feature","geometry":{"type":"Point","coordinates":[-70.89460394118566,41.105292972019456]},"properties":{"kind":"rail","rot":-21.7}},{"type":"Feature","geometry":{"type":"Point","coordinates":[-70.89456603601506,41.10528160444801]},"properties":{"kind":"rail","rot":-21.7}},{"type":"Feature","geometry":{"type":"Point","coordinates":[-70.89452813084446,41.10527023687657]},"properties":{"kind":"rail","rot":-21.7}},{"type":"Feature","geometry":{"type":"Point","coordinates":[-70.89449022567388,41.10525886930513]},"properties":{"kind":"rail","rot":-21.7}},{"type":"Feature","geometry":{"type":"Point","coordinates":[-70.89445232050328,41.105247501733686]},"properties":{"kind":"rail","rot":-21.7}},{"type":"Feature","geometry":{"type":"Point","coordinates":[-70.89441441533268,41.10523613416225]},"properties":{"kind":"rail","rot":-21.7}},{"type":"Feature","geometry":{"type":"Point","coordinates":[-70.89437651016209,41.10522476659081]},"properties":{"kind":"rail","rot":-21.7}},{"type":"Feature","geometry":{"type":"Point","coordinates":[-70.89433860499149,41.10521339901936]},"properties":{"kind":"rail","rot":-21.7}},{"type":"Feature","geometry":{"type":"Point","coordinates":[-70.89430069982089,41.105202031447924]},"properties":{"kind":"rail","rot":-21.7}},{"type":"Feature","geometry":{"type":"Point","coordinates":[-70.8942627946503,41.105190663876485]},"properties":{"kind":"rail","rot":-21.7}},{"type":"Feature","geometry":{"type":"Point","coordinates":[-70.89425943007527,41.10518965485723]},"properties":{"kind":"rail","rot":-35.3}},{"type":"Feature","geometry":{"type":"Point","coordinates":[-70.89422684048081,41.10517234349611]},"properties":{"kind":"rail","rot":-35.3}},{"type":"Feature","geometry":{"type":"Point","coordinates":[-70.89419425088636,41.105155032134995]},"properties":{"kind":"rail","rot":-35.3}},{"type":"Feature","geometry":{"type":"Point","coordinates":[-70.89416166129189,41.10513772077388]},"properties":{"kind":"rail","rot":-35.3}},{"type":"Feature","geometry":{"type":"Point","coordinates":[-70.89412907169744,41.10512040941277]},"properties":{"kind":"rail","rot":-35.3}},{"type":"Feature","geometry":{"type":"Point","coordinates":[-70.89409648210298,41.10510309805166]},"properties":{"kind":"rail","rot":-35.3}},{"type":"Feature","geometry":{"type":"Point","coordinates":[-70.89406389250853,41.10508578669054]},"properties":{"kind":"rail","rot":-35.3}},{"type":"Feature","geometry":{"type":"Point","coordinates":[-70.89403130291407,41.105068475329425]},"properties":{"kind":"rail","rot":-35.3}},{"type":"Feature","geometry":{"type":"Point","coordinates":[-70.89399871331962,41.10505116396831]},"properties":{"kind":"rail","rot":-35.3}},{"type":"Feature","geometry":{"type":"Point","coordinates":[-70.89396612372516,41.1050338526072]},"properties":{"kind":"rail","rot":-35.3}},{"type":"Feature","geometry":{"type":"Point","coordinates":[-70.89393353413071,41.10501654124609]},"properties":{"kind":"rail","rot":-35.3}},{"type":"Feature","geometry":{"type":"Point","coordinates":[-70.89390094453626,41.10499922988497]},"properties":{"kind":"rail","rot":-35.3}},{"type":"Feature","geometry":{"type":"Point","coordinates":[-70.8938683549418,41.104981918523855]},"properties":{"kind":"rail","rot":-35.3}},{"type":"Feature","geometry":{"type":"Point","coordinates":[-70.89386761382555,41.10498152484817]},"properties":{"kind":"rail","rot":-34.9}},{"type":"Feature","geometry":{"type":"Point","coordinates":[-70.89383635133882,41.10496510592716]},"properties":{"kind":"rail","rot":-34.9}},{"type":"Feature","geometry":{"type":"Point","coordinates":[-70.89380508885209,41.10494868700614]},"properties":{"kind":"rail","rot":-34.9}},{"type":"Feature","geometry":{"type":"Point","coordinates":[-70.89377382636538,41.10493226808512]},"properties":{"kind":"rail","rot":-34.9}},{"type":"Feature","geometry":{"type":"Point","coordinates":[-70.89374256387865,41.10491584916411]},"properties":{"kind":"rail","rot":-34.9}},{"type":"Feature","geometry":{"type":"Point","coordinates":[-70.89371130139192,41.104899430243094]},"properties":{"kind":"rail","rot":-34.9}},{"type":"Feature","geometry":{"type":"Point","coordinates":[-70.89368003890519,41.10488301132207]},"properties":{"kind":"rail","rot":-34.9}},{"type":"Feature","geometry":{"type":"Point","coordinates":[-70.89364877641846,41.10486659240106]},"properties":{"kind":"rail","rot":-34.9}},{"type":"Feature","geometry":{"type":"Point","coordinates":[-70.89361751393173,41.104850173480045]},"properties":{"kind":"rail","rot":-34.9}},{"type":"Feature","geometry":{"type":"Point","coordinates":[-70.893586251445,41.10483375455903]},"properties":{"kind":"rail","rot":-34.9}},{"type":"Feature","geometry":{"type":"Point","coordinates":[-70.89355498895829,41.10481733563801]},"properties":{"kind":"rail","rot":-34.9}},{"type":"Feature","geometry":{"type":"Point","coordinates":[-70.89352372647156,41.104800916717]},"properties":{"kind":"rail","rot":-34.9}},{"type":"Feature","geometry":{"type":"Point","coordinates":[-70.89349246398483,41.10478449779598]},"properties":{"kind":"rail","rot":-34.9}},{"type":"Feature","geometry":{"type":"Point","coordinates":[-70.8934612014981,41.10476807887496]},"properties":{"kind":"rail","rot":-34.9}},{"type":"Feature","geometry":{"type":"Point","coordinates":[-70.89346004523577,41.104767471611055]},"properties":{"kind":"rail","rot":-34.7}},{"type":"Feature","geometry":{"type":"Point","coordinates":[-70.89342864752926,41.10475109110212]},"properties":{"kind":"rail","rot":-34.7}},{"type":"Feature","geometry":{"type":"Point","coordinates":[-70.89339724982275,41.10473471059319]},"properties":{"kind":"rail","rot":-34.7}},{"type":"Feature","geometry":{"type":"Point","coordinates":[-70.89336585211626,41.10471833008426]},"properties":{"kind":"rail","rot":-34.7}},{"type":"Feature","geometry":{"type":"Point","coordinates":[-70.89333445440975,41.10470194957533]},"properties":{"kind":"rail","rot":-34.7}},{"type":"Feature","geometry":{"type":"Point","coordinates":[-70.89330305670325,41.1046855690664]},"properties":{"kind":"rail","rot":-34.7}},{"type":"Feature","geometry":{"type":"Point","coordinates":[-70.89327165899675,41.104669188557466]},"properties":{"kind":"rail","rot":-34.7}},{"type":"Feature","geometry":{"type":"Point","coordinates":[-70.89324026129025,41.104652808048534]},"properties":{"kind":"rail","rot":-34.7}},{"type":"Feature","geometry":{"type":"Point","coordinates":[-70.89320886358374,41.1046364275396]},"properties":{"kind":"rail","rot":-34.7}},{"type":"Feature","geometry":{"type":"Point","coordinates":[-70.89317746587723,41.10462004703067]},"properties":{"kind":"rail","rot":-34.7}},{"type":"Feature","geometry":{"type":"Point","coordinates":[-70.89314606817074,41.10460366652174]},"properties":{"kind":"rail","rot":-34.7}},{"type":"Feature","geometry":{"type":"Point","coordinates":[-70.89311467046423,41.10458728601281]},"properties":{"kind":"rail","rot":-34.7}},{"type":"Feature","geometry":{"type":"Point","coordinates":[-70.89308327275772,41.10457090550388]},"properties":{"kind":"rail","rot":-34.7}},{"type":"Feature","geometry":{"type":"Point","coordinates":[-70.89305230798931,41.10455475086323]},"properties":{"kind":"rail","rot":-35.2}},{"type":"Feature","geometry":{"type":"Point","coordinates":[-70.8930210488113,41.10453811325524]},"properties":{"kind":"rail","rot":-35.2}},{"type":"Feature","geometry":{"type":"Point","coordinates":[-70.8929897896333,41.10452147564724]},"properties":{"kind":"rail","rot":-35.2}},{"type":"Feature","geometry":{"type":"Point","coordinates":[-70.8929585304553,41.10450483803924]},"properties":{"kind":"rail","rot":-35.2}},{"type":"Feature","geometry":{"type":"Point","coordinates":[-70.89292727127729,41.10448820043124]},"properties":{"kind":"rail","rot":-35.2}},{"type":"Feature","geometry":{"type":"Point","coordinates":[-70.89289601209929,41.10447156282325]},"properties":{"kind":"rail","rot":-35.2}},{"type":"Feature","geometry":{"type":"Point","coordinates":[-70.89286475292128,41.10445492521525]},"properties":{"kind":"rail","rot":-35.2}},{"type":"Feature","geometry":{"type":"Point","coordinates":[-70.89283349374328,41.10443828760725]},"properties":{"kind":"rail","rot":-35.2}},{"type":"Feature","geometry":{"type":"Point","coordinates":[-70.89280223456528,41.10442164999925]},"properties":{"kind":"rail","rot":-35.2}},{"type":"Feature","geometry":{"type":"Point","coordinates":[-70.89277097538726,41.10440501239126]},"properties":{"kind":"rail","rot":-35.2}},{"type":"Feature","geometry":{"type":"Point","coordinates":[-70.89273971620926,41.10438837478326]},"properties":{"kind":"rail","rot":-35.2}},{"type":"Feature","geometry":{"type":"Point","coordinates":[-70.89270845703126,41.10437173717526]},"properties":{"kind":"rail","rot":-35.2}},{"type":"Feature","geometry":{"type":"Point","coordinates":[-70.89267719785326,41.104355099567265]},"properties":{"kind":"rail","rot":-35.2}},{"type":"Feature","geometry":{"type":"Point","coordinates":[-70.89264713863261,41.10433910063314]},"properties":{"kind":"rail","rot":-35.7}},{"type":"Feature","geometry":{"type":"Point","coordinates":[-70.89261659803415,41.104322530533615]},"properties":{"kind":"rail","rot":-35.7}},{"type":"Feature","geometry":{"type":"Point","coordinates":[-70.8925860574357,41.10430596043408]},"properties":{"kind":"rail","rot":-35.7}},{"type":"Feature","geometry":{"type":"Point","coordinates":[-70.89255551683723,41.10428939033456]},"properties":{"kind":"rail","rot":-35.7}},{"type":"Feature","geometry":{"type":"Point","coordinates":[-70.89252497623879,41.10427282023503]},"properties":{"kind":"rail","rot":-35.7}},{"type":"Feature","geometry":{"type":"Point","coordinates":[-70.89249443564033,41.104256250135506]},"properties":{"kind":"rail","rot":-35.7}},{"type":"Feature","geometry":{"type":"Point","coordinates":[-70.89246389504187,41.10423968003598]},"properties":{"kind":"rail","rot":-35.7}},{"type":"Feature","geometry":{"type":"Point","coordinates":[-70.89243335444341,41.104223109936456]},"properties":{"kind":"rail","rot":-35.7}},{"type":"Feature","geometry":{"type":"Point","coordinates":[-70.89240281384495,41.10420653983693]},"properties":{"kind":"rail","rot":-35.7}},{"type":"Feature","geometry":{"type":"Point","coordinates":[-70.8923722732465,41.104189969737405]},"properties":{"kind":"rail","rot":-35.7}},{"type":"Feature","geometry":{"type":"Point","coordinates":[-70.89234173264805,41.10417339963787]},"properties":{"kind":"rail","rot":-35.7}},{"type":"Feature","geometry":{"type":"Point","coordinates":[-70.89231119204959,41.10415682953835]},"properties":{"kind":"rail","rot":-35.7}},{"type":"Feature","geometry":{"type":"Point","coordinates":[-70.89228065145113,41.10414025943882]},"properties":{"kind":"rail","rot":-35.7}},{"type":"Feature","geometry":{"type":"Point","coordinates":[-70.89225011085267,41.104123689339296]},"properties":{"kind":"rail","rot":-35.7}},{"type":"Feature","geometry":{"type":"Point","coordinates":[-70.89223811136813,41.10411717890194]},"properties":{"kind":"rail","rot":-30.6}},{"type":"Feature","geometry":{"type":"Point","coordinates":[-70.89220624085772,41.10410297793051]},"properties":{"kind":"rail","rot":-30.6}},{"type":"Feature","geometry":{"type":"Point","coordinates":[-70.8921743703473,41.10408877695908]},"properties":{"kind":"rail","rot":-30.6}},{"type":"Feature","geometry":{"type":"Point","coordinates":[-70.89214249983688,41.10407457598765]},"properties":{"kind":"rail","rot":-30.6}},{"type":"Feature","geometry":{"type":"Point","coordinates":[-70.89211062932647,41.104060375016225]},"properties":{"kind":"rail","rot":-30.6}},{"type":"Feature","geometry":{"type":"Point","coordinates":[-70.89207875881606,41.1040461740448]},"properties":{"kind":"rail","rot":-30.6}},{"type":"Feature","geometry":{"type":"Point","coordinates":[-70.89204688830564,41.10403197307337]},"properties":{"kind":"rail","rot":-30.6}},{"type":"Feature","geometry":{"type":"Point","coordinates":[-70.89201501779523,41.10401777210194]},"properties":{"kind":"rail","rot":-30.6}},{"type":"Feature","geometry":{"type":"Point","coordinates":[-70.89198314728482,41.10400357113051]},"properties":{"kind":"rail","rot":-30.6}},{"type":"Feature","geometry":{"type":"Point","coordinates":[-70.8919512767744,41.10398937015909]},"properties":{"kind":"rail","rot":-30.6}},{"type":"Feature","geometry":{"type":"Point","coordinates":[-70.891919406264,41.10397516918766]},"properties":{"kind":"rail","rot":-30.6}},{"type":"Feature","geometry":{"type":"Point","coordinates":[-70.89188753575357,41.103960968216235]},"properties":{"kind":"rail","rot":-30.6}},{"type":"Feature","geometry":{"type":"Point","coordinates":[-70.89185566524316,41.10394676724481]},"properties":{"kind":"rail","rot":-30.6}},{"type":"Feature","geometry":{"type":"Point","coordinates":[-70.89182379473274,41.10393256627338]},"properties":{"kind":"rail","rot":-30.6}},{"type":"Feature","geometry":{"type":"Point","coordinates":[-70.8918000012629,41.103921964297406]},"properties":{"kind":"rail","rot":-25.1}},{"type":"Feature","geometry":{"type":"Point","coordinates":[-70.89176441456775,41.10390929203239]},"properties":{"kind":"rail","rot":-25.1}},{"type":"Feature","geometry":{"type":"Point","coordinates":[-70.8917288278726,41.103896619767376]},"properties":{"kind":"rail","rot":-25.1}},{"type":"Feature","geometry":{"type":"Point","coordinates":[-70.89169324117745,41.10388394750236]},"properties":{"kind":"rail","rot":-25.1}},{"type":"Feature","geometry":{"type":"Point","coordinates":[-70.8916576544823,41.10387127523734]},"properties":{"kind":"rail","rot":-25.1}},{"type":"Feature","geometry":{"type":"Point","coordinates":[-70.89162206778715,41.10385860297232]},"properties":{"kind":"rail","rot":-25.1}},{"type":"Feature","geometry":{"type":"Point","coordinates":[-70.891586481092,41.10384593070731]},"properties":{"kind":"rail","rot":-25.1}},{"type":"Feature","geometry":{"type":"Point","coordinates":[-70.89155089439686,41.10383325844229]},"properties":{"kind":"rail","rot":-25.1}},{"type":"Feature","geometry":{"type":"Point","coordinates":[-70.89151530770171,41.10382058617727]},"properties":{"kind":"rail","rot":-25.1}},{"type":"Feature","geometry":{"type":"Point","coordinates":[-70.89147972100656,41.103807913912256]},"properties":{"kind":"rail","rot":-25.1}},{"type":"Feature","geometry":{"type":"Point","coordinates":[-70.89144413431141,41.10379524164724]},"properties":{"kind":"rail","rot":-25.1}},{"type":"Feature","geometry":{"type":"Point","coordinates":[-70.89140854761627,41.103782569382226]},"properties":{"kind":"rail","rot":-25.1}},{"type":"Feature","geometry":{"type":"Point","coordinates":[-70.89137296092112,41.1037698971172]},"properties":{"kind":"rail","rot":-25.1}},{"type":"Feature","geometry":{"type":"Point","coordinates":[-70.89136048033072,41.10376545283407]},"properties":{"kind":"rail","rot":-41.4}},{"type":"Feature","geometry":{"type":"Point","coordinates":[-70.8913278787675,41.10374380423745]},"properties":{"kind":"rail","rot":-41.4}},{"type":"Feature","geometry":{"type":"Point","coordinates":[-70.89129527720429,41.10372215564084]},"properties":{"kind":"rail","rot":-41.4}},{"type":"Feature","geometry":{"type":"Point","coordinates":[-70.89126267564109,41.103700507044216]},"properties":{"kind":"rail","rot":-41.4}},{"type":"Feature","geometry":{"type":"Point","coordinates":[-70.89123007407787,41.1036788584476]},"properties":{"kind":"rail","rot":-41.4}},{"type":"Feature","geometry":{"type":"Point","coordinates":[-70.89119747251466,41.10365720985099]},"properties":{"kind":"rail","rot":-41.4}},{"type":"Feature","geometry":{"type":"Point","coordinates":[-70.89116487095146,41.103635561254364]},"properties":{"kind":"rail","rot":-41.4}},{"type":"Feature","geometry":{"type":"Point","coordinates":[-70.89113226938824,41.10361391265775]},"properties":{"kind":"rail","rot":-41.4}},{"type":"Feature","geometry":{"type":"Point","coordinates":[-70.89109966782503,41.103592264061135]},"properties":{"kind":"rail","rot":-41.4}},{"type":"Feature","geometry":{"type":"Point","coordinates":[-70.89106706626183,41.10357061546451]},"properties":{"kind":"rail","rot":-41.4}},{"type":"Feature","geometry":{"type":"Point","coordinates":[-70.89104900439774,41.10355862174486]},"properties":{"kind":"rail","rot":-59.5}},{"type":"Feature","geometry":{"type":"Point","coordinates":[-70.89102833302573,41.10353252882525]},"properties":{"kind":"rail","rot":-59.5}},{"type":"Feature","geometry":{"type":"Point","coordinates":[-70.8910076616537,41.103506435905636]},"properties":{"kind":"rail","rot":-59.5}},{"type":"Feature","geometry":{"type":"Point","coordinates":[-70.89098699028168,41.10348034298602]},"properties":{"kind":"rail","rot":-59.5}},{"type":"Feature","geometry":{"type":"Point","coordinates":[-70.89096631890966,41.103454250066406]},"properties":{"kind":"rail","rot":-59.5}},{"type":"Feature","geometry":{"type":"Point","coordinates":[-70.89094564753763,41.103428157146794]},"properties":{"kind":"rail","rot":-59.5}},{"type":"Feature","geometry":{"type":"Point","coordinates":[-70.89092497616562,41.10340206422718]},"properties":{"kind":"rail","rot":-59.5}},{"type":"Feature","geometry":{"type":"Point","coordinates":[-70.8909043047936,41.10337597130757]},"properties":{"kind":"rail","rot":-59.5}},{"type":"Feature","geometry":{"type":"Point","coordinates":[-70.89088363342157,41.10334987838795]},"properties":{"kind":"rail","rot":-59.5}},{"type":"Feature","geometry":{"type":"Point","coordinates":[-70.89086296204955,41.10332378546834]},"properties":{"kind":"rail","rot":-59.5}},{"type":"Feature","geometry":{"type":"Point","coordinates":[-70.89084229067753,41.10329769254873]},"properties":{"kind":"rail","rot":-59.5}},{"type":"Feature","geometry":{"type":"Point","coordinates":[-70.89082549778254,41.10327649532687]},"properties":{"kind":"rail","rot":-57.3}},{"type":"Feature","geometry":{"type":"Point","coordinates":[-70.89080510924069,41.10325255930141]},"properties":{"kind":"rail","rot":-57.3}},{"type":"Feature","geometry":{"type":"Point","coordinates":[-70.89078472069883,41.10322862327596]},"properties":{"kind":"rail","rot":-57.3}},{"type":"Feature","geometry":{"type":"Point","coordinates":[-70.89076433215698,41.1032046872505]},"properties":{"kind":"rail","rot":-57.3}},{"type":"Feature","geometry":{"type":"Point","coordinates":[-70.89074394361512,41.10318075122505]},"properties":{"kind":"rail","rot":-57.3}},{"type":"Feature","geometry":{"type":"Point","coordinates":[-70.89072355507327,41.10315681519959]},"properties":{"kind":"rail","rot":-57.3}},{"type":"Feature","geometry":{"type":"Point","coordinates":[-70.89070316653141,41.10313287917413]},"properties":{"kind":"rail","rot":-57.3}},{"type":"Feature","geometry":{"type":"Point","coordinates":[-70.89068277798957,41.103108943148676]},"properties":{"kind":"rail","rot":-57.3}},{"type":"Feature","geometry":{"type":"Point","coordinates":[-70.89066238944771,41.10308500712323]},"properties":{"kind":"rail","rot":-57.3}},{"type":"Feature","geometry":{"type":"Point","coordinates":[-70.89064200090586,41.10306107109777]},"properties":{"kind":"rail","rot":-57.3}},{"type":"Feature","geometry":{"type":"Point","coordinates":[-70.890621612364,41.10303713507231]},"properties":{"kind":"rail","rot":-57.3}},{"type":"Feature","geometry":{"type":"Point","coordinates":[-70.89060122382215,41.103013199046856]},"properties":{"kind":"rail","rot":-57.3}},{"type":"Feature","geometry":{"type":"Point","coordinates":[-70.89058083528029,41.1029892630214]},"properties":{"kind":"rail","rot":-57.3}},{"type":"Feature","geometry":{"type":"Point","coordinates":[-70.89057747935149,41.10298532318118]},"properties":{"kind":"rail","rot":-55.6}},{"type":"Feature","geometry":{"type":"Point","coordinates":[-70.89055553608085,41.10296115075945]},"properties":{"kind":"rail","rot":-55.6}},{"type":"Feature","geometry":{"type":"Point","coordinates":[-70.89053359281021,41.102936978337716]},"properties":{"kind":"rail","rot":-55.6}},{"type":"Feature","geometry":{"type":"Point","coordinates":[-70.89051164953959,41.10291280591598]},"properties":{"kind":"rail","rot":-55.6}},{"type":"Feature","geometry":{"type":"Point","coordinates":[-70.89048970626895,41.102888633494246]},"properties":{"kind":"rail","rot":-55.6}},{"type":"Feature","geometry":{"type":"Point","coordinates":[-70.89046776299833,41.102864461072514]},"properties":{"kind":"rail","rot":-55.6}},{"type":"Feature","geometry":{"type":"Point","coordinates":[-70.89044581972769,41.102840288650775]},"properties":{"kind":"rail","rot":-55.6}},{"type":"Feature","geometry":{"type":"Point","coordinates":[-70.89042387645705,41.10281611622904]},"properties":{"kind":"rail","rot":-55.6}},{"type":"Feature","geometry":{"type":"Point","coordinates":[-70.89040193318642,41.102791943807304]},"properties":{"kind":"rail","rot":-55.6}},{"type":"Feature","geometry":{"type":"Point","coordinates":[-70.89037998991579,41.10276777138557]},"properties":{"kind":"rail","rot":-55.6}},{"type":"Feature","geometry":{"type":"Point","coordinates":[-70.89035804664515,41.10274359896384]},"properties":{"kind":"rail","rot":-55.6}},{"type":"Feature","geometry":{"type":"Point","coordinates":[-70.89033610337452,41.1027194265421]},"properties":{"kind":"rail","rot":-55.6}},{"type":"Feature","geometry":{"type":"Point","coordinates":[-70.89032422817174,41.102706344973065]},"properties":{"kind":"rail","rot":-62.9}},{"type":"Feature","geometry":{"type":"Point","coordinates":[-70.89030594349748,41.102679410798906]},"properties":{"kind":"rail","rot":-62.9}},{"type":"Feature","geometry":{"type":"Point","coordinates":[-70.89028765882321,41.10265247662474]},"properties":{"kind":"rail","rot":-62.9}},{"type":"Feature","geometry":{"type":"Point","coordinates":[-70.89026937414896,41.10262554245058]},"properties":{"kind":"rail","rot":-62.9}},{"type":"Feature","geometry":{"type":"Point","coordinates":[-70.89025108947469,41.102598608276416]},"properties":{"kind":"rail","rot":-62.9}},{"type":"Feature","geometry":{"type":"Point","coordinates":[-70.89023280480042,41.10257167410226]},"properties":{"kind":"rail","rot":-62.9}},{"type":"Feature","geometry":{"type":"Point","coordinates":[-70.89021452012616,41.1025447399281]},"properties":{"kind":"rail","rot":-62.9}},{"type":"Feature","geometry":{"type":"Point","coordinates":[-70.8901962354519,41.10251780575393]},"properties":{"kind":"rail","rot":-62.9}},{"type":"Feature","geometry":{"type":"Point","coordinates":[-70.89017795077763,41.102490871579775]},"properties":{"kind":"rail","rot":-62.9}},{"type":"Feature","geometry":{"type":"Point","coordinates":[-70.89015966610337,41.10246393740561]},"properties":{"kind":"rail","rot":-62.9}},{"type":"Feature","geometry":{"type":"Point","coordinates":[-70.8901413814291,41.10243700323145]},"properties":{"kind":"rail","rot":-62.9}},{"type":"Feature","geometry":{"type":"Point","coordinates":[-70.89012653757192,41.1024151375406]},"properties":{"kind":"rail","rot":-70.2}},{"type":"Feature","geometry":{"type":"Point","coordinates":[-70.89011339127588,41.102387644028305]},"properties":{"kind":"rail","rot":-70.2}},{"type":"Feature","geometry":{"type":"Point","coordinates":[-70.89010024497983,41.102360150516006]},"properties":{"kind":"rail","rot":-70.2}},{"type":"Feature","geometry":{"type":"Point","coordinates":[-70.8900870986838,41.10233265700371]},"properties":{"kind":"rail","rot":-70.2}},{"type":"Feature","geometry":{"type":"Point","coordinates":[-70.89007395238775,41.10230516349141]},"properties":{"kind":"rail","rot":-70.2}},{"type":"Feature","geometry":{"type":"Point","coordinates":[-70.89006080609171,41.10227766997911]},"properties":{"kind":"rail","rot":-70.2}},{"type":"Feature","geometry":{"type":"Point","coordinates":[-70.89004765979567,41.10225017646681]},"properties":{"kind":"rail","rot":-70.2}},{"type":"Feature","geometry":{"type":"Point","coordinates":[-70.89003451349963,41.10222268295451]},"properties":{"kind":"rail","rot":-70.2}},{"type":"Feature","geometry":{"type":"Point","coordinates":[-70.89002136720359,41.10219518944221]},"properties":{"kind":"rail","rot":-70.2}},{"type":"Feature","geometry":{"type":"Point","coordinates":[-70.89000822090755,41.102167695929914]},"properties":{"kind":"rail","rot":-70.2}},{"type":"Feature","geometry":{"type":"Point","coordinates":[-70.8899950746115,41.102140202417615]},"properties":{"kind":"rail","rot":-70.2}},{"type":"Feature","geometry":{"type":"Point","coordinates":[-70.88998192831546,41.10211270890532]},"properties":{"kind":"rail","rot":-70.2}},{"type":"Feature","geometry":{"type":"Point","coordinates":[-70.88997416774504,41.10209647883276]},"properties":{"kind":"rail","rot":-67.9}},{"type":"Feature","geometry":{"type":"Point","coordinates":[-70.88996001174,41.102070233775066]},"properties":{"kind":"rail","rot":-67.9}},{"type":"Feature","geometry":{"type":"Point","coordinates":[-70.88994585573498,41.10204398871738]},"properties":{"kind":"rail","rot":-67.9}},{"type":"Feature","geometry":{"type":"Point","coordinates":[-70.88993169972996,41.10201774365968]},"properties":{"kind":"rail","rot":-67.9}},{"type":"Feature","geometry":{"type":"Point","coordinates":[-70.88991754372492,41.10199149860198]},"properties":{"kind":"rail","rot":-67.9}},{"type":"Feature","geometry":{"type":"Point","coordinates":[-70.8899033877199,41.101965253544286]},"properties":{"kind":"rail","rot":-67.9}},{"type":"Feature","geometry":{"type":"Point","coordinates":[-70.88988923171486,41.101939008486596]},"properties":{"kind":"rail","rot":-67.9}},{"type":"Feature","geometry":{"type":"Point","coordinates":[-70.88987507570984,41.1019127634289]},"properties":{"kind":"rail","rot":-67.9}},{"type":"Feature","geometry":{"type":"Point","coordinates":[-70.8898609197048,41.1018865183712]},"properties":{"kind":"rail","rot":-67.9}},{"type":"Feature","geometry":{"type":"Point","coordinates":[-70.88984676369978,41.101860273313505]},"properties":{"kind":"rail","rot":-67.9}},{"type":"Feature","geometry":{"type":"Point","coordinates":[-70.88983260769476,41.101834028255816]},"properties":{"kind":"rail","rot":-67.9}},{"type":"Feature","geometry":{"type":"Point","coordinates":[-70.88981845168972,41.10180778319812]},"properties":{"kind":"rail","rot":-67.9}},{"type":"Feature","geometry":{"type":"Point","coordinates":[-70.8898042956847,41.10178153814042]},"properties":{"kind":"rail","rot":-67.9}},{"type":"Feature","geometry":{"type":"Point","coordinates":[-70.88980070656908,41.101774883964595]},"properties":{"kind":"rail","rot":-65.1}},{"type":"Feature","geometry":{"type":"Point","coordinates":[-70.88978394623095,41.101747305926914]},"properties":{"kind":"rail","rot":-65.1}},{"type":"Feature","geometry":{"type":"Point","coordinates":[-70.88976718589282,41.10171972788924]},"properties":{"kind":"rail","rot":-65.1}},{"type":"Feature","geometry":{"type":"Point","coordinates":[-70.88975042555471,41.10169214985156]},"properties":{"kind":"rail","rot":-65.1}},{"type":"Feature","geometry":{"type":"Point","coordinates":[-70.88973366521658,41.10166457181388]},"properties":{"kind":"rail","rot":-65.1}},{"type":"Feature","geometry":{"type":"Point","coordinates":[-70.88971690487845,41.1016369937762]},"properties":{"kind":"rail","rot":-65.1}},{"type":"Feature","geometry":{"type":"Point","coordinates":[-70.88970014454034,41.10160941573852]},"properties":{"kind":"rail","rot":-65.1}},{"type":"Feature","geometry":{"type":"Point","coordinates":[-70.88968338420221,41.10158183770084]},"properties":{"kind":"rail","rot":-65.1}},{"type":"Feature","geometry":{"type":"Point","coordinates":[-70.88966662386409,41.10155425966316]},"properties":{"kind":"rail","rot":-65.1}},{"type":"Feature","geometry":{"type":"Point","coordinates":[-70.88964986352596,41.10152668162548]},"properties":{"kind":"rail","rot":-65.1}},{"type":"Feature","geometry":{"type":"Point","coordinates":[-70.88963310318785,41.101499103587805]},"properties":{"kind":"rail","rot":-65.1}},{"type":"Feature","geometry":{"type":"Point","coordinates":[-70.88961883198435,41.101475621257975]},"properties":{"kind":"rail","rot":-84.4}},{"type":"Feature","geometry":{"type":"Point","coordinates":[-70.88961441326228,41.10144068348939]},"properties":{"kind":"rail","rot":-84.4}},{"type":"Feature","geometry":{"type":"Point","coordinates":[-70.88960999454021,41.101405745720804]},"properties":{"kind":"rail","rot":-84.4}},{"type":"Feature","geometry":{"type":"Point","coordinates":[-70.88960557581814,41.101370807952215]},"properties":{"kind":"rail","rot":-84.4}},{"type":"Feature","geometry":{"type":"Point","coordinates":[-70.88960115709607,41.10133587018363]},"properties":{"kind":"rail","rot":-84.4}},{"type":"Feature","geometry":{"type":"Point","coordinates":[-70.889596738374,41.10130093241504]},"properties":{"kind":"rail","rot":-84.4}},{"type":"Feature","geometry":{"type":"Point","coordinates":[-70.88959231965194,41.101265994646454]},"properties":{"kind":"rail","rot":-84.4}},{"type":"Feature","geometry":{"type":"Point","coordinates":[-70.88958790092987,41.10123105687787]},"properties":{"kind":"rail","rot":-84.4}},{"type":"Feature","geometry":{"type":"Point","coordinates":[-70.88958598000195,41.101215868564616]},"properties":{"kind":"rail","rot":-107.6}},{"type":"Feature","geometry":{"type":"Point","coordinates":[-70.88959795238196,41.10118661594261]},"properties":{"kind":"rail","rot":-107.6}},{"type":"Feature","geometry":{"type":"Point","coordinates":[-70.88960992476196,41.10115736332061]},"properties":{"kind":"rail","rot":-107.6}},{"type":"Feature","geometry":{"type":"Point","coordinates":[-70.88962189714196,41.1011281106986]},"properties":{"kind":"rail","rot":-107.6}},{"type":"Feature","geometry":{"type":"Point","coordinates":[-70.88963386952197,41.101098858076604]},"properties":{"kind":"rail","rot":-107.6}},{"type":"Feature","geometry":{"type":"Point","coordinates":[-70.88964584190197,41.101069605454605]},"properties":{"kind":"rail","rot":-107.6}},{"type":"Feature","geometry":{"type":"Point","coordinates":[-70.88965781428197,41.1010403528326]},"properties":{"kind":"rail","rot":-107.6}},{"type":"Feature","geometry":{"type":"Point","coordinates":[-70.88966978666198,41.1010111002106]},"properties":{"kind":"rail","rot":-107.6}},{"type":"Feature","geometry":{"type":"Point","coordinates":[-70.88968175904198,41.1009818475886]},"properties":{"kind":"rail","rot":-107.6}},{"type":"Feature","geometry":{"type":"Point","coordinates":[-70.88969373142199,41.10095259496659]},"properties":{"kind":"rail","rot":-107.6}},{"type":"Feature","geometry":{"type":"Point","coordinates":[-70.8896964207515,41.10094602401413]},"properties":{"kind":"rail","rot":-100}},{"type":"Feature","geometry":{"type":"Point","coordinates":[-70.88970272784226,41.100919054276105]},"properties":{"kind":"rail","rot":-100}},{"type":"Feature","geometry":{"type":"Point","coordinates":[-70.88970903493303,41.10089208453809]},"properties":{"kind":"rail","rot":-100}},{"type":"Feature","geometry":{"type":"Point","coordinates":[-70.88971534202379,41.100865114800065]},"properties":{"kind":"rail","rot":-100}},{"type":"Feature","geometry":{"type":"Point","coordinates":[-70.88972164911455,41.10083814506204]},"properties":{"kind":"rail","rot":-100}},{"type":"Feature","geometry":{"type":"Point","coordinates":[-70.88972795620532,41.10081117532402]},"properties":{"kind":"rail","rot":-100}},{"type":"Feature","geometry":{"type":"Point","coordinates":[-70.88973426329608,41.100784205586]},"properties":{"kind":"rail","rot":-100}},{"type":"Feature","geometry":{"type":"Point","coordinates":[-70.88974057038683,41.10075723584798]},"properties":{"kind":"rail","rot":-100}},{"type":"Feature","geometry":{"type":"Point","coordinates":[-70.88974687747759,41.100730266109956]},"properties":{"kind":"rail","rot":-100}},{"type":"Feature","geometry":{"type":"Point","coordinates":[-70.88975318456836,41.10070329637194]},"properties":{"kind":"rail","rot":-100}},{"type":"Feature","geometry":{"type":"Point","coordinates":[-70.88975949165912,41.100676326633916]},"properties":{"kind":"rail","rot":-100}},{"type":"Feature","geometry":{"type":"Point","coordinates":[-70.88976579874988,41.10064935689589]},"properties":{"kind":"rail","rot":-100}},{"type":"Feature","geometry":{"type":"Point","coordinates":[-70.88976709990652,41.100643793022606]},"properties":{"kind":"rail","rot":-93.3}},{"type":"Feature","geometry":{"type":"Point","coordinates":[-70.88976921775325,41.10061565323646]},"properties":{"kind":"rail","rot":-93.3}},{"type":"Feature","geometry":{"type":"Point","coordinates":[-70.88977133559997,41.10058751345032]},"properties":{"kind":"rail","rot":-93.3}},{"type":"Feature","geometry":{"type":"Point","coordinates":[-70.8897734534467,41.10055937366418]},"properties":{"kind":"rail","rot":-93.3}},{"type":"Feature","geometry":{"type":"Point","coordinates":[-70.88977557129341,41.10053123387804]},"properties":{"kind":"rail","rot":-93.3}},{"type":"Feature","geometry":{"type":"Point","coordinates":[-70.88977768914013,41.1005030940919]},"properties":{"kind":"rail","rot":-93.3}},{"type":"Feature","geometry":{"type":"Point","coordinates":[-70.88977980698685,41.10047495430575]},"properties":{"kind":"rail","rot":-93.3}},{"type":"Feature","geometry":{"type":"Point","coordinates":[-70.88978192483357,41.100446814519614]},"properties":{"kind":"rail","rot":-93.3}},{"type":"Feature","geometry":{"type":"Point","coordinates":[-70.88978404268029,41.100418674733476]},"properties":{"kind":"rail","rot":-93.3}},{"type":"Feature","geometry":{"type":"Point","coordinates":[-70.88978616052701,41.10039053494733]},"properties":{"kind":"rail","rot":-93.3}},{"type":"Feature","geometry":{"type":"Point","coordinates":[-70.88978827837374,41.10036239516119]},"properties":{"kind":"rail","rot":-93.3}},{"type":"Feature","geometry":{"type":"Point","coordinates":[-70.88978974698726,41.100342881723336]},"properties":{"kind":"rail","rot":-94.6}},{"type":"Feature","geometry":{"type":"Point","coordinates":[-70.88979285100898,41.10031391671411]},"properties":{"kind":"rail","rot":-94.6}},{"type":"Feature","geometry":{"type":"Point","coordinates":[-70.88979595503069,41.100284951704886]},"properties":{"kind":"rail","rot":-94.6}},{"type":"Feature","geometry":{"type":"Point","coordinates":[-70.88979905905241,41.10025598669566]},"properties":{"kind":"rail","rot":-94.6}},{"type":"Feature","geometry":{"type":"Point","coordinates":[-70.88980216307412,41.10022702168643]},"properties":{"kind":"rail","rot":-94.6}},{"type":"Feature","geometry":{"type":"Point","coordinates":[-70.88980526709584,41.1001980566772]},"properties":{"kind":"rail","rot":-94.6}},{"type":"Feature","geometry":{"type":"Point","coordinates":[-70.88980837111755,41.10016909166798]},"properties":{"kind":"rail","rot":-94.6}},{"type":"Feature","geometry":{"type":"Point","coordinates":[-70.88981147513927,41.10014012665875]},"properties":{"kind":"rail","rot":-94.6}},{"type":"Feature","geometry":{"type":"Point","coordinates":[-70.88981457916098,41.10011116164952]},"properties":{"kind":"rail","rot":-94.6}},{"type":"Feature","geometry":{"type":"Point","coordinates":[-70.88981768318271,41.1000821966403]},"properties":{"kind":"rail","rot":-94.6}},{"type":"Feature","geometry":{"type":"Point","coordinates":[-70.88982078720443,41.10005323163107]},"properties":{"kind":"rail","rot":-94.6}},{"type":"Feature","geometry":{"type":"Point","coordinates":[-70.8898210399826,41.100050872845244]},"properties":{"kind":"rail","rot":-96}},{"type":"Feature","geometry":{"type":"Point","coordinates":[-70.88982502182988,41.10002244090473]},"properties":{"kind":"rail","rot":-96}},{"type":"Feature","geometry":{"type":"Point","coordinates":[-70.88982900367716,41.09999400896422]},"properties":{"kind":"rail","rot":-96}},{"type":"Feature","geometry":{"type":"Point","coordinates":[-70.88983298552444,41.0999655770237]},"properties":{"kind":"rail","rot":-96}},{"type":"Feature","geometry":{"type":"Point","coordinates":[-70.8898369673717,41.09993714508319]},"properties":{"kind":"rail","rot":-96}},{"type":"Feature","geometry":{"type":"Point","coordinates":[-70.88984094921898,41.09990871314267]},"properties":{"kind":"rail","rot":-96}},{"type":"Feature","geometry":{"type":"Point","coordinates":[-70.88984493106626,41.099880281202154]},"properties":{"kind":"rail","rot":-96}},{"type":"Feature","geometry":{"type":"Point","coordinates":[-70.88984891291354,41.09985184926164]},"properties":{"kind":"rail","rot":-96}},{"type":"Feature","geometry":{"type":"Point","coordinates":[-70.8898528947608,41.099823417321126]},"properties":{"kind":"rail","rot":-96}},{"type":"Feature","geometry":{"type":"Point","coordinates":[-70.88985687660809,41.09979498538061]},"properties":{"kind":"rail","rot":-96}},{"type":"Feature","geometry":{"type":"Point","coordinates":[-70.88986085845536,41.0997665534401]},"properties":{"kind":"rail","rot":-96}},{"type":"Feature","geometry":{"type":"Point","coordinates":[-70.88986227966652,41.09975640543893]},"properties":{"kind":"rail","rot":-93.2}},{"type":"Feature","geometry":{"type":"Point","coordinates":[-70.88986434457084,41.09972830488466]},"properties":{"kind":"rail","rot":-93.2}},{"type":"Feature","geometry":{"type":"Point","coordinates":[-70.88986640947516,41.09970020433039]},"properties":{"kind":"rail","rot":-93.2}},{"type":"Feature","geometry":{"type":"Point","coordinates":[-70.8898684743795,41.099672103776115]},"properties":{"kind":"rail","rot":-93.2}},{"type":"Feature","geometry":{"type":"Point","coordinates":[-70.88987053928382,41.09964400322185]},"properties":{"kind":"rail","rot":-93.2}},{"type":"Feature","geometry":{"type":"Point","coordinates":[-70.88987260418816,41.09961590266758]},"properties":{"kind":"rail","rot":-93.2}},{"type":"Feature","geometry":{"type":"Point","coordinates":[-70.88987466909248,41.099587802113305]},"properties":{"kind":"rail","rot":-93.2}},{"type":"Feature","geometry":{"type":"Point","coordinates":[-70.88987673399681,41.09955970155904]},"properties":{"kind":"rail","rot":-93.2}},{"type":"Feature","geometry":{"type":"Point","coordinates":[-70.88987879890114,41.09953160100476]},"properties":{"kind":"rail","rot":-93.2}},{"type":"Feature","geometry":{"type":"Point","coordinates":[-70.88988086380546,41.099503500450496]},"properties":{"kind":"rail","rot":-93.2}},{"type":"Feature","geometry":{"type":"Point","coordinates":[-70.8898829287098,41.09947539989623]},"properties":{"kind":"rail","rot":-93.2}},{"type":"Feature","geometry":{"type":"Point","coordinates":[-70.88988426582027,41.0994572036317]},"properties":{"kind":"rail","rot":-89.2}},{"type":"Feature","geometry":{"type":"Point","coordinates":[-70.88988417257784,41.099425898139124]},"properties":{"kind":"rail","rot":-89.2}},{"type":"Feature","geometry":{"type":"Point","coordinates":[-70.88988407933542,41.09939459264655]},"properties":{"kind":"rail","rot":-89.2}},{"type":"Feature","geometry":{"type":"Point","coordinates":[-70.889883986093,41.09936328715397]},"properties":{"kind":"rail","rot":-89.2}},{"type":"Feature","geometry":{"type":"Point","coordinates":[-70.88988389285056,41.09933198166139]},"properties":{"kind":"rail","rot":-89.2}},{"type":"Feature","geometry":{"type":"Point","coordinates":[-70.88988379960814,41.099300676168816]},"properties":{"kind":"rail","rot":-89.2}},{"type":"Feature","geometry":{"type":"Point","coordinates":[-70.88988370636572,41.09926937067624]},"properties":{"kind":"rail","rot":-89.2}},{"type":"Feature","geometry":{"type":"Point","coordinates":[-70.88988361312329,41.09923806518366]},"properties":{"kind":"rail","rot":-89.2}},{"type":"Feature","geometry":{"type":"Point","coordinates":[-70.88988351988087,41.099206759691086]},"properties":{"kind":"rail","rot":-89.2}},{"type":"Feature","geometry":{"type":"Point","coordinates":[-70.88988344294059,41.099180927526994]},"properties":{"kind":"rail","rot":-114.4}},{"type":"Feature","geometry":{"type":"Point","coordinates":[-70.8899041807095,41.099146488904466]},"properties":{"kind":"rail","rot":-114.4}},{"type":"Feature","geometry":{"type":"Point","coordinates":[-70.8899249184784,41.09911205028194]},"properties":{"kind":"rail","rot":-114.4}},{"type":"Feature","geometry":{"type":"Point","coordinates":[-70.8899456562473,41.09907761165941]},"properties":{"kind":"rail","rot":-114.4}},{"type":"Feature","geometry":{"type":"Point","coordinates":[-70.88996639401623,41.09904317303688]},"properties":{"kind":"rail","rot":-114.4}},{"type":"Feature","geometry":{"type":"Point","coordinates":[-70.88998713178513,41.099008734414355]},"properties":{"kind":"rail","rot":-114.4}},{"type":"Feature","geometry":{"type":"Point","coordinates":[-70.89000786955404,41.09897429579183]},"properties":{"kind":"rail","rot":-114.4}},{"type":"Feature","geometry":{"type":"Point","coordinates":[-70.8900091864744,41.09897210881968]},"properties":{"kind":"rail","rot":-138.6}},{"type":"Feature","geometry":{"type":"Point","coordinates":[-70.8900409768376,41.09895056987274]},"properties":{"kind":"rail","rot":-138.6}},{"type":"Feature","geometry":{"type":"Point","coordinates":[-70.8900727672008,41.09892903092581]},"properties":{"kind":"rail","rot":-138.6}},{"type":"Feature","geometry":{"type":"Point","coordinates":[-70.89010455756402,41.09890749197887]},"properties":{"kind":"rail","rot":-138.6}},{"type":"Feature","geometry":{"type":"Point","coordinates":[-70.89013634792722,41.09888595303193]},"properties":{"kind":"rail","rot":-138.6}},{"type":"Feature","geometry":{"type":"Point","coordinates":[-70.89016813829043,41.098864414085]},"properties":{"kind":"rail","rot":-138.6}},{"type":"Feature","geometry":{"type":"Point","coordinates":[-70.89019992865364,41.09884287513806]},"properties":{"kind":"rail","rot":-138.6}},{"type":"Feature","geometry":{"type":"Point","coordinates":[-70.89023171901685,41.09882133619112]},"properties":{"kind":"rail","rot":-138.6}},{"type":"Feature","geometry":{"type":"Point","coordinates":[-70.89026350938006,41.09879979724419]},"properties":{"kind":"rail","rot":-138.6}},{"type":"Feature","geometry":{"type":"Point","coordinates":[-70.89028511999541,41.0987851553889]},"properties":{"kind":"rail","rot":-142.6}},{"type":"Feature","geometry":{"type":"Point","coordinates":[-70.89031663785047,41.09876702209627]},"properties":{"kind":"rail","rot":-142.6}},{"type":"Feature","geometry":{"type":"Point","coordinates":[-70.89034815570552,41.098748888803634]},"properties":{"kind":"rail","rot":-142.6}},{"type":"Feature","geometry":{"type":"Point","coordinates":[-70.89037967356057,41.098730755511]},"properties":{"kind":"rail","rot":-142.6}},{"type":"Feature","geometry":{"type":"Point","coordinates":[-70.89041119141564,41.09871262221836]},"properties":{"kind":"rail","rot":-142.6}},{"type":"Feature","geometry":{"type":"Point","coordinates":[-70.89044270927069,41.09869448892572]},"properties":{"kind":"rail","rot":-142.6}},{"type":"Feature","geometry":{"type":"Point","coordinates":[-70.89047422712575,41.09867635563309]},"properties":{"kind":"rail","rot":-142.6}},{"type":"Feature","geometry":{"type":"Point","coordinates":[-70.8905057449808,41.098658222340454]},"properties":{"kind":"rail","rot":-142.6}},{"type":"Feature","geometry":{"type":"Point","coordinates":[-70.89053726283585,41.09864008904782]},"properties":{"kind":"rail","rot":-142.6}},{"type":"Feature","geometry":{"type":"Point","coordinates":[-70.89056878069091,41.09862195575518]},"properties":{"kind":"rail","rot":-142.6}},{"type":"Feature","geometry":{"type":"Point","coordinates":[-70.89059520445929,41.09860675326365]},"properties":{"kind":"rail","rot":-147.6}},{"type":"Feature","geometry":{"type":"Point","coordinates":[-70.89062739109048,41.0985913680602]},"properties":{"kind":"rail","rot":-147.6}},{"type":"Feature","geometry":{"type":"Point","coordinates":[-70.89065957772166,41.09857598285674]},"properties":{"kind":"rail","rot":-147.6}},{"type":"Feature","geometry":{"type":"Point","coordinates":[-70.89069176435287,41.09856059765328]},"properties":{"kind":"rail","rot":-147.6}},{"type":"Feature","geometry":{"type":"Point","coordinates":[-70.89072395098405,41.09854521244982]},"properties":{"kind":"rail","rot":-147.6}},{"type":"Feature","geometry":{"type":"Point","coordinates":[-70.89075613761524,41.09852982724637]},"properties":{"kind":"rail","rot":-147.6}},{"type":"Feature","geometry":{"type":"Point","coordinates":[-70.89078832424644,41.09851444204291]},"properties":{"kind":"rail","rot":-147.6}},{"type":"Feature","geometry":{"type":"Point","coordinates":[-70.89082051087763,41.09849905683945]},"properties":{"kind":"rail","rot":-147.6}},{"type":"Feature","geometry":{"type":"Point","coordinates":[-70.89085269750882,41.098483671636]},"properties":{"kind":"rail","rot":-147.6}},{"type":"Feature","geometry":{"type":"Point","coordinates":[-70.89088488414002,41.098468286432535]},"properties":{"kind":"rail","rot":-147.6}},{"type":"Feature","geometry":{"type":"Point","coordinates":[-70.89091707077121,41.09845290122908]},"properties":{"kind":"rail","rot":-147.6}},{"type":"Feature","geometry":{"type":"Point","coordinates":[-70.89093640072832,41.098443661513336]},"properties":{"kind":"rail","rot":-142.4}},{"type":"Feature","geometry":{"type":"Point","coordinates":[-70.89096553947407,41.09842676021587]},"properties":{"kind":"rail","rot":-142.4}},{"type":"Feature","geometry":{"type":"Point","coordinates":[-70.8909946782198,41.09840985891841]},"properties":{"kind":"rail","rot":-142.4}},{"type":"Feature","geometry":{"type":"Point","coordinates":[-70.89102381696554,41.09839295762095]},"properties":{"kind":"rail","rot":-142.4}},{"type":"Feature","geometry":{"type":"Point","coordinates":[-70.89105295571127,41.09837605632349]},"properties":{"kind":"rail","rot":-142.4}},{"type":"Feature","geometry":{"type":"Point","coordinates":[-70.89108209445702,41.098359155026024]},"properties":{"kind":"rail","rot":-142.4}},{"type":"Feature","geometry":{"type":"Point","coordinates":[-70.89111123320275,41.09834225372856]},"properties":{"kind":"rail","rot":-142.4}},{"type":"Feature","geometry":{"type":"Point","coordinates":[-70.8911403719485,41.098325352431104]},"properties":{"kind":"rail","rot":-142.4}},{"type":"Feature","geometry":{"type":"Point","coordinates":[-70.89116951069423,41.09830845113364]},"properties":{"kind":"rail","rot":-142.4}},{"type":"Feature","geometry":{"type":"Point","coordinates":[-70.89119864943997,41.098291549836176]},"properties":{"kind":"rail","rot":-142.4}},{"type":"Feature","geometry":{"type":"Point","coordinates":[-70.8912277881857,41.09827464853871]},"properties":{"kind":"rail","rot":-142.4}},{"type":"Feature","geometry":{"type":"Point","coordinates":[-70.89125692693145,41.098257747241256]},"properties":{"kind":"rail","rot":-142.4}},{"type":"Feature","geometry":{"type":"Point","coordinates":[-70.89126486160974,41.09825314490321]},"properties":{"kind":"rail","rot":-137.2}},{"type":"Feature","geometry":{"type":"Point","coordinates":[-70.89129198010104,41.098234231500804]},"properties":{"kind":"rail","rot":-137.2}},{"type":"Feature","geometry":{"type":"Point","coordinates":[-70.89131909859235,41.0982153180984]},"properties":{"kind":"rail","rot":-137.2}},{"type":"Feature","geometry":{"type":"Point","coordinates":[-70.89134621708365,41.098196404696]},"properties":{"kind":"rail","rot":-137.2}},{"type":"Feature","geometry":{"type":"Point","coordinates":[-70.89137333557497,41.09817749129359]},"properties":{"kind":"rail","rot":-137.2}},{"type":"Feature","geometry":{"type":"Point","coordinates":[-70.89140045406627,41.09815857789118]},"properties":{"kind":"rail","rot":-137.2}},{"type":"Feature","geometry":{"type":"Point","coordinates":[-70.89142757255757,41.09813966448878]},"properties":{"kind":"rail","rot":-137.2}},{"type":"Feature","geometry":{"type":"Point","coordinates":[-70.89145469104889,41.09812075108637]},"properties":{"kind":"rail","rot":-137.2}},{"type":"Feature","geometry":{"type":"Point","coordinates":[-70.8914818095402,41.09810183768396]},"properties":{"kind":"rail","rot":-137.2}},{"type":"Feature","geometry":{"type":"Point","coordinates":[-70.8915089280315,41.098082924281556]},"properties":{"kind":"rail","rot":-137.2}},{"type":"Feature","geometry":{"type":"Point","coordinates":[-70.89153604652282,41.098064010879156]},"properties":{"kind":"rail","rot":-137.2}},{"type":"Feature","geometry":{"type":"Point","coordinates":[-70.89156316501412,41.09804509747675]},"properties":{"kind":"rail","rot":-137.2}},{"type":"Feature","geometry":{"type":"Point","coordinates":[-70.8915687905453,41.09804117403079]},"properties":{"kind":"rail","rot":-133.4}},{"type":"Feature","geometry":{"type":"Point","coordinates":[-70.8915942896884,41.098020845088]},"properties":{"kind":"rail","rot":-133.4}},{"type":"Feature","geometry":{"type":"Point","coordinates":[-70.89161978883149,41.09800051614521]},"properties":{"kind":"rail","rot":-133.4}},{"type":"Feature","geometry":{"type":"Point","coordinates":[-70.89164528797458,41.097980187202424]},"properties":{"kind":"rail","rot":-133.4}},{"type":"Feature","geometry":{"type":"Point","coordinates":[-70.89167078711768,41.097959858259635]},"properties":{"kind":"rail","rot":-133.4}},{"type":"Feature","geometry":{"type":"Point","coordinates":[-70.89169628626077,41.09793952931685]},"properties":{"kind":"rail","rot":-133.4}},{"type":"Feature","geometry":{"type":"Point","coordinates":[-70.89172178540386,41.09791920037406]},"properties":{"kind":"rail","rot":-133.4}},{"type":"Feature","geometry":{"type":"Point","coordinates":[-70.89174728454695,41.09789887143127]},"properties":{"kind":"rail","rot":-133.4}},{"type":"Feature","geometry":{"type":"Point","coordinates":[-70.89177278369004,41.09787854248848]},"properties":{"kind":"rail","rot":-133.4}},{"type":"Feature","geometry":{"type":"Point","coordinates":[-70.89179828283314,41.09785821354569]},"properties":{"kind":"rail","rot":-133.4}},{"type":"Feature","geometry":{"type":"Point","coordinates":[-70.89182378197623,41.0978378846029]},"properties":{"kind":"rail","rot":-133.4}},{"type":"Feature","geometry":{"type":"Point","coordinates":[-70.89184928111932,41.097817555660114]},"properties":{"kind":"rail","rot":-133.4}},{"type":"Feature","geometry":{"type":"Point","coordinates":[-70.89185150224063,41.097815784892845]},"properties":{"kind":"rail","rot":-129}},{"type":"Feature","geometry":{"type":"Point","coordinates":[-70.89187704910684,41.09779228897373]},"properties":{"kind":"rail","rot":-129}},{"type":"Feature","geometry":{"type":"Point","coordinates":[-70.89190259597305,41.09776879305461]},"properties":{"kind":"rail","rot":-129}},{"type":"Feature","geometry":{"type":"Point","coordinates":[-70.89192814283926,41.097745297135496]},"properties":{"kind":"rail","rot":-129}},{"type":"Feature","geometry":{"type":"Point","coordinates":[-70.89195368970547,41.09772180121639]},"properties":{"kind":"rail","rot":-129}},{"type":"Feature","geometry":{"type":"Point","coordinates":[-70.89197923657167,41.09769830529727]},"properties":{"kind":"rail","rot":-129}},{"type":"Feature","geometry":{"type":"Point","coordinates":[-70.89200478343788,41.097674809378155]},"properties":{"kind":"rail","rot":-129}},{"type":"Feature","geometry":{"type":"Point","coordinates":[-70.8920303303041,41.09765131345904]},"properties":{"kind":"rail","rot":-129}},{"type":"Feature","geometry":{"type":"Point","coordinates":[-70.8920558771703,41.09762781753993]},"properties":{"kind":"rail","rot":-129}},{"type":"Feature","geometry":{"type":"Point","coordinates":[-70.89208142403652,41.097604321620814]},"properties":{"kind":"rail","rot":-129}},{"type":"Feature","geometry":{"type":"Point","coordinates":[-70.89209626409408,41.09759067294902]},"properties":{"kind":"rail","rot":-148.2}},{"type":"Feature","geometry":{"type":"Point","coordinates":[-70.8921362264677,41.09757206131172]},"properties":{"kind":"rail","rot":-148.2}},{"type":"Feature","geometry":{"type":"Point","coordinates":[-70.89217618884132,41.09755344967443]},"properties":{"kind":"rail","rot":-148.2}},{"type":"Feature","geometry":{"type":"Point","coordinates":[-70.89221615121494,41.09753483803714]},"properties":{"kind":"rail","rot":-148.2}},{"type":"Feature","geometry":{"type":"Point","coordinates":[-70.89225611358856,41.09751622639985]},"properties":{"kind":"rail","rot":-148.2}},{"type":"Feature","geometry":{"type":"Point","coordinates":[-70.89229607596218,41.09749761476255]},"properties":{"kind":"rail","rot":-148.2}},{"type":"Feature","geometry":{"type":"Point","coordinates":[-70.8923360383358,41.09747900312526]},"properties":{"kind":"rail","rot":-148.2}},{"type":"Feature","geometry":{"type":"Point","coordinates":[-70.89236569247801,41.097465192330525]},"properties":{"kind":"rail","rot":-169.4}},{"type":"Feature","geometry":{"type":"Point","coordinates":[-70.89240530284951,41.09745938144001]},"properties":{"kind":"rail","rot":-169.4}},{"type":"Feature","geometry":{"type":"Point","coordinates":[-70.89244491322101,41.097453570549504]},"properties":{"kind":"rail","rot":-169.4}},{"type":"Feature","geometry":{"type":"Point","coordinates":[-70.8924845235925,41.09744775965899]},"properties":{"kind":"rail","rot":-169.4}},{"type":"Feature","geometry":{"type":"Point","coordinates":[-70.892524133964,41.097441948768484]},"properties":{"kind":"rail","rot":-169.4}},{"type":"Feature","geometry":{"type":"Point","coordinates":[-70.89256374433549,41.09743613787797]},"properties":{"kind":"rail","rot":-169.4}},{"type":"Feature","geometry":{"type":"Point","coordinates":[-70.89260335470699,41.09743032698746]},"properties":{"kind":"rail","rot":-169.4}},{"type":"Feature","geometry":{"type":"Point","coordinates":[-70.89264296507848,41.09742451609695]},"properties":{"kind":"rail","rot":-169.4}},{"type":"Feature","geometry":{"type":"Point","coordinates":[-70.89268257544998,41.09741870520644]},"properties":{"kind":"rail","rot":-169.4}},{"type":"Feature","geometry":{"type":"Point","coordinates":[-70.8927155716079,41.097413864629246]},"properties":{"kind":"rail","rot":-161.7}},{"type":"Feature","geometry":{"type":"Point","coordinates":[-70.89274993987303,41.097405301295915]},"properties":{"kind":"rail","rot":-161.7}},{"type":"Feature","geometry":{"type":"Point","coordinates":[-70.89278430813818,41.09739673796259]},"properties":{"kind":"rail","rot":-161.7}},{"type":"Feature","geometry":{"type":"Point","coordinates":[-70.89281867640331,41.097388174629266]},"properties":{"kind":"rail","rot":-161.7}},{"type":"Feature","geometry":{"type":"Point","coordinates":[-70.89285304466846,41.097379611295935]},"properties":{"kind":"rail","rot":-161.7}},{"type":"Feature","geometry":{"type":"Point","coordinates":[-70.89288741293359,41.09737104796261]},"properties":{"kind":"rail","rot":-161.7}},{"type":"Feature","geometry":{"type":"Point","coordinates":[-70.89292178119874,41.097362484629286]},"properties":{"kind":"rail","rot":-161.7}},{"type":"Feature","geometry":{"type":"Point","coordinates":[-70.89295614946387,41.097353921295955]},"properties":{"kind":"rail","rot":-161.7}},{"type":"Feature","geometry":{"type":"Point","coordinates":[-70.89299051772902,41.09734535796263]},"properties":{"kind":"rail","rot":-161.7}},{"type":"Feature","geometry":{"type":"Point","coordinates":[-70.89302488599415,41.09733679462931]},"properties":{"kind":"rail","rot":-161.7}},{"type":"Feature","geometry":{"type":"Point","coordinates":[-70.8930592542593,41.097328231295975]},"properties":{"kind":"rail","rot":-161.7}},{"type":"Feature","geometry":{"type":"Point","coordinates":[-70.89308270899332,41.097322387221375]},"properties":{"kind":"rail","rot":-154.6}},{"type":"Feature","geometry":{"type":"Point","coordinates":[-70.89311757655139,41.097309962338414]},"properties":{"kind":"rail","rot":-154.6}},{"type":"Feature","geometry":{"type":"Point","coordinates":[-70.89315244410946,41.09729753745545]},"properties":{"kind":"rail","rot":-154.6}},{"type":"Feature","geometry":{"type":"Point","coordinates":[-70.89318731166753,41.097285112572486]},"properties":{"kind":"rail","rot":-154.6}},{"type":"Feature","geometry":{"type":"Point","coordinates":[-70.89322217922562,41.097272687689525]},"properties":{"kind":"rail","rot":-154.6}},{"type":"Feature","geometry":{"type":"Point","coordinates":[-70.89325704678369,41.097260262806564]},"properties":{"kind":"rail","rot":-154.6}},{"type":"Feature","geometry":{"type":"Point","coordinates":[-70.89329191434176,41.097247837923604]},"properties":{"kind":"rail","rot":-154.6}},{"type":"Feature","geometry":{"type":"Point","coordinates":[-70.89332678189983,41.097235413040636]},"properties":{"kind":"rail","rot":-154.6}},{"type":"Feature","geometry":{"type":"Point","coordinates":[-70.8933616494579,41.097222988157675]},"properties":{"kind":"rail","rot":-154.6}},{"type":"Feature","geometry":{"type":"Point","coordinates":[-70.89339651701599,41.097210563274714]},"properties":{"kind":"rail","rot":-154.6}},{"type":"Feature","geometry":{"type":"Point","coordinates":[-70.89341638373048,41.09720348386864]},"properties":{"kind":"rail","rot":-164.5}},{"type":"Feature","geometry":{"type":"Point","coordinates":[-70.89345658148757,41.09719507591267]},"properties":{"kind":"rail","rot":-164.5}},{"type":"Feature","geometry":{"type":"Point","coordinates":[-70.89349677924464,41.097186667956706]},"properties":{"kind":"rail","rot":-164.5}},{"type":"Feature","geometry":{"type":"Point","coordinates":[-70.89353697700173,41.097178260000746]},"properties":{"kind":"rail","rot":-164.5}},{"type":"Feature","geometry":{"type":"Point","coordinates":[-70.89357717475882,41.09716985204478]},"properties":{"kind":"rail","rot":-164.5}},{"type":"Feature","geometry":{"type":"Point","coordinates":[-70.8936173725159,41.09716144408882]},"properties":{"kind":"rail","rot":-164.5}},{"type":"Feature","geometry":{"type":"Point","coordinates":[-70.89365757027298,41.09715303613285]},"properties":{"kind":"rail","rot":-164.5}},{"type":"Feature","geometry":{"type":"Point","coordinates":[-70.89369776803007,41.097144628176885]},"properties":{"kind":"rail","rot":-164.5}},{"type":"Feature","geometry":{"type":"Point","coordinates":[-70.89373796578715,41.097136220220925]},"properties":{"kind":"rail","rot":-164.5}},{"type":"Feature","geometry":{"type":"Point","coordinates":[-70.89374605816639,41.09713452758001]},"properties":{"kind":"rail","rot":-174.4}},{"type":"Feature","geometry":{"type":"Point","coordinates":[-70.89378492173424,41.0971316355306]},"properties":{"kind":"rail","rot":-174.4}},{"type":"Feature","geometry":{"type":"Point","coordinates":[-70.89382378530209,41.0971287434812]},"properties":{"kind":"rail","rot":-174.4}},{"type":"Feature","geometry":{"type":"Point","coordinates":[-70.89386264886994,41.09712585143179]},"properties":{"kind":"rail","rot":-174.4}},{"type":"Feature","geometry":{"type":"Point","coordinates":[-70.89390151243778,41.09712295938239]},"properties":{"kind":"rail","rot":-174.4}},{"type":"Feature","geometry":{"type":"Point","coordinates":[-70.89394037600563,41.09712006733298]},"properties":{"kind":"rail","rot":-174.4}},{"type":"Feature","geometry":{"type":"Point","coordinates":[-70.89397923957348,41.09711717528357]},"properties":{"kind":"rail","rot":-174.4}},{"type":"Feature","geometry":{"type":"Point","coordinates":[-70.89401810314133,41.09711428323417]},"properties":{"kind":"rail","rot":-174.4}},{"type":"Feature","geometry":{"type":"Point","coordinates":[-70.89405696670919,41.09711139118476]},"properties":{"kind":"rail","rot":-174.4}},{"type":"Feature","geometry":{"type":"Point","coordinates":[-70.89409583027704,41.09710849913536]},"properties":{"kind":"rail","rot":-174.4}},{"type":"Feature","geometry":{"type":"Point","coordinates":[-70.89410798563918,41.09710759458876]},"properties":{"kind":"rail","rot":-170.2}},{"type":"Feature","geometry":{"type":"Point","coordinates":[-70.89414441495578,41.09710286461191]},"properties":{"kind":"rail","rot":-170.2}},{"type":"Feature","geometry":{"type":"Point","coordinates":[-70.89418084427238,41.097098134635054]},"properties":{"kind":"rail","rot":-170.2}},{"type":"Feature","geometry":{"type":"Point","coordinates":[-70.89421727358899,41.097093404658196]},"properties":{"kind":"rail","rot":-170.2}},{"type":"Feature","geometry":{"type":"Point","coordinates":[-70.8942537029056,41.09708867468134]},"properties":{"kind":"rail","rot":-170.2}},{"type":"Feature","geometry":{"type":"Point","coordinates":[-70.89429013222221,41.09708394470449]},"properties":{"kind":"rail","rot":-170.2}},{"type":"Feature","geometry":{"type":"Point","coordinates":[-70.8943265615388,41.09707921472763]},"properties":{"kind":"rail","rot":-170.2}},{"type":"Feature","geometry":{"type":"Point","coordinates":[-70.89436299085541,41.09707448475077]},"properties":{"kind":"rail","rot":-170.2}},{"type":"Feature","geometry":{"type":"Point","coordinates":[-70.89439942017202,41.09706975477391]},"properties":{"kind":"rail","rot":-170.2}},{"type":"Feature","geometry":{"type":"Point","coordinates":[-70.89443584948863,41.09706502479706]},"properties":{"kind":"rail","rot":-170.2}},{"type":"Feature","geometry":{"type":"Point","coordinates":[-70.89447227880524,41.0970602948202]},"properties":{"kind":"rail","rot":-170.2}},{"type":"Feature","geometry":{"type":"Point","coordinates":[-70.89448204834045,41.097059026345256]},"properties":{"kind":"rail","rot":-165.4}},{"type":"Feature","geometry":{"type":"Point","coordinates":[-70.89452156259948,41.097051517317254]},"properties":{"kind":"rail","rot":-165.4}},{"type":"Feature","geometry":{"type":"Point","coordinates":[-70.8945610768585,41.09704400828925]},"properties":{"kind":"rail","rot":-165.4}},{"type":"Feature","geometry":{"type":"Point","coordinates":[-70.89460059111752,41.09703649926124]},"properties":{"kind":"rail","rot":-165.4}},{"type":"Feature","geometry":{"type":"Point","coordinates":[-70.89464010537655,41.09702899023324]},"properties":{"kind":"rail","rot":-165.4}},{"type":"Feature","geometry":{"type":"Point","coordinates":[-70.89467961963558,41.09702148120524]},"properties":{"kind":"rail","rot":-165.4}},{"type":"Feature","geometry":{"type":"Point","coordinates":[-70.8947191338946,41.09701397217724]},"properties":{"kind":"rail","rot":-165.4}},{"type":"Feature","geometry":{"type":"Point","coordinates":[-70.89475864815363,41.097006463149235]},"properties":{"kind":"rail","rot":-165.4}},{"type":"Feature","geometry":{"type":"Point","coordinates":[-70.89479816241266,41.09699895412123]},"properties":{"kind":"rail","rot":-165.4}},{"type":"Feature","geometry":{"type":"Point","coordinates":[-70.89482352000725,41.09699413533195]},"properties":{"kind":"rail","rot":173.4}},{"type":"Feature","geometry":{"type":"Point","coordinates":[-70.89487438080948,41.09699872013817]},"properties":{"kind":"rail","rot":173.4}},{"type":"Feature","geometry":{"type":"Point","coordinates":[-70.89492524161172,41.09700330494439]},"properties":{"kind":"rail","rot":173.4}},{"type":"Feature","geometry":{"type":"Point","coordinates":[-70.89497610241395,41.09700788975061]},"properties":{"kind":"rail","rot":173.4}},{"type":"Feature","geometry":{"type":"Point","coordinates":[-70.89502696321618,41.097012474556834]},"properties":{"kind":"rail","rot":173.4}},{"type":"Feature","geometry":{"type":"Point","coordinates":[-70.89507782401841,41.097017059363054]},"properties":{"kind":"rail","rot":173.4}},{"type":"Feature","geometry":{"type":"Point","coordinates":[-70.8950884157698,41.097018014147984]},"properties":{"kind":"rail","rot":147.9}},{"type":"Feature","geometry":{"type":"Point","coordinates":[-70.8951254857394,41.0970349503918]},"properties":{"kind":"rail","rot":147.9}},{"type":"Feature","geometry":{"type":"Point","coordinates":[-70.89516255570899,41.09705188663562]},"properties":{"kind":"rail","rot":147.9}},{"type":"Feature","geometry":{"type":"Point","coordinates":[-70.89519962567859,41.097068822879436]},"properties":{"kind":"rail","rot":147.9}},{"type":"Feature","geometry":{"type":"Point","coordinates":[-70.89523669564818,41.097085759123246]},"properties":{"kind":"rail","rot":147.9}},{"type":"Feature","geometry":{"type":"Point","coordinates":[-70.89527376561777,41.09710269536706]},"properties":{"kind":"rail","rot":147.9}},{"type":"Feature","geometry":{"type":"Point","coordinates":[-70.89531083558737,41.09711963161088]},"properties":{"kind":"rail","rot":147.9}},{"type":"Feature","geometry":{"type":"Point","coordinates":[-70.89534229306724,41.09713400366338]},"properties":{"kind":"rail","rot":148.8}},{"type":"Feature","geometry":{"type":"Point","coordinates":[-70.8953750847157,41.0971489761765]},"properties":{"kind":"rail","rot":148.8}},{"type":"Feature","geometry":{"type":"Point","coordinates":[-70.89540787636415,41.09716394868961]},"properties":{"kind":"rail","rot":148.8}},{"type":"Feature","geometry":{"type":"Point","coordinates":[-70.8954406680126,41.09717892120273]},"properties":{"kind":"rail","rot":148.8}},{"type":"Feature","geometry":{"type":"Point","coordinates":[-70.89547345966105,41.09719389371585]},"properties":{"kind":"rail","rot":148.8}},{"type":"Feature","geometry":{"type":"Point","coordinates":[-70.8955062513095,41.09720886622897]},"properties":{"kind":"rail","rot":148.8}},{"type":"Feature","geometry":{"type":"Point","coordinates":[-70.89553904295795,41.09722383874208]},"properties":{"kind":"rail","rot":148.8}},{"type":"Feature","geometry":{"type":"Point","coordinates":[-70.8955718346064,41.0972388112552]},"properties":{"kind":"rail","rot":148.8}},{"type":"Feature","geometry":{"type":"Point","coordinates":[-70.89560462625485,41.09725378376832]},"properties":{"kind":"rail","rot":148.8}},{"type":"Feature","geometry":{"type":"Point","coordinates":[-70.89562001977077,41.0972608123756]},"properties":{"kind":"rail","rot":148.3}},{"type":"Feature","geometry":{"type":"Point","coordinates":[-70.89565311670776,41.09727624802209]},"properties":{"kind":"rail","rot":148.3}},{"type":"Feature","geometry":{"type":"Point","coordinates":[-70.89568621364475,41.09729168366857]},"properties":{"kind":"rail","rot":148.3}},{"type":"Feature","geometry":{"type":"Point","coordinates":[-70.89571931058175,41.097307119315055]},"properties":{"kind":"rail","rot":148.3}},{"type":"Feature","geometry":{"type":"Point","coordinates":[-70.89575240751874,41.09732255496154]},"properties":{"kind":"rail","rot":148.3}},{"type":"Feature","geometry":{"type":"Point","coordinates":[-70.89578550445573,41.097337990608025]},"properties":{"kind":"rail","rot":148.3}},{"type":"Feature","geometry":{"type":"Point","coordinates":[-70.89581860139272,41.09735342625451]},"properties":{"kind":"rail","rot":148.3}},{"type":"Feature","geometry":{"type":"Point","coordinates":[-70.89585169832971,41.097368861900996]},"properties":{"kind":"rail","rot":148.3}},{"type":"Feature","geometry":{"type":"Point","coordinates":[-70.8958847952667,41.09738429754748]},"properties":{"kind":"rail","rot":148.3}},{"type":"Feature","geometry":{"type":"Point","coordinates":[-70.89589285511173,41.09738805647292]},"properties":{"kind":"rail","rot":144.5}},{"type":"Feature","geometry":{"type":"Point","coordinates":[-70.89592503402594,41.097405359859806]},"properties":{"kind":"rail","rot":144.5}},{"type":"Feature","geometry":{"type":"Point","coordinates":[-70.89595721294013,41.09742266324669]},"properties":{"kind":"rail","rot":144.5}},{"type":"Feature","geometry":{"type":"Point","coordinates":[-70.89598939185434,41.09743996663358]},"properties":{"kind":"rail","rot":144.5}},{"type":"Feature","geometry":{"type":"Point","coordinates":[-70.89602157076854,41.09745727002046]},"properties":{"kind":"rail","rot":144.5}},{"type":"Feature","geometry":{"type":"Point","coordinates":[-70.89605374968275,41.09747457340735]},"properties":{"kind":"rail","rot":144.5}},{"type":"Feature","geometry":{"type":"Point","coordinates":[-70.89608592859695,41.09749187679424]},"properties":{"kind":"rail","rot":144.5}},{"type":"Feature","geometry":{"type":"Point","coordinates":[-70.89611810751116,41.09750918018112]},"properties":{"kind":"rail","rot":144.5}},{"type":"Feature","geometry":{"type":"Point","coordinates":[-70.89615028642537,41.09752648356801]},"properties":{"kind":"rail","rot":144.5}},{"type":"Feature","geometry":{"type":"Point","coordinates":[-70.89615117306384,41.09752696033514]},"properties":{"kind":"rail","rot":140.8}},{"type":"Feature","geometry":{"type":"Point","coordinates":[-70.89618221703195,41.0975460428877]},"properties":{"kind":"rail","rot":140.8}},{"type":"Feature","geometry":{"type":"Point","coordinates":[-70.89621326100006,41.09756512544026]},"properties":{"kind":"rail","rot":140.8}},{"type":"Feature","geometry":{"type":"Point","coordinates":[-70.89624430496815,41.09758420799282]},"properties":{"kind":"rail","rot":140.8}},{"type":"Feature","geometry":{"type":"Point","coordinates":[-70.89627534893626,41.09760329054538]},"properties":{"kind":"rail","rot":140.8}},{"type":"Feature","geometry":{"type":"Point","coordinates":[-70.89630639290436,41.097622373097934]},"properties":{"kind":"rail","rot":140.8}},{"type":"Feature","geometry":{"type":"Point","coordinates":[-70.89633743687247,41.097641455650496]},"properties":{"kind":"rail","rot":140.8}},{"type":"Feature","geometry":{"type":"Point","coordinates":[-70.89636848084056,41.09766053820306]},"properties":{"kind":"rail","rot":140.8}},{"type":"Feature","geometry":{"type":"Point","coordinates":[-70.8963958925632,41.09767738803476]},"properties":{"kind":"rail","rot":134.3}},{"type":"Feature","geometry":{"type":"Point","coordinates":[-70.89642430264747,41.09769932270888]},"properties":{"kind":"rail","rot":134.3}},{"type":"Feature","geometry":{"type":"Point","coordinates":[-70.89645271273173,41.09772125738299]},"properties":{"kind":"rail","rot":134.3}},{"type":"Feature","geometry":{"type":"Point","coordinates":[-70.89648112281598,41.09774319205711]},"properties":{"kind":"rail","rot":134.3}},{"type":"Feature","geometry":{"type":"Point","coordinates":[-70.89650953290025,41.097765126731225]},"properties":{"kind":"rail","rot":134.3}},{"type":"Feature","geometry":{"type":"Point","coordinates":[-70.89653794298451,41.09778706140534]},"properties":{"kind":"rail","rot":134.3}},{"type":"Feature","geometry":{"type":"Point","coordinates":[-70.89656635306876,41.09780899607946]},"properties":{"kind":"rail","rot":134.3}},{"type":"Feature","geometry":{"type":"Point","coordinates":[-70.89659476315302,41.097830930753574]},"properties":{"kind":"rail","rot":134.3}},{"type":"Feature","geometry":{"type":"Point","coordinates":[-70.89661263149046,41.09784472642398]},"properties":{"kind":"rail","rot":129.7}},{"type":"Feature","geometry":{"type":"Point","coordinates":[-70.89663411784295,41.0978648855455]},"properties":{"kind":"rail","rot":129.7}},{"type":"Feature","geometry":{"type":"Point","coordinates":[-70.89665560419544,41.097885044667024]},"properties":{"kind":"rail","rot":129.7}},{"type":"Feature","geometry":{"type":"Point","coordinates":[-70.89667709054794,41.09790520378854]},"properties":{"kind":"rail","rot":129.7}},{"type":"Feature","geometry":{"type":"Point","coordinates":[-70.89669857690045,41.09792536291007]},"properties":{"kind":"rail","rot":129.7}},{"type":"Feature","geometry":{"type":"Point","coordinates":[-70.89672006325294,41.09794552203159]},"properties":{"kind":"rail","rot":129.7}},{"type":"Feature","geometry":{"type":"Point","coordinates":[-70.89674154960544,41.097965681153106]},"properties":{"kind":"rail","rot":129.7}},{"type":"Feature","geometry":{"type":"Point","coordinates":[-70.89676303595793,41.09798584027463]},"properties":{"kind":"rail","rot":129.7}},{"type":"Feature","geometry":{"type":"Point","coordinates":[-70.89678452231043,41.09800599939615]},"properties":{"kind":"rail","rot":129.7}},{"type":"Feature","geometry":{"type":"Point","coordinates":[-70.89680600866294,41.09802615851767]},"properties":{"kind":"rail","rot":129.7}},{"type":"Feature","geometry":{"type":"Point","coordinates":[-70.89682749501543,41.098046317639195]},"properties":{"kind":"rail","rot":129.7}},{"type":"Feature","geometry":{"type":"Point","coordinates":[-70.89683875251646,41.09805687975444]},"properties":{"kind":"rail","rot":171.2}},{"type":"Feature","geometry":{"type":"Point","coordinates":[-70.89686484247393,41.09806001139845]},"properties":{"kind":"rail","rot":171.2}},{"type":"Feature","geometry":{"type":"Point","coordinates":[-70.89689093243139,41.098063143042474]},"properties":{"kind":"rail","rot":171.2}},{"type":"Feature","geometry":{"type":"Point","coordinates":[-70.89691702238886,41.098066274686495]},"properties":{"kind":"rail","rot":171.2}},{"type":"Feature","geometry":{"type":"Point","coordinates":[-70.89694311234634,41.09806940633052]},"properties":{"kind":"rail","rot":171.2}},{"type":"Feature","geometry":{"type":"Point","coordinates":[-70.89696920230381,41.09807253797454]},"properties":{"kind":"rail","rot":171.2}},{"type":"Feature","geometry":{"type":"Point","coordinates":[-70.89699529226128,41.09807566961855]},"properties":{"kind":"rail","rot":171.2}},{"type":"Feature","geometry":{"type":"Point","coordinates":[-70.89702138221875,41.098078801262574]},"properties":{"kind":"rail","rot":171.2}},{"type":"Feature","geometry":{"type":"Point","coordinates":[-70.89704747217623,41.098081932906595]},"properties":{"kind":"rail","rot":171.2}},{"type":"Feature","geometry":{"type":"Point","coordinates":[-70.8970735621337,41.09808506455062]},"properties":{"kind":"rail","rot":171.2}},{"type":"Feature","geometry":{"type":"Point","coordinates":[-70.89709965209117,41.09808819619464]},"properties":{"kind":"rail","rot":171.2}},{"type":"Feature","geometry":{"type":"Point","coordinates":[-70.89712574204864,41.09809132783865]},"properties":{"kind":"rail","rot":171.2}},{"type":"Feature","geometry":{"type":"Point","coordinates":[-70.89715183200612,41.098094459482674]},"properties":{"kind":"rail","rot":171.2}},{"type":"Feature","geometry":{"type":"Point","coordinates":[-70.89717792196357,41.098097591126695]},"properties":{"kind":"rail","rot":171.2}},{"type":"Feature","geometry":{"type":"Point","coordinates":[-70.8971808683537,41.0980979447894]},"properties":{"kind":"rail","rot":-144.1}},{"type":"Feature","geometry":{"type":"Point","coordinates":[-70.89720763003514,41.0980826215421]},"properties":{"kind":"rail","rot":-144.1}},{"type":"Feature","geometry":{"type":"Point","coordinates":[-70.89723439171657,41.098067298294794]},"properties":{"kind":"rail","rot":-144.1}},{"type":"Feature","geometry":{"type":"Point","coordinates":[-70.897261153398,41.09805197504749]},"properties":{"kind":"rail","rot":-144.1}},{"type":"Feature","geometry":{"type":"Point","coordinates":[-70.89728791507943,41.098036651800186]},"properties":{"kind":"rail","rot":-144.1}},{"type":"Feature","geometry":{"type":"Point","coordinates":[-70.89731467676087,41.098021328552875]},"properties":{"kind":"rail","rot":-144.1}},{"type":"Feature","geometry":{"type":"Point","coordinates":[-70.89734143844231,41.09800600530557]},"properties":{"kind":"rail","rot":-144.1}},{"type":"Feature","geometry":{"type":"Point","coordinates":[-70.89736820012374,41.09799068205827]},"properties":{"kind":"rail","rot":-144.1}},{"type":"Feature","geometry":{"type":"Point","coordinates":[-70.89739496180518,41.09797535881096]},"properties":{"kind":"rail","rot":-144.1}},{"type":"Feature","geometry":{"type":"Point","coordinates":[-70.8974217234866,41.09796003556366]},"properties":{"kind":"rail","rot":-144.1}},{"type":"Feature","geometry":{"type":"Point","coordinates":[-70.89744848516804,41.097944712316355]},"properties":{"kind":"rail","rot":-144.1}},{"type":"Feature","geometry":{"type":"Point","coordinates":[-70.8974486563114,41.09794461432281]},"properties":{"kind":"rail","rot":-150.7}},{"type":"Feature","geometry":{"type":"Point","coordinates":[-70.89748567889751,41.097928937160404]},"properties":{"kind":"rail","rot":-150.7}},{"type":"Feature","geometry":{"type":"Point","coordinates":[-70.89752270148364,41.09791325999799]},"properties":{"kind":"rail","rot":-150.7}},{"type":"Feature","geometry":{"type":"Point","coordinates":[-70.89755972406977,41.09789758283558]},"properties":{"kind":"rail","rot":-150.7}},{"type":"Feature","geometry":{"type":"Point","coordinates":[-70.89759674665588,41.09788190567317]},"properties":{"kind":"rail","rot":-150.7}},{"type":"Feature","geometry":{"type":"Point","coordinates":[-70.897633769242,41.09786622851076]},"properties":{"kind":"rail","rot":-150.7}},{"type":"Feature","geometry":{"type":"Point","coordinates":[-70.89767079182813,41.097850551348344]},"properties":{"kind":"rail","rot":-150.7}},{"type":"Feature","geometry":{"type":"Point","coordinates":[-70.8976864246874,41.097843931635914]},"properties":{"kind":"rail","rot":-160}},{"type":"Feature","geometry":{"type":"Point","coordinates":[-70.89772262749513,41.097833989218145]},"properties":{"kind":"rail","rot":-160}},{"type":"Feature","geometry":{"type":"Point","coordinates":[-70.89775883030285,41.09782404680038]},"properties":{"kind":"rail","rot":-160}},{"type":"Feature","geometry":{"type":"Point","coordinates":[-70.89779503311057,41.097814104382614]},"properties":{"kind":"rail","rot":-160}},{"type":"Feature","geometry":{"type":"Point","coordinates":[-70.8978312359183,41.09780416196485]},"properties":{"kind":"rail","rot":-160}},{"type":"Feature","geometry":{"type":"Point","coordinates":[-70.89786743872602,41.09779421954709]},"properties":{"kind":"rail","rot":-160}},{"type":"Feature","geometry":{"type":"Point","coordinates":[-70.89790364153374,41.09778427712932]},"properties":{"kind":"rail","rot":-160}},{"type":"Feature","geometry":{"type":"Point","coordinates":[-70.89793984434148,41.09777433471156]},"properties":{"kind":"rail","rot":-160}},{"type":"Feature","geometry":{"type":"Point","coordinates":[-70.89796539951388,41.09776731646585]},"properties":{"kind":"rail","rot":-152.7}},{"type":"Feature","geometry":{"type":"Point","coordinates":[-70.89799710422355,41.097754980450425]},"properties":{"kind":"rail","rot":-152.7}},{"type":"Feature","geometry":{"type":"Point","coordinates":[-70.8980288089332,41.097742644434994]},"properties":{"kind":"rail","rot":-152.7}},{"type":"Feature","geometry":{"type":"Point","coordinates":[-70.89806051364287,41.09773030841957]},"properties":{"kind":"rail","rot":-152.7}},{"type":"Feature","geometry":{"type":"Point","coordinates":[-70.89809221835255,41.09771797240414]},"properties":{"kind":"rail","rot":-152.7}},{"type":"Feature","geometry":{"type":"Point","coordinates":[-70.89812392306222,41.09770563638872]},"properties":{"kind":"rail","rot":-152.7}},{"type":"Feature","geometry":{"type":"Point","coordinates":[-70.89815562777187,41.097693300373294]},"properties":{"kind":"rail","rot":-152.7}},{"type":"Feature","geometry":{"type":"Point","coordinates":[-70.89818733248154,41.09768096435786]},"properties":{"kind":"rail","rot":-152.7}},{"type":"Feature","geometry":{"type":"Point","coordinates":[-70.89821903719121,41.09766862834244]},"properties":{"kind":"rail","rot":-152.7}},{"type":"Feature","geometry":{"type":"Point","coordinates":[-70.89824441894004,41.09765875253382]},"properties":{"kind":"rail","rot":-145.4}},{"type":"Feature","geometry":{"type":"Point","coordinates":[-70.8982737862799,41.097643488241275]},"properties":{"kind":"rail","rot":-145.4}},{"type":"Feature","geometry":{"type":"Point","coordinates":[-70.89830315361978,41.09762822394874]},"properties":{"kind":"rail","rot":-145.4}},{"type":"Feature","geometry":{"type":"Point","coordinates":[-70.89833252095964,41.097612959656196]},"properties":{"kind":"rail","rot":-145.4}},{"type":"Feature","geometry":{"type":"Point","coordinates":[-70.89836188829952,41.09759769536365]},"properties":{"kind":"rail","rot":-145.4}},{"type":"Feature","geometry":{"type":"Point","coordinates":[-70.89839125563938,41.09758243107111]},"properties":{"kind":"rail","rot":-145.4}},{"type":"Feature","geometry":{"type":"Point","coordinates":[-70.89842062297926,41.097567166778575]},"properties":{"kind":"rail","rot":-145.4}},{"type":"Feature","geometry":{"type":"Point","coordinates":[-70.89844999031912,41.09755190248603]},"properties":{"kind":"rail","rot":-145.4}},{"type":"Feature","geometry":{"type":"Point","coordinates":[-70.898479357659,41.09753663819349]},"properties":{"kind":"rail","rot":-145.4}},{"type":"Feature","geometry":{"type":"Point","coordinates":[-70.89850444536275,41.09752359833183]},"properties":{"kind":"rail","rot":-137.9}},{"type":"Feature","geometry":{"type":"Point","coordinates":[-70.89853087480779,41.097505614905266]},"properties":{"kind":"rail","rot":-137.9}},{"type":"Feature","geometry":{"type":"Point","coordinates":[-70.89855730425285,41.09748763147871]},"properties":{"kind":"rail","rot":-137.9}},{"type":"Feature","geometry":{"type":"Point","coordinates":[-70.89858373369789,41.09746964805214]},"properties":{"kind":"rail","rot":-137.9}},{"type":"Feature","geometry":{"type":"Point","coordinates":[-70.89861016314295,41.097451664625574]},"properties":{"kind":"rail","rot":-137.9}},{"type":"Feature","geometry":{"type":"Point","coordinates":[-70.89863659258799,41.09743368119901]},"properties":{"kind":"rail","rot":-137.9}},{"type":"Feature","geometry":{"type":"Point","coordinates":[-70.89866302203305,41.09741569777245]},"properties":{"kind":"rail","rot":-137.9}},{"type":"Feature","geometry":{"type":"Point","coordinates":[-70.89868945147809,41.09739771434588]},"properties":{"kind":"rail","rot":-137.9}},{"type":"Feature","geometry":{"type":"Point","coordinates":[-70.89871588092315,41.097379730919315]},"properties":{"kind":"rail","rot":-137.9}},{"type":"Feature","geometry":{"type":"Point","coordinates":[-70.89873729687827,41.09736515882915]},"properties":{"kind":"rail","rot":-129}},{"type":"Feature","geometry":{"type":"Point","coordinates":[-70.89876416738608,41.09734088388803]},"properties":{"kind":"rail","rot":-129}},{"type":"Feature","geometry":{"type":"Point","coordinates":[-70.89879103789389,41.09731660894692]},"properties":{"kind":"rail","rot":-129}},{"type":"Feature","geometry":{"type":"Point","coordinates":[-70.8988179084017,41.0972923340058]},"properties":{"kind":"rail","rot":-129}},{"type":"Feature","geometry":{"type":"Point","coordinates":[-70.89884477890952,41.09726805906468]},"properties":{"kind":"rail","rot":-129}},{"type":"Feature","geometry":{"type":"Point","coordinates":[-70.89887164941733,41.09724378412356]},"properties":{"kind":"rail","rot":-129}},{"type":"Feature","geometry":{"type":"Point","coordinates":[-70.89889851992514,41.097219509182445]},"properties":{"kind":"rail","rot":-129}},{"type":"Feature","geometry":{"type":"Point","coordinates":[-70.8989149655435,41.09720465213471]},"properties":{"kind":"rail","rot":-153.9}},{"type":"Feature","geometry":{"type":"Point","coordinates":[-70.89895750549265,41.09718873145083]},"properties":{"kind":"rail","rot":-153.9}},{"type":"Feature","geometry":{"type":"Point","coordinates":[-70.8990000454418,41.09717281076694]},"properties":{"kind":"rail","rot":-153.9}},{"type":"Feature","geometry":{"type":"Point","coordinates":[-70.89904258539094,41.097156890083056]},"properties":{"kind":"rail","rot":-153.9}},{"type":"Feature","geometry":{"type":"Point","coordinates":[-70.8990851253401,41.09714096939918]},"properties":{"kind":"rail","rot":-153.9}},{"type":"Feature","geometry":{"type":"Point","coordinates":[-70.89912766528924,41.09712504871529]},"properties":{"kind":"rail","rot":-153.9}},{"type":"Feature","geometry":{"type":"Point","coordinates":[-70.89917020523839,41.097109128031406]},"properties":{"kind":"rail","rot":-153.9}},{"type":"Feature","geometry":{"type":"Point","coordinates":[-70.89917819222327,41.097106138882054]},"properties":{"kind":"rail","rot":-169.7}},{"type":"Feature","geometry":{"type":"Point","coordinates":[-70.8992172128536,41.097100689004044]},"properties":{"kind":"rail","rot":-169.7}},{"type":"Feature","geometry":{"type":"Point","coordinates":[-70.89925623348391,41.09709523912604]},"properties":{"kind":"rail","rot":-169.7}},{"type":"Feature","geometry":{"type":"Point","coordinates":[-70.89929525411422,41.09708978924803]},"properties":{"kind":"rail","rot":-169.7}},{"type":"Feature","geometry":{"type":"Point","coordinates":[-70.89933427474453,41.09708433937003]},"properties":{"kind":"rail","rot":-169.7}},{"type":"Feature","geometry":{"type":"Point","coordinates":[-70.89937329537484,41.09707888949202]},"properties":{"kind":"rail","rot":-169.7}},{"type":"Feature","geometry":{"type":"Point","coordinates":[-70.89941231600515,41.097073439614014]},"properties":{"kind":"rail","rot":-169.7}},{"type":"Feature","geometry":{"type":"Point","coordinates":[-70.89945133663547,41.097067989736004]},"properties":{"kind":"rail","rot":-169.7}},{"type":"Feature","geometry":{"type":"Point","coordinates":[-70.89949035726578,41.097062539858]},"properties":{"kind":"rail","rot":-169.7}},{"type":"Feature","geometry":{"type":"Point","coordinates":[-70.89952937789609,41.09705708997999]},"properties":{"kind":"rail","rot":-169.7}},{"type":"Feature","geometry":{"type":"Point","coordinates":[-70.8995683985264,41.09705164010199]},"properties":{"kind":"rail","rot":-169.7}},{"type":"Feature","geometry":{"type":"Point","coordinates":[-70.8995827455573,41.09704963630124]},"properties":{"kind":"rail","rot":-165.9}},{"type":"Feature","geometry":{"type":"Point","coordinates":[-70.89961889623152,41.09704281209694]},"properties":{"kind":"rail","rot":-165.9}},{"type":"Feature","geometry":{"type":"Point","coordinates":[-70.89965504690575,41.09703598789264]},"properties":{"kind":"rail","rot":-165.9}},{"type":"Feature","geometry":{"type":"Point","coordinates":[-70.89969119757998,41.09702916368833]},"properties":{"kind":"rail","rot":-165.9}},{"type":"Feature","geometry":{"type":"Point","coordinates":[-70.8997273482542,41.097022339484035]},"properties":{"kind":"rail","rot":-165.9}},{"type":"Feature","geometry":{"type":"Point","coordinates":[-70.89976349892844,41.097015515279736]},"properties":{"kind":"rail","rot":-165.9}},{"type":"Feature","geometry":{"type":"Point","coordinates":[-70.89979964960266,41.09700869107543]},"properties":{"kind":"rail","rot":-165.9}},{"type":"Feature","geometry":{"type":"Point","coordinates":[-70.89983580027689,41.09700186687113]},"properties":{"kind":"rail","rot":-165.9}},{"type":"Feature","geometry":{"type":"Point","coordinates":[-70.89987195095112,41.096995042666826]},"properties":{"kind":"rail","rot":-165.9}},{"type":"Feature","geometry":{"type":"Point","coordinates":[-70.89990810162534,41.09698821846253]},"properties":{"kind":"rail","rot":-165.9}},{"type":"Feature","geometry":{"type":"Point","coordinates":[-70.89994425229958,41.09698139425823]},"properties":{"kind":"rail","rot":-165.9}},{"type":"Feature","geometry":{"type":"Point","coordinates":[-70.89998040297381,41.09697457005392]},"properties":{"kind":"rail","rot":-165.9}},{"type":"Feature","geometry":{"type":"Point","coordinates":[-70.90000187230996,41.096970517262676]},"properties":{"kind":"rail","rot":-162.4}},{"type":"Feature","geometry":{"type":"Point","coordinates":[-70.90003909416153,41.09696164711185]},"properties":{"kind":"rail","rot":-162.4}},{"type":"Feature","geometry":{"type":"Point","coordinates":[-70.9000763160131,41.09695277696102]},"properties":{"kind":"rail","rot":-162.4}},{"type":"Feature","geometry":{"type":"Point","coordinates":[-70.90011353786466,41.09694390681018]},"properties":{"kind":"rail","rot":-162.4}},{"type":"Feature","geometry":{"type":"Point","coordinates":[-70.90015075971623,41.09693503665935]},"properties":{"kind":"rail","rot":-162.4}},{"type":"Feature","geometry":{"type":"Point","coordinates":[-70.9001879815678,41.096926166508524]},"properties":{"kind":"rail","rot":-162.4}},{"type":"Feature","geometry":{"type":"Point","coordinates":[-70.90022520341937,41.096917296357695]},"properties":{"kind":"rail","rot":-162.4}},{"type":"Feature","geometry":{"type":"Point","coordinates":[-70.90026242527092,41.09690842620686]},"properties":{"kind":"rail","rot":-162.4}},{"type":"Feature","geometry":{"type":"Point","coordinates":[-70.9002996471225,41.09689955605603]},"properties":{"kind":"rail","rot":-162.4}},{"type":"Feature","geometry":{"type":"Point","coordinates":[-70.90033686897407,41.0968906859052]},"properties":{"kind":"rail","rot":-162.4}},{"type":"Feature","geometry":{"type":"Point","coordinates":[-70.90037409082564,41.09688181575437]},"properties":{"kind":"rail","rot":-162.4}},{"type":"Feature","geometry":{"type":"Point","coordinates":[-70.90039918442243,41.09687583582648]},"properties":{"kind":"rail","rot":-172.4}},{"type":"Feature","geometry":{"type":"Point","coordinates":[-70.90044007057315,41.09687173373044]},"properties":{"kind":"rail","rot":-172.4}},{"type":"Feature","geometry":{"type":"Point","coordinates":[-70.9004809567239,41.0968676316344]},"properties":{"kind":"rail","rot":-172.4}},{"type":"Feature","geometry":{"type":"Point","coordinates":[-70.90052184287464,41.09686352953836]},"properties":{"kind":"rail","rot":-172.4}},{"type":"Feature","geometry":{"type":"Point","coordinates":[-70.90056272902538,41.096859427442325]},"properties":{"kind":"rail","rot":-172.4}},{"type":"Feature","geometry":{"type":"Point","coordinates":[-70.90060361517611,41.09685532534628]},"properties":{"kind":"rail","rot":-172.4}},{"type":"Feature","geometry":{"type":"Point","coordinates":[-70.90064450132685,41.09685122325025]},"properties":{"kind":"rail","rot":-172.4}},{"type":"Feature","geometry":{"type":"Point","coordinates":[-70.9006853874776,41.096847121154205]},"properties":{"kind":"rail","rot":-172.4}},{"type":"Feature","geometry":{"type":"Point","coordinates":[-70.90072627362834,41.09684301905817]},"properties":{"kind":"rail","rot":-172.4}},{"type":"Feature","geometry":{"type":"Point","coordinates":[-70.90076715977906,41.09683891696213]},"properties":{"kind":"rail","rot":-172.4}},{"type":"Feature","geometry":{"type":"Point","coordinates":[-70.90078994641229,41.09683663078561]},"properties":{"kind":"rail","rot":177.6}},{"type":"Feature","geometry":{"type":"Point","coordinates":[-70.90082879331294,41.09683783792904]},"properties":{"kind":"rail","rot":177.6}},{"type":"Feature","geometry":{"type":"Point","coordinates":[-70.90086764021359,41.096839045072464]},"properties":{"kind":"rail","rot":177.6}},{"type":"Feature","geometry":{"type":"Point","coordinates":[-70.90090648711423,41.09684025221589]},"properties":{"kind":"rail","rot":177.6}},{"type":"Feature","geometry":{"type":"Point","coordinates":[-70.90094533401488,41.09684145935931]},"properties":{"kind":"rail","rot":177.6}},{"type":"Feature","geometry":{"type":"Point","coordinates":[-70.90098418091553,41.09684266650274]},"properties":{"kind":"rail","rot":177.6}},{"type":"Feature","geometry":{"type":"Point","coordinates":[-70.90102302781617,41.096843873646165]},"properties":{"kind":"rail","rot":177.6}},{"type":"Feature","geometry":{"type":"Point","coordinates":[-70.90106187471682,41.09684508078959]},"properties":{"kind":"rail","rot":177.6}},{"type":"Feature","geometry":{"type":"Point","coordinates":[-70.90110072161747,41.09684628793302]},"properties":{"kind":"rail","rot":177.6}},{"type":"Feature","geometry":{"type":"Point","coordinates":[-70.9011395685181,41.096847495076446]},"properties":{"kind":"rail","rot":177.6}},{"type":"Feature","geometry":{"type":"Point","coordinates":[-70.90117841541876,41.09684870221987]},"properties":{"kind":"rail","rot":177.6}},{"type":"Feature","geometry":{"type":"Point","coordinates":[-70.90120818273626,41.09684962722086]},"properties":{"kind":"rail","rot":-177.8}},{"type":"Feature","geometry":{"type":"Point","coordinates":[-70.90124516052367,41.09684855833439]},"properties":{"kind":"rail","rot":-177.8}},{"type":"Feature","geometry":{"type":"Point","coordinates":[-70.90128213831109,41.096847489447924]},"properties":{"kind":"rail","rot":-177.8}},{"type":"Feature","geometry":{"type":"Point","coordinates":[-70.9013191160985,41.09684642056145]},"properties":{"kind":"rail","rot":-177.8}},{"type":"Feature","geometry":{"type":"Point","coordinates":[-70.90135609388591,41.09684535167498]},"properties":{"kind":"rail","rot":-177.8}},{"type":"Feature","geometry":{"type":"Point","coordinates":[-70.90139307167333,41.09684428278851]},"properties":{"kind":"rail","rot":-177.8}},{"type":"Feature","geometry":{"type":"Point","coordinates":[-70.90143004946074,41.096843213902034]},"properties":{"kind":"rail","rot":-177.8}},{"type":"Feature","geometry":{"type":"Point","coordinates":[-70.90146702724816,41.096842145015565]},"properties":{"kind":"rail","rot":-177.8}},{"type":"Feature","geometry":{"type":"Point","coordinates":[-70.90150400503558,41.096841076129095]},"properties":{"kind":"rail","rot":-177.8}},{"type":"Feature","geometry":{"type":"Point","coordinates":[-70.901540982823,41.09684000724262]},"properties":{"kind":"rail","rot":-177.8}},{"type":"Feature","geometry":{"type":"Point","coordinates":[-70.9015779606104,41.09683893835615]},"properties":{"kind":"rail","rot":-177.8}},{"type":"Feature","geometry":{"type":"Point","coordinates":[-70.90161493839781,41.09683786946968]},"properties":{"kind":"rail","rot":-177.8}},{"type":"Feature","geometry":{"type":"Point","coordinates":[-70.90164257604516,41.09683707057095]},"properties":{"kind":"rail","rot":-173.2}},{"type":"Feature","geometry":{"type":"Point","coordinates":[-70.90168084873473,41.09683367017422]},"properties":{"kind":"rail","rot":-173.2}},{"type":"Feature","geometry":{"type":"Point","coordinates":[-70.90171912142429,41.09683026977749]},"properties":{"kind":"rail","rot":-173.2}},{"type":"Feature","geometry":{"type":"Point","coordinates":[-70.90175739411387,41.09682686938076]},"properties":{"kind":"rail","rot":-173.2}},{"type":"Feature","geometry":{"type":"Point","coordinates":[-70.90179566680344,41.096823468984034]},"properties":{"kind":"rail","rot":-173.2}},{"type":"Feature","geometry":{"type":"Point","coordinates":[-70.90183393949302,41.0968200685873]},"properties":{"kind":"rail","rot":-173.2}},{"type":"Feature","geometry":{"type":"Point","coordinates":[-70.90187221218258,41.09681666819057]},"properties":{"kind":"rail","rot":-173.2}},{"type":"Feature","geometry":{"type":"Point","coordinates":[-70.90191048487215,41.09681326779384]},"properties":{"kind":"rail","rot":-173.2}},{"type":"Feature","geometry":{"type":"Point","coordinates":[-70.90194875756173,41.09680986739711]},"properties":{"kind":"rail","rot":-173.2}},{"type":"Feature","geometry":{"type":"Point","coordinates":[-70.90198703025129,41.096806467000384]},"properties":{"kind":"rail","rot":-173.2}},{"type":"Feature","geometry":{"type":"Point","coordinates":[-70.90202530294087,41.096803066603655]},"properties":{"kind":"rail","rot":-173.2}},{"type":"Feature","geometry":{"type":"Point","coordinates":[-70.90206122704816,41.09679987487037]},"properties":{"kind":"rail","rot":179.7}},{"type":"Feature","geometry":{"type":"Point","coordinates":[-70.90210098410354,41.096800029329366]},"properties":{"kind":"rail","rot":179.7}},{"type":"Feature","geometry":{"type":"Point","coordinates":[-70.90214074115892,41.09680018378836]},"properties":{"kind":"rail","rot":179.7}},{"type":"Feature","geometry":{"type":"Point","coordinates":[-70.90218049821428,41.09680033824735]},"properties":{"kind":"rail","rot":179.7}},{"type":"Feature","geometry":{"type":"Point","coordinates":[-70.90222025526965,41.09680049270634]},"properties":{"kind":"rail","rot":179.7}},{"type":"Feature","geometry":{"type":"Point","coordinates":[-70.90226001232503,41.09680064716534]},"properties":{"kind":"rail","rot":179.7}},{"type":"Feature","geometry":{"type":"Point","coordinates":[-70.9022997693804,41.096800801624326]},"properties":{"kind":"rail","rot":179.7}},{"type":"Feature","geometry":{"type":"Point","coordinates":[-70.90233952643578,41.09680095608332]},"properties":{"kind":"rail","rot":179.7}},{"type":"Feature","geometry":{"type":"Point","coordinates":[-70.90237928349114,41.096801110542316]},"properties":{"kind":"rail","rot":179.7}},{"type":"Feature","geometry":{"type":"Point","coordinates":[-70.90241904054652,41.09680126500131]},"properties":{"kind":"rail","rot":179.7}},{"type":"Feature","geometry":{"type":"Point","coordinates":[-70.9024587976019,41.0968014194603]},"properties":{"kind":"rail","rot":179.7}},{"type":"Feature","geometry":{"type":"Point","coordinates":[-70.90249855465727,41.096801573919294]},"properties":{"kind":"rail","rot":179.7}},{"type":"Feature","geometry":{"type":"Point","coordinates":[-70.9025205457404,41.09680165935622]},"properties":{"kind":"rail","rot":174.1}},{"type":"Feature","geometry":{"type":"Point","coordinates":[-70.90255928800923,41.09680467987927]},"properties":{"kind":"rail","rot":174.1}},{"type":"Feature","geometry":{"type":"Point","coordinates":[-70.90259803027806,41.096807700402316]},"properties":{"kind":"rail","rot":174.1}},{"type":"Feature","geometry":{"type":"Point","coordinates":[-70.9026367725469,41.09681072092537]},"properties":{"kind":"rail","rot":174.1}},{"type":"Feature","geometry":{"type":"Point","coordinates":[-70.90267551481573,41.09681374144842]},"properties":{"kind":"rail","rot":174.1}},{"type":"Feature","geometry":{"type":"Point","coordinates":[-70.90271425708457,41.096816761971475]},"properties":{"kind":"rail","rot":174.1}},{"type":"Feature","geometry":{"type":"Point","coordinates":[-70.9027529993534,41.09681978249452]},"properties":{"kind":"rail","rot":174.1}},{"type":"Feature","geometry":{"type":"Point","coordinates":[-70.90279174162222,41.096822803017574]},"properties":{"kind":"rail","rot":174.1}},{"type":"Feature","geometry":{"type":"Point","coordinates":[-70.90283048389107,41.09682582354063]},"properties":{"kind":"rail","rot":174.1}},{"type":"Feature","geometry":{"type":"Point","coordinates":[-70.9028692261599,41.09682884406367]},"properties":{"kind":"rail","rot":174.1}},{"type":"Feature","geometry":{"type":"Point","coordinates":[-70.90290796842872,41.096831864586726]},"properties":{"kind":"rail","rot":174.1}},{"type":"Feature","geometry":{"type":"Point","coordinates":[-70.90294671069756,41.09683488510978]},"properties":{"kind":"rail","rot":174.1}},{"type":"Feature","geometry":{"type":"Point","coordinates":[-70.90298545296639,41.096837905632825]},"properties":{"kind":"rail","rot":174.1}},{"type":"Feature","geometry":{"type":"Point","coordinates":[-70.90302419523523,41.09684092615588]},"properties":{"kind":"rail","rot":174.1}},{"type":"Feature","geometry":{"type":"Point","coordinates":[-70.90303874113714,41.09684206022038]},"properties":{"kind":"rail","rot":172.2}},{"type":"Feature","geometry":{"type":"Point","coordinates":[-70.90307695000254,41.09684601100928]},"properties":{"kind":"rail","rot":172.2}},{"type":"Feature","geometry":{"type":"Point","coordinates":[-70.90311515886795,41.09684996179818]},"properties":{"kind":"rail","rot":172.2}},{"type":"Feature","geometry":{"type":"Point","coordinates":[-70.90315336773334,41.09685391258707]},"properties":{"kind":"rail","rot":172.2}},{"type":"Feature","geometry":{"type":"Point","coordinates":[-70.90319157659874,41.096857863375966]},"properties":{"kind":"rail","rot":172.2}},{"type":"Feature","geometry":{"type":"Point","coordinates":[-70.90322978546415,41.09686181416486]},"properties":{"kind":"rail","rot":172.2}},{"type":"Feature","geometry":{"type":"Point","coordinates":[-70.90326799432955,41.096865764953755]},"properties":{"kind":"rail","rot":172.2}},{"type":"Feature","geometry":{"type":"Point","coordinates":[-70.90330620319496,41.09686971574265]},"properties":{"kind":"rail","rot":172.2}},{"type":"Feature","geometry":{"type":"Point","coordinates":[-70.90334441206036,41.09687366653154]},"properties":{"kind":"rail","rot":172.2}},{"type":"Feature","geometry":{"type":"Point","coordinates":[-70.90338262092575,41.09687761732044]},"properties":{"kind":"rail","rot":172.2}},{"type":"Feature","geometry":{"type":"Point","coordinates":[-70.90342082979116,41.09688156810933]},"properties":{"kind":"rail","rot":172.2}},{"type":"Feature","geometry":{"type":"Point","coordinates":[-70.90345903865656,41.096885518898226]},"properties":{"kind":"rail","rot":172.2}},{"type":"Feature","geometry":{"type":"Point","coordinates":[-70.90349724752197,41.09688946968712]},"properties":{"kind":"rail","rot":172.2}},{"type":"Feature","geometry":{"type":"Point","coordinates":[-70.90353545638737,41.096893420476015]},"properties":{"kind":"rail","rot":172.2}},{"type":"Feature","geometry":{"type":"Point","coordinates":[-70.9035586367054,41.096895817316174]},"properties":{"kind":"rail","rot":170.3}},{"type":"Feature","geometry":{"type":"Point","coordinates":[-70.90359623384923,41.096900677151716]},"properties":{"kind":"rail","rot":170.3}},{"type":"Feature","geometry":{"type":"Point","coordinates":[-70.90363383099304,41.09690553698725]},"properties":{"kind":"rail","rot":170.3}},{"type":"Feature","geometry":{"type":"Point","coordinates":[-70.90367142813687,41.096910396822786]},"properties":{"kind":"rail","rot":170.3}},{"type":"Feature","geometry":{"type":"Point","coordinates":[-70.90370902528069,41.09691525665833]},"properties":{"kind":"rail","rot":170.3}},{"type":"Feature","geometry":{"type":"Point","coordinates":[-70.90374662242452,41.09692011649386]},"properties":{"kind":"rail","rot":170.3}},{"type":"Feature","geometry":{"type":"Point","coordinates":[-70.90378421956835,41.096924976329404]},"properties":{"kind":"rail","rot":170.3}},{"type":"Feature","geometry":{"type":"Point","coordinates":[-70.90382181671217,41.09692983616494]},"properties":{"kind":"rail","rot":170.3}},{"type":"Feature","geometry":{"type":"Point","coordinates":[-70.903859413856,41.09693469600048]},"properties":{"kind":"rail","rot":170.3}},{"type":"Feature","geometry":{"type":"Point","coordinates":[-70.90389701099983,41.096939555836016]},"properties":{"kind":"rail","rot":170.3}},{"type":"Feature","geometry":{"type":"Point","coordinates":[-70.90393460814364,41.09694441567156]},"properties":{"kind":"rail","rot":170.3}},{"type":"Feature","geometry":{"type":"Point","coordinates":[-70.90397220528747,41.09694927550709]},"properties":{"kind":"rail","rot":170.3}},{"type":"Feature","geometry":{"type":"Point","coordinates":[-70.90400980243129,41.09695413534263]},"properties":{"kind":"rail","rot":170.3}},{"type":"Feature","geometry":{"type":"Point","coordinates":[-70.90404739957512,41.09695899517817]},"properties":{"kind":"rail","rot":170.3}},{"type":"Feature","geometry":{"type":"Point","coordinates":[-70.90408075848782,41.096963307176715]},"properties":{"kind":"rail","rot":172.2}},{"type":"Feature","geometry":{"type":"Point","coordinates":[-70.90411815249412,41.09696717188174]},"properties":{"kind":"rail","rot":172.2}},{"type":"Feature","geometry":{"type":"Point","coordinates":[-70.90415554650042,41.09697103658675]},"properties":{"kind":"rail","rot":172.2}},{"type":"Feature","geometry":{"type":"Point","coordinates":[-70.90419294050672,41.09697490129177]},"properties":{"kind":"rail","rot":172.2}},{"type":"Feature","geometry":{"type":"Point","coordinates":[-70.90423033451302,41.09697876599679]},"properties":{"kind":"rail","rot":172.2}},{"type":"Feature","geometry":{"type":"Point","coordinates":[-70.90426772851932,41.09698263070181]},"properties":{"kind":"rail","rot":172.2}},{"type":"Feature","geometry":{"type":"Point","coordinates":[-70.90430512252561,41.09698649540683]},"properties":{"kind":"rail","rot":172.2}},{"type":"Feature","geometry":{"type":"Point","coordinates":[-70.90434251653191,41.096990360111846]},"properties":{"kind":"rail","rot":172.2}},{"type":"Feature","geometry":{"type":"Point","coordinates":[-70.90437991053821,41.09699422481687]},"properties":{"kind":"rail","rot":172.2}},{"type":"Feature","geometry":{"type":"Point","coordinates":[-70.9044173045445,41.09699808952189]},"properties":{"kind":"rail","rot":172.2}},{"type":"Feature","geometry":{"type":"Point","coordinates":[-70.9044546985508,41.097001954226904]},"properties":{"kind":"rail","rot":172.2}},{"type":"Feature","geometry":{"type":"Point","coordinates":[-70.90449209255709,41.097005818931926]},"properties":{"kind":"rail","rot":172.2}},{"type":"Feature","geometry":{"type":"Point","coordinates":[-70.90452948656339,41.09700968363694]},"properties":{"kind":"rail","rot":172.2}},{"type":"Feature","geometry":{"type":"Point","coordinates":[-70.90456688056969,41.09701354834196]},"properties":{"kind":"rail","rot":172.2}},{"type":"Feature","geometry":{"type":"Point","coordinates":[-70.90460427457599,41.097017413046984]},"properties":{"kind":"rail","rot":172.2}},{"type":"Feature","geometry":{"type":"Point","coordinates":[-70.90461109952813,41.09701811841207]},"properties":{"kind":"rail","rot":174.1}},{"type":"Feature","geometry":{"type":"Point","coordinates":[-70.90464945901184,41.097021093906335]},"properties":{"kind":"rail","rot":174.1}},{"type":"Feature","geometry":{"type":"Point","coordinates":[-70.90468781849555,41.09702406940059]},"properties":{"kind":"rail","rot":174.1}},{"type":"Feature","geometry":{"type":"Point","coordinates":[-70.90472617797926,41.097027044894844]},"properties":{"kind":"rail","rot":174.1}},{"type":"Feature","geometry":{"type":"Point","coordinates":[-70.90476453746297,41.097030020389106]},"properties":{"kind":"rail","rot":174.1}},{"type":"Feature","geometry":{"type":"Point","coordinates":[-70.90480289694668,41.09703299588336]},"properties":{"kind":"rail","rot":174.1}},{"type":"Feature","geometry":{"type":"Point","coordinates":[-70.9048412564304,41.097035971377615]},"properties":{"kind":"rail","rot":174.1}},{"type":"Feature","geometry":{"type":"Point","coordinates":[-70.90487961591411,41.097038946871876]},"properties":{"kind":"rail","rot":174.1}},{"type":"Feature","geometry":{"type":"Point","coordinates":[-70.90491797539782,41.09704192236613]},"properties":{"kind":"rail","rot":174.1}},{"type":"Feature","geometry":{"type":"Point","coordinates":[-70.90495633488153,41.097044897860386]},"properties":{"kind":"rail","rot":174.1}},{"type":"Feature","geometry":{"type":"Point","coordinates":[-70.90499469436524,41.09704787335465]},"properties":{"kind":"rail","rot":174.1}},{"type":"Feature","geometry":{"type":"Point","coordinates":[-70.90503305384895,41.0970508488489]},"properties":{"kind":"rail","rot":174.1}},{"type":"Feature","geometry":{"type":"Point","coordinates":[-70.90507141333266,41.097053824343156]},"properties":{"kind":"rail","rot":174.1}},{"type":"Feature","geometry":{"type":"Point","coordinates":[-70.90510977281637,41.09705679983742]},"properties":{"kind":"rail","rot":174.1}},{"type":"Feature","geometry":{"type":"Point","coordinates":[-70.90513579771505,41.097058818554274]},"properties":{"kind":"rail","rot":168.4}},{"type":"Feature","geometry":{"type":"Point","coordinates":[-70.90517444485107,41.09706481898555]},"properties":{"kind":"rail","rot":168.4}},{"type":"Feature","geometry":{"type":"Point","coordinates":[-70.9052130919871,41.09707081941683]},"properties":{"kind":"rail","rot":168.4}},{"type":"Feature","geometry":{"type":"Point","coordinates":[-70.90525173912312,41.097076819848105]},"properties":{"kind":"rail","rot":168.4}},{"type":"Feature","geometry":{"type":"Point","coordinates":[-70.90529038625914,41.09708282027938]},"properties":{"kind":"rail","rot":168.4}},{"type":"Feature","geometry":{"type":"Point","coordinates":[-70.90532903339516,41.09708882071066]},"properties":{"kind":"rail","rot":168.4}},{"type":"Feature","geometry":{"type":"Point","coordinates":[-70.90536768053119,41.09709482114194]},"properties":{"kind":"rail","rot":168.4}},{"type":"Feature","geometry":{"type":"Point","coordinates":[-70.90540632766721,41.097100821573214]},"properties":{"kind":"rail","rot":168.4}},{"type":"Feature","geometry":{"type":"Point","coordinates":[-70.90544497480325,41.09710682200449]},"properties":{"kind":"rail","rot":168.4}},{"type":"Feature","geometry":{"type":"Point","coordinates":[-70.90548362193927,41.09711282243577]},"properties":{"kind":"rail","rot":168.4}},{"type":"Feature","geometry":{"type":"Point","coordinates":[-70.90552226907529,41.097118822867046]},"properties":{"kind":"rail","rot":168.4}},{"type":"Feature","geometry":{"type":"Point","coordinates":[-70.90556091621131,41.09712482329832]},"properties":{"kind":"rail","rot":168.4}},{"type":"Feature","geometry":{"type":"Point","coordinates":[-70.90559956334734,41.0971308237296]},"properties":{"kind":"rail","rot":168.4}},{"type":"Feature","geometry":{"type":"Point","coordinates":[-70.90563821048336,41.09713682416088]},"properties":{"kind":"rail","rot":168.4}},{"type":"Feature","geometry":{"type":"Point","coordinates":[-70.90564061467384,41.097137197440276]},"properties":{"kind":"rail","rot":162.6}},{"type":"Feature","geometry":{"type":"Point","coordinates":[-70.90567725997502,41.09714585277487]},"properties":{"kind":"rail","rot":162.6}},{"type":"Feature","geometry":{"type":"Point","coordinates":[-70.9057139052762,41.09715450810946]},"properties":{"kind":"rail","rot":162.6}},{"type":"Feature","geometry":{"type":"Point","coordinates":[-70.90575055057738,41.09716316344406]},"properties":{"kind":"rail","rot":162.6}},{"type":"Feature","geometry":{"type":"Point","coordinates":[-70.90578719587856,41.097171818778655]},"properties":{"kind":"rail","rot":162.6}},{"type":"Feature","geometry":{"type":"Point","coordinates":[-70.90582384117974,41.097180474113244]},"properties":{"kind":"rail","rot":162.6}},{"type":"Feature","geometry":{"type":"Point","coordinates":[-70.90586048648092,41.09718912944784]},"properties":{"kind":"rail","rot":162.6}},{"type":"Feature","geometry":{"type":"Point","coordinates":[-70.9058971317821,41.09719778478244]},"properties":{"kind":"rail","rot":162.6}},{"type":"Feature","geometry":{"type":"Point","coordinates":[-70.90593377708328,41.097206440117034]},"properties":{"kind":"rail","rot":162.6}},{"type":"Feature","geometry":{"type":"Point","coordinates":[-70.90597042238446,41.097215095451624]},"properties":{"kind":"rail","rot":162.6}},{"type":"Feature","geometry":{"type":"Point","coordinates":[-70.90600706768564,41.09722375078622]},"properties":{"kind":"rail","rot":162.6}},{"type":"Feature","geometry":{"type":"Point","coordinates":[-70.90604371298681,41.09723240612082]},"properties":{"kind":"rail","rot":162.6}},{"type":"Feature","geometry":{"type":"Point","coordinates":[-70.906080358288,41.097241061455414]},"properties":{"kind":"rail","rot":162.6}},{"type":"Feature","geometry":{"type":"Point","coordinates":[-70.90611700358917,41.09724971679]},"properties":{"kind":"rail","rot":162.6}},{"type":"Feature","geometry":{"type":"Point","coordinates":[-70.90614561842416,41.097256475391056]},"properties":{"kind":"rail","rot":166.2}},{"type":"Feature","geometry":{"type":"Point","coordinates":[-70.90618171477476,41.09726314234861]},"properties":{"kind":"rail","rot":166.2}},{"type":"Feature","geometry":{"type":"Point","coordinates":[-70.90621781112537,41.09726980930616]},"properties":{"kind":"rail","rot":166.2}},{"type":"Feature","geometry":{"type":"Point","coordinates":[-70.90625390747599,41.09727647626371]},"properties":{"kind":"rail","rot":166.2}},{"type":"Feature","geometry":{"type":"Point","coordinates":[-70.9062900038266,41.09728314322126]},"properties":{"kind":"rail","rot":166.2}},{"type":"Feature","geometry":{"type":"Point","coordinates":[-70.9063261001772,41.097289810178815]},"properties":{"kind":"rail","rot":166.2}},{"type":"Feature","geometry":{"type":"Point","coordinates":[-70.90636219652781,41.09729647713636]},"properties":{"kind":"rail","rot":166.2}},{"type":"Feature","geometry":{"type":"Point","coordinates":[-70.90639829287842,41.097303144093914]},"properties":{"kind":"rail","rot":166.2}},{"type":"Feature","geometry":{"type":"Point","coordinates":[-70.90643438922903,41.09730981105147]},"properties":{"kind":"rail","rot":166.2}},{"type":"Feature","geometry":{"type":"Point","coordinates":[-70.90647048557963,41.09731647800901]},"properties":{"kind":"rail","rot":166.2}},{"type":"Feature","geometry":{"type":"Point","coordinates":[-70.90650658193024,41.097323144966566]},"properties":{"kind":"rail","rot":166.2}},{"type":"Feature","geometry":{"type":"Point","coordinates":[-70.90654267828086,41.09732981192412]},"properties":{"kind":"rail","rot":166.2}},{"type":"Feature","geometry":{"type":"Point","coordinates":[-70.90657877463147,41.097336478881665]},"properties":{"kind":"rail","rot":166.2}},{"type":"Feature","geometry":{"type":"Point","coordinates":[-70.90660359857026,41.09734106383675]},"properties":{"kind":"rail","rot":171.2}},{"type":"Feature","geometry":{"type":"Point","coordinates":[-70.90664149377014,41.097345517798814]},"properties":{"kind":"rail","rot":171.2}},{"type":"Feature","geometry":{"type":"Point","coordinates":[-70.90667938897003,41.097349971760885]},"properties":{"kind":"rail","rot":171.2}},{"type":"Feature","geometry":{"type":"Point","coordinates":[-70.90671728416993,41.09735442572295]},"properties":{"kind":"rail","rot":171.2}},{"type":"Feature","geometry":{"type":"Point","coordinates":[-70.90675517936982,41.09735887968501]},"properties":{"kind":"rail","rot":171.2}},{"type":"Feature","geometry":{"type":"Point","coordinates":[-70.9067930745697,41.09736333364708]},"properties":{"kind":"rail","rot":171.2}},{"type":"Feature","geometry":{"type":"Point","coordinates":[-70.9068309697696,41.097367787609144]},"properties":{"kind":"rail","rot":171.2}},{"type":"Feature","geometry":{"type":"Point","coordinates":[-70.9068688649695,41.09737224157121]},"properties":{"kind":"rail","rot":171.2}},{"type":"Feature","geometry":{"type":"Point","coordinates":[-70.90690676016939,41.09737669553328]},"properties":{"kind":"rail","rot":171.2}},{"type":"Feature","geometry":{"type":"Point","coordinates":[-70.90694465536927,41.09738114949534]},"properties":{"kind":"rail","rot":171.2}},{"type":"Feature","geometry":{"type":"Point","coordinates":[-70.90698255056917,41.09738560345741]},"properties":{"kind":"rail","rot":171.2}},{"type":"Feature","geometry":{"type":"Point","coordinates":[-70.90699025675954,41.09738650919427]},"properties":{"kind":"rail","rot":164.4}},{"type":"Feature","geometry":{"type":"Point","coordinates":[-70.90702908202108,41.097394682554366]},"properties":{"kind":"rail","rot":164.4}},{"type":"Feature","geometry":{"type":"Point","coordinates":[-70.90706790728261,41.09740285591446]},"properties":{"kind":"rail","rot":164.4}},{"type":"Feature","geometry":{"type":"Point","coordinates":[-70.90710673254414,41.09741102927455]},"properties":{"kind":"rail","rot":164.4}},{"type":"Feature","geometry":{"type":"Point","coordinates":[-70.90714555780566,41.09741920263464]},"properties":{"kind":"rail","rot":164.4}},{"type":"Feature","geometry":{"type":"Point","coordinates":[-70.90718438306719,41.097427375994734]},"properties":{"kind":"rail","rot":164.4}},{"type":"Feature","geometry":{"type":"Point","coordinates":[-70.90722320832872,41.09743554935482]},"properties":{"kind":"rail","rot":164.4}},{"type":"Feature","geometry":{"type":"Point","coordinates":[-70.90726203359024,41.097443722714914]},"properties":{"kind":"rail","rot":164.4}},{"type":"Feature","geometry":{"type":"Point","coordinates":[-70.90730085885177,41.09745189607501]},"properties":{"kind":"rail","rot":164.4}},{"type":"Feature","geometry":{"type":"Point","coordinates":[-70.9073396841133,41.097460069435094]},"properties":{"kind":"rail","rot":164.4}},{"type":"Feature","geometry":{"type":"Point","coordinates":[-70.90735038626312,41.09746232241475]},"properties":{"kind":"rail","rot":157.6}},{"type":"Feature","geometry":{"type":"Point","coordinates":[-70.90738672755467,41.097473595036085]},"properties":{"kind":"rail","rot":157.6}},{"type":"Feature","geometry":{"type":"Point","coordinates":[-70.90742306884623,41.09748486765742]},"properties":{"kind":"rail","rot":157.6}},{"type":"Feature","geometry":{"type":"Point","coordinates":[-70.90745941013778,41.097496140278764]},"properties":{"kind":"rail","rot":157.6}},{"type":"Feature","geometry":{"type":"Point","coordinates":[-70.90749575142932,41.0975074129001]},"properties":{"kind":"rail","rot":157.6}},{"type":"Feature","geometry":{"type":"Point","coordinates":[-70.90753209272087,41.097518685521436]},"properties":{"kind":"rail","rot":157.6}},{"type":"Feature","geometry":{"type":"Point","coordinates":[-70.90756843401242,41.09752995814277]},"properties":{"kind":"rail","rot":157.6}},{"type":"Feature","geometry":{"type":"Point","coordinates":[-70.90760477530397,41.09754123076411]},"properties":{"kind":"rail","rot":157.6}},{"type":"Feature","geometry":{"type":"Point","coordinates":[-70.90764111659553,41.097552503385444]},"properties":{"kind":"rail","rot":157.6}},{"type":"Feature","geometry":{"type":"Point","coordinates":[-70.90767745788708,41.09756377600679]},"properties":{"kind":"rail","rot":157.6}},{"type":"Feature","geometry":{"type":"Point","coordinates":[-70.90770533587448,41.09757242341535]},"properties":{"kind":"rail","rot":156.8}},{"type":"Feature","geometry":{"type":"Point","coordinates":[-70.9077406300333,41.097583825345744]},"properties":{"kind":"rail","rot":156.8}},{"type":"Feature","geometry":{"type":"Point","coordinates":[-70.90777592419211,41.097595227276145]},"properties":{"kind":"rail","rot":156.8}},{"type":"Feature","geometry":{"type":"Point","coordinates":[-70.90781121835091,41.09760662920654]},"properties":{"kind":"rail","rot":156.8}},{"type":"Feature","geometry":{"type":"Point","coordinates":[-70.90784651250974,41.09761803113694]},"properties":{"kind":"rail","rot":156.8}},{"type":"Feature","geometry":{"type":"Point","coordinates":[-70.90788180666854,41.09762943306733]},"properties":{"kind":"rail","rot":156.8}},{"type":"Feature","geometry":{"type":"Point","coordinates":[-70.90791710082735,41.09764083499773]},"properties":{"kind":"rail","rot":156.8}},{"type":"Feature","geometry":{"type":"Point","coordinates":[-70.90795239498615,41.09765223692813]},"properties":{"kind":"rail","rot":156.8}},{"type":"Feature","geometry":{"type":"Point","coordinates":[-70.90798768914497,41.09766363885852]},"properties":{"kind":"rail","rot":156.8}},{"type":"Feature","geometry":{"type":"Point","coordinates":[-70.90802298330378,41.09767504078892]},"properties":{"kind":"rail","rot":156.8}},{"type":"Feature","geometry":{"type":"Point","coordinates":[-70.90805827746259,41.097686442719315]},"properties":{"kind":"rail","rot":156.8}},{"type":"Feature","geometry":{"type":"Point","coordinates":[-70.90806421531957,41.097688360969656]},"properties":{"kind":"rail","rot":156}},{"type":"Feature","geometry":{"type":"Point","coordinates":[-70.9080999371463,41.09770037388707]},"properties":{"kind":"rail","rot":156}},{"type":"Feature","geometry":{"type":"Point","coordinates":[-70.90813565897304,41.097712386804496]},"properties":{"kind":"rail","rot":156}},{"type":"Feature","geometry":{"type":"Point","coordinates":[-70.90817138079977,41.09772439972192]},"properties":{"kind":"rail","rot":156}},{"type":"Feature","geometry":{"type":"Point","coordinates":[-70.90820710262649,41.09773641263934]},"properties":{"kind":"rail","rot":156}},{"type":"Feature","geometry":{"type":"Point","coordinates":[-70.90824282445323,41.09774842555676]},"properties":{"kind":"rail","rot":156}},{"type":"Feature","geometry":{"type":"Point","coordinates":[-70.90827854627996,41.09776043847418]},"properties":{"kind":"rail","rot":156}},{"type":"Feature","geometry":{"type":"Point","coordinates":[-70.9083142681067,41.097772451391606]},"properties":{"kind":"rail","rot":156}},{"type":"Feature","geometry":{"type":"Point","coordinates":[-70.90834998993343,41.09778446430903]},"properties":{"kind":"rail","rot":156}},{"type":"Feature","geometry":{"type":"Point","coordinates":[-70.90838571176016,41.097796477226446]},"properties":{"kind":"rail","rot":156}},{"type":"Feature","geometry":{"type":"Point","coordinates":[-70.90841523599303,41.09780640595081]},"properties":{"kind":"rail","rot":150.4}},{"type":"Feature","geometry":{"type":"Point","coordinates":[-70.90844991932946,41.097821272279475]},"properties":{"kind":"rail","rot":150.4}},{"type":"Feature","geometry":{"type":"Point","coordinates":[-70.90848460266587,41.09783613860813]},"properties":{"kind":"rail","rot":150.4}},{"type":"Feature","geometry":{"type":"Point","coordinates":[-70.90851928600229,41.09785100493679]},"properties":{"kind":"rail","rot":150.4}},{"type":"Feature","geometry":{"type":"Point","coordinates":[-70.9085539693387,41.097865871265455]},"properties":{"kind":"rail","rot":150.4}},{"type":"Feature","geometry":{"type":"Point","coordinates":[-70.90858865267512,41.09788073759411]},"properties":{"kind":"rail","rot":150.4}},{"type":"Feature","geometry":{"type":"Point","coordinates":[-70.90862333601153,41.09789560392277]},"properties":{"kind":"rail","rot":150.4}},{"type":"Feature","geometry":{"type":"Point","coordinates":[-70.90865801934795,41.097910470251435]},"properties":{"kind":"rail","rot":150.4}},{"type":"Feature","geometry":{"type":"Point","coordinates":[-70.90869270268436,41.0979253365801]},"properties":{"kind":"rail","rot":150.4}},{"type":"Feature","geometry":{"type":"Point","coordinates":[-70.90872738602079,41.09794020290875]},"properties":{"kind":"rail","rot":150.4}},{"type":"Feature","geometry":{"type":"Point","coordinates":[-70.90874275260238,41.097946789491125]},"properties":{"kind":"rail","rot":144.9}},{"type":"Feature","geometry":{"type":"Point","coordinates":[-70.9087757026461,41.09796428089841]},"properties":{"kind":"rail","rot":144.9}},{"type":"Feature","geometry":{"type":"Point","coordinates":[-70.90880865268981,41.097981772305694]},"properties":{"kind":"rail","rot":144.9}},{"type":"Feature","geometry":{"type":"Point","coordinates":[-70.90884160273353,41.09799926371297]},"properties":{"kind":"rail","rot":144.9}},{"type":"Feature","geometry":{"type":"Point","coordinates":[-70.90887455277725,41.098016755120256]},"properties":{"kind":"rail","rot":144.9}},{"type":"Feature","geometry":{"type":"Point","coordinates":[-70.90890750282097,41.09803424652753]},"properties":{"kind":"rail","rot":144.9}},{"type":"Feature","geometry":{"type":"Point","coordinates":[-70.90894045286468,41.09805173793482]},"properties":{"kind":"rail","rot":144.9}},{"type":"Feature","geometry":{"type":"Point","coordinates":[-70.9089734029084,41.0980692293421]},"properties":{"kind":"rail","rot":144.9}},{"type":"Feature","geometry":{"type":"Point","coordinates":[-70.90900635295213,41.09808672074938]},"properties":{"kind":"rail","rot":144.9}},{"type":"Feature","geometry":{"type":"Point","coordinates":[-70.90903930299585,41.09810421215666]},"properties":{"kind":"rail","rot":144.9}},{"type":"Feature","geometry":{"type":"Point","coordinates":[-70.90904992132572,41.0981098488573]},"properties":{"kind":"rail","rot":136.1}},{"type":"Feature","geometry":{"type":"Point","coordinates":[-70.90908060814017,41.098132138058126]},"properties":{"kind":"rail","rot":136.1}},{"type":"Feature","geometry":{"type":"Point","coordinates":[-70.90911129495463,41.09815442725896]},"properties":{"kind":"rail","rot":136.1}},{"type":"Feature","geometry":{"type":"Point","coordinates":[-70.90914198176908,41.09817671645979]},"properties":{"kind":"rail","rot":136.1}},{"type":"Feature","geometry":{"type":"Point","coordinates":[-70.90917266858354,41.098199005660625]},"properties":{"kind":"rail","rot":136.1}},{"type":"Feature","geometry":{"type":"Point","coordinates":[-70.90920335539799,41.09822129486145]},"properties":{"kind":"rail","rot":136.1}},{"type":"Feature","geometry":{"type":"Point","coordinates":[-70.90923404221245,41.09824358406229]},"properties":{"kind":"rail","rot":136.1}},{"type":"Feature","geometry":{"type":"Point","coordinates":[-70.9092647290269,41.098265873263124]},"properties":{"kind":"rail","rot":136.1}},{"type":"Feature","geometry":{"type":"Point","coordinates":[-70.90926607364547,41.09826684991951]},"properties":{"kind":"rail","rot":122.7}},{"type":"Feature","geometry":{"type":"Point","coordinates":[-70.90928957105866,41.098294092828695]},"properties":{"kind":"rail","rot":122.7}},{"type":"Feature","geometry":{"type":"Point","coordinates":[-70.90931306847187,41.09832133573787]},"properties":{"kind":"rail","rot":122.7}},{"type":"Feature","geometry":{"type":"Point","coordinates":[-70.90933656588507,41.098348578647055]},"properties":{"kind":"rail","rot":122.7}},{"type":"Feature","geometry":{"type":"Point","coordinates":[-70.90936006329827,41.09837582155624]},"properties":{"kind":"rail","rot":122.7}},{"type":"Feature","geometry":{"type":"Point","coordinates":[-70.90938356071146,41.09840306446542]},"properties":{"kind":"rail","rot":122.7}},{"type":"Feature","geometry":{"type":"Point","coordinates":[-70.90940110202939,41.098423401875635]},"properties":{"kind":"rail","rot":117.9}},{"type":"Feature","geometry":{"type":"Point","coordinates":[-70.90942014160953,41.098450457201615]},"properties":{"kind":"rail","rot":117.9}},{"type":"Feature","geometry":{"type":"Point","coordinates":[-70.90943918118967,41.09847751252759]},"properties":{"kind":"rail","rot":117.9}},{"type":"Feature","geometry":{"type":"Point","coordinates":[-70.90945822076982,41.09850456785356]},"properties":{"kind":"rail","rot":117.9}},{"type":"Feature","geometry":{"type":"Point","coordinates":[-70.90947726034996,41.09853162317953]},"properties":{"kind":"rail","rot":117.9}},{"type":"Feature","geometry":{"type":"Point","coordinates":[-70.9094962999301,41.09855867850551]},"properties":{"kind":"rail","rot":117.9}},{"type":"Feature","geometry":{"type":"Point","coordinates":[-70.90951533951024,41.098585733831484]},"properties":{"kind":"rail","rot":117.9}},{"type":"Feature","geometry":{"type":"Point","coordinates":[-70.90952155101024,41.098594560399945]},"properties":{"kind":"rail","rot":112.7}},{"type":"Feature","geometry":{"type":"Point","coordinates":[-70.90953607215648,41.098620743124215]},"properties":{"kind":"rail","rot":112.7}},{"type":"Feature","geometry":{"type":"Point","coordinates":[-70.90955059330273,41.098646925848485]},"properties":{"kind":"rail","rot":112.7}},{"type":"Feature","geometry":{"type":"Point","coordinates":[-70.90956511444897,41.098673108572754]},"properties":{"kind":"rail","rot":112.7}},{"type":"Feature","geometry":{"type":"Point","coordinates":[-70.90957963559521,41.098699291297024]},"properties":{"kind":"rail","rot":112.7}},{"type":"Feature","geometry":{"type":"Point","coordinates":[-70.90959415674145,41.09872547402129]},"properties":{"kind":"rail","rot":112.7}},{"type":"Feature","geometry":{"type":"Point","coordinates":[-70.90960867788769,41.09875165674556]},"properties":{"kind":"rail","rot":112.7}},{"type":"Feature","geometry":{"type":"Point","coordinates":[-70.90962319903393,41.09877783946983]},"properties":{"kind":"rail","rot":112.7}},{"type":"Feature","geometry":{"type":"Point","coordinates":[-70.90962723205176,41.09878511130583]},"properties":{"kind":"rail","rot":120.4}},{"type":"Feature","geometry":{"type":"Point","coordinates":[-70.90964508013668,41.09880806633837]},"properties":{"kind":"rail","rot":120.4}},{"type":"Feature","geometry":{"type":"Point","coordinates":[-70.9096629282216,41.098831021370906]},"properties":{"kind":"rail","rot":120.4}},{"type":"Feature","geometry":{"type":"Point","coordinates":[-70.90968077630652,41.09885397640345]},"properties":{"kind":"rail","rot":120.4}},{"type":"Feature","geometry":{"type":"Point","coordinates":[-70.90969862439144,41.09887693143598]},"properties":{"kind":"rail","rot":120.4}},{"type":"Feature","geometry":{"type":"Point","coordinates":[-70.90971647247636,41.09889988646852]},"properties":{"kind":"rail","rot":120.4}},{"type":"Feature","geometry":{"type":"Point","coordinates":[-70.90973432056127,41.09892284150106]},"properties":{"kind":"rail","rot":120.4}},{"type":"Feature","geometry":{"type":"Point","coordinates":[-70.9097521686462,41.09894579653359]},"properties":{"kind":"rail","rot":120.4}},{"type":"Feature","geometry":{"type":"Point","coordinates":[-70.90977001673112,41.09896875156613]},"properties":{"kind":"rail","rot":120.4}},{"type":"Feature","geometry":{"type":"Point","coordinates":[-70.90977234247744,41.098971742788045]},"properties":{"kind":"rail","rot":128}},{"type":"Feature","geometry":{"type":"Point","coordinates":[-70.90979478234323,41.09899334439335]},"properties":{"kind":"rail","rot":128}},{"type":"Feature","geometry":{"type":"Point","coordinates":[-70.909817222209,41.09901494599866]},"properties":{"kind":"rail","rot":128}},{"type":"Feature","geometry":{"type":"Point","coordinates":[-70.90983966207479,41.099036547603966]},"properties":{"kind":"rail","rot":128}},{"type":"Feature","geometry":{"type":"Point","coordinates":[-70.90986210194056,41.09905814920927]},"properties":{"kind":"rail","rot":128}},{"type":"Feature","geometry":{"type":"Point","coordinates":[-70.90988454180635,41.099079750814575]},"properties":{"kind":"rail","rot":128}},{"type":"Feature","geometry":{"type":"Point","coordinates":[-70.90990698167212,41.099101352419886]},"properties":{"kind":"rail","rot":128}},{"type":"Feature","geometry":{"type":"Point","coordinates":[-70.90992942153791,41.09912295402519]},"properties":{"kind":"rail","rot":128}},{"type":"Feature","geometry":{"type":"Point","coordinates":[-70.9099455969329,41.0991385251744]},"properties":{"kind":"rail","rot":129.4}},{"type":"Feature","geometry":{"type":"Point","coordinates":[-70.9099694869496,41.09916040846267]},"properties":{"kind":"rail","rot":129.4}},{"type":"Feature","geometry":{"type":"Point","coordinates":[-70.90999337696631,41.09918229175094]},"properties":{"kind":"rail","rot":129.4}},{"type":"Feature","geometry":{"type":"Point","coordinates":[-70.910017266983,41.09920417503921]},"properties":{"kind":"rail","rot":129.4}},{"type":"Feature","geometry":{"type":"Point","coordinates":[-70.91004115699971,41.09922605832749]},"properties":{"kind":"rail","rot":129.4}},{"type":"Feature","geometry":{"type":"Point","coordinates":[-70.9100650470164,41.09924794161576]},"properties":{"kind":"rail","rot":129.4}},{"type":"Feature","geometry":{"type":"Point","coordinates":[-70.91008893703311,41.09926982490403]},"properties":{"kind":"rail","rot":129.4}},{"type":"Feature","geometry":{"type":"Point","coordinates":[-70.91011282704982,41.0992917081923]},"properties":{"kind":"rail","rot":129.4}},{"type":"Feature","geometry":{"type":"Point","coordinates":[-70.91011917797813,41.0992975256514]},"properties":{"kind":"rail","rot":132}},{"type":"Feature","geometry":{"type":"Point","coordinates":[-70.910147438284,41.09932181210754]},"properties":{"kind":"rail","rot":132}},{"type":"Feature","geometry":{"type":"Point","coordinates":[-70.91017569858987,41.09934609856367]},"properties":{"kind":"rail","rot":132}},{"type":"Feature","geometry":{"type":"Point","coordinates":[-70.91020395889574,41.09937038501981]},"properties":{"kind":"rail","rot":132}},{"type":"Feature","geometry":{"type":"Point","coordinates":[-70.9102322192016,41.09939467147595]},"properties":{"kind":"rail","rot":132}},{"type":"Feature","geometry":{"type":"Point","coordinates":[-70.91026047950747,41.09941895793208]},"properties":{"kind":"rail","rot":132}},{"type":"Feature","geometry":{"type":"Point","coordinates":[-70.91028250964953,41.099437890284804]},"properties":{"kind":"rail","rot":112.3}},{"type":"Feature","geometry":{"type":"Point","coordinates":[-70.91029983381357,41.09946949904337]},"properties":{"kind":"rail","rot":112.3}},{"type":"Feature","geometry":{"type":"Point","coordinates":[-70.9103171579776,41.09950110780194]},"properties":{"kind":"rail","rot":112.3}},{"type":"Feature","geometry":{"type":"Point","coordinates":[-70.91033448214164,41.09953271656051]},"properties":{"kind":"rail","rot":112.3}},{"type":"Feature","geometry":{"type":"Point","coordinates":[-70.91035180630567,41.09956432531907]},"properties":{"kind":"rail","rot":112.3}},{"type":"Feature","geometry":{"type":"Point","coordinates":[-70.91036913046972,41.09959593407764]},"properties":{"kind":"rail","rot":112.3}},{"type":"Feature","geometry":{"type":"Point","coordinates":[-70.91038645463375,41.09962754283621]},"properties":{"kind":"rail","rot":112.3}},{"type":"Feature","geometry":{"type":"Point","coordinates":[-70.89750369659032,41.09633199312632]},"properties":{"kind":"buoy","side":0}},{"type":"Feature","geometry":{"type":"Point","coordinates":[-70.89545908051903,41.09625054279508]},"properties":{"kind":"buoy","side":1}},{"type":"Feature","geometry":{"type":"Point","coordinates":[-70.9114014612756,41.10063916707339]},"properties":{"kind":"buoy","side":0}},{"type":"Feature","geometry":{"type":"Point","coordinates":[-70.91069477574062,41.1029218168224]},"properties":{"kind":"buoy","side":1}},{"type":"Feature","geometry":{"type":"Point","coordinates":[-70.89404974399551,41.095675849293436]},"properties":{"kind":"buoy","side":0}},{"type":"Feature","geometry":{"type":"Point","coordinates":[-70.89313487236014,41.09559898703333]},"properties":{"kind":"buoy","side":1}},{"type":"Feature","geometry":{"type":"Point","coordinates":[-70.89264904995704,41.09574751886974]},"properties":{"kind":"buoy","side":0}},{"type":"Feature","geometry":{"type":"Point","coordinates":[-70.90233966180267,41.100125894357234]},"properties":{"kind":"tree"}},{"type":"Feature","geometry":{"type":"Point","coordinates":[-70.90233550400339,41.100081088005574]},"properties":{"kind":"tree"}},{"type":"Feature","geometry":{"type":"Point","coordinates":[-70.90223437050125,41.10013144260714]},"properties":{"kind":"tree"}},{"type":"Feature","geometry":{"type":"Point","coordinates":[-70.90223021270197,41.10008663625548]},"properties":{"kind":"tree"}},{"type":"Feature","geometry":{"type":"Point","coordinates":[-70.9020958002556,41.10013874446725]},"properties":{"kind":"tree"}},{"type":"Feature","geometry":{"type":"Point","coordinates":[-70.90198981237246,41.10014432942303]},"properties":{"kind":"tree"}},{"type":"Feature","geometry":{"type":"Point","coordinates":[-70.9019856545732,41.10009952307137]},"properties":{"kind":"tree"}},{"type":"Feature","geometry":{"type":"Point","coordinates":[-70.90188899667338,41.10014964183428]},"properties":{"kind":"tree"}},{"type":"Feature","geometry":{"type":"Point","coordinates":[-70.90188483887411,41.10010483548262]},"properties":{"kind":"tree"}},{"type":"Feature","geometry":{"type":"Point","coordinates":[-70.90175706363249,41.10015659395162]},"properties":{"kind":"tree"}},{"type":"Feature","geometry":{"type":"Point","coordinates":[-70.90166122276182,41.10016164421783]},"properties":{"kind":"tree"}},{"type":"Feature","geometry":{"type":"Point","coordinates":[-70.90152959048315,41.10016858048672]},"properties":{"kind":"tree"}},{"type":"Feature","geometry":{"type":"Point","coordinates":[-70.90140859449725,41.10017495628376]},"properties":{"kind":"tree"}},{"type":"Feature","geometry":{"type":"Point","coordinates":[-70.90128723184353,41.1001813514021]},"properties":{"kind":"tree"}},{"type":"Feature","geometry":{"type":"Point","coordinates":[-70.90128307404426,41.10013654505044]},"properties":{"kind":"tree"}},{"type":"Feature","geometry":{"type":"Point","coordinates":[-70.90114956815938,41.10018860549159]},"properties":{"kind":"tree"}},{"type":"Feature","geometry":{"type":"Point","coordinates":[-70.90104110577884,41.10019432083925]},"properties":{"kind":"tree"}},{"type":"Feature","geometry":{"type":"Point","coordinates":[-70.90090374144307,41.10020155915479]},"properties":{"kind":"tree"}},{"type":"Feature","geometry":{"type":"Point","coordinates":[-70.90078845633015,41.10020763402146]},"properties":{"kind":"tree"}},{"type":"Feature","geometry":{"type":"Point","coordinates":[-70.90068910059144,41.100212869501135]},"properties":{"kind":"tree"}},{"type":"Feature","geometry":{"type":"Point","coordinates":[-70.90068494279217,41.100168063149475]},"properties":{"kind":"tree"}},{"type":"Feature","geometry":{"type":"Point","coordinates":[-70.90056924848456,41.10021918502229]},"properties":{"kind":"tree"}},{"type":"Feature","geometry":{"type":"Point","coordinates":[-70.90044733367331,41.10022560923617]},"properties":{"kind":"tree"}},{"type":"Feature","geometry":{"type":"Point","coordinates":[-70.90044317587405,41.10018080288451]},"properties":{"kind":"tree"}},{"type":"Feature","geometry":{"type":"Point","coordinates":[-70.90032213296945,41.10023220659782]},"properties":{"kind":"tree"}},{"type":"Feature","geometry":{"type":"Point","coordinates":[-70.90031797517017,41.100187400246156]},"properties":{"kind":"tree"}},{"type":"Feature","geometry":{"type":"Point","coordinates":[-70.90019793708704,41.10023875101112]},"properties":{"kind":"tree"}},{"type":"Feature","geometry":{"type":"Point","coordinates":[-70.9000784647275,41.100245046521756]},"properties":{"kind":"tree"}},{"type":"Feature","geometry":{"type":"Point","coordinates":[-70.90007430692822,41.100200240170096]},"properties":{"kind":"tree"}},{"type":"Feature","geometry":{"type":"Point","coordinates":[-70.899983083194,41.10025007258353]},"properties":{"kind":"tree"}},{"type":"Feature","geometry":{"type":"Point","coordinates":[-70.89997892539472,41.10020526623187]},"properties":{"kind":"tree"}},{"type":"Feature","geometry":{"type":"Point","coordinates":[-70.8998527517751,41.10025694030454]},"properties":{"kind":"tree"}},{"type":"Feature","geometry":{"type":"Point","coordinates":[-70.89984859397582,41.10021213395288]},"properties":{"kind":"tree"}},{"type":"Feature","geometry":{"type":"Point","coordinates":[-70.89973163811136,41.10026332230253]},"properties":{"kind":"tree"}},{"type":"Feature","geometry":{"type":"Point","coordinates":[-70.8997274803121,41.10021851595087]},"properties":{"kind":"tree"}},{"type":"Feature","geometry":{"type":"Point","coordinates":[-70.89963414255406,41.100268459761274]},"properties":{"kind":"tree"}},{"type":"Feature","geometry":{"type":"Point","coordinates":[-70.89962998475478,41.100223653409614]},"properties":{"kind":"tree"}},{"type":"Feature","geometry":{"type":"Point","coordinates":[-70.899521199923,41.10027441119254]},"properties":{"kind":"tree"}},{"type":"Feature","geometry":{"type":"Point","coordinates":[-70.89951704212373,41.10022960484087]},"properties":{"kind":"tree"}},{"type":"Feature","geometry":{"type":"Point","coordinates":[-70.89939094557548,41.10028127485233]},"properties":{"kind":"tree"}},{"type":"Feature","geometry":{"type":"Point","coordinates":[-70.89928125717279,41.10028705480435]},"properties":{"kind":"tree"}},{"type":"Feature","geometry":{"type":"Point","coordinates":[-70.8992770993735,41.10024224845269]},"properties":{"kind":"tree"}},{"type":"Feature","geometry":{"type":"Point","coordinates":[-70.89914660545703,41.10029415018032]},"properties":{"kind":"tree"}},{"type":"Feature","geometry":{"type":"Point","coordinates":[-70.89914244765775,41.10024934382866]},"properties":{"kind":"tree"}},{"type":"Feature","geometry":{"type":"Point","coordinates":[-70.89904752548038,41.100299371128905]},"properties":{"kind":"tree"}},{"type":"Feature","geometry":{"type":"Point","coordinates":[-70.89892085218449,41.10030604608774]},"properties":{"kind":"tree"}},{"type":"Feature","geometry":{"type":"Point","coordinates":[-70.8988197580504,41.10031137317092]},"properties":{"kind":"tree"}},{"type":"Feature","geometry":{"type":"Point","coordinates":[-70.89870310437574,41.10031752015297]},"properties":{"kind":"tree"}},{"type":"Feature","geometry":{"type":"Point","coordinates":[-70.89866037848478,41.10033327919645]},"properties":{"kind":"tree"}},{"type":"Feature","geometry":{"type":"Point","coordinates":[-70.89866846129651,41.10042038328217]},"properties":{"kind":"tree"}},{"type":"Feature","geometry":{"type":"Point","coordinates":[-70.89867712958971,41.10051379678493]},"properties":{"kind":"tree"}},{"type":"Feature","geometry":{"type":"Point","coordinates":[-70.89861767028992,41.10051692995026]},"properties":{"kind":"tree"}},{"type":"Feature","geometry":{"type":"Point","coordinates":[-70.89868627617821,41.100612364616985]},"properties":{"kind":"tree"}},{"type":"Feature","geometry":{"type":"Point","coordinates":[-70.89862681687842,41.10061549778231]},"properties":{"kind":"tree"}},{"type":"Feature","geometry":{"type":"Point","coordinates":[-70.89869433250449,41.100699183283446]},"properties":{"kind":"tree"}},{"type":"Feature","geometry":{"type":"Point","coordinates":[-70.8986348732047,41.100702316448775]},"properties":{"kind":"tree"}},{"type":"Feature","geometry":{"type":"Point","coordinates":[-70.8987042944519,41.10080653779707]},"properties":{"kind":"tree"}},{"type":"Feature","geometry":{"type":"Point","coordinates":[-70.89864483515211,41.10080967096239]},"properties":{"kind":"tree"}},{"type":"Feature","geometry":{"type":"Point","coordinates":[-70.89871113463106,41.10088025070433]},"properties":{"kind":"tree"}},{"type":"Feature","geometry":{"type":"Point","coordinates":[-70.89865167533125,41.10088338386966]},"properties":{"kind":"tree"}},{"type":"Feature","geometry":{"type":"Point","coordinates":[-70.89871907524032,41.10096582235122]},"properties":{"kind":"tree"}},{"type":"Feature","geometry":{"type":"Point","coordinates":[-70.89865961594053,41.10096895551655]},"properties":{"kind":"tree"}},{"type":"Feature","geometry":{"type":"Point","coordinates":[-70.8987268990644,41.10105013546729]},"properties":{"kind":"tree"}},{"type":"Feature","geometry":{"type":"Point","coordinates":[-70.89866743976461,41.10105326863261]},"properties":{"kind":"tree"}},{"type":"Feature","geometry":{"type":"Point","coordinates":[-70.89873578101734,41.10114585146513]},"properties":{"kind":"tree"}},{"type":"Feature","geometry":{"type":"Point","coordinates":[-70.89874481675278,41.101243224693796]},"properties":{"kind":"tree"}},{"type":"Feature","geometry":{"type":"Point","coordinates":[-70.89875450379424,41.101347616694895]},"properties":{"kind":"tree"}},{"type":"Feature","geometry":{"type":"Point","coordinates":[-70.89869504449445,41.10135074986022]},"properties":{"kind":"tree"}},{"type":"Feature","geometry":{"type":"Point","coordinates":[-70.89876238780857,41.10143257844869]},"properties":{"kind":"tree"}},{"type":"Feature","geometry":{"type":"Point","coordinates":[-70.89877226861296,41.10153905852791]},"properties":{"kind":"tree"}},{"type":"Feature","geometry":{"type":"Point","coordinates":[-70.89871280931315,41.101542191693234]},"properties":{"kind":"tree"}},{"type":"Feature","geometry":{"type":"Point","coordinates":[-70.89877957327687,41.10161777693601]},"properties":{"kind":"tree"}},{"type":"Feature","geometry":{"type":"Point","coordinates":[-70.89872011397708,41.10162091010134]},"properties":{"kind":"tree"}},{"type":"Feature","geometry":{"type":"Point","coordinates":[-70.89878684482292,41.10169613845081]},"properties":{"kind":"tree"}},{"type":"Feature","geometry":{"type":"Point","coordinates":[-70.89879429017499,41.10177637297897]},"properties":{"kind":"tree"}},{"type":"Feature","geometry":{"type":"Point","coordinates":[-70.8987348308752,41.10177950614429]},"properties":{"kind":"tree"}},{"type":"Feature","geometry":{"type":"Point","coordinates":[-70.89880128422746,41.101851744095605]},"properties":{"kind":"tree"}},{"type":"Feature","geometry":{"type":"Point","coordinates":[-70.89874182492765,41.101854877260934]},"properties":{"kind":"tree"}},{"type":"Feature","geometry":{"type":"Point","coordinates":[-70.8988112501668,41.101959141628136]},"properties":{"kind":"tree"}},{"type":"Feature","geometry":{"type":"Point","coordinates":[-70.898751790867,41.10196227479346]},"properties":{"kind":"tree"}},{"type":"Feature","geometry":{"type":"Point","coordinates":[-70.89881901154541,41.10204278180333]},"properties":{"kind":"tree"}},{"type":"Feature","geometry":{"type":"Point","coordinates":[-70.89875955224562,41.10204591496865]},"properties":{"kind":"tree"}},{"type":"Feature","geometry":{"type":"Point","coordinates":[-70.89882640745714,41.102122483539574]},"properties":{"kind":"tree"}},{"type":"Feature","geometry":{"type":"Point","coordinates":[-70.89876694815733,41.1021256167049]},"properties":{"kind":"tree"}},{"type":"Feature","geometry":{"type":"Point","coordinates":[-70.89883481850484,41.10221312484679]},"properties":{"kind":"tree"}},{"type":"Feature","geometry":{"type":"Point","coordinates":[-70.89877535920505,41.10221625801211]},"properties":{"kind":"tree"}},{"type":"Feature","geometry":{"type":"Point","coordinates":[-70.89885242806436,41.10220972538148]},"properties":{"kind":"tree"}},{"type":"Feature","geometry":{"type":"Point","coordinates":[-70.89898673508436,41.102202648169005]},"properties":{"kind":"tree"}},{"type":"Feature","geometry":{"type":"Point","coordinates":[-70.89910402432909,41.10219646769605]},"properties":{"kind":"tree"}},{"type":"Feature","geometry":{"type":"Point","coordinates":[-70.89910818212837,41.10224127404771]},"properties":{"kind":"tree"}},{"type":"Feature","geometry":{"type":"Point","coordinates":[-70.8992116592928,41.10219079594852]},"properties":{"kind":"tree"}},{"type":"Feature","geometry":{"type":"Point","coordinates":[-70.8993084447917,41.1021856959058]},"properties":{"kind":"tree"}},{"type":"Feature","geometry":{"type":"Point","coordinates":[-70.89931260259097,41.10223050225746]},"properties":{"kind":"tree"}},{"type":"Feature","geometry":{"type":"Point","coordinates":[-70.8994053560253,41.10218058923758]},"properties":{"kind":"tree"}},{"type":"Feature","geometry":{"type":"Point","coordinates":[-70.89940951382458,41.10222539558924]},"properties":{"kind":"tree"}},{"type":"Feature","geometry":{"type":"Point","coordinates":[-70.89951776928261,41.10217466570129]},"properties":{"kind":"tree"}},{"type":"Feature","geometry":{"type":"Point","coordinates":[-70.89952192708188,41.10221947205295]},"properties":{"kind":"tree"}},{"type":"Feature","geometry":{"type":"Point","coordinates":[-70.89966024787118,41.102167157893845]},"properties":{"kind":"tree"}},{"type":"Feature","geometry":{"type":"Point","coordinates":[-70.89966440567045,41.10221196424551]},"properties":{"kind":"tree"}},{"type":"Feature","geometry":{"type":"Point","coordinates":[-70.89978510810758,41.10216057847289]},"properties":{"kind":"tree"}},{"type":"Feature","geometry":{"type":"Point","coordinates":[-70.8998880291209,41.10215515512362]},"properties":{"kind":"tree"}},{"type":"Feature","geometry":{"type":"Point","coordinates":[-70.89998752715367,41.102149912145855]},"properties":{"kind":"tree"}},{"type":"Feature","geometry":{"type":"Point","coordinates":[-70.89999168495295,41.10219471849752]},"properties":{"kind":"tree"}},{"type":"Feature","geometry":{"type":"Point","coordinates":[-70.90010543356635,41.102143699151675]},"properties":{"kind":"tree"}},{"type":"Feature","geometry":{"type":"Point","coordinates":[-70.90022498893984,41.102137399266674]},"properties":{"kind":"tree"}},{"type":"Feature","geometry":{"type":"Point","coordinates":[-70.90022914673912,41.102182205618334]},"properties":{"kind":"tree"}},{"type":"Feature","geometry":{"type":"Point","coordinates":[-70.90033924171257,41.10213137879843]},"properties":{"kind":"tree"}},{"type":"Feature","geometry":{"type":"Point","coordinates":[-70.90034339951185,41.10217618515009]},"properties":{"kind":"tree"}},{"type":"Feature","geometry":{"type":"Point","coordinates":[-70.90043822964881,41.10212616269985]},"properties":{"kind":"tree"}},{"type":"Feature","geometry":{"type":"Point","coordinates":[-70.9004423874481,41.102170969051514]},"properties":{"kind":"tree"}},{"type":"Feature","geometry":{"type":"Point","coordinates":[-70.90053506480447,41.102121060040496]},"properties":{"kind":"tree"}},{"type":"Feature","geometry":{"type":"Point","coordinates":[-70.90063547258343,41.10211576912432]},"properties":{"kind":"tree"}},{"type":"Feature","geometry":{"type":"Point","coordinates":[-70.90063963038271,41.10216057547598]},"properties":{"kind":"tree"}},{"type":"Feature","geometry":{"type":"Point","coordinates":[-70.90076978251355,41.102108691758495]},"properties":{"kind":"tree"}},{"type":"Feature","geometry":{"type":"Point","coordinates":[-70.90077394031283,41.102153498110155]},"properties":{"kind":"tree"}},{"type":"Feature","geometry":{"type":"Point","coordinates":[-70.90090853846374,41.10210138011283]},"properties":{"kind":"tree"}},{"type":"Feature","geometry":{"type":"Point","coordinates":[-70.90091269626302,41.10214618646449]},"properties":{"kind":"tree"}},{"type":"Feature","geometry":{"type":"Point","coordinates":[-70.90100571057727,41.102096259697724]},"properties":{"kind":"tree"}},{"type":"Feature","geometry":{"type":"Point","coordinates":[-70.90100986837655,41.102141066049384]},"properties":{"kind":"tree"}},{"type":"Feature","geometry":{"type":"Point","coordinates":[-70.90113654939918,41.10208936523947]},"properties":{"kind":"tree"}},{"type":"Feature","geometry":{"type":"Point","coordinates":[-70.90114070719845,41.10213417159113]},"properties":{"kind":"tree"}},{"type":"Feature","geometry":{"type":"Point","coordinates":[-70.90123716315223,41.102084063469626]},"properties":{"kind":"tree"}},{"type":"Feature","geometry":{"type":"Point","coordinates":[-70.90124132095151,41.10212886982129]},"properties":{"kind":"tree"}},{"type":"Feature","geometry":{"type":"Point","coordinates":[-70.90136579803846,41.102077285146194]},"properties":{"kind":"tree"}},{"type":"Feature","geometry":{"type":"Point","coordinates":[-70.90136995583772,41.102122091497854]},"properties":{"kind":"tree"}},{"type":"Feature","geometry":{"type":"Point","coordinates":[-70.90150273588755,41.10207006930406]},"properties":{"kind":"tree"}},{"type":"Feature","geometry":{"type":"Point","coordinates":[-70.90164401782295,41.102062624553405]},"properties":{"kind":"tree"}},{"type":"Feature","geometry":{"type":"Point","coordinates":[-70.90176202780816,41.10205640610153]},"properties":{"kind":"tree"}},{"type":"Feature","geometry":{"type":"Point","coordinates":[-70.90176618560744,41.1021012124532]},"properties":{"kind":"tree"}},{"type":"Feature","geometry":{"type":"Point","coordinates":[-70.9018691628481,41.10205076069714]},"properties":{"kind":"tree"}},{"type":"Feature","geometry":{"type":"Point","coordinates":[-70.90187332064737,41.102095567048806]},"properties":{"kind":"tree"}},{"type":"Feature","geometry":{"type":"Point","coordinates":[-70.90199990543864,41.10204387130973]},"properties":{"kind":"tree"}},{"type":"Feature","geometry":{"type":"Point","coordinates":[-70.90200406323791,41.10208867766139]},"properties":{"kind":"tree"}},{"type":"Feature","geometry":{"type":"Point","coordinates":[-70.90214175850282,41.10203639646385]},"properties":{"kind":"tree"}},{"type":"Feature","geometry":{"type":"Point","coordinates":[-70.9022571920163,41.10203031377733]},"properties":{"kind":"tree"}},{"type":"Feature","geometry":{"type":"Point","coordinates":[-70.90238235484235,41.102023718411616]},"properties":{"kind":"tree"}},{"type":"Feature","geometry":{"type":"Point","coordinates":[-70.90238651264161,41.10206852476328]},"properties":{"kind":"tree"}},{"type":"Feature","geometry":{"type":"Point","coordinates":[-70.9025038813131,41.102017314661055]},"properties":{"kind":"tree"}},{"type":"Feature","geometry":{"type":"Point","coordinates":[-70.90253171138225,41.10200234054227]},"properties":{"kind":"tree"}},{"type":"Feature","geometry":{"type":"Point","coordinates":[-70.90259117068206,41.10199920737694]},"properties":{"kind":"tree"}},{"type":"Feature","geometry":{"type":"Point","coordinates":[-70.9025237363337,41.10191639776192]},"properties":{"kind":"tree"}},{"type":"Feature","geometry":{"type":"Point","coordinates":[-70.9025831956335,41.10191326459659]},"properties":{"kind":"tree"}},{"type":"Feature","geometry":{"type":"Point","coordinates":[-70.90251409860132,41.10181253713811]},"properties":{"kind":"tree"}},{"type":"Feature","geometry":{"type":"Point","coordinates":[-70.90257355790112,41.10180940397278]},"properties":{"kind":"tree"}},{"type":"Feature","geometry":{"type":"Point","coordinates":[-70.9025071061027,41.10173718276642]},"properties":{"kind":"tree"}},{"type":"Feature","geometry":{"type":"Point","coordinates":[-70.90256656540251,41.1017340496011]},"properties":{"kind":"tree"}},{"type":"Feature","geometry":{"type":"Point","coordinates":[-70.90249928839911,41.101652935607596]},"properties":{"kind":"tree"}},{"type":"Feature","geometry":{"type":"Point","coordinates":[-70.90249003293772,41.101553194511276]},"properties":{"kind":"tree"}},{"type":"Feature","geometry":{"type":"Point","coordinates":[-70.90248078979202,41.1014535861345]},"properties":{"kind":"tree"}},{"type":"Feature","geometry":{"type":"Point","coordinates":[-70.90247352818383,41.101375331714635]},"properties":{"kind":"tree"}},{"type":"Feature","geometry":{"type":"Point","coordinates":[-70.90246364700754,41.101268847627615]},"properties":{"kind":"tree"}},{"type":"Feature","geometry":{"type":"Point","coordinates":[-70.90252310630734,41.101265714462286]},"properties":{"kind":"tree"}},{"type":"Feature","geometry":{"type":"Point","coordinates":[-70.90245537478636,41.10117970237879]},"properties":{"kind":"tree"}},{"type":"Feature","geometry":{"type":"Point","coordinates":[-70.90251483408616,41.101176569213465]},"properties":{"kind":"tree"}},{"type":"Feature","geometry":{"type":"Point","coordinates":[-70.90244853757451,41.10110602144852]},"properties":{"kind":"tree"}},{"type":"Feature","geometry":{"type":"Point","coordinates":[-70.90243868061108,41.10099979829049]},"properties":{"kind":"tree"}},{"type":"Feature","geometry":{"type":"Point","coordinates":[-70.90243200203736,41.10092782691736]},"properties":{"kind":"tree"}},{"type":"Feature","geometry":{"type":"Point","coordinates":[-70.90249146133716,41.10092469375204]},"properties":{"kind":"tree"}},{"type":"Feature","geometry":{"type":"Point","coordinates":[-70.90242292368146,41.100829994391]},"properties":{"kind":"tree"}},{"type":"Feature","geometry":{"type":"Point","coordinates":[-70.90248238298126,41.10082686122568]},"properties":{"kind":"tree"}},{"type":"Feature","geometry":{"type":"Point","coordinates":[-70.90241544719281,41.100749424320846]},"properties":{"kind":"tree"}},{"type":"Feature","geometry":{"type":"Point","coordinates":[-70.90247490649261,41.10074629115552]},"properties":{"kind":"tree"}},{"type":"Feature","geometry":{"type":"Point","coordinates":[-70.90240873653245,41.100677107167456]},"properties":{"kind":"tree"}},{"type":"Feature","geometry":{"type":"Point","coordinates":[-70.90246819583226,41.100673974002135]},"properties":{"kind":"tree"}},{"type":"Feature","geometry":{"type":"Point","coordinates":[-70.90240140920177,41.100598144491855]},"properties":{"kind":"tree"}},{"type":"Feature","geometry":{"type":"Point","coordinates":[-70.90246086850156,41.100595011326526]},"properties":{"kind":"tree"}},{"type":"Feature","geometry":{"type":"Point","coordinates":[-70.90239173581945,41.100493899687926]},"properties":{"kind":"tree"}},{"type":"Feature","geometry":{"type":"Point","coordinates":[-70.90245119511924,41.100490766522604]},"properties":{"kind":"tree"}},{"type":"Feature","geometry":{"type":"Point","coordinates":[-70.90238356683398,41.10040586695441]},"properties":{"kind":"tree"}},{"type":"Feature","geometry":{"type":"Point","coordinates":[-70.90237504848668,41.10031406933765]},"properties":{"kind":"tree"}},{"type":"Feature","geometry":{"type":"Point","coordinates":[-70.90243450778648,41.10031093617232]},"properties":{"kind":"tree"}},{"type":"Feature","geometry":{"type":"Point","coordinates":[-70.90236771282441,41.10023501687717]},"properties":{"kind":"tree"}},{"type":"Feature","geometry":{"type":"Point","coordinates":[-70.90236023189655,41.100154398967945]},"properties":{"kind":"tree"}},{"type":"Feature","geometry":{"type":"Point","coordinates":[-70.90241969119636,41.10015126580262]},"properties":{"kind":"tree"}},{"type":"Feature","geometry":{"type":"Point","coordinates":[-70.90037388163971,41.10123642643358]},"properties":{"kind":"tree"}},{"type":"Feature","geometry":{"type":"Point","coordinates":[-70.90056054284788,41.10094360147086]},"properties":{"kind":"tree"}},{"type":"Feature","geometry":{"type":"Point","coordinates":[-70.90008040355454,41.100612786517765]},"properties":{"kind":"tree"}},{"type":"Feature","geometry":{"type":"Point","coordinates":[-70.8995606742054,41.10056786202002]},"properties":{"kind":"tree"}},{"type":"Feature","geometry":{"type":"Point","coordinates":[-70.89958643714402,41.10095903862866]},"properties":{"kind":"tree"}},{"type":"Feature","geometry":{"type":"Point","coordinates":[-70.89997605487707,41.10133402274276]},"properties":{"kind":"tree"}},{"type":"Feature","geometry":{"type":"Point","coordinates":[-70.90261384597547,41.10175507471695]},"properties":{"kind":"tree"}},{"type":"Feature","geometry":{"type":"Point","coordinates":[-70.90248814705,41.10091528924954]},"properties":{"kind":"tree"}},{"type":"Feature","geometry":{"type":"Point","coordinates":[-70.90252021175951,41.10099994757199]},"properties":{"kind":"tree"}},{"type":"Feature","geometry":{"type":"Point","coordinates":[-70.90254524501162,41.10124791393029]},"properties":{"kind":"tree"}},{"type":"Feature","geometry":{"type":"Point","coordinates":[-70.90254507254842,41.10134602124138]},"properties":{"kind":"tree"}},{"type":"Feature","geometry":{"type":"Point","coordinates":[-70.90236060028175,41.10006096500845]},"properties":{"kind":"tree"}},{"type":"Feature","geometry":{"type":"Point","coordinates":[-70.90233566668323,41.10014424963041]},"properties":{"kind":"tree"}},{"type":"Feature","geometry":{"type":"Point","coordinates":[-70.90239131372951,41.1006737897082]},"properties":{"kind":"tree"}},{"type":"Feature","geometry":{"type":"Point","coordinates":[-70.90234518830131,41.10081639828]},"properties":{"kind":"tree"}},{"type":"Feature","geometry":{"type":"Point","coordinates":[-70.90232421613005,41.10100997878435]},"properties":{"kind":"tree"}},{"type":"Feature","geometry":{"type":"Point","coordinates":[-70.90232494719584,41.10110788420959]},"properties":{"kind":"tree"}},{"type":"Feature","geometry":{"type":"Point","coordinates":[-70.90240952614981,41.101209356881284]},"properties":{"kind":"tree"}},{"type":"Feature","geometry":{"type":"Point","coordinates":[-70.90238321246147,41.10131356548814]},"properties":{"kind":"tree"}},{"type":"Feature","geometry":{"type":"Point","coordinates":[-70.90239258591734,41.101560027950185]},"properties":{"kind":"tree"}},{"type":"Feature","geometry":{"type":"Point","coordinates":[-70.90233844257256,41.10165107988266]},"properties":{"kind":"tree"}},{"type":"Feature","geometry":{"type":"Point","coordinates":[-70.90236200325826,41.101743669734475]},"properties":{"kind":"tree"}},{"type":"Feature","geometry":{"type":"Point","coordinates":[-70.90232573513386,41.10194673491317]},"properties":{"kind":"tree"}},{"type":"Feature","geometry":{"type":"Point","coordinates":[-70.90223022243401,41.10033529041469]},"properties":{"kind":"tree"}},{"type":"Feature","geometry":{"type":"Point","coordinates":[-70.9022036787552,41.10049761971944]},"properties":{"kind":"tree"}},{"type":"Feature","geometry":{"type":"Point","coordinates":[-70.90224590426655,41.100678871868425]},"properties":{"kind":"tree"}},{"type":"Feature","geometry":{"type":"Point","coordinates":[-70.90221295921805,41.10108867918271]},"properties":{"kind":"tree"}},{"type":"Feature","geometry":{"type":"Point","coordinates":[-70.90226921117991,41.10133143928236]},"properties":{"kind":"tree"}},{"type":"Feature","geometry":{"type":"Point","coordinates":[-70.90223936683842,41.101400407073804]},"properties":{"kind":"tree"}},{"type":"Feature","geometry":{"type":"Point","coordinates":[-70.90224483496137,41.101544280459976]},"properties":{"kind":"tree"}},{"type":"Feature","geometry":{"type":"Point","coordinates":[-70.90223145531581,41.10163395893659]},"properties":{"kind":"tree"}},{"type":"Feature","geometry":{"type":"Point","coordinates":[-70.90211634904126,41.100144132308884]},"properties":{"kind":"tree"}},{"type":"Feature","geometry":{"type":"Point","coordinates":[-70.90212419568408,41.10027424486348]},"properties":{"kind":"tree"}},{"type":"Feature","geometry":{"type":"Point","coordinates":[-70.90211997182358,41.10054837211242]},"properties":{"kind":"tree"}},{"type":"Feature","geometry":{"type":"Point","coordinates":[-70.9020561592087,41.100653728053686]},"properties":{"kind":"tree"}},{"type":"Feature","geometry":{"type":"Point","coordinates":[-70.90205335674649,41.10100273826191]},"properties":{"kind":"tree"}},{"type":"Feature","geometry":{"type":"Point","coordinates":[-70.90210877507995,41.10114666325949]},"properties":{"kind":"tree"}},{"type":"Feature","geometry":{"type":"Point","coordinates":[-70.90204442095852,41.1012239087007]},"properties":{"kind":"tree"}},{"type":"Feature","geometry":{"type":"Point","coordinates":[-70.90209710359854,41.101339373570625]},"properties":{"kind":"tree"}},{"type":"Feature","geometry":{"type":"Point","coordinates":[-70.90204847291443,41.10140868516426]},"properties":{"kind":"tree"}},{"type":"Feature","geometry":{"type":"Point","coordinates":[-70.9020515582396,41.10177969324138]},"properties":{"kind":"tree"}},{"type":"Feature","geometry":{"type":"Point","coordinates":[-70.90208550985436,41.10199998747681]},"properties":{"kind":"tree"}},{"type":"Feature","geometry":{"type":"Point","coordinates":[-70.90204929491584,41.102116537846435]},"properties":{"kind":"tree"}},{"type":"Feature","geometry":{"type":"Point","coordinates":[-70.9019273038861,41.10011867264733]},"properties":{"kind":"tree"}},{"type":"Feature","geometry":{"type":"Point","coordinates":[-70.90193764459848,41.100440732257375]},"properties":{"kind":"tree"}},{"type":"Feature","geometry":{"type":"Point","coordinates":[-70.90198592917392,41.100584550876825]},"properties":{"kind":"tree"}},{"type":"Feature","geometry":{"type":"Point","coordinates":[-70.90195232654929,41.10099672281449]},"properties":{"kind":"tree"}},{"type":"Feature","geometry":{"type":"Point","coordinates":[-70.9019524398698,41.10119311320001]},"properties":{"kind":"tree"}},{"type":"Feature","geometry":{"type":"Point","coordinates":[-70.90191706852048,41.10147077960878]},"properties":{"kind":"tree"}},{"type":"Feature","geometry":{"type":"Point","coordinates":[-70.90193914644132,41.101631020814715]},"properties":{"kind":"tree"}},{"type":"Feature","geometry":{"type":"Point","coordinates":[-70.90193249934909,41.10208634177624]},"properties":{"kind":"tree"}},{"type":"Feature","geometry":{"type":"Point","coordinates":[-70.90176554947668,41.10037056318476]},"properties":{"kind":"tree"}},{"type":"Feature","geometry":{"type":"Point","coordinates":[-70.90176354509033,41.10056681183668]},"properties":{"kind":"tree"}},{"type":"Feature","geometry":{"type":"Point","coordinates":[-70.90181700288137,41.10064604875655]},"properties":{"kind":"tree"}},{"type":"Feature","geometry":{"type":"Point","coordinates":[-70.90179073955339,41.10076937028618]},"properties":{"kind":"tree"}},{"type":"Feature","geometry":{"type":"Point","coordinates":[-70.90178586588122,41.10101127094955]},"properties":{"kind":"tree"}},{"type":"Feature","geometry":{"type":"Point","coordinates":[-70.90175649558321,41.10109981949384]},"properties":{"kind":"tree"}},{"type":"Feature","geometry":{"type":"Point","coordinates":[-70.90178071346763,41.101362134719786]},"properties":{"kind":"tree"}},{"type":"Feature","geometry":{"type":"Point","coordinates":[-70.90177786241371,41.10145426336388]},"properties":{"kind":"tree"}},{"type":"Feature","geometry":{"type":"Point","coordinates":[-70.90176830467041,41.10157196605235]},"properties":{"kind":"tree"}},{"type":"Feature","geometry":{"type":"Point","coordinates":[-70.90177814125896,41.1016792993949]},"properties":{"kind":"tree"}},{"type":"Feature","geometry":{"type":"Point","coordinates":[-70.90182662526762,41.10183379350393]},"properties":{"kind":"tree"}},{"type":"Feature","geometry":{"type":"Point","coordinates":[-70.90181889194862,41.10195909734709]},"properties":{"kind":"tree"}},{"type":"Feature","geometry":{"type":"Point","coordinates":[-70.90176930957028,41.10210374721388]},"properties":{"kind":"tree"}},{"type":"Feature","geometry":{"type":"Point","coordinates":[-70.90167083319403,41.10025243662431]},"properties":{"kind":"tree"}},{"type":"Feature","geometry":{"type":"Point","coordinates":[-70.90161056801954,41.100336901241285]},"properties":{"kind":"tree"}},{"type":"Feature","geometry":{"type":"Point","coordinates":[-70.90166755746768,41.100444422411556]},"properties":{"kind":"tree"}},{"type":"Feature","geometry":{"type":"Point","coordinates":[-70.90164325820768,41.10069946870113]},"properties":{"kind":"tree"}},{"type":"Feature","geometry":{"type":"Point","coordinates":[-70.90164493438252,41.10091902566226]},"properties":{"kind":"tree"}},{"type":"Feature","geometry":{"type":"Point","coordinates":[-70.90169491861785,41.10098584002527]},"properties":{"kind":"tree"}},{"type":"Feature","geometry":{"type":"Point","coordinates":[-70.90167677988396,41.101102808853064]},"properties":{"kind":"tree"}},{"type":"Feature","geometry":{"type":"Point","coordinates":[-70.90161833933888,41.1013577070909]},"properties":{"kind":"tree"}},{"type":"Feature","geometry":{"type":"Point","coordinates":[-70.90162194072525,41.10177156737795]},"properties":{"kind":"tree"}},{"type":"Feature","geometry":{"type":"Point","coordinates":[-70.901634165249,41.102093122709185]},"properties":{"kind":"tree"}},{"type":"Feature","geometry":{"type":"Point","coordinates":[-70.90148906194862,41.10024281348646]},"properties":{"kind":"tree"}},{"type":"Feature","geometry":{"type":"Point","coordinates":[-70.90152982327372,41.100352022510094]},"properties":{"kind":"tree"}},{"type":"Feature","geometry":{"type":"Point","coordinates":[-70.90149052615423,41.10049518753692]},"properties":{"kind":"tree"}},{"type":"Feature","geometry":{"type":"Point","coordinates":[-70.9015053782073,41.10067674122189]},"properties":{"kind":"tree"}},{"type":"Feature","geometry":{"type":"Point","coordinates":[-70.90149100734337,41.10086461306885]},"properties":{"kind":"tree"}},{"type":"Feature","geometry":{"type":"Point","coordinates":[-70.90150912680325,41.1013112397584]},"properties":{"kind":"tree"}},{"type":"Feature","geometry":{"type":"Point","coordinates":[-70.90154234433385,41.101574681319526]},"properties":{"kind":"tree"}},{"type":"Feature","geometry":{"type":"Point","coordinates":[-70.90149167389167,41.10166332316751]},"properties":{"kind":"tree"}},{"type":"Feature","geometry":{"type":"Point","coordinates":[-70.9015031864449,41.101787398652085]},"properties":{"kind":"tree"}},{"type":"Feature","geometry":{"type":"Point","coordinates":[-70.90147622238776,41.10197295911432]},"properties":{"kind":"tree"}},{"type":"Feature","geometry":{"type":"Point","coordinates":[-70.9014827848296,41.102050386267656]},"properties":{"kind":"tree"}},{"type":"Feature","geometry":{"type":"Point","coordinates":[-70.90134397800972,41.100487409027686]},"properties":{"kind":"tree"}},{"type":"Feature","geometry":{"type":"Point","coordinates":[-70.90138980440152,41.10054697684678]},"properties":{"kind":"tree"}},{"type":"Feature","geometry":{"type":"Point","coordinates":[-70.90133899167274,41.100698960684845]},"properties":{"kind":"tree"}},{"type":"Feature","geometry":{"type":"Point","coordinates":[-70.90132063233042,41.101336853428606]},"properties":{"kind":"tree"}},{"type":"Feature","geometry":{"type":"Point","coordinates":[-70.90141330413532,41.10146417750806]},"properties":{"kind":"tree"}},{"type":"Feature","geometry":{"type":"Point","coordinates":[-70.9013940103487,41.101530341287045]},"properties":{"kind":"tree"}},{"type":"Feature","geometry":{"type":"Point","coordinates":[-70.90137073170922,41.10184258130812]},"properties":{"kind":"tree"}},{"type":"Feature","geometry":{"type":"Point","coordinates":[-70.90140161419481,41.10197818572741]},"properties":{"kind":"tree"}},{"type":"Feature","geometry":{"type":"Point","coordinates":[-70.90134344374336,41.10210809709727]},"properties":{"kind":"tree"}},{"type":"Feature","geometry":{"type":"Point","coordinates":[-70.90120512386008,41.10011156569453]},"properties":{"kind":"tree"}},{"type":"Feature","geometry":{"type":"Point","coordinates":[-70.90118242655653,41.10022813051007]},"properties":{"kind":"tree"}},{"type":"Feature","geometry":{"type":"Point","coordinates":[-70.9011966310551,41.10055826333948]},"properties":{"kind":"tree"}},{"type":"Feature","geometry":{"type":"Point","coordinates":[-70.90124787891422,41.10071517565684]},"properties":{"kind":"tree"}},{"type":"Feature","geometry":{"type":"Point","coordinates":[-70.90125480736384,41.101847753570055]},"properties":{"kind":"tree"}},{"type":"Feature","geometry":{"type":"Point","coordinates":[-70.90125835890258,41.10199701842577]},"properties":{"kind":"tree"}},{"type":"Feature","geometry":{"type":"Point","coordinates":[-70.90120221239671,41.10209441530569]},"properties":{"kind":"tree"}},{"type":"Feature","geometry":{"type":"Point","coordinates":[-70.90109581202269,41.100354215441754]},"properties":{"kind":"tree"}},{"type":"Feature","geometry":{"type":"Point","coordinates":[-70.90112228931962,41.10058317032807]},"properties":{"kind":"tree"}},{"type":"Feature","geometry":{"type":"Point","coordinates":[-70.90110425278014,41.10184040148927]},"properties":{"kind":"tree"}},{"type":"Feature","geometry":{"type":"Point","coordinates":[-70.90105371957891,41.10217075581605]},"properties":{"kind":"tree"}},{"type":"Feature","geometry":{"type":"Point","coordinates":[-70.90090762931302,41.10016708061799]},"properties":{"kind":"tree"}},{"type":"Feature","geometry":{"type":"Point","coordinates":[-70.90097246040519,41.10046133498709]},"properties":{"kind":"tree"}},{"type":"Feature","geometry":{"type":"Point","coordinates":[-70.90098172037908,41.10057791382085]},"properties":{"kind":"tree"}},{"type":"Feature","geometry":{"type":"Point","coordinates":[-70.90098291534039,41.10077711742475]},"properties":{"kind":"tree"}},{"type":"Feature","geometry":{"type":"Point","coordinates":[-70.90094299436387,41.10155718249475]},"properties":{"kind":"tree"}},{"type":"Feature","geometry":{"type":"Point","coordinates":[-70.90096841727538,41.10166252459532]},"properties":{"kind":"tree"}},{"type":"Feature","geometry":{"type":"Point","coordinates":[-70.90097409203577,41.101837188023566]},"properties":{"kind":"tree"}},{"type":"Feature","geometry":{"type":"Point","coordinates":[-70.90094215532213,41.10208183797792]},"properties":{"kind":"tree"}},{"type":"Feature","geometry":{"type":"Point","coordinates":[-70.90075822497766,41.10016697208611]},"properties":{"kind":"tree"}},{"type":"Feature","geometry":{"type":"Point","coordinates":[-70.90077651980766,41.10025961767455]},"properties":{"kind":"tree"}},{"type":"Feature","geometry":{"type":"Point","coordinates":[-70.9008201623682,41.1003867396241]},"properties":{"kind":"tree"}},{"type":"Feature","geometry":{"type":"Point","coordinates":[-70.90075352226387,41.10198295359999]},"properties":{"kind":"tree"}},{"type":"Feature","geometry":{"type":"Point","coordinates":[-70.90076046493726,41.10208828914702]},"properties":{"kind":"tree"}},{"type":"Feature","geometry":{"type":"Point","coordinates":[-70.90060622532442,41.10023621563229]},"properties":{"kind":"tree"}},{"type":"Feature","geometry":{"type":"Point","coordinates":[-70.90062713690669,41.100444559320835]},"properties":{"kind":"tree"}},{"type":"Feature","geometry":{"type":"Point","coordinates":[-70.90067431726578,41.100701068537006]},"properties":{"kind":"tree"}},{"type":"Feature","geometry":{"type":"Point","coordinates":[-70.90068788878973,41.10175056105918]},"properties":{"kind":"tree"}},{"type":"Feature","geometry":{"type":"Point","coordinates":[-70.90066748855544,41.10196724642566]},"properties":{"kind":"tree"}},{"type":"Feature","geometry":{"type":"Point","coordinates":[-70.90069653233124,41.10206728369581]},"properties":{"kind":"tree"}},{"type":"Feature","geometry":{"type":"Point","coordinates":[-70.90053203364795,41.1001400035685]},"properties":{"kind":"tree"}},{"type":"Feature","geometry":{"type":"Point","coordinates":[-70.90049980701593,41.100270243038295]},"properties":{"kind":"tree"}},{"type":"Feature","geometry":{"type":"Point","coordinates":[-70.90048519563155,41.10035148197198]},"properties":{"kind":"tree"}},{"type":"Feature","geometry":{"type":"Point","coordinates":[-70.90048851615784,41.10048341945679]},"properties":{"kind":"tree"}},{"type":"Feature","geometry":{"type":"Point","coordinates":[-70.9005181036449,41.100575849202265]},"properties":{"kind":"tree"}},{"type":"Feature","geometry":{"type":"Point","coordinates":[-70.90047924551128,41.101616772910916]},"properties":{"kind":"tree"}},{"type":"Feature","geometry":{"type":"Point","coordinates":[-70.90054302639533,41.10178939056694]},"properties":{"kind":"tree"}},{"type":"Feature","geometry":{"type":"Point","coordinates":[-70.9004895756315,41.10185631477707]},"properties":{"kind":"tree"}},{"type":"Feature","geometry":{"type":"Point","coordinates":[-70.90052947539874,41.101977846040455]},"properties":{"kind":"tree"}},{"type":"Feature","geometry":{"type":"Point","coordinates":[-70.90050420145103,41.102075755517454]},"properties":{"kind":"tree"}},{"type":"Feature","geometry":{"type":"Point","coordinates":[-70.90049518438846,41.102157291772215]},"properties":{"kind":"tree"}},{"type":"Feature","geometry":{"type":"Point","coordinates":[-70.9003871173239,41.10016549447603]},"properties":{"kind":"tree"}},{"type":"Feature","geometry":{"type":"Point","coordinates":[-70.90038427711224,41.10027096552288]},"properties":{"kind":"tree"}},{"type":"Feature","geometry":{"type":"Point","coordinates":[-70.9003720189073,41.10044157803796]},"properties":{"kind":"tree"}},{"type":"Feature","geometry":{"type":"Point","coordinates":[-70.90034670340557,41.10178046325352]},"properties":{"kind":"tree"}},{"type":"Feature","geometry":{"type":"Point","coordinates":[-70.90033666486043,41.10186484787094]},"properties":{"kind":"tree"}},{"type":"Feature","geometry":{"type":"Point","coordinates":[-70.90037284343117,41.1019657718564]},"properties":{"kind":"tree"}},{"type":"Feature","geometry":{"type":"Point","coordinates":[-70.90033065859838,41.10209231262636]},"properties":{"kind":"tree"}},{"type":"Feature","geometry":{"type":"Point","coordinates":[-70.90036317400944,41.10215665481346]},"properties":{"kind":"tree"}},{"type":"Feature","geometry":{"type":"Point","coordinates":[-70.90025569652953,41.10032314766973]},"properties":{"kind":"tree"}},{"type":"Feature","geometry":{"type":"Point","coordinates":[-70.90026311302739,41.10046364896097]},"properties":{"kind":"tree"}},{"type":"Feature","geometry":{"type":"Point","coordinates":[-70.90020700912724,41.10065675299511]},"properties":{"kind":"tree"}},{"type":"Feature","geometry":{"type":"Point","coordinates":[-70.90019773660102,41.10186606570124]},"properties":{"kind":"tree"}},{"type":"Feature","geometry":{"type":"Point","coordinates":[-70.90026836010465,41.10205987759882]},"properties":{"kind":"tree"}},{"type":"Feature","geometry":{"type":"Point","coordinates":[-70.90019482287052,41.10216320668205]},"properties":{"kind":"tree"}},{"type":"Feature","geometry":{"type":"Point","coordinates":[-70.90008509967285,41.10022696715898]},"properties":{"kind":"tree"}},{"type":"Feature","geometry":{"type":"Point","coordinates":[-70.9001137305181,41.10048070746831]},"properties":{"kind":"tree"}},{"type":"Feature","geometry":{"type":"Point","coordinates":[-70.90005443613065,41.10143229277712]},"properties":{"kind":"tree"}},{"type":"Feature","geometry":{"type":"Point","coordinates":[-70.90010165445047,41.101634639923056]},"properties":{"kind":"tree"}},{"type":"Feature","geometry":{"type":"Point","coordinates":[-70.90009766470112,41.1018568973988]},"properties":{"kind":"tree"}},{"type":"Feature","geometry":{"type":"Point","coordinates":[-70.90012428999324,41.10194061024022]},"properties":{"kind":"tree"}},{"type":"Feature","geometry":{"type":"Point","coordinates":[-70.90006404024646,41.10206777059942]},"properties":{"kind":"tree"}},{"type":"Feature","geometry":{"type":"Point","coordinates":[-70.89995611043902,41.1002353708161]},"properties":{"kind":"tree"}},{"type":"Feature","geometry":{"type":"Point","coordinates":[-70.8999317716636,41.1005458207335]},"properties":{"kind":"tree"}},{"type":"Feature","geometry":{"type":"Point","coordinates":[-70.89991605627772,41.10131061748739]},"properties":{"kind":"tree"}},{"type":"Feature","geometry":{"type":"Point","coordinates":[-70.899924330323,41.10165713924224]},"properties":{"kind":"tree"}},{"type":"Feature","geometry":{"type":"Point","coordinates":[-70.89992861168713,41.10196094519476]},"properties":{"kind":"tree"}},{"type":"Feature","geometry":{"type":"Point","coordinates":[-70.8997922066788,41.100451814382446]},"properties":{"kind":"tree"}},{"type":"Feature","geometry":{"type":"Point","coordinates":[-70.8998330293438,41.10129390855081]},"properties":{"kind":"tree"}},{"type":"Feature","geometry":{"type":"Point","coordinates":[-70.89978161672931,41.10164706338782]},"properties":{"kind":"tree"}},{"type":"Feature","geometry":{"type":"Point","coordinates":[-70.89975343169624,41.10174815444206]},"properties":{"kind":"tree"}},{"type":"Feature","geometry":{"type":"Point","coordinates":[-70.89981631120791,41.10195779371916]},"properties":{"kind":"tree"}},{"type":"Feature","geometry":{"type":"Point","coordinates":[-70.89980014991633,41.1021552171642]},"properties":{"kind":"tree"}},{"type":"Feature","geometry":{"type":"Point","coordinates":[-70.89961213266828,41.10103387172421]},"properties":{"kind":"tree"}},{"type":"Feature","geometry":{"type":"Point","coordinates":[-70.89965598747158,41.10121297467512]},"properties":{"kind":"tree"}},{"type":"Feature","geometry":{"type":"Point","coordinates":[-70.89961101661278,41.101868060364744]},"properties":{"kind":"tree"}},{"type":"Feature","geometry":{"type":"Point","coordinates":[-70.89960634332846,41.10199293202248]},"properties":{"kind":"tree"}},{"type":"Feature","geometry":{"type":"Point","coordinates":[-70.89960311597243,41.10210671119443]},"properties":{"kind":"tree"}},{"type":"Feature","geometry":{"type":"Point","coordinates":[-70.89961576267714,41.102185649749046]},"properties":{"kind":"tree"}},{"type":"Feature","geometry":{"type":"Point","coordinates":[-70.89949492705378,41.10027428426065]},"properties":{"kind":"tree"}},{"type":"Feature","geometry":{"type":"Point","coordinates":[-70.89951717610366,41.100391250373285]},"properties":{"kind":"tree"}},{"type":"Feature","geometry":{"type":"Point","coordinates":[-70.89952916180017,41.10053887581572]},"properties":{"kind":"tree"}},{"type":"Feature","geometry":{"type":"Point","coordinates":[-70.89949785088363,41.10087458204436]},"properties":{"kind":"tree"}},{"type":"Feature","geometry":{"type":"Point","coordinates":[-70.89952020952353,41.10122225975654]},"properties":{"kind":"tree"}},{"type":"Feature","geometry":{"type":"Point","coordinates":[-70.89955152713229,41.10132629023135]},"properties":{"kind":"tree"}},{"type":"Feature","geometry":{"type":"Point","coordinates":[-70.899478504025,41.101405075356624]},"properties":{"kind":"tree"}},{"type":"Feature","geometry":{"type":"Point","coordinates":[-70.89946320485575,41.10154019942163]},"properties":{"kind":"tree"}},{"type":"Feature","geometry":{"type":"Point","coordinates":[-70.89951090215745,41.10161812309479]},"properties":{"kind":"tree"}},{"type":"Feature","geometry":{"type":"Point","coordinates":[-70.89951500206517,41.10178608299563]},"properties":{"kind":"tree"}},{"type":"Feature","geometry":{"type":"Point","coordinates":[-70.89951043433175,41.101876598802015]},"properties":{"kind":"tree"}},{"type":"Feature","geometry":{"type":"Point","coordinates":[-70.8995324568777,41.10198724515589]},"properties":{"kind":"tree"}},{"type":"Feature","geometry":{"type":"Point","coordinates":[-70.8995375244037,41.10204889593595]},"properties":{"kind":"tree"}},{"type":"Feature","geometry":{"type":"Point","coordinates":[-70.89946111595343,41.102180933929766]},"properties":{"kind":"tree"}},{"type":"Feature","geometry":{"type":"Point","coordinates":[-70.89934530629772,41.1002651826694]},"properties":{"kind":"tree"}},{"type":"Feature","geometry":{"type":"Point","coordinates":[-70.89934742010128,41.10036805897064]},"properties":{"kind":"tree"}},{"type":"Feature","geometry":{"type":"Point","coordinates":[-70.89938200311818,41.10046623313411]},"properties":{"kind":"tree"}},{"type":"Feature","geometry":{"type":"Point","coordinates":[-70.89935264846181,41.10055023626628]},"properties":{"kind":"tree"}},{"type":"Feature","geometry":{"type":"Point","coordinates":[-70.8993653514913,41.10099114554381]},"properties":{"kind":"tree"}},{"type":"Feature","geometry":{"type":"Point","coordinates":[-70.89938596459969,41.101203376864554]},"properties":{"kind":"tree"}},{"type":"Feature","geometry":{"type":"Point","coordinates":[-70.8993494241857,41.101792966151464]},"properties":{"kind":"tree"}},{"type":"Feature","geometry":{"type":"Point","coordinates":[-70.89931976579736,41.10187402972417]},"properties":{"kind":"tree"}},{"type":"Feature","geometry":{"type":"Point","coordinates":[-70.89938334331599,41.10205414730328]},"properties":{"kind":"tree"}},{"type":"Feature","geometry":{"type":"Point","coordinates":[-70.89939349405843,41.10216239766664]},"properties":{"kind":"tree"}},{"type":"Feature","geometry":{"type":"Point","coordinates":[-70.89919637424266,41.10037269746206]},"properties":{"kind":"tree"}},{"type":"Feature","geometry":{"type":"Point","coordinates":[-70.8992294541696,41.100486171302116]},"properties":{"kind":"tree"}},{"type":"Feature","geometry":{"type":"Point","coordinates":[-70.89925943080043,41.100707284732344]},"properties":{"kind":"tree"}},{"type":"Feature","geometry":{"type":"Point","coordinates":[-70.89922709337417,41.100776885142366]},"properties":{"kind":"tree"}},{"type":"Feature","geometry":{"type":"Point","coordinates":[-70.89923230507307,41.1009874509462]},"properties":{"kind":"tree"}},{"type":"Feature","geometry":{"type":"Point","coordinates":[-70.89917652689674,41.101131628153006]},"properties":{"kind":"tree"}},{"type":"Feature","geometry":{"type":"Point","coordinates":[-70.89918516301468,41.101248177032396]},"properties":{"kind":"tree"}},{"type":"Feature","geometry":{"type":"Point","coordinates":[-70.89919979469836,41.101512830554725]},"properties":{"kind":"tree"}},{"type":"Feature","geometry":{"type":"Point","coordinates":[-70.89918416254244,41.10166945223439]},"properties":{"kind":"tree"}},{"type":"Feature","geometry":{"type":"Point","coordinates":[-70.89920396499421,41.101785467027774]},"properties":{"kind":"tree"}},{"type":"Feature","geometry":{"type":"Point","coordinates":[-70.89918836914349,41.10218852709543]},"properties":{"kind":"tree"}},{"type":"Feature","geometry":{"type":"Point","coordinates":[-70.89905466381288,41.10033789226875]},"properties":{"kind":"tree"}},{"type":"Feature","geometry":{"type":"Point","coordinates":[-70.89909160507733,41.10057111875311]},"properties":{"kind":"tree"}},{"type":"Feature","geometry":{"type":"Point","coordinates":[-70.89904307815993,41.10069818012341]},"properties":{"kind":"tree"}},{"type":"Feature","geometry":{"type":"Point","coordinates":[-70.89910885465923,41.100769026200105]},"properties":{"kind":"tree"}},{"type":"Feature","geometry":{"type":"Point","coordinates":[-70.89902998726349,41.10088526865503]},"properties":{"kind":"tree"}},{"type":"Feature","geometry":{"type":"Point","coordinates":[-70.89906437320343,41.10102956492482]},"properties":{"kind":"tree"}},{"type":"Feature","geometry":{"type":"Point","coordinates":[-70.89908324535278,41.101094352339146]},"properties":{"kind":"tree"}},{"type":"Feature","geometry":{"type":"Point","coordinates":[-70.89907493869,41.10121352637316]},"properties":{"kind":"tree"}},{"type":"Feature","geometry":{"type":"Point","coordinates":[-70.89903780369973,41.101297411843355]},"properties":{"kind":"tree"}},{"type":"Feature","geometry":{"type":"Point","coordinates":[-70.89910995992628,41.101420480482574]},"properties":{"kind":"tree"}},{"type":"Feature","geometry":{"type":"Point","coordinates":[-70.89908111408242,41.101652276432304]},"properties":{"kind":"tree"}},{"type":"Feature","geometry":{"type":"Point","coordinates":[-70.89905501542043,41.101755066435445]},"properties":{"kind":"tree"}},{"type":"Feature","geometry":{"type":"Point","coordinates":[-70.89908120553115,41.101940318677556]},"properties":{"kind":"tree"}},{"type":"Feature","geometry":{"type":"Point","coordinates":[-70.899072478977,41.10204927819888]},"properties":{"kind":"tree"}},{"type":"Feature","geometry":{"type":"Point","coordinates":[-70.89905943252153,41.10220475728864]},"properties":{"kind":"tree"}},{"type":"Feature","geometry":{"type":"Point","coordinates":[-70.89894271784193,41.100222177184605]},"properties":{"kind":"tree"}},{"type":"Feature","geometry":{"type":"Point","coordinates":[-70.8988923175853,41.10034121872535]},"properties":{"kind":"tree"}},{"type":"Feature","geometry":{"type":"Point","coordinates":[-70.89893220583615,41.100713212484216]},"properties":{"kind":"tree"}},{"type":"Feature","geometry":{"type":"Point","coordinates":[-70.89894251347238,41.10080560546208]},"properties":{"kind":"tree"}},{"type":"Feature","geometry":{"type":"Point","coordinates":[-70.89895284213537,41.100991893584926]},"properties":{"kind":"tree"}},{"type":"Feature","geometry":{"type":"Point","coordinates":[-70.89897749005574,41.10125383585198]},"properties":{"kind":"tree"}},{"type":"Feature","geometry":{"type":"Point","coordinates":[-70.89888728748934,41.10130417612781]},"properties":{"kind":"tree"}},{"type":"Feature","geometry":{"type":"Point","coordinates":[-70.89894498892318,41.10145596137052]},"properties":{"kind":"tree"}},{"type":"Feature","geometry":{"type":"Point","coordinates":[-70.89898182047564,41.101628334435254]},"properties":{"kind":"tree"}},{"type":"Feature","geometry":{"type":"Point","coordinates":[-70.89895752054913,41.10188174316163]},"properties":{"kind":"tree"}},{"type":"Feature","geometry":{"type":"Point","coordinates":[-70.89891221719317,41.10198721474484]},"properties":{"kind":"tree"}},{"type":"Feature","geometry":{"type":"Point","coordinates":[-70.89892646625283,41.10220910390148]},"properties":{"kind":"tree"}},{"type":"Feature","geometry":{"type":"Point","coordinates":[-70.89877233485144,41.10049363856248]},"properties":{"kind":"tree"}},{"type":"Feature","geometry":{"type":"Point","coordinates":[-70.89875782607938,41.10070374387942]},"properties":{"kind":"tree"}},{"type":"Feature","geometry":{"type":"Point","coordinates":[-70.8987517914177,41.100919329244185]},"properties":{"kind":"tree"}},{"type":"Feature","geometry":{"type":"Point","coordinates":[-70.89879314115014,41.10124920766265]},"properties":{"kind":"tree"}},{"type":"Feature","geometry":{"type":"Point","coordinates":[-70.89876908720346,41.10141685720935]},"properties":{"kind":"tree"}},{"type":"Feature","geometry":{"type":"Point","coordinates":[-70.89881303218606,41.101528926422375]},"properties":{"kind":"tree"}},{"type":"Feature","geometry":{"type":"Point","coordinates":[-70.89876783282114,41.10166658596544]},"properties":{"kind":"tree"}},{"type":"Feature","geometry":{"type":"Point","coordinates":[-70.89880319367035,41.10175923198988]},"properties":{"kind":"tree"}},{"type":"Feature","geometry":{"type":"Point","coordinates":[-70.89875187165424,41.101831378827896]},"properties":{"kind":"tree"}},{"type":"Feature","geometry":{"type":"Point","coordinates":[-70.89883199021936,41.10194772929645]},"properties":{"kind":"tree"}},{"type":"Feature","geometry":{"type":"Point","coordinates":[-70.89866315710634,41.100274480458765]},"properties":{"kind":"tree"}},{"type":"Feature","geometry":{"type":"Point","coordinates":[-70.89864829298422,41.100344670197195]},"properties":{"kind":"tree"}},{"type":"Feature","geometry":{"type":"Point","coordinates":[-70.89860709445927,41.10071517982497]},"properties":{"kind":"tree"}},{"type":"Feature","geometry":{"type":"Point","coordinates":[-70.89867042937009,41.10075387260187]},"properties":{"kind":"tree"}},{"type":"Feature","geometry":{"type":"Point","coordinates":[-70.89865277093631,41.10087031497052]},"properties":{"kind":"tree"}},{"type":"Feature","geometry":{"type":"Point","coordinates":[-70.89866643772132,41.101134566138555]},"properties":{"kind":"tree"}},{"type":"Feature","geometry":{"type":"Point","coordinates":[-70.89865072643249,41.101238316185515]},"properties":{"kind":"tree"}},{"type":"Feature","geometry":{"type":"Point","coordinates":[-70.89867359516697,41.10133873082906]},"properties":{"kind":"tree"}},{"type":"Feature","geometry":{"type":"Point","coordinates":[-70.89677088251247,41.09941504455224]},"properties":{"kind":"tree"}},{"type":"Feature","geometry":{"type":"Point","coordinates":[-70.89663637817486,41.099422132162225]},"properties":{"kind":"tree"}},{"type":"Feature","geometry":{"type":"Point","coordinates":[-70.89663222037558,41.099377325810565]},"properties":{"kind":"tree"}},{"type":"Feature","geometry":{"type":"Point","coordinates":[-70.89652159244099,41.09942818071447]},"properties":{"kind":"tree"}},{"type":"Feature","geometry":{"type":"Point","coordinates":[-70.89651743464172,41.09938337436281]},"properties":{"kind":"tree"}},{"type":"Feature","geometry":{"type":"Point","coordinates":[-70.89639464065046,41.09943487034838]},"properties":{"kind":"tree"}},{"type":"Feature","geometry":{"type":"Point","coordinates":[-70.89627889845282,41.0994409693008]},"properties":{"kind":"tree"}},{"type":"Feature","geometry":{"type":"Point","coordinates":[-70.89617909081906,41.09944622859276]},"properties":{"kind":"tree"}},{"type":"Feature","geometry":{"type":"Point","coordinates":[-70.8961749330198,41.0994014222411]},"properties":{"kind":"tree"}},{"type":"Feature","geometry":{"type":"Point","coordinates":[-70.89607209244271,41.09945186679577]},"properties":{"kind":"tree"}},{"type":"Feature","geometry":{"type":"Point","coordinates":[-70.89606793464343,41.09940706044411]},"properties":{"kind":"tree"}},{"type":"Feature","geometry":{"type":"Point","coordinates":[-70.89600510488482,41.099468904290454]},"properties":{"kind":"tree"}},{"type":"Feature","geometry":{"type":"Point","coordinates":[-70.89594564558503,41.099472037455776]},"properties":{"kind":"tree"}},{"type":"Feature","geometry":{"type":"Point","coordinates":[-70.89601477351859,41.09957309792162]},"properties":{"kind":"tree"}},{"type":"Feature","geometry":{"type":"Point","coordinates":[-70.89595531421878,41.09957623108694]},"properties":{"kind":"tree"}},{"type":"Feature","geometry":{"type":"Point","coordinates":[-70.89602420726986,41.099674760351455]},"properties":{"kind":"tree"}},{"type":"Feature","geometry":{"type":"Point","coordinates":[-70.89596474797005,41.09967789351678]},"properties":{"kind":"tree"}},{"type":"Feature","geometry":{"type":"Point","coordinates":[-70.89603196219055,41.09975833093304]},"properties":{"kind":"tree"}},{"type":"Feature","geometry":{"type":"Point","coordinates":[-70.89597250289074,41.09976146409837]},"properties":{"kind":"tree"}},{"type":"Feature","geometry":{"type":"Point","coordinates":[-70.89603986154877,41.099843458039715]},"properties":{"kind":"tree"}},{"type":"Feature","geometry":{"type":"Point","coordinates":[-70.89598040224897,41.099846591205036]},"properties":{"kind":"tree"}},{"type":"Feature","geometry":{"type":"Point","coordinates":[-70.89604973159037,41.09994982213408]},"properties":{"kind":"tree"}},{"type":"Feature","geometry":{"type":"Point","coordinates":[-70.89605897602465,41.100049444397264]},"properties":{"kind":"tree"}},{"type":"Feature","geometry":{"type":"Point","coordinates":[-70.89599951672486,41.10005257756259]},"properties":{"kind":"tree"}},{"type":"Feature","geometry":{"type":"Point","coordinates":[-70.89607657828542,41.10004596627729]},"properties":{"kind":"tree"}},{"type":"Feature","geometry":{"type":"Point","coordinates":[-70.8960807360847,41.10009077262895]},"properties":{"kind":"tree"}},{"type":"Feature","geometry":{"type":"Point","coordinates":[-70.89621231182593,41.10003881389534]},"properties":{"kind":"tree"}},{"type":"Feature","geometry":{"type":"Point","coordinates":[-70.8962164696252,41.100083620247]},"properties":{"kind":"tree"}},{"type":"Feature","geometry":{"type":"Point","coordinates":[-70.89631783609006,41.100033253369624]},"properties":{"kind":"tree"}},{"type":"Feature","geometry":{"type":"Point","coordinates":[-70.89641684496699,41.100028036167586]},"properties":{"kind":"tree"}},{"type":"Feature","geometry":{"type":"Point","coordinates":[-70.89642100276626,41.100072842519246]},"properties":{"kind":"tree"}},{"type":"Feature","geometry":{"type":"Point","coordinates":[-70.89654449098293,41.10002130995196]},"properties":{"kind":"tree"}},{"type":"Feature","geometry":{"type":"Point","coordinates":[-70.8965486487822,41.10006611630362]},"properties":{"kind":"tree"}},{"type":"Feature","geometry":{"type":"Point","coordinates":[-70.89665714279845,41.10001537384502]},"properties":{"kind":"tree"}},{"type":"Feature","geometry":{"type":"Point","coordinates":[-70.89666130059771,41.100060180196685]},"properties":{"kind":"tree"}},{"type":"Feature","geometry":{"type":"Point","coordinates":[-70.89675419897407,41.10001025953918]},"properties":{"kind":"tree"}},{"type":"Feature","geometry":{"type":"Point","coordinates":[-70.89675835677335,41.10005506589084]},"properties":{"kind":"tree"}},{"type":"Feature","geometry":{"type":"Point","coordinates":[-70.89686604900885,41.1000043656815]},"properties":{"kind":"tree"}},{"type":"Feature","geometry":{"type":"Point","coordinates":[-70.89687020680813,41.10004917203316]},"properties":{"kind":"tree"}},{"type":"Feature","geometry":{"type":"Point","coordinates":[-70.89684235591307,41.09999210653908]},"properties":{"kind":"tree"}},{"type":"Feature","geometry":{"type":"Point","coordinates":[-70.89690181521287,41.099988973373755]},"properties":{"kind":"tree"}},{"type":"Feature","geometry":{"type":"Point","coordinates":[-70.89683415331127,41.09990371154066]},"properties":{"kind":"tree"}},{"type":"Feature","geometry":{"type":"Point","coordinates":[-70.89689361261108,41.09990057837534]},"properties":{"kind":"tree"}},{"type":"Feature","geometry":{"type":"Point","coordinates":[-70.89682697048752,41.09982630613796]},"properties":{"kind":"tree"}},{"type":"Feature","geometry":{"type":"Point","coordinates":[-70.89681921052917,41.09974268126822]},"properties":{"kind":"tree"}},{"type":"Feature","geometry":{"type":"Point","coordinates":[-70.89687866982896,41.099739548102896]},"properties":{"kind":"tree"}},{"type":"Feature","geometry":{"type":"Point","coordinates":[-70.89681245758489,41.099669908443836]},"properties":{"kind":"tree"}},{"type":"Feature","geometry":{"type":"Point","coordinates":[-70.89680310359434,41.0995691055522]},"properties":{"kind":"tree"}},{"type":"Feature","geometry":{"type":"Point","coordinates":[-70.89679493574972,41.09948108511316]},"properties":{"kind":"tree"}},{"type":"Feature","geometry":{"type":"Point","coordinates":[-70.89677589318296,41.099558403876856]},"properties":{"kind":"tree"}},{"type":"Feature","geometry":{"type":"Point","coordinates":[-70.89684980467436,41.09967448843184]},"properties":{"kind":"tree"}},{"type":"Feature","geometry":{"type":"Point","coordinates":[-70.89684729675535,41.099890182046984]},"properties":{"kind":"tree"}},{"type":"Feature","geometry":{"type":"Point","coordinates":[-70.89681193621807,41.09995212690275]},"properties":{"kind":"tree"}},{"type":"Feature","geometry":{"type":"Point","coordinates":[-70.89664413390524,41.099410826914564]},"properties":{"kind":"tree"}},{"type":"Feature","geometry":{"type":"Point","coordinates":[-70.89664682428115,41.099612247807535]},"properties":{"kind":"tree"}},{"type":"Feature","geometry":{"type":"Point","coordinates":[-70.89669424406324,41.099998263333745]},"properties":{"kind":"tree"}},{"type":"Feature","geometry":{"type":"Point","coordinates":[-70.89650460143169,41.09952173516007]},"properties":{"kind":"tree"}},{"type":"Feature","geometry":{"type":"Point","coordinates":[-70.89652607254116,41.09987277662825]},"properties":{"kind":"tree"}},{"type":"Feature","geometry":{"type":"Point","coordinates":[-70.89657743805127,41.09998330149576]},"properties":{"kind":"tree"}},{"type":"Feature","geometry":{"type":"Point","coordinates":[-70.89637300371975,41.1000685067243]},"properties":{"kind":"tree"}},{"type":"Feature","geometry":{"type":"Point","coordinates":[-70.8962741770247,41.09998028920154]},"properties":{"kind":"tree"}},{"type":"Feature","geometry":{"type":"Point","coordinates":[-70.89614487868162,41.09940761116443]},"properties":{"kind":"tree"}},{"type":"Feature","geometry":{"type":"Point","coordinates":[-70.89606017683604,41.099613908738135]},"properties":{"kind":"tree"}},{"type":"Feature","geometry":{"type":"Point","coordinates":[-70.89612930508824,41.09978963650445]},"properties":{"kind":"tree"}},{"type":"Feature","geometry":{"type":"Point","coordinates":[-70.89607615901599,41.099878887450714]},"properties":{"kind":"tree"}},{"type":"Feature","geometry":{"type":"Point","coordinates":[-70.8961116745603,41.099956234537636]},"properties":{"kind":"tree"}},{"type":"Feature","geometry":{"type":"Point","coordinates":[-70.89607714936837,41.10006645308757]},"properties":{"kind":"tree"}},{"type":"Feature","geometry":{"type":"Point","coordinates":[-70.89596743253033,41.099427084553085]},"properties":{"kind":"tree"}},{"type":"Feature","geometry":{"type":"Point","coordinates":[-70.89592208951738,41.09956066185223]},"properties":{"kind":"tree"}},{"type":"Feature","geometry":{"type":"Point","coordinates":[-70.89596236553147,41.09997016104085]},"properties":{"kind":"tree"}},{"type":"Feature","geometry":{"type":"Point","coordinates":[-70.90478674311011,41.10415574998345]},"properties":{"kind":"tree"}},{"type":"Feature","geometry":{"type":"Point","coordinates":[-70.90478258531083,41.10411094363179]},"properties":{"kind":"tree"}},{"type":"Feature","geometry":{"type":"Point","coordinates":[-70.90468232196191,41.10416125238126]},"properties":{"kind":"tree"}},{"type":"Feature","geometry":{"type":"Point","coordinates":[-70.90467816416263,41.1041164460296]},"properties":{"kind":"tree"}},{"type":"Feature","geometry":{"type":"Point","coordinates":[-70.90456045130652,41.10416767426838]},"properties":{"kind":"tree"}},{"type":"Feature","geometry":{"type":"Point","coordinates":[-70.90455629350726,41.10412286791672]},"properties":{"kind":"tree"}},{"type":"Feature","geometry":{"type":"Point","coordinates":[-70.90444986655302,41.10417350145297]},"properties":{"kind":"tree"}},{"type":"Feature","geometry":{"type":"Point","coordinates":[-70.90431737373767,41.104180483067225]},"properties":{"kind":"tree"}},{"type":"Feature","geometry":{"type":"Point","coordinates":[-70.9043132159384,41.104135676715565]},"properties":{"kind":"tree"}},{"type":"Feature","geometry":{"type":"Point","coordinates":[-70.90417844320348,41.104187803912474]},"properties":{"kind":"tree"}},{"type":"Feature","geometry":{"type":"Point","coordinates":[-70.90417428540421,41.104142997560814]},"properties":{"kind":"tree"}},{"type":"Feature","geometry":{"type":"Point","coordinates":[-70.90403707725291,41.10419525309025]},"properties":{"kind":"tree"}},{"type":"Feature","geometry":{"type":"Point","coordinates":[-70.90392064641063,41.10420138833031]},"properties":{"kind":"tree"}},{"type":"Feature","geometry":{"type":"Point","coordinates":[-70.90391648861136,41.10415658197865]},"properties":{"kind":"tree"}},{"type":"Feature","geometry":{"type":"Point","coordinates":[-70.90379009771078,41.10420826750079]},"properties":{"kind":"tree"}},{"type":"Feature","geometry":{"type":"Point","coordinates":[-70.90368659311041,41.10421372160176]},"properties":{"kind":"tree"}},{"type":"Feature","geometry":{"type":"Point","coordinates":[-70.90355931662381,41.1042204283453]},"properties":{"kind":"tree"}},{"type":"Feature","geometry":{"type":"Point","coordinates":[-70.90355515882453,41.10417562199364]},"properties":{"kind":"tree"}},{"type":"Feature","geometry":{"type":"Point","coordinates":[-70.90344367373537,41.10422652206469]},"properties":{"kind":"tree"}},{"type":"Feature","geometry":{"type":"Point","coordinates":[-70.90343951593609,41.10418171571303]},"properties":{"kind":"tree"}},{"type":"Feature","geometry":{"type":"Point","coordinates":[-70.90331732254347,41.104233180050485]},"properties":{"kind":"tree"}},{"type":"Feature","geometry":{"type":"Point","coordinates":[-70.90331316474419,41.104188373698825]},"properties":{"kind":"tree"}},{"type":"Feature","geometry":{"type":"Point","coordinates":[-70.90324799458504,41.104250340870905]},"properties":{"kind":"tree"}},{"type":"Feature","geometry":{"type":"Point","coordinates":[-70.90325600954259,41.10433671372889]},"properties":{"kind":"tree"}},{"type":"Feature","geometry":{"type":"Point","coordinates":[-70.90319655024278,41.10433984689422]},"properties":{"kind":"tree"}},{"type":"Feature","geometry":{"type":"Point","coordinates":[-70.90326364333072,41.10441897893043]},"properties":{"kind":"tree"}},{"type":"Feature","geometry":{"type":"Point","coordinates":[-70.90320418403091,41.104422112095754]},"properties":{"kind":"tree"}},{"type":"Feature","geometry":{"type":"Point","coordinates":[-70.90327171944251,41.10450601081461]},"properties":{"kind":"tree"}},{"type":"Feature","geometry":{"type":"Point","coordinates":[-70.90321226014271,41.10450914397993]},"properties":{"kind":"tree"}},{"type":"Feature","geometry":{"type":"Point","coordinates":[-70.9032793344444,41.104588073567115]},"properties":{"kind":"tree"}},{"type":"Feature","geometry":{"type":"Point","coordinates":[-70.9032198751446,41.10459120673244]},"properties":{"kind":"tree"}},{"type":"Feature","geometry":{"type":"Point","coordinates":[-70.90328776182108,41.104678890842656]},"properties":{"kind":"tree"}},{"type":"Feature","geometry":{"type":"Point","coordinates":[-70.90322830252127,41.104682024007985]},"properties":{"kind":"tree"}},{"type":"Feature","geometry":{"type":"Point","coordinates":[-70.90329677685376,41.10477604096903]},"properties":{"kind":"tree"}},{"type":"Feature","geometry":{"type":"Point","coordinates":[-70.90331946798564,41.104827402857744]},"properties":{"kind":"tree"}},{"type":"Feature","geometry":{"type":"Point","coordinates":[-70.9033236257849,41.10487220920941]},"properties":{"kind":"tree"}},{"type":"Feature","geometry":{"type":"Point","coordinates":[-70.90342552205517,41.104821814414315]},"properties":{"kind":"tree"}},{"type":"Feature","geometry":{"type":"Point","coordinates":[-70.9035277095257,41.104816429718554]},"properties":{"kind":"tree"}},{"type":"Feature","geometry":{"type":"Point","coordinates":[-70.9036302474664,41.10481102655502]},"properties":{"kind":"tree"}},{"type":"Feature","geometry":{"type":"Point","coordinates":[-70.90375046924743,41.10480469155416]},"properties":{"kind":"tree"}},{"type":"Feature","geometry":{"type":"Point","coordinates":[-70.9037546270467,41.10484949790582]},"properties":{"kind":"tree"}},{"type":"Feature","geometry":{"type":"Point","coordinates":[-70.90384696506801,41.10479960677582]},"properties":{"kind":"tree"}},{"type":"Feature","geometry":{"type":"Point","coordinates":[-70.90397872013423,41.10479266403673]},"properties":{"kind":"tree"}},{"type":"Feature","geometry":{"type":"Point","coordinates":[-70.90398287793352,41.1048374703884]},"properties":{"kind":"tree"}},{"type":"Feature","geometry":{"type":"Point","coordinates":[-70.90408668626786,41.10478697483845]},"properties":{"kind":"tree"}},{"type":"Feature","geometry":{"type":"Point","coordinates":[-70.90409084406714,41.104831781190114]},"properties":{"kind":"tree"}},{"type":"Feature","geometry":{"type":"Point","coordinates":[-70.90418750007328,41.10478166252699]},"properties":{"kind":"tree"}},{"type":"Feature","geometry":{"type":"Point","coordinates":[-70.90432352538218,41.10477449477052]},"properties":{"kind":"tree"}},{"type":"Feature","geometry":{"type":"Point","coordinates":[-70.90432768318145,41.10481930112218]},"properties":{"kind":"tree"}},{"type":"Feature","geometry":{"type":"Point","coordinates":[-70.90442326728972,41.10476923894195]},"properties":{"kind":"tree"}},{"type":"Feature","geometry":{"type":"Point","coordinates":[-70.904427425089,41.10481404529361]},"properties":{"kind":"tree"}},{"type":"Feature","geometry":{"type":"Point","coordinates":[-70.9045499147126,41.104762565346476]},"properties":{"kind":"tree"}},{"type":"Feature","geometry":{"type":"Point","coordinates":[-70.90455407251189,41.104807371698136]},"properties":{"kind":"tree"}},{"type":"Feature","geometry":{"type":"Point","coordinates":[-70.90466947691095,41.10475626510185]},"properties":{"kind":"tree"}},{"type":"Feature","geometry":{"type":"Point","coordinates":[-70.90467363471022,41.10480107145351]},"properties":{"kind":"tree"}},{"type":"Feature","geometry":{"type":"Point","coordinates":[-70.90477402987351,41.104750755758175]},"properties":{"kind":"tree"}},{"type":"Feature","geometry":{"type":"Point","coordinates":[-70.90487626799259,41.10474536839352]},"properties":{"kind":"tree"}},{"type":"Feature","geometry":{"type":"Point","coordinates":[-70.90488042579187,41.10479017474519]},"properties":{"kind":"tree"}},{"type":"Feature","geometry":{"type":"Point","coordinates":[-70.9048582165107,41.104732811970294]},"properties":{"kind":"tree"}},{"type":"Feature","geometry":{"type":"Point","coordinates":[-70.9049176758105,41.104729678804965]},"properties":{"kind":"tree"}},{"type":"Feature","geometry":{"type":"Point","coordinates":[-70.90485111833942,41.10465631882154]},"properties":{"kind":"tree"}},{"type":"Feature","geometry":{"type":"Point","coordinates":[-70.90484121700307,41.10454961748043]},"properties":{"kind":"tree"}},{"type":"Feature","geometry":{"type":"Point","coordinates":[-70.90490067630286,41.10454648431511]},"properties":{"kind":"tree"}},{"type":"Feature","geometry":{"type":"Point","coordinates":[-70.90483151954449,41.104445113219825]},"properties":{"kind":"tree"}},{"type":"Feature","geometry":{"type":"Point","coordinates":[-70.90482306683357,41.10435402293074]},"properties":{"kind":"tree"}},{"type":"Feature","geometry":{"type":"Point","coordinates":[-70.90481616932813,41.1042796922491]},"properties":{"kind":"tree"}},{"type":"Feature","geometry":{"type":"Point","coordinates":[-70.90480858264402,41.1041979346621]},"properties":{"kind":"tree"}},{"type":"Feature","geometry":{"type":"Point","coordinates":[-70.90486804194383,41.104194801496774]},"properties":{"kind":"tree"}},{"type":"Feature","geometry":{"type":"Point","coordinates":[-70.90487431914909,41.104302665125886]},"properties":{"kind":"tree"}},{"type":"Feature","geometry":{"type":"Point","coordinates":[-70.90481006456929,41.10452483055968]},"properties":{"kind":"tree"}},{"type":"Feature","geometry":{"type":"Point","coordinates":[-70.90486034825922,41.104614049214014]},"properties":{"kind":"tree"}},{"type":"Feature","geometry":{"type":"Point","coordinates":[-70.90473073719735,41.10418130842116]},"properties":{"kind":"tree"}},{"type":"Feature","geometry":{"type":"Point","coordinates":[-70.90465875955847,41.104405134108134]},"properties":{"kind":"tree"}},{"type":"Feature","geometry":{"type":"Point","coordinates":[-70.9046571812333,41.104571740134695]},"properties":{"kind":"tree"}},{"type":"Feature","geometry":{"type":"Point","coordinates":[-70.90471543749472,41.10483123709572]},"properties":{"kind":"tree"}},{"type":"Feature","geometry":{"type":"Point","coordinates":[-70.90450673203574,41.10416644635353]},"properties":{"kind":"tree"}},{"type":"Feature","geometry":{"type":"Point","coordinates":[-70.90453669986297,41.10426504306822]},"properties":{"kind":"tree"}},{"type":"Feature","geometry":{"type":"Point","coordinates":[-70.90458174878593,41.104690093939695]},"properties":{"kind":"tree"}},{"type":"Feature","geometry":{"type":"Point","coordinates":[-70.90458120963135,41.10481483135889]},"properties":{"kind":"tree"}},{"type":"Feature","geometry":{"type":"Point","coordinates":[-70.90443886837015,41.10426972239593]},"properties":{"kind":"tree"}},{"type":"Feature","geometry":{"type":"Point","coordinates":[-70.90436063208497,41.10439156835031]},"properties":{"kind":"tree"}},{"type":"Feature","geometry":{"type":"Point","coordinates":[-70.90440371850508,41.10469963646445]},"properties":{"kind":"tree"}},{"type":"Feature","geometry":{"type":"Point","coordinates":[-70.90424212565406,41.10414297148697]},"properties":{"kind":"tree"}},{"type":"Feature","geometry":{"type":"Point","coordinates":[-70.90428937396261,41.10478944833367]},"properties":{"kind":"tree"}},{"type":"Feature","geometry":{"type":"Point","coordinates":[-70.9041155513303,41.1041525506289]},"properties":{"kind":"tree"}},{"type":"Feature","geometry":{"type":"Point","coordinates":[-70.9041581541626,41.10452635143641]},"properties":{"kind":"tree"}},{"type":"Feature","geometry":{"type":"Point","coordinates":[-70.90393433885193,41.10467982537786]},"properties":{"kind":"tree"}},{"type":"Feature","geometry":{"type":"Point","coordinates":[-70.90395303055779,41.10481887601264]},"properties":{"kind":"tree"}},{"type":"Feature","geometry":{"type":"Point","coordinates":[-70.90388127442421,41.10414337578266]},"properties":{"kind":"tree"}},{"type":"Feature","geometry":{"type":"Point","coordinates":[-70.90380779842607,41.104251753812306]},"properties":{"kind":"tree"}},{"type":"Feature","geometry":{"type":"Point","coordinates":[-70.90387164162298,41.10462838503366]},"properties":{"kind":"tree"}},{"type":"Feature","geometry":{"type":"Point","coordinates":[-70.90379524587618,41.104727702059535]},"properties":{"kind":"tree"}},{"type":"Feature","geometry":{"type":"Point","coordinates":[-70.90384974813648,41.10483098150266]},"properties":{"kind":"tree"}},{"type":"Feature","geometry":{"type":"Point","coordinates":[-70.90364951769321,41.104260993085084]},"properties":{"kind":"tree"}},{"type":"Feature","geometry":{"type":"Point","coordinates":[-70.90369198890122,41.1044163825352]},"properties":{"kind":"tree"}},{"type":"Feature","geometry":{"type":"Point","coordinates":[-70.90369905017778,41.104525278288264]},"properties":{"kind":"tree"}},{"type":"Feature","geometry":{"type":"Point","coordinates":[-70.9037293650947,41.10467966461562]},"properties":{"kind":"tree"}},{"type":"Feature","geometry":{"type":"Point","coordinates":[-70.9037386884122,41.104831958886855]},"properties":{"kind":"tree"}},{"type":"Feature","geometry":{"type":"Point","coordinates":[-70.9035973953294,41.104163490093576]},"properties":{"kind":"tree"}},{"type":"Feature","geometry":{"type":"Point","coordinates":[-70.90357395059382,41.10438395958008]},"properties":{"kind":"tree"}},{"type":"Feature","geometry":{"type":"Point","coordinates":[-70.90354886647427,41.1044933601388]},"properties":{"kind":"tree"}},{"type":"Feature","geometry":{"type":"Point","coordinates":[-70.90350627600853,41.10479457172338]},"properties":{"kind":"tree"}},{"type":"Feature","geometry":{"type":"Point","coordinates":[-70.90337569624653,41.10437330595933]},"properties":{"kind":"tree"}},{"type":"Feature","geometry":{"type":"Point","coordinates":[-70.90338667932005,41.104481228054745]},"properties":{"kind":"tree"}},{"type":"Feature","geometry":{"type":"Point","coordinates":[-70.90338943862875,41.104608582007494]},"properties":{"kind":"tree"}},{"type":"Feature","geometry":{"type":"Point","coordinates":[-70.90337750999198,41.10474287023832]},"properties":{"kind":"tree"}},{"type":"Feature","geometry":{"type":"Point","coordinates":[-70.9034192107189,41.10479622075034]},"properties":{"kind":"tree"}},{"type":"Feature","geometry":{"type":"Point","coordinates":[-70.90331038542517,41.10414996837384]},"properties":{"kind":"tree"}},{"type":"Feature","geometry":{"type":"Point","coordinates":[-70.90322066264144,41.10438521439572]},"properties":{"kind":"tree"}},{"type":"Feature","geometry":{"type":"Point","coordinates":[-70.9032611348836,41.104495330905976]},"properties":{"kind":"tree"}},{"type":"Feature","geometry":{"type":"Point","coordinates":[-70.9032940734507,41.10482508965471]},"properties":{"kind":"tree"}},{"type":"Feature","geometry":{"type":"Point","coordinates":[-70.91029879249497,41.09964710543658]},"properties":{"kind":"tree"}},{"type":"Feature","geometry":{"type":"Point","coordinates":[-70.91043111786124,41.100209265380684]},"properties":{"kind":"tree"}},{"type":"Feature","geometry":{"type":"Point","coordinates":[-70.91068056407703,41.101860854569495]},"properties":{"kind":"tree"}},{"type":"Feature","geometry":{"type":"Point","coordinates":[-70.9096940836585,41.10339407702204]},"properties":{"kind":"tree"}},{"type":"Feature","geometry":{"type":"Point","coordinates":[-70.90928102367002,41.10383242898342]},"properties":{"kind":"tree"}},{"type":"Feature","geometry":{"type":"Point","coordinates":[-70.90506567380926,41.105337778531734]},"properties":{"kind":"tree"}},{"type":"Feature","geometry":{"type":"Point","coordinates":[-70.90358902381386,41.10544158538785]},"properties":{"kind":"tree"}},{"type":"Feature","geometry":{"type":"Point","coordinates":[-70.90209665519905,41.105569578920395]},"properties":{"kind":"tree"}},{"type":"Feature","geometry":{"type":"Point","coordinates":[-70.89798217052815,41.10574955609083]},"properties":{"kind":"tree"}},{"type":"Feature","geometry":{"type":"Point","coordinates":[-70.89539970503382,41.10537273380159]},"properties":{"kind":"tree"}},{"type":"Feature","geometry":{"type":"Point","coordinates":[-70.89430714532344,41.10515584156291]},"properties":{"kind":"tree"}},{"type":"Feature","geometry":{"type":"Point","coordinates":[-70.89351829985534,41.104716028657954]},"properties":{"kind":"tree"}},{"type":"Feature","geometry":{"type":"Point","coordinates":[-70.89185731120138,41.103867758691294]},"properties":{"kind":"tree"}},{"type":"Feature","geometry":{"type":"Point","coordinates":[-70.89066280261576,41.102940242530444]},"properties":{"kind":"tree"}},{"type":"Feature","geometry":{"type":"Point","coordinates":[-70.89020062529167,41.10238254762016]},"properties":{"kind":"tree"}},{"type":"Feature","geometry":{"type":"Point","coordinates":[-70.88982790270306,41.10063935429402]},"properties":{"kind":"tree"}},{"type":"Feature","geometry":{"type":"Point","coordinates":[-70.88997608650905,41.09946901971888]},"properties":{"kind":"tree"}},{"type":"Feature","geometry":{"type":"Point","coordinates":[-70.89062070205632,41.09865995492525]},"properties":{"kind":"tree"}},{"type":"Feature","geometry":{"type":"Point","coordinates":[-70.8913037866616,41.09829684419275]},"properties":{"kind":"tree"}},{"type":"Feature","geometry":{"type":"Point","coordinates":[-70.89189429640439,41.097872280773615]},"properties":{"kind":"tree"}},{"type":"Feature","geometry":{"type":"Point","coordinates":[-70.89309849461696,41.097394136242265]},"properties":{"kind":"tree"}},{"type":"Feature","geometry":{"type":"Point","coordinates":[-70.89507694558671,41.09706213535273]},"properties":{"kind":"tree"}},{"type":"Feature","geometry":{"type":"Point","coordinates":[-70.89610734152751,41.09755604970514]},"properties":{"kind":"tree"}},{"type":"Feature","geometry":{"type":"Point","coordinates":[-70.89655060690944,41.09788225619479]},"properties":{"kind":"tree"}},{"type":"Feature","geometry":{"type":"Point","coordinates":[-70.89827721947249,41.097723017660954]},"properties":{"kind":"tree"}},{"type":"Feature","geometry":{"type":"Point","coordinates":[-70.89921712364003,41.09716419383854]},"properties":{"kind":"tree"}},{"type":"Feature","geometry":{"type":"Point","coordinates":[-70.90166929212678,41.096899076377824]},"properties":{"kind":"tree"}},{"type":"Feature","geometry":{"type":"Point","coordinates":[-70.9025365027225,41.09685783774899]},"properties":{"kind":"tree"}},{"type":"Feature","geometry":{"type":"Point","coordinates":[-70.90462069533274,41.097070730427795]},"properties":{"kind":"tree"}},{"type":"Feature","geometry":{"type":"Point","coordinates":[-70.90660576271586,41.09741600589179]},"properties":{"kind":"tree"}},{"type":"Feature","geometry":{"type":"Point","coordinates":[-70.90801910073714,41.097731686105774]},"properties":{"kind":"tree"}},{"type":"Feature","geometry":{"type":"Point","coordinates":[-70.90871558783586,41.09800630629803]},"properties":{"kind":"tree"}},{"type":"Feature","geometry":{"type":"Point","coordinates":[-70.90943893718963,41.09862157542492]},"properties":{"kind":"tree"}},{"type":"Feature","geometry":{"type":"Point","coordinates":[-70.90972699834619,41.09901135594726]},"properties":{"kind":"tree"}},{"type":"Feature","geometry":{"type":"Point","coordinates":[-70.91003927614977,41.09933921088472]},"properties":{"kind":"tree"}},{"type":"Feature","geometry":{"type":"Point","coordinates":[-70.89769954148545,41.09952972943777]},"properties":{"kind":"tree"}},{"type":"Feature","geometry":{"type":"Point","coordinates":[-70.89789920446154,41.09939169621763]},"properties":{"kind":"tree"}},{"type":"Feature","geometry":{"type":"Point","coordinates":[-70.89780123965751,41.099605630192244]},"properties":{"kind":"tree"}},{"type":"Feature","geometry":{"type":"Point","coordinates":[-70.89799316849891,41.099468075635755]},"properties":{"kind":"tree"}},{"type":"Feature","geometry":{"type":"Point","coordinates":[-70.89792937686336,41.099705665954836]},"properties":{"kind":"tree"}},{"type":"Feature","geometry":{"type":"Point","coordinates":[-70.89812328482074,41.09957538018375]},"properties":{"kind":"tree"}},{"type":"Feature","geometry":{"type":"Point","coordinates":[-70.89805860226878,41.099814280812204]},"properties":{"kind":"tree"}},{"type":"Feature","geometry":{"type":"Point","coordinates":[-70.89825018344115,41.099658716842434]},"properties":{"kind":"tree"}},{"type":"Feature","geometry":{"type":"Point","coordinates":[-70.8982063103452,41.09990808743884]},"properties":{"kind":"tree"}},{"type":"Feature","geometry":{"type":"Point","coordinates":[-70.89840195517482,41.099769245565696]},"properties":{"kind":"tree"}},{"type":"Feature","geometry":{"type":"Point","coordinates":[-70.89831078812502,41.09999080819467]},"properties":{"kind":"tree"}},{"type":"Feature","geometry":{"type":"Point","coordinates":[-70.89851049672386,41.099859787208715]},"properties":{"kind":"tree"}},{"type":"Feature","geometry":{"type":"Point","coordinates":[-70.89846328862005,41.100105615915936]},"properties":{"kind":"tree"}},{"type":"Feature","geometry":{"type":"Point","coordinates":[-70.898655785642,41.09996640156636]},"properties":{"kind":"tree"}},{"type":"Feature","geometry":{"type":"Point","coordinates":[-70.89858586031515,41.10021470549352]},"properties":{"kind":"tree"}},{"type":"Feature","geometry":{"type":"Point","coordinates":[-70.89878533695227,41.10007893012703]},"properties":{"kind":"tree"}},{"type":"Feature","geometry":{"type":"Point","coordinates":[-70.8987098761163,41.100310677515694]},"properties":{"kind":"tree"}},{"type":"Feature","geometry":{"type":"Point","coordinates":[-70.89891655941322,41.100173525196666]},"properties":{"kind":"tree"}},{"type":"Feature","geometry":{"type":"Point","coordinates":[-70.89884199354518,41.10041807689167]},"properties":{"kind":"tree"}},{"type":"Feature","geometry":{"type":"Point","coordinates":[-70.89904489399851,41.10027163172602]},"properties":{"kind":"tree"}},{"type":"Feature","geometry":{"type":"Point","coordinates":[-70.89899931473714,41.10051863389015]},"properties":{"kind":"tree"}},{"type":"Feature","geometry":{"type":"Point","coordinates":[-70.89920176537433,41.100381607777614]},"properties":{"kind":"tree"}},{"type":"Feature","geometry":{"type":"Point","coordinates":[-70.89911211016914,41.10061274255449]},"properties":{"kind":"tree"}},{"type":"Feature","geometry":{"type":"Point","coordinates":[-70.89930428544945,41.100480045491445]},"properties":{"kind":"tree"}},{"type":"Feature","geometry":{"type":"Point","coordinates":[-70.8992421607375,41.10070626713258]},"properties":{"kind":"tree"}},{"type":"Feature","geometry":{"type":"Point","coordinates":[-70.89943297298942,41.100567035184156]},"properties":{"kind":"tree"}},{"type":"Feature","geometry":{"type":"Point","coordinates":[-70.89937783650376,41.10081462232033]},"properties":{"kind":"tree"}},{"type":"Feature","geometry":{"type":"Point","coordinates":[-70.89956778332146,41.10066738702268]},"properties":{"kind":"tree"}},{"type":"Feature","geometry":{"type":"Point","coordinates":[-70.89949374301469,41.10091090287186]},"properties":{"kind":"tree"}},{"type":"Feature","geometry":{"type":"Point","coordinates":[-70.89969397005808,41.10076090482328]},"properties":{"kind":"tree"}},{"type":"Feature","geometry":{"type":"Point","coordinates":[-70.89964691167631,41.10101741093907]},"properties":{"kind":"tree"}},{"type":"Feature","geometry":{"type":"Point","coordinates":[-70.89983816003816,41.10087856669967]},"properties":{"kind":"tree"}},{"type":"Feature","geometry":{"type":"Point","coordinates":[-70.89975755227128,41.10111790182474]},"properties":{"kind":"tree"}},{"type":"Feature","geometry":{"type":"Point","coordinates":[-70.89996822061998,41.100971457216794]},"properties":{"kind":"tree"}},{"type":"Feature","geometry":{"type":"Point","coordinates":[-70.89989377051836,41.101210554219485]},"properties":{"kind":"tree"}},{"type":"Feature","geometry":{"type":"Point","coordinates":[-70.9000986378627,41.10107615240224]},"properties":{"kind":"tree"}},{"type":"Feature","geometry":{"type":"Point","coordinates":[-70.90003266349007,41.10131410593641]},"properties":{"kind":"tree"}},{"type":"Feature","geometry":{"type":"Point","coordinates":[-70.90022435738719,41.10118682842507]},"properties":{"kind":"tree"}},{"type":"Feature","geometry":{"type":"Point","coordinates":[-70.90018181840301,41.101417457649305]},"properties":{"kind":"tree"}},{"type":"Feature","geometry":{"type":"Point","coordinates":[-70.90037304579481,41.10127894588536]},"properties":{"kind":"tree"}},{"type":"Feature","geometry":{"type":"Point","coordinates":[-70.90029999990753,41.101523963590026]},"properties":{"kind":"tree"}},{"type":"Feature","geometry":{"type":"Point","coordinates":[-70.90050178668504,41.10138442927036]},"properties":{"kind":"tree"}},{"type":"Feature","geometry":{"type":"Point","coordinates":[-70.90042392527798,41.10161500210788]},"properties":{"kind":"tree"}},{"type":"Feature","geometry":{"type":"Point","coordinates":[-70.90061464879687,41.10147506781022]},"properties":{"kind":"tree"}},{"type":"Feature","geometry":{"type":"Point","coordinates":[-70.9005448321675,41.10171614095935]},"properties":{"kind":"tree"}},{"type":"Feature","geometry":{"type":"Point","coordinates":[-70.90075114129591,41.101568554708216]},"properties":{"kind":"tree"}},{"type":"Feature","geometry":{"type":"Point","coordinates":[-70.9006911434683,41.10182630413895]},"properties":{"kind":"tree"}},{"type":"Feature","geometry":{"type":"Point","coordinates":[-70.90087450791712,41.10168377007477]},"properties":{"kind":"tree"}},{"type":"Feature","geometry":{"type":"Point","coordinates":[-70.90082832854395,41.10193573412319]},"properties":{"kind":"tree"}},{"type":"Feature","geometry":{"type":"Point","coordinates":[-70.90102633413925,41.10179642544711]},"properties":{"kind":"tree"}},{"type":"Feature","geometry":{"type":"Point","coordinates":[-70.90093281479969,41.10202045606986]},"properties":{"kind":"tree"}},{"type":"Feature","geometry":{"type":"Point","coordinates":[-70.90113500276766,41.10188028438867]},"properties":{"kind":"tree"}},{"type":"Feature","geometry":{"type":"Point","coordinates":[-70.90105306971333,41.10211100821371]},"properties":{"kind":"tree"}},{"type":"Feature","geometry":{"type":"Point","coordinates":[-70.90125704175473,41.101960674497406]},"properties":{"kind":"tree"}},{"type":"Feature","geometry":{"type":"Point","coordinates":[-70.90118616932206,41.102202306078375]},"properties":{"kind":"tree"}},{"type":"Feature","geometry":{"type":"Point","coordinates":[-70.9013677618746,41.102063739154694]},"properties":{"kind":"tree"}},{"type":"Feature","geometry":{"type":"Point","coordinates":[-70.90133312242804,41.10231961944047]},"properties":{"kind":"tree"}},{"type":"Feature","geometry":{"type":"Point","coordinates":[-70.90151759462697,41.10217274765287]},"properties":{"kind":"tree"}},{"type":"Feature","geometry":{"type":"Point","coordinates":[-70.901450743624,41.102409659308286]},"properties":{"kind":"tree"}},{"type":"Feature","geometry":{"type":"Point","coordinates":[-70.90166152274779,41.10226073802553]},"properties":{"kind":"tree"}},{"type":"Feature","geometry":{"type":"Point","coordinates":[-70.9015683263448,41.1025002750259]},"properties":{"kind":"tree"}},{"type":"Feature","geometry":{"type":"Point","coordinates":[-70.90177212246535,41.102351809578245]},"properties":{"kind":"tree"}},{"type":"Feature","geometry":{"type":"Point","coordinates":[-70.90169742104466,41.10259671215499]},"properties":{"kind":"tree"}},{"type":"Feature","geometry":{"type":"Point","coordinates":[-70.90188785132162,41.10244728776996]},"properties":{"kind":"tree"}},{"type":"Feature","geometry":{"type":"Point","coordinates":[-70.90183816710417,41.10270801877646]},"properties":{"kind":"tree"}},{"type":"Feature","geometry":{"type":"Point","coordinates":[-70.90202715997573,41.10255911301761]},"properties":{"kind":"tree"}},{"type":"Feature","geometry":{"type":"Point","coordinates":[-70.90199197884475,41.10281154432081]},"properties":{"kind":"tree"}},{"type":"Feature","geometry":{"type":"Point","coordinates":[-70.9021755905161,41.10267426558046]},"properties":{"kind":"tree"}},{"type":"Feature","geometry":{"type":"Point","coordinates":[-70.90212026348806,41.102918491671524]},"properties":{"kind":"tree"}},{"type":"Feature","geometry":{"type":"Point","coordinates":[-70.90231270167986,41.10276935833106]},"properties":{"kind":"tree"}},{"type":"Feature","geometry":{"type":"Point","coordinates":[-70.9022298663734,41.102988684528384]},"properties":{"kind":"tree"}},{"type":"Feature","geometry":{"type":"Point","coordinates":[-70.90240727050544,41.102857606882075]},"properties":{"kind":"tree"}},{"type":"Feature","geometry":{"type":"Point","coordinates":[-70.90233689305633,41.10309950839415]},"properties":{"kind":"tree"}},{"type":"Feature","geometry":{"type":"Point","coordinates":[-70.90253679431561,41.102946234240406]},"properties":{"kind":"tree"}},{"type":"Feature","geometry":{"type":"Point","coordinates":[-70.90248079103324,41.10319293394741]},"properties":{"kind":"tree"}},{"type":"Feature","geometry":{"type":"Point","coordinates":[-70.90266195814567,41.10303627582514]},"properties":{"kind":"tree"}},{"type":"Feature","geometry":{"type":"Point","coordinates":[-70.90260446909298,41.103285352139594]},"properties":{"kind":"tree"}},{"type":"Feature","geometry":{"type":"Point","coordinates":[-70.90279126837694,41.103148270534724]},"properties":{"kind":"tree"}},{"type":"Feature","geometry":{"type":"Point","coordinates":[-70.90273666267893,41.10339133758887]},"properties":{"kind":"tree"}},{"type":"Feature","geometry":{"type":"Point","coordinates":[-70.902941992406,41.10324859963279]},"properties":{"kind":"tree"}},{"type":"Feature","geometry":{"type":"Point","coordinates":[-70.90286346490558,41.103493426691976]},"properties":{"kind":"tree"}},{"type":"Feature","geometry":{"type":"Point","coordinates":[-70.90305752022388,41.10333865484048]},"properties":{"kind":"tree"}},{"type":"Feature","geometry":{"type":"Point","coordinates":[-70.90297623541176,41.10356350873191]},"properties":{"kind":"tree"}},{"type":"Feature","geometry":{"type":"Point","coordinates":[-70.90315015101031,41.103431584817315]},"properties":{"kind":"tree"}},{"type":"Feature","geometry":{"type":"Point","coordinates":[-70.90307799683974,41.10365411601275]},"properties":{"kind":"tree"}},{"type":"Feature","geometry":{"type":"Point","coordinates":[-70.90327094304446,41.10351998139195]},"properties":{"kind":"tree"}},{"type":"Feature","geometry":{"type":"Point","coordinates":[-70.90321866733271,41.103767980805976]},"properties":{"kind":"tree"}},{"type":"Feature","geometry":{"type":"Point","coordinates":[-70.90341466844784,41.10363390754472]},"properties":{"kind":"tree"}},{"type":"Feature","geometry":{"type":"Point","coordinates":[-70.90334853749144,41.10385305891179]},"properties":{"kind":"tree"}},{"type":"Feature","geometry":{"type":"Point","coordinates":[-70.90354628810414,41.103725456134335]},"properties":{"kind":"tree"}},{"type":"Feature","geometry":{"type":"Point","coordinates":[-70.9034871770853,41.10395549416689]},"properties":{"kind":"tree"}},{"type":"Feature","geometry":{"type":"Point","coordinates":[-70.90366772538415,41.10382344870206]},"properties":{"kind":"tree"}},{"type":"Feature","geometry":{"type":"Point","coordinates":[-70.90360492229796,41.104055921672014]},"properties":{"kind":"tree"}},{"type":"Feature","geometry":{"type":"Point","coordinates":[-70.903780108606,41.10390402756148]},"properties":{"kind":"tree"}},{"type":"Feature","geometry":{"type":"Point","coordinates":[-70.90372447704738,41.104146701863755]},"properties":{"kind":"tree"}},{"type":"Feature","geometry":{"type":"Point","coordinates":[-70.90392400452903,41.1040029218512]},"properties":{"kind":"tree"}},{"type":"Feature","geometry":{"type":"Point","coordinates":[-70.9038688113374,41.10424932561138]},"properties":{"kind":"tree"}},{"type":"Feature","geometry":{"type":"Point","coordinates":[-70.90406570132404,41.10410805862987]},"properties":{"kind":"tree"}},{"type":"Feature","geometry":{"type":"Point","coordinates":[-70.90399718287951,41.104362924188365]},"properties":{"kind":"tree"}},{"type":"Feature","geometry":{"type":"Point","coordinates":[-70.9041779797414,41.10422107219838]},"properties":{"kind":"tree"}},{"type":"Feature","geometry":{"type":"Point","coordinates":[-70.90410821564085,41.10444197996702]},"properties":{"kind":"tree"}},{"type":"Feature","geometry":{"type":"Point","coordinates":[-70.90431971151568,41.10431354644769]},"properties":{"kind":"tree"}},{"type":"Feature","geometry":{"type":"Point","coordinates":[-70.904256875763,41.10455837100019]},"properties":{"kind":"tree"}},{"type":"Feature","geometry":{"type":"Point","coordinates":[-70.90443954466707,41.10441131546481]},"properties":{"kind":"tree"}},{"type":"Feature","geometry":{"type":"Point","coordinates":[-70.90439434975438,41.10465380137978]},"properties":{"kind":"tree"}},{"type":"Feature","geometry":{"type":"Point","coordinates":[-70.90458239214638,41.10450544917967]},"properties":{"kind":"tree"}},{"type":"Feature","geometry":{"type":"Point","coordinates":[-70.90452077162105,41.10476712268307]},"properties":{"kind":"tree"}},{"type":"Feature","geometry":{"type":"Point","coordinates":[-70.90472316784235,41.10462262582352]},"properties":{"kind":"tree"}},{"type":"Feature","geometry":{"type":"Point","coordinates":[-70.90468004307473,41.10487904927272]},"properties":{"kind":"tree"}},{"type":"Feature","geometry":{"type":"Point","coordinates":[-70.90488193835233,41.10473759823615]},"properties":{"kind":"tree"}},{"type":"Feature","geometry":{"type":"Point","coordinates":[-70.90483134857699,41.10499332935319]},"properties":{"kind":"tree"}},{"type":"Feature","geometry":{"type":"Point","coordinates":[-70.9050167797528,41.10484755209761]},"properties":{"kind":"tree"}},{"type":"Feature","geometry":{"type":"Point","coordinates":[-70.90495058505492,41.105095594109905]},"properties":{"kind":"tree"}},{"type":"Feature","geometry":{"type":"Point","coordinates":[-70.90514732451747,41.1049588336104]},"properties":{"kind":"tree"}},{"type":"Feature","geometry":{"type":"Point","coordinates":[-70.9050938821863,41.10518896977075]},"properties":{"kind":"tree"}},{"type":"Feature","geometry":{"type":"Point","coordinates":[-70.90528092333457,41.10505778636976]},"properties":{"kind":"tree"}},{"type":"Feature","geometry":{"type":"Point","coordinates":[-70.89642373039895,41.099640673886356]},"properties":{"kind":"station","name":"Landing Square"}},{"type":"Feature","geometry":{"type":"Point","coordinates":[-70.8991655370931,41.10116780986936]},"properties":{"kind":"station","name":"Alden Common"}},{"type":"Feature","geometry":{"type":"Point","coordinates":[-70.89380113269151,41.098652527073824]},"properties":{"kind":"station","name":"Custom House"}},{"type":"Feature","geometry":{"type":"Point","coordinates":[-70.90035762696012,41.10305427196601]},"properties":{"kind":"station","name":"Midtown"}},{"type":"Feature","geometry":{"type":"Point","coordinates":[-70.89845028317288,41.104671239477426]},"properties":{"kind":"station","name":"Uptown"}},{"type":"Feature","geometry":{"type":"Point","coordinates":[-70.90393389656117,41.10422208183536]},"properties":{"kind":"station","name":"Calvert Green"}},{"type":"Feature","geometry":{"type":"Point","coordinates":[-70.90667570325532,41.10170679903983]},"properties":{"kind":"station","name":"Wharf Gate"}},{"type":"Feature","geometry":{"type":"Point","coordinates":[-70.90905988298935,41.09946101082953]},"properties":{"kind":"station","name":"Drydock"}},{"type":"Feature","geometry":{"type":"Point","coordinates":[-70.89523164053193,41.09856269554541]},"properties":{"kind":"label","labelKind":"district","name":"THE LANDING"}},{"type":"Feature","geometry":{"type":"Point","coordinates":[-70.90071525392021,41.10269494585236]},"properties":{"kind":"label","labelKind":"district","name":"MIDTOWN"}},{"type":"Feature","geometry":{"type":"Point","coordinates":[-70.90143050784043,41.104671239477426]},"properties":{"kind":"label","labelKind":"district","name":"THE BROWNSTONES"}},{"type":"Feature","geometry":{"type":"Point","coordinates":[-70.90858304704254,41.10116780986936]},"properties":{"kind":"label","labelKind":"district","name":"THE WHARVES"}},{"type":"Feature","geometry":{"type":"Point","coordinates":[-70.90059604493352,41.10116780986936]},"properties":{"kind":"label","labelKind":"park","name":"Alden Common"}},{"type":"Feature","geometry":{"type":"Point","coordinates":[-70.89642373039895,41.09973050541477]},"properties":{"kind":"label","labelKind":"park","name":"Landing Square"}},{"type":"Feature","geometry":{"type":"Point","coordinates":[-70.90405310554787,41.1044915764206]},"properties":{"kind":"label","labelKind":"park","name":"Calvert Green"}},{"type":"Feature","geometry":{"type":"Point","coordinates":[-70.89701977533245,41.09496943440893]},"properties":{"kind":"label","labelKind":"water","name":"New Alden Harbor"}},{"type":"Feature","geometry":{"type":"Point","coordinates":[-70.91335140651063,41.10161696751142]},"properties":{"kind":"label","labelKind":"water","name":"Alden River"}}]}