{"type":"FeatureCollection","features":[{"type":"Feature","geometry":{"type":"Polygon","coordinates":[[[-70.9075043526331,41.0974529357948],[-70.90773114354826,41.09774869908912],[-70.90802211081636,41.098002718614886],[-70.90837725443743,41.098214994372114],[-70.90856698838672,41.09849009287621],[-70.90859131266427,41.098828014127186],[-70.9086728734796,41.09915789953609],[-70.90881167083273,41.09947974910293],[-70.90887298603651,41.099815223854904],[-70.90885681909094,41.10016432379201],[-70.90894411885834,41.10049805431194],[-70.9091348853387,41.100816415414705],[-70.90910534874338,41.10112163364783],[-70.90885550907235,41.10141370901132],[-70.90869370368826,41.101731257072366],[-70.90861993259112,41.10207427783099],[-70.9084711242862,41.10238800416203],[-70.90824727877352,41.10267243606549],[-70.90794543365564,41.102897452058095],[-70.90756558893261,41.103063052139845],[-70.9072549287923,41.103280278380055],[-70.90701345323473,41.10354913077872],[-70.90683846240577,41.10384064607448],[-70.90672995630547,41.10415482426735],[-70.90648394296444,41.104408785171245],[-70.90610042238269,41.10460252878618],[-70.9056988907014,41.10477204620049],[-70.90527934792057,41.10491733741417],[-70.90486018130555,41.105062946732104],[-70.90444139085633,41.1052088741543],[-70.90403826187739,41.105376224971536],[-70.9036507943687,41.10556499918381],[-70.90320273997492,41.10570618070831],[-70.90269409869603,41.10579976954502],[-70.90222447393302,41.10595878982983],[-70.9017938656859,41.10618324156272],[-70.9013246449332,41.10624717009189],[-70.90081681167489,41.10615057541734],[-70.9003029622976,41.10612630242515],[-70.89978309680133,41.106174351115335],[-70.89925753083963,41.106212436518724],[-70.89872626441249,41.106240558635335],[-70.89820330075341,41.10620301176816],[-70.89768863986241,41.1060997959172],[-70.89719645424046,41.10595694825529],[-70.89672674388757,41.105774468782435],[-70.89623643115968,41.105632352592785],[-70.89572551605679,41.10553059968635],[-70.89526700026993,41.10539823166186],[-70.8948608837991,41.10523524851931],[-70.89444031334322,41.10509728647203],[-70.89400528890232,41.10498434552003],[-70.8936612130887,41.1047808922819],[-70.89340808590237,41.10448692675762],[-70.89309850131468,41.104231875868095],[-70.89273245932564,41.10401573961332],[-70.89242177598835,41.10377736395243],[-70.8921664513028,41.103516748885454],[-70.89193252036122,41.10324565077102],[-70.89171998316364,41.10296406960915],[-70.89152003093275,41.1026746347251],[-70.89133266366856,41.102377346118864],[-70.89122386877338,41.10206453929862],[-70.89119364624716,41.10173621426434],[-70.89128972515671,41.10141689499445],[-70.891512105502,41.10110658148894],[-70.89162527919208,41.10077509562881],[-70.89162924622696,41.10042243741406],[-70.89161664356261,41.10007480672598],[-70.89158747119905,41.09973220356456],[-70.89159350649565,41.099389952961594],[-70.89163474945246,41.0990480549171],[-70.89172322184515,41.09872366128646],[-70.89185892367371,41.0984167720697],[-70.89209068513871,41.0981589096745],[-70.89241850624018,41.0979500741009],[-70.89271857473038,41.09772696920317],[-70.89299089060934,41.09748959498133],[-70.8932210639678,41.09723092608815],[-70.89340909480576,41.096950962523636],[-70.89367826237948,41.09671382110852],[-70.89402856668893,41.09651950184281],[-70.89441979369661,41.09640367260047],[-70.8948519434025,41.09636633338147],[-70.89523123659566,41.09624757163611],[-70.8955576732761,41.09604738736439],[-70.89589660131197,41.09586003519835],[-70.8962480207033,41.095685515137994],[-70.89662463595995,41.095505908864844],[-70.89702644708198,41.09532121637889],[-70.89746142788321,41.09521057593339],[-70.89792957836369,41.095173987528355],[-70.8983930409632,41.09513021521014],[-70.89885181568177,41.09507925897877],[-70.89931090228079,41.095077610013746],[-70.89977030076027,41.09512526831509],[-70.9002313225958,41.09517821627385],[-70.9006939677874,41.095236453890045],[-70.9011312244566,41.09535014139831],[-70.90154309260342,41.09551927879863],[-70.9019700776307,41.09566606789965],[-70.90241217953844,41.09579050870134],[-70.90286899026951,41.09584525530885],[-70.90334050982388,41.09583030772218],[-70.90379234481918,41.09594501272948],[-70.90422449525539,41.096189370330755],[-70.90468022292055,41.09640549668881],[-70.90515952781462,41.09659339180365],[-70.90566984543969,41.096724833349434],[-70.90621117579578,41.09679982132617],[-70.90670912002423,41.09695425002282],[-70.9071636781251,41.097188119439366],[-70.9075043526331,41.0974529357948]]]},"properties":{"kind":"land"}},{"type":"Feature","geometry":{"type":"Polygon","coordinates":[[[-70.9075043526331,41.0974529357948],[-70.90773114354826,41.09774869908912],[-70.90802211081636,41.098002718614886],[-70.90837725443743,41.098214994372114],[-70.90856698838672,41.09849009287621],[-70.90859131266427,41.098828014127186],[-70.9086728734796,41.09915789953609],[-70.90881167083273,41.09947974910293],[-70.90887298603651,41.099815223854904],[-70.90885681909094,41.10016432379201],[-70.90894411885834,41.10049805431194],[-70.9091348853387,41.100816415414705],[-70.90910534874338,41.10112163364783],[-70.90885550907235,41.10141370901132],[-70.90869370368826,41.101731257072366],[-70.90861993259112,41.10207427783099],[-70.9084711242862,41.10238800416203],[-70.90824727877352,41.10267243606549],[-70.90794543365564,41.102897452058095],[-70.90756558893261,41.103063052139845],[-70.9072549287923,41.103280278380055],[-70.90701345323473,41.10354913077872],[-70.90683846240577,41.10384064607448],[-70.90672995630547,41.10415482426735],[-70.90648394296444,41.104408785171245],[-70.90610042238269,41.10460252878618],[-70.9056988907014,41.10477204620049],[-70.90527934792057,41.10491733741417],[-70.90486018130555,41.105062946732104],[-70.90444139085633,41.1052088741543],[-70.90403826187739,41.105376224971536],[-70.9036507943687,41.10556499918381],[-70.90320273997492,41.10570618070831],[-70.90269409869603,41.10579976954502],[-70.90222447393302,41.10595878982983],[-70.9017938656859,41.10618324156272],[-70.9013246449332,41.10624717009189],[-70.90081681167489,41.10615057541734],[-70.9003029622976,41.10612630242515],[-70.89978309680133,41.106174351115335],[-70.89925753083963,41.106212436518724],[-70.89872626441249,41.106240558635335],[-70.89820330075341,41.10620301176816],[-70.89768863986241,41.1060997959172],[-70.89719645424046,41.10595694825529],[-70.89672674388757,41.105774468782435],[-70.89623643115968,41.105632352592785],[-70.89572551605679,41.10553059968635],[-70.89526700026993,41.10539823166186],[-70.8948608837991,41.10523524851931],[-70.89444031334322,41.10509728647203],[-70.89400528890232,41.10498434552003],[-70.8936612130887,41.1047808922819],[-70.89340808590237,41.10448692675762],[-70.89309850131468,41.104231875868095],[-70.89273245932564,41.10401573961332],[-70.89242177598835,41.10377736395243],[-70.8921664513028,41.103516748885454],[-70.89193252036122,41.10324565077102],[-70.89171998316364,41.10296406960915],[-70.89152003093275,41.1026746347251],[-70.89133266366856,41.102377346118864],[-70.89122386877338,41.10206453929862],[-70.89119364624716,41.10173621426434],[-70.89128972515671,41.10141689499445],[-70.891512105502,41.10110658148894],[-70.89162527919208,41.10077509562881],[-70.89162924622696,41.10042243741406],[-70.89161664356261,41.10007480672598],[-70.89158747119905,41.09973220356456],[-70.89159350649565,41.099389952961594],[-70.89163474945246,41.0990480549171],[-70.89172322184515,41.09872366128646],[-70.89185892367371,41.0984167720697],[-70.89209068513871,41.0981589096745],[-70.89241850624018,41.0979500741009],[-70.89271857473038,41.09772696920317],[-70.89299089060934,41.09748959498133],[-70.8932210639678,41.09723092608815],[-70.89340909480576,41.096950962523636],[-70.89367826237948,41.09671382110852],[-70.89402856668893,41.09651950184281],[-70.89441979369661,41.09640367260047],[-70.8948519434025,41.09636633338147],[-70.89523123659566,41.09624757163611],[-70.8955576732761,41.09604738736439],[-70.89589660131197,41.09586003519835],[-70.8962480207033,41.095685515137994],[-70.89662463595995,41.095505908864844],[-70.89702644708198,41.09532121637889],[-70.89746142788321,41.09521057593339],[-70.89792957836369,41.095173987528355],[-70.8983930409632,41.09513021521014],[-70.89885181568177,41.09507925897877],[-70.89931090228079,41.095077610013746],[-70.89977030076027,41.09512526831509],[-70.9002313225958,41.09517821627385],[-70.9006939677874,41.095236453890045],[-70.9011312244566,41.09535014139831],[-70.90154309260342,41.09551927879863],[-70.9019700776307,41.09566606789965],[-70.90241217953844,41.09579050870134],[-70.90286899026951,41.09584525530885],[-70.90334050982388,41.09583030772218],[-70.90379234481918,41.09594501272948],[-70.90422449525539,41.096189370330755],[-70.90468022292055,41.09640549668881],[-70.90515952781462,41.09659339180365],[-70.90566984543969,41.096724833349434],[-70.90621117579578,41.09679982132617],[-70.90670912002423,41.09695425002282],[-70.9071636781251,41.097188119439366],[-70.9075043526331,41.0974529357948]],[[-70.90699592173641,41.097340029261815],[-70.90658433298768,41.09712807405596],[-70.90613744835328,41.09698948059972],[-70.90560373687185,41.096916080916145],[-70.90505629172415,41.09677506544638],[-70.90454976760968,41.09657694121962],[-70.90407580865804,41.09635216877344],[-70.9036679074839,41.09611897906422],[-70.90330329033269,41.096025936751],[-70.9028540939132,41.09604256561388],[-70.90234511156955,41.09598156648513],[-70.90186972892106,41.095848657917216],[-70.90142584744737,41.09569605931096],[-70.90102519970665,41.095530900727105],[-70.90062951689295,41.09542802249489],[-70.90018995374106,41.09537337145121],[-70.8997326538451,41.095320850895185],[-70.89929350712497,41.09527480417192],[-70.89887170459261,41.095276319218584],[-70.89842846129211,41.09532603382702],[-70.89795940424624,41.09537033469064],[-70.89751688050632,41.09540373702154],[-70.897137681977,41.09550018885136],[-70.89676299854466,41.09567379626503],[-70.8963902491849,41.09585155791345],[-70.89604636288401,41.09602227314215],[-70.89571805603528,41.0962037541432],[-70.8953661241917,41.096417057280206],[-70.8949168142842,41.09655782146992],[-70.89448264832404,41.09659554215717],[-70.89415584007638,41.096692299157525],[-70.8938562722093,41.09685895336407],[-70.89362734876525,41.09706054161862],[-70.89344742609612,41.09733072808248],[-70.89319935442107,41.09760951110951],[-70.89290997997381,41.09786207414642],[-70.89259532428301,41.098096031309936],[-70.89228527825674,41.09829140340463],[-70.89209440097258,41.098503777250635],[-70.89197656761478,41.098774748818414],[-70.89189423172931,41.099076741199404],[-70.89185541138686,41.09940023061921],[-70.89184964602218,41.0997271738768],[-70.89187863099716,41.10006580262115],[-70.8918914946751,41.10042060100567],[-70.89188538280621,41.10080038548205],[-70.89175611015054,41.10117902522968],[-70.89153478826714,41.101487280636086],[-70.89145513943961,41.101751313720264],[-70.89148269617911,41.10203267005781],[-70.89157896154845,41.102309452015525],[-70.89175484155217,41.102586612326256],[-70.89195032599095,41.1028695811453],[-70.89215653713467,41.10314288761949],[-70.89238196991623,41.103404137378064],[-70.89262113188056,41.103648953974094],[-70.89290695634173,41.10386820472007],[-70.89327663646513,41.104086830955076],[-70.89361564487899,41.10436612262834],[-70.89385569105421,41.1046483025765],[-70.89412970627411,41.10481037107724],[-70.8945354240075,41.10491311127948],[-70.89497496412892,41.105057296050816],[-70.89537527788445,41.105218232282695],[-70.89580555565033,41.10534239905712],[-70.89631709111859,41.1054443024247],[-70.89683410424286,41.105594157672265],[-70.89730384158432,41.10577664627167],[-70.89776954564378,41.10591180572491],[-70.89824976656884,41.10600850901991],[-70.89872937552548,41.10604294317891],[-70.8992358029537,41.106015486579196],[-70.89975459246158,41.105977892514204],[-70.9002949613358,41.10592876505328],[-70.90085748587863,41.10595533734165],[-70.90133626916294,41.106049734952066],[-70.90169122583654,41.10600137617852],[-70.90209541732789,41.10578674521753],[-70.90260908369065,41.10561281194626],[-70.90312153278043,41.10551826433016],[-70.9035290589971,41.10538995063037],[-70.90390370106556,41.10520659188433],[-70.90432301958015,41.10503252030982],[-70.90475024919463,41.1048835177367],[-70.90516969489077,41.10473781147206],[-70.90557996250848,41.10459590525515],[-70.90596318987404,41.104434115500744],[-70.90630394022226,41.10426505552202],[-70.90649262550399,41.10407072754479],[-70.90659113587866,41.103774909701436],[-70.90678463486638,41.10345256186766],[-70.90705569101587,41.10315176434427],[-70.90741016973442,41.102903864552744],[-70.90778669140882,41.102740137534745],[-70.90804024452947,41.102551121699314],[-70.90823372470518,41.1023040177512],[-70.90836582886776,41.1020253746141],[-70.90844043039668,41.10167996587472],[-70.90862176910952,41.10132408305303],[-70.90885800371473,41.10105593681681],[-70.90887746611054,41.10085421041891],[-70.90869443333678,41.1005585149325],[-70.90859536368671,41.10017979037446],[-70.90861104954514,41.09982503355552],[-70.90855605136973,41.09952393952446],[-70.9084187329816,41.09920669411645],[-70.90833090510073,41.09885146058578],[-70.90831336215935,41.09854038398377],[-70.90817668537422,41.098342327049764],[-70.9078407133948,41.098145449097025],[-70.9075172679428,41.097863075547345],[-70.90729583489087,41.09757279866562],[-70.90699592173641,41.097340029261815]]]},"properties":{"kind":"esplanade"}},{"type":"Feature","geometry":{"type":"Polygon","coordinates":[[[-70.90729583489087,41.09757279866562],[-70.9075172679428,41.097863075547345],[-70.9078407133948,41.098145449097025],[-70.90817668537422,41.098342327049764],[-70.90831336215935,41.09854038398377],[-70.90833090510073,41.09885146058578],[-70.9084187329816,41.09920669411645],[-70.90855605136973,41.09952393952446],[-70.90861104954514,41.09982503355552],[-70.90859536368671,41.10017979037446],[-70.90869443333678,41.1005585149325],[-70.90887746611054,41.10085421041891],[-70.90885800371473,41.10105593681681],[-70.90862176910952,41.10132408305303],[-70.90844043039668,41.10167996587472],[-70.90836582886776,41.1020253746141],[-70.90823372470518,41.1023040177512],[-70.90804024452947,41.102551121699314],[-70.90778669140882,41.102740137534745],[-70.90741016973442,41.102903864552744],[-70.90705569101587,41.10315176434427],[-70.90678463486638,41.10345256186766],[-70.90659113587866,41.103774909701436],[-70.90649262550399,41.10407072754479],[-70.90630394022226,41.10426505552202],[-70.90596318987404,41.104434115500744],[-70.90557996250848,41.10459590525515],[-70.90516969489077,41.10473781147206],[-70.90475024919463,41.1048835177367],[-70.90432301958015,41.10503252030982],[-70.90390370106556,41.10520659188433],[-70.9035290589971,41.10538995063037],[-70.90312153278043,41.10551826433016],[-70.90260908369065,41.10561281194626],[-70.90209541732789,41.10578674521753],[-70.90169122583654,41.10600137617852],[-70.90133626916294,41.106049734952066],[-70.90085748587863,41.10595533734165],[-70.9002949613358,41.10592876505328],[-70.89975459246158,41.105977892514204],[-70.8992358029537,41.106015486579196],[-70.89872937552548,41.10604294317891],[-70.89824976656884,41.10600850901991],[-70.89776954564378,41.10591180572491],[-70.89730384158432,41.10577664627167],[-70.89683410424286,41.105594157672265],[-70.89631709111859,41.1054443024247],[-70.89580555565033,41.10534239905712],[-70.89537527788445,41.105218232282695],[-70.89497496412892,41.105057296050816],[-70.8945354240075,41.10491311127948],[-70.89412970627411,41.10481037107724],[-70.89385569105421,41.1046483025765],[-70.89361564487899,41.10436612262834],[-70.89327663646513,41.104086830955076],[-70.89290695634173,41.10386820472007],[-70.89262113188056,41.103648953974094],[-70.89238196991623,41.103404137378064],[-70.89215653713467,41.10314288761949],[-70.89195032599095,41.1028695811453],[-70.89175484155217,41.102586612326256],[-70.89157896154845,41.102309452015525],[-70.89148269617911,41.10203267005781],[-70.89145513943961,41.101751313720264],[-70.89153478826714,41.101487280636086],[-70.89175611015054,41.10117902522968],[-70.89188538280621,41.10080038548205],[-70.8918914946751,41.10042060100567],[-70.89187863099716,41.10006580262115],[-70.89184964602218,41.0997271738768],[-70.89185541138686,41.09940023061921],[-70.89189423172931,41.099076741199404],[-70.89197656761478,41.098774748818414],[-70.89209440097258,41.098503777250635],[-70.89228527825674,41.09829140340463],[-70.89259532428301,41.098096031309936],[-70.89290997997381,41.09786207414642],[-70.89319935442107,41.09760951110951],[-70.89344742609612,41.09733072808248],[-70.89362734876525,41.09706054161862],[-70.8938562722093,41.09685895336407],[-70.89415584007638,41.096692299157525],[-70.89448264832404,41.09659554215717],[-70.8949168142842,41.09655782146992],[-70.8953661241917,41.096417057280206],[-70.89571805603528,41.0962037541432],[-70.89604636288401,41.09602227314215],[-70.8963902491849,41.09585155791345],[-70.89676299854466,41.09567379626503],[-70.897137681977,41.09550018885136],[-70.89751688050632,41.09540373702154],[-70.89795940424624,41.09537033469064],[-70.89842846129211,41.09532603382702],[-70.89887170459261,41.095276319218584],[-70.89929350712497,41.09527480417192],[-70.8997326538451,41.095320850895185],[-70.90018995374106,41.09537337145121],[-70.90062951689295,41.09542802249489],[-70.90102519970665,41.095530900727105],[-70.90142584744737,41.09569605931096],[-70.90186972892106,41.095848657917216],[-70.90234511156955,41.09598156648513],[-70.9028540939132,41.09604256561388],[-70.90330329033269,41.096025936751],[-70.9036679074839,41.09611897906422],[-70.90407580865804,41.09635216877344],[-70.90454976760968,41.09657694121962],[-70.90505629172415,41.09677506544638],[-70.90560373687185,41.096916080916145],[-70.90613744835328,41.09698948059972],[-70.90658433298768,41.09712807405596],[-70.90699592173641,41.097340029261815],[-70.90729583489087,41.09757279866562]]]},"properties":{"kind":"paveland"}},{"type":"Feature","geometry":{"type":"Polygon","coordinates":[[[-70.9,41.0955084235794],[-70.90023841797341,41.09443044523846],[-70.89980926562129,41.09435858001573],[-70.89957084764788,41.095436558356674],[-70.9,41.0955084235794]]]},"properties":{"kind":"pier"}},{"type":"Feature","geometry":{"type":"Polygon","coordinates":[[[-70.89642373039895,41.09595758122146],[-70.89663830657501,41.09487960288052],[-70.89620915422289,41.09480773765779],[-70.89599457804682,41.09588571599873],[-70.89642373039895,41.09595758122146]]]},"properties":{"kind":"pier"}},{"type":"Feature","geometry":{"type":"Polygon","coordinates":[[[-70.90834462906913,41.10098814681253],[-70.90977513690956,41.100880348978436],[-70.90981089960557,41.101212725633566],[-70.90838039176515,41.101320523467656],[-70.90834462906913,41.10098814681253]]]},"properties":{"kind":"pier"}},{"type":"Feature","geometry":{"type":"Polygon","coordinates":[[[-70.89225141586438,41.10269494585236],[-70.89082090802395,41.10256019855974],[-70.89078514532794,41.10289257521487],[-70.89221565316836,41.10302732250749],[-70.89225141586438,41.10269494585236]]]},"properties":{"kind":"pier"}},{"type":"Feature","geometry":{"type":"Polygon","coordinates":[[[-70.89593712735649,41.09399781117014],[-70.89350549710512,41.09473814379262],[-70.89357248181375,41.094863079306776],[-70.89600411206511,41.094122746684306],[-70.89593712735649,41.09399781117014]]]},"properties":{"kind":"pier"}},{"type":"Feature","geometry":{"type":"Polygon","coordinates":[[[-70.9017263552062,41.1002953722638],[-70.8986570850272,41.10062042770551],[-70.89898889871404,41.102399573588556],[-70.90205816889302,41.10207451814686],[-70.9017263552062,41.1002953722638]]]},"properties":{"kind":"park"}},{"type":"Feature","geometry":{"type":"Polygon","coordinates":[[[-70.8984300089852,41.09864511729651],[-70.89736756930786,41.098757636487875],[-70.89751688546694,41.099558252135246],[-70.89857932514428,41.09944573294389],[-70.8984300089852,41.09864511729651]]]},"properties":{"kind":"park"}},{"type":"Feature","geometry":{"type":"Polygon","coordinates":[[[-70.90517627083833,41.10221532322736],[-70.9036938399039,41.1029688205253],[-70.90436044809783,41.103713557647836],[-70.90584287903226,41.10296006034989],[-70.90517627083833,41.10221532322736]]]},"properties":{"kind":"park"}},{"type":"Feature","geometry":{"type":"Polygon","coordinates":[[[-70.89487401357182,41.10267248797026],[-70.89320508775799,41.10267248797026],[-70.89320508775799,41.103615719018585],[-70.89487401357182,41.103615719018585],[-70.89487401357182,41.10267248797026]]]},"properties":{"kind":"park"}},{"type":"Feature","geometry":{"type":"Polygon","coordinates":[[[-70.9017872301074,41.10023449660789],[-70.89857630130477,41.100574554608436],[-70.89892802381281,41.102460449244475],[-70.90213895261545,41.10212039124392],[-70.9017872301074,41.10023449660789]]]},"properties":{"kind":"apron"}},{"type":"Feature","geometry":{"type":"Polygon","coordinates":[[[-70.89849088388642,41.0985842416406],[-70.89728678558544,41.0987117633908],[-70.89745601056572,41.099619127791165],[-70.89866010886671,41.09949160604096],[-70.89849088388642,41.0985842416406]]]},"properties":{"kind":"apron"}},{"type":"Feature","geometry":{"type":"Polygon","coordinates":[[[-70.90519557158407,41.10214049910809],[-70.90359454617489,41.10295427618986],[-70.9043411473521,41.1037883817671],[-70.90594217276129,41.10297460468533],[-70.90519557158407,41.10214049910809]]]},"properties":{"kind":"apron"}},{"type":"Feature","geometry":{"type":"Polygon","coordinates":[[[-70.89494553896384,41.10261858905321],[-70.89313356236597,41.10261858905321],[-70.89313356236597,41.10366961793563],[-70.89494553896384,41.10366961793563],[-70.89494553896384,41.10261858905321]]]},"properties":{"kind":"apron"}},{"type":"Feature","geometry":{"type":"Polygon","coordinates":[[[-70.8954459976939,41.09790679976481],[-70.9023742384249,41.10458920682672],[-70.90264665851889,41.104428819973904],[-70.89571841778789,41.097746412912],[-70.8954459976939,41.09790679976481]]]},"properties":{"kind":"apron"}},{"type":"Feature","geometry":{"type":"LineString","coordinates":[[-70.89559688621702,41.097840763980486],[-70.90249576999577,41.104494855758226]]},"properties":{"kind":"street","cls":"shore"}},{"type":"Feature","geometry":{"type":"Polygon","coordinates":[[[-70.90166892581384,41.09631237180973],[-70.90165517577958,41.096310739297714],[-70.90154954944472,41.09683080683839],[-70.90166892581384,41.09684301729427],[-70.90166892581384,41.09631237180973]]]},"properties":{"kind":"pavement","solo":1,"d":"exchange"}},{"type":"Feature","geometry":{"type":"Polygon","coordinates":[[[-70.90166892581384,41.09684301729427],[-70.90154954944472,41.09683080683839],[-70.90146164006909,41.097376866028306],[-70.90166892581384,41.09739855339711],[-70.90166892581384,41.09684301729427]]]},"properties":{"kind":"pavement","solo":1,"d":"exchange"}},{"type":"Feature","geometry":{"type":"Polygon","coordinates":[[[-70.90166892581384,41.09739855339711],[-70.90146164006909,41.097376866028306],[-70.90134393772883,41.09800765776428],[-70.90166892581384,41.09804654089508],[-70.90166892581384,41.09739855339711]]]},"properties":{"kind":"pavement","solo":0,"d":"exchange"}},{"type":"Feature","geometry":{"type":"Polygon","coordinates":[[[-70.90166892581384,41.09804654089508],[-70.90134393772883,41.09800765776428],[-70.9012278515568,41.098601390597054],[-70.90166892581384,41.09864876436368],[-70.90166892581384,41.09804654089508]]]},"properties":{"kind":"pavement","solo":0,"d":"exchange"}},{"type":"Feature","geometry":{"type":"Polygon","coordinates":[[[-70.90166892581384,41.09864876436368],[-70.9012278515568,41.098601390597054],[-70.9011529293998,41.09913631783482],[-70.90166892581384,41.09919849095937],[-70.90166892581384,41.09864876436368]]]},"properties":{"kind":"pavement","solo":0,"d":"exchange"}},{"type":"Feature","geometry":{"type":"Polygon","coordinates":[[[-70.90166892581384,41.09919849095937],[-70.9011529293998,41.09913631783482],[-70.90104927261223,41.09966096322399],[-70.90166892581384,41.09972885905418],[-70.90166892581384,41.09919849095937]]]},"properties":{"kind":"pavement","solo":0,"d":"exchange"}},{"type":"Feature","geometry":{"type":"Polygon","coordinates":[[[-70.90166892581384,41.09972885905418],[-70.90104927261223,41.09966096322399],[-70.90091501299848,41.10029705269571],[-70.90105858584401,41.10031166471922],[-70.90166892581384,41.10024702579306],[-70.90166892581384,41.09972885905418]]]},"properties":{"kind":"pavement","solo":0,"d":"exchange"}},{"type":"Feature","geometry":{"type":"Polygon","coordinates":[[[-70.90059600613185,41.102283799194836],[-70.90166892581384,41.102406170443025],[-70.90166892581384,41.10217017010362],[-70.90059600613185,41.102283799194836]]]},"properties":{"kind":"pavement","solo":0,"d":"exchange"}},{"type":"Feature","geometry":{"type":"Polygon","coordinates":[[[-70.90048272713159,41.1027648117292],[-70.90046218742914,41.102912262930694],[-70.90065683214331,41.10293273900035],[-70.90048272713159,41.1027648117292]]]},"properties":{"kind":"pavement","solo":1,"d":"exchange"}},{"type":"Feature","geometry":{"type":"Polygon","coordinates":[[[-70.90166892581384,41.102406170443025],[-70.90059600613185,41.102283799194836],[-70.90054903846784,41.10228877337237],[-70.90053468860039,41.102391788749685],[-70.90114924556885,41.10298453949053],[-70.90166892581384,41.10303920837246],[-70.90166892581384,41.102406170443025]]]},"properties":{"kind":"pavement","solo":0,"d":"exchange"}},{"type":"Feature","geometry":{"type":"Polygon","coordinates":[[[-70.90065683214331,41.10293273900035],[-70.90046218742914,41.102912262930694],[-70.90036968094745,41.10344971732721],[-70.90130508070345,41.10355798585945],[-70.90065683214331,41.10293273900035]]]},"properties":{"kind":"pavement","solo":0,"d":"exchange"}},{"type":"Feature","geometry":{"type":"Polygon","coordinates":[[[-70.90166892581384,41.10303920837246],[-70.90114924556885,41.10298453949053],[-70.90166892581384,41.103485780003645],[-70.90166892581384,41.10303920837246]]]},"properties":{"kind":"pavement","solo":0,"d":"exchange"}},{"type":"Feature","geometry":{"type":"Polygon","coordinates":[[[-70.90130508070345,41.10355798585945],[-70.90036968094745,41.10344971732721],[-70.90022570160512,41.104054287399535],[-70.90166892581384,41.10422242713458],[-70.90166892581384,41.10390892071138],[-70.90130508070345,41.10355798585945]]]},"properties":{"kind":"pavement","solo":0,"d":"exchange"}},{"type":"Feature","geometry":{"type":"Polygon","coordinates":[[[-70.90166892581384,41.10422242713458],[-70.90022570160512,41.104054287399535],[-70.90013052628912,41.104588281757735],[-70.90166892581384,41.104745174879014],[-70.90166892581384,41.10422242713458]]]},"properties":{"kind":"pavement","solo":0,"d":"exchange"}},{"type":"Feature","geometry":{"type":"Polygon","coordinates":[[[-70.90166892581384,41.104745174879014],[-70.90013052628912,41.104588281757735],[-70.90004796263874,41.10512532704439],[-70.90166892581384,41.10529858825029],[-70.90166892581384,41.104745174879014]]]},"properties":{"kind":"pavement","solo":0,"d":"exchange"}},{"type":"Feature","geometry":{"type":"Polygon","coordinates":[[[-70.90166892581384,41.10529858825029],[-70.90004796263874,41.10512532704439],[-70.89994062235992,41.1057940656904],[-70.90166892581384,41.105985196383095],[-70.90166892581384,41.10529858825029]]]},"properties":{"kind":"pavement","solo":0,"d":"exchange"}},{"type":"Feature","geometry":{"type":"Polygon","coordinates":[[[-70.90076896601548,41.105885671071576],[-70.90016584885359,41.105818973177364],[-70.90058771682928,41.10590214928255],[-70.90076896601548,41.105885671071576]]]},"properties":{"kind":"pavement","solo":1,"d":"exchange"}},{"type":"Feature","geometry":{"type":"Polygon","coordinates":[[[-70.89949232189595,41.09529565089198],[-70.89946105351272,41.09550953782398],[-70.90143114248332,41.095698242077894],[-70.90142584744737,41.09569605931096],[-70.90069788067282,41.09544579719871],[-70.90062951689295,41.09542802249489],[-70.90018995374106,41.09537337145121],[-70.8997326538451,41.095320850895185],[-70.89949232189595,41.09529565089198]]]},"properties":{"kind":"pavement","solo":0,"d":"exchange"}},{"type":"Feature","geometry":{"type":"Polygon","coordinates":[[[-70.90143260389671,41.09569838205884],[-70.89946105351272,41.09550953782398],[-70.89933909230999,41.09606385528872],[-70.90165517577958,41.096310739297714],[-70.90166892581384,41.096240974607376],[-70.90166892581384,41.0957796253576],[-70.90143260389671,41.09569838205884]]]},"properties":{"kind":"pavement","solo":0,"d":"exchange"}},{"type":"Feature","geometry":{"type":"Polygon","coordinates":[[[-70.90165517577958,41.096310739297714],[-70.89933909230999,41.09606385528872],[-70.89923826838066,41.096563181323866],[-70.90154954944472,41.09683080683839],[-70.90165517577958,41.096310739297714]]]},"properties":{"kind":"pavement","solo":0,"d":"exchange"}},{"type":"Feature","geometry":{"type":"Polygon","coordinates":[[[-70.90154954944472,41.09683080683839],[-70.89923826838066,41.096563181323866],[-70.89914981037664,41.09711913452909],[-70.90146164006909,41.097376866028306],[-70.90154954944472,41.09683080683839]]]},"properties":{"kind":"pavement","solo":0,"d":"exchange"}},{"type":"Feature","geometry":{"type":"Polygon","coordinates":[[[-70.90146164006909,41.097376866028306],[-70.89914981037664,41.09711913452909],[-70.89903274021158,41.09776882918126],[-70.90134393772883,41.09800765776428],[-70.90146164006909,41.097376866028306]]]},"properties":{"kind":"pavement","solo":0,"d":"exchange"}},{"type":"Feature","geometry":{"type":"Polygon","coordinates":[[[-70.90134393772883,41.09800765776428],[-70.89903274021158,41.09776882918126],[-70.89892049503861,41.09833417442289],[-70.9012278515568,41.098601390597054],[-70.90134393772883,41.09800765776428]]]},"properties":{"kind":"pavement","solo":0,"d":"exchange"}},{"type":"Feature","geometry":{"type":"Polygon","coordinates":[[[-70.9012278515568,41.098601390597054],[-70.89892049503861,41.09833417442289],[-70.89881047669515,41.098893961147844],[-70.9011529293998,41.09913631783482],[-70.9012278515568,41.098601390597054]]]},"properties":{"kind":"pavement","solo":0,"d":"exchange"}},{"type":"Feature","geometry":{"type":"Polygon","coordinates":[[[-70.9011529293998,41.09913631783482],[-70.89881047669515,41.098893961147844],[-70.89872943919312,41.09938403178147],[-70.90104927261223,41.09966096322399],[-70.9011529293998,41.09913631783482]]]},"properties":{"kind":"pavement","solo":0,"d":"exchange"}},{"type":"Feature","geometry":{"type":"Polygon","coordinates":[[[-70.90104927261223,41.09966096322399],[-70.89872943919312,41.09938403178147],[-70.898630159373,41.10004501417837],[-70.90091501299848,41.10029705269571],[-70.90104927261223,41.09966096322399]]]},"properties":{"kind":"pavement","solo":0,"d":"exchange"}},{"type":"Feature","geometry":{"type":"Polygon","coordinates":[[[-70.90091501299848,41.10029705269571],[-70.898630159373,41.10004501417837],[-70.89854318859803,41.100470952826655],[-70.89864325050962,41.10056746425728],[-70.90091055911276,41.1003273417016],[-70.90091501299848,41.10029705269571]]]},"properties":{"kind":"pavement","solo":0,"d":"exchange"}},{"type":"Feature","geometry":{"type":"Polygon","coordinates":[[[-70.89847799591146,41.10083121406961],[-70.89840506200397,41.10132947555351],[-70.89872347584428,41.10136368714411],[-70.89865623023967,41.10100312413736],[-70.89847799591146,41.10083121406961]]]},"properties":{"kind":"pavement","solo":0,"d":"exchange"}},{"type":"Feature","geometry":{"type":"Polygon","coordinates":[[[-70.89872347584428,41.10136368714411],[-70.89840506200397,41.10132947555351],[-70.89828495082686,41.10201385789995],[-70.89885720580001,41.10208073140607],[-70.89872347584428,41.10136368714411]]]},"properties":{"kind":"pavement","solo":0,"d":"exchange"}},{"type":"Feature","geometry":{"type":"Polygon","coordinates":[[[-70.89885720580001,41.10208073140607],[-70.89828495082686,41.10201385789995],[-70.89817287357087,41.1026476564251],[-70.8989803444993,41.1027409865991],[-70.89885720580001,41.10208073140607]]]},"properties":{"kind":"pavement","solo":0,"d":"exchange"}},{"type":"Feature","geometry":{"type":"Polygon","coordinates":[[[-70.89892802381281,41.102460449244475],[-70.8989803444993,41.1027409865991],[-70.90046218742914,41.102912262930694],[-70.90048272713159,41.1027648117292],[-70.90004456828869,41.10234220000716],[-70.89892802381281,41.102460449244475]]]},"properties":{"kind":"pavement","solo":0,"d":"exchange"}},{"type":"Feature","geometry":{"type":"Polygon","coordinates":[[[-70.90053468860039,41.102391788749685],[-70.90054903846784,41.10228877337237],[-70.90043987040374,41.10230033497211],[-70.90053468860039,41.102391788749685]]]},"properties":{"kind":"pavement","solo":1,"d":"exchange"}},{"type":"Feature","geometry":{"type":"Polygon","coordinates":[[[-70.90046218742914,41.102912262930694],[-70.89817287357087,41.1026476564251],[-70.89807700697686,41.10320520810856],[-70.90036968094745,41.10344971732721],[-70.90046218742914,41.102912262930694]]]},"properties":{"kind":"pavement","solo":0,"d":"exchange"}},{"type":"Feature","geometry":{"type":"Polygon","coordinates":[[[-70.90036968094745,41.10344971732721],[-70.89807700697686,41.10320520810856],[-70.89795517391745,41.10381946875695],[-70.90022570160512,41.104054287399535],[-70.90036968094745,41.10344971732721]]]},"properties":{"kind":"pavement","solo":0,"d":"exchange"}},{"type":"Feature","geometry":{"type":"Polygon","coordinates":[[[-70.90022570160512,41.104054287399535],[-70.89795517391745,41.10381946875695],[-70.89782869229123,41.104332279135924],[-70.90013052628912,41.104588281757735],[-70.90022570160512,41.104054287399535]]]},"properties":{"kind":"pavement","solo":0,"d":"exchange"}},{"type":"Feature","geometry":{"type":"Polygon","coordinates":[[[-70.90013052628912,41.104588281757735],[-70.89782869229123,41.104332279135924],[-70.8977668565835,41.104872980445016],[-70.90004796263874,41.10512532704439],[-70.90013052628912,41.104588281757735]]]},"properties":{"kind":"pavement","solo":0,"d":"exchange"}},{"type":"Feature","geometry":{"type":"Polygon","coordinates":[[[-70.90004796263874,41.10512532704439],[-70.8977668565835,41.104872980445016],[-70.89763449447453,41.10554018466562],[-70.89994062235992,41.1057940656904],[-70.90004796263874,41.10512532704439]]]},"properties":{"kind":"pavement","solo":0,"d":"exchange"}},{"type":"Feature","geometry":{"type":"Polygon","coordinates":[[[-70.89994062235992,41.1057940656904],[-70.89763449447453,41.10554018466562],[-70.89757420759695,41.10585511353366],[-70.89776954564378,41.10591180572491],[-70.89824976656884,41.10600850901991],[-70.89872937552548,41.10604294317891],[-70.8992358029537,41.106015486579196],[-70.89975459246158,41.105977892514204],[-70.89990788092858,41.10596395634295],[-70.89994062235992,41.1057940656904]]]},"properties":{"kind":"pavement","solo":0,"d":"exchange"}},{"type":"Feature","geometry":{"type":"Polygon","coordinates":[[[-70.89810935731649,41.0953618248456],[-70.89946105351272,41.09550953782398],[-70.89949232189595,41.09529565089198],[-70.89929350712497,41.09527480417192],[-70.89895812562939,41.095276008808156],[-70.89842846129211,41.09532603382702],[-70.89810935731649,41.0953618248456]]]},"properties":{"kind":"pavement","solo":0,"d":"exchange"}},{"type":"Feature","geometry":{"type":"Polygon","coordinates":[[[-70.89946105351272,41.09550953782398],[-70.89809415482907,41.095360163522066],[-70.89795940424624,41.09537033469064],[-70.89746439768327,41.095417086399046],[-70.897137681977,41.09550018885136],[-70.89693688675952,41.09559322616066],[-70.89690401463425,41.095835854177565],[-70.89933909230999,41.09606385528872],[-70.89946105351272,41.09550953782398]]]},"properties":{"kind":"pavement","solo":0,"d":"exchange"}},{"type":"Feature","geometry":{"type":"Polygon","coordinates":[[[-70.89933909230999,41.09606385528872],[-70.89690401463425,41.095835854177565],[-70.89680788541914,41.09633012620276],[-70.89923826838066,41.096563181323866],[-70.89933909230999,41.09606385528872]]]},"properties":{"kind":"pavement","solo":0,"d":"exchange"}},{"type":"Feature","geometry":{"type":"Polygon","coordinates":[[[-70.89923826838066,41.096563181323866],[-70.89680788541914,41.09633012620276],[-70.89670639189943,41.09688514127214],[-70.89914981037664,41.09711913452909],[-70.89923826838066,41.096563181323866]]]},"properties":{"kind":"pavement","solo":0,"d":"exchange"}},{"type":"Feature","geometry":{"type":"Polygon","coordinates":[[[-70.89914981037664,41.09711913452909],[-70.89670639189943,41.09688514127214],[-70.89660540649716,41.09750005278671],[-70.89903274021158,41.09776882918126],[-70.89914981037664,41.09711913452909]]]},"properties":{"kind":"pavement","solo":0,"d":"exchange"}},{"type":"Feature","geometry":{"type":"Polygon","coordinates":[[[-70.89903274021158,41.09776882918126],[-70.89660540649716,41.09750005278671],[-70.89651377431578,41.09807284072217],[-70.89892049503861,41.09833417442289],[-70.89903274021158,41.09776882918126]]]},"properties":{"kind":"pavement","solo":0,"d":"exchange"}},{"type":"Feature","geometry":{"type":"Polygon","coordinates":[[[-70.89892049503861,41.09833417442289],[-70.89651377431578,41.09807284072217],[-70.89643188201453,41.098434561400424],[-70.89667429183353,41.09866836983021],[-70.89718613510937,41.09872242292322],[-70.89887943526452,41.09854309155199],[-70.89892049503861,41.09833417442289]]]},"properties":{"kind":"pavement","solo":0,"d":"exchange"}},{"type":"Feature","geometry":{"type":"Polygon","coordinates":[[[-70.89854338662964,41.09886575516208],[-70.89881047669515,41.098893961147844],[-70.89887943526452,41.09854309155199],[-70.89849088388642,41.0985842416406],[-70.89854338662964,41.09886575516208]]]},"properties":{"kind":"pavement","solo":0,"d":"exchange"}},{"type":"Feature","geometry":{"type":"Polygon","coordinates":[[[-70.89718613510937,41.09872242292322],[-70.89667429183353,41.09866836983021],[-70.89677542991336,41.098765919243554],[-70.89718613510937,41.09872242292322]]]},"properties":{"kind":"pavement","solo":1,"d":"exchange"}},{"type":"Feature","geometry":{"type":"Polygon","coordinates":[[[-70.89638012779831,41.0988077842786],[-70.89636309507173,41.098809588153834],[-70.8963216261289,41.09912252942741],[-70.89675528200848,41.09916962695132],[-70.89638012779831,41.0988077842786]]]},"properties":{"kind":"pavement","solo":1,"d":"exchange"}},{"type":"Feature","geometry":{"type":"Polygon","coordinates":[[[-70.89729083573378,41.09873347980891],[-70.89718613510937,41.09872242292322],[-70.89677542991336,41.098765919243554],[-70.89724965643293,41.0992233188586],[-70.8973849315555,41.09923801051532],[-70.89729083573378,41.09873347980891]]]},"properties":{"kind":"pavement","solo":0,"d":"exchange"}},{"type":"Feature","geometry":{"type":"Polygon","coordinates":[[[-70.89881047669515,41.098893961147844],[-70.89854338662964,41.09886575516208],[-70.89863819798228,41.099374122460944],[-70.89872943919312,41.09938403178147],[-70.89881047669515,41.098893961147844]]]},"properties":{"kind":"pavement","solo":1,"d":"exchange"}},{"type":"Feature","geometry":{"type":"Polygon","coordinates":[[[-70.89675528200848,41.09916962695132],[-70.8963216261289,41.09912252942741],[-70.8961826215873,41.099758637058876],[-70.89751101733597,41.09991406761046],[-70.89750748772934,41.09989514227567],[-70.89675528200848,41.09916962695132]]]},"properties":{"kind":"pavement","solo":0,"d":"exchange"}},{"type":"Feature","geometry":{"type":"Polygon","coordinates":[[[-70.8973849315555,41.09923801051532],[-70.89724965643293,41.0992233188586],[-70.89741126176015,41.09937918996958],[-70.8973849315555,41.09923801051532]]]},"properties":{"kind":"pavement","solo":1,"d":"exchange"}},{"type":"Feature","geometry":{"type":"Polygon","coordinates":[[[-70.8980286055478,41.099974628645334],[-70.898630159373,41.10004501417837],[-70.89871414099558,41.09948588369118],[-70.89763984137186,41.0995996589271],[-70.8980286055478,41.099974628645334]]]},"properties":{"kind":"pavement","solo":0,"d":"exchange"}},{"type":"Feature","geometry":{"type":"Polygon","coordinates":[[[-70.89872943919312,41.09938403178147],[-70.89863819798228,41.099374122460944],[-70.89866010886671,41.09949160604096],[-70.89871414099558,41.09948588369118],[-70.89872943919312,41.09938403178147]]]},"properties":{"kind":"pavement","solo":1,"d":"exchange"}},{"type":"Feature","geometry":{"type":"Polygon","coordinates":[[[-70.89752933092669,41.0999162104143],[-70.8961826215873,41.099758637058876],[-70.89609903061935,41.10040894762203],[-70.89830459822527,41.10066396902605],[-70.89752933092669,41.0999162104143]]]},"properties":{"kind":"pavement","solo":0,"d":"exchange"}},{"type":"Feature","geometry":{"type":"Polygon","coordinates":[[[-70.898630159373,41.10004501417837],[-70.8980286055478,41.099974628645334],[-70.89854318859803,41.100470952826655],[-70.898630159373,41.10004501417837]]]},"properties":{"kind":"pavement","solo":0,"d":"exchange"}},{"type":"Feature","geometry":{"type":"Polygon","coordinates":[[[-70.89830459822527,41.10066396902605],[-70.89609903061935,41.10040894762203],[-70.8959848518285,41.1010666084432],[-70.89840506200397,41.10132947555351],[-70.89847799591146,41.10083121406961],[-70.89830459822527,41.10066396902605]]]},"properties":{"kind":"pavement","solo":0,"d":"exchange"}},{"type":"Feature","geometry":{"type":"Polygon","coordinates":[[[-70.89840506200397,41.10132947555351],[-70.8959848518285,41.1010666084432],[-70.89594689445214,41.10127107882284],[-70.89594689445214,41.101747832307254],[-70.89828495082686,41.10201385789995],[-70.89840506200397,41.10132947555351]]]},"properties":{"kind":"pavement","solo":0,"d":"exchange"}},{"type":"Feature","geometry":{"type":"Polygon","coordinates":[[[-70.89828495082686,41.10201385789995],[-70.89594689445214,41.101747832307254],[-70.89594689445214,41.1023968946399],[-70.89817287357087,41.1026476564251],[-70.89828495082686,41.10201385789995]]]},"properties":{"kind":"pavement","solo":0,"d":"exchange"}},{"type":"Feature","geometry":{"type":"Polygon","coordinates":[[[-70.89817287357087,41.1026476564251],[-70.89594689445214,41.1023968946399],[-70.89594689445214,41.10295042986655],[-70.89807700697686,41.10320520810856],[-70.89817287357087,41.1026476564251]]]},"properties":{"kind":"pavement","solo":0,"d":"exchange"}},{"type":"Feature","geometry":{"type":"Polygon","coordinates":[[[-70.89807700697686,41.10320520810856],[-70.89594689445214,41.10295042986655],[-70.89594689445214,41.10360321495306],[-70.89795517391745,41.10381946875695],[-70.89807700697686,41.10320520810856]]]},"properties":{"kind":"pavement","solo":0,"d":"exchange"}},{"type":"Feature","geometry":{"type":"Polygon","coordinates":[[[-70.89795517391745,41.10381946875695],[-70.89594689445214,41.10360321495306],[-70.89594689445214,41.104128523146436],[-70.89782869229123,41.104332279135924],[-70.89795517391745,41.10381946875695]]]},"properties":{"kind":"pavement","solo":0,"d":"exchange"}},{"type":"Feature","geometry":{"type":"Polygon","coordinates":[[[-70.89782869229123,41.104332279135924],[-70.89594689445214,41.104128523146436],[-70.89594689445214,41.104675815572996],[-70.8977668565835,41.104872980445016],[-70.89782869229123,41.104332279135924]]]},"properties":{"kind":"pavement","solo":0,"d":"exchange"}},{"type":"Feature","geometry":{"type":"Polygon","coordinates":[[[-70.8977668565835,41.104872980445016],[-70.89594689445214,41.104675815572996],[-70.89594689445214,41.105353679255984],[-70.89763449447453,41.10554018466562],[-70.8977668565835,41.104872980445016]]]},"properties":{"kind":"pavement","solo":0,"d":"exchange"}},{"type":"Feature","geometry":{"type":"Polygon","coordinates":[[[-70.89763449447453,41.10554018466562],[-70.89632172726401,41.1053951039693],[-70.89658653091098,41.10549797772956],[-70.89760378136596,41.1057006249622],[-70.89763449447453,41.10554018466562]]]},"properties":{"kind":"pavement","solo":1,"d":"exchange"}},{"type":"Feature","geometry":{"type":"Polygon","coordinates":[[[-70.89651063386782,41.095794147272436],[-70.89690401463425,41.095835854177565],[-70.89693688675952,41.09559322616066],[-70.89676299854466,41.09567379626503],[-70.89651063386782,41.095794147272436]]]},"properties":{"kind":"pavement","solo":1,"d":"exchange"}},{"type":"Feature","geometry":{"type":"Polygon","coordinates":[[[-70.89690401463425,41.095835854177565],[-70.89651063386782,41.095794147272436],[-70.8963902491849,41.09585155791345],[-70.89604636288401,41.09602227314215],[-70.89594689445214,41.09607725716291],[-70.89594689445214,41.09624157744621],[-70.89680788541914,41.09633012620276],[-70.89690401463425,41.095835854177565]]]},"properties":{"kind":"pavement","solo":0,"d":"exchange"}},{"type":"Feature","geometry":{"type":"Polygon","coordinates":[[[-70.89680788541914,41.09633012620276],[-70.89594689445214,41.09624157744621],[-70.89594689445214,41.09680688318826],[-70.89670639189943,41.09688514127214],[-70.89680788541914,41.09633012620276]]]},"properties":{"kind":"pavement","solo":0,"d":"exchange"}},{"type":"Feature","geometry":{"type":"Polygon","coordinates":[[[-70.89670639189943,41.09688514127214],[-70.89594689445214,41.09680688318826],[-70.89594689445214,41.09743507214295],[-70.89660540649716,41.09750005278671],[-70.89670639189943,41.09688514127214]]]},"properties":{"kind":"pavement","solo":0,"d":"exchange"}},{"type":"Feature","geometry":{"type":"Polygon","coordinates":[[[-70.89660540649716,41.09750005278671],[-70.89594689445214,41.09743507214295],[-70.89594689445214,41.09796678257494],[-70.8960108067543,41.09802842708701],[-70.89651377431578,41.09807284072217],[-70.89660540649716,41.09750005278671]]]},"properties":{"kind":"pavement","solo":0,"d":"exchange"}},{"type":"Feature","geometry":{"type":"Polygon","coordinates":[[[-70.89594689445214,41.098389923282674],[-70.89594689445214,41.098593348535395],[-70.89618261249701,41.09861727738147],[-70.89594689445214,41.098389923282674]]]},"properties":{"kind":"pavement","solo":1,"d":"exchange"}},{"type":"Feature","geometry":{"type":"Polygon","coordinates":[[[-70.89651377431578,41.09807284072217],[-70.8960108067543,41.09802842708701],[-70.89643188201453,41.098434561400424],[-70.89651377431578,41.09807284072217]]]},"properties":{"kind":"pavement","solo":0,"d":"exchange"}},{"type":"Feature","geometry":{"type":"Polygon","coordinates":[[[-70.89618261249701,41.09861727738147],[-70.89594689445214,41.098593348535395],[-70.89594689445214,41.099086482899295],[-70.8963216261289,41.09912252942741],[-70.89636523728858,41.09879342212647],[-70.89618261249701,41.09861727738147]]]},"properties":{"kind":"pavement","solo":0,"d":"exchange"}},{"type":"Feature","geometry":{"type":"Polygon","coordinates":[[[-70.8963216261289,41.09912252942741],[-70.89594689445214,41.099086482899295],[-70.89594689445214,41.09973526694226],[-70.8961826215873,41.099758637058876],[-70.8963216261289,41.09912252942741]]]},"properties":{"kind":"pavement","solo":0,"d":"exchange"}},{"type":"Feature","geometry":{"type":"Polygon","coordinates":[[[-70.8961826215873,41.099758637058876],[-70.89594689445214,41.09973526694226],[-70.89594689445214,41.1003927752676],[-70.89609903061935,41.10040894762203],[-70.8961826215873,41.099758637058876]]]},"properties":{"kind":"pavement","solo":1,"d":"exchange"}},{"type":"Feature","geometry":{"type":"Polygon","coordinates":[[[-70.89609903061935,41.10040894762203],[-70.89594689445214,41.1003927752676],[-70.89594689445214,41.101062643206234],[-70.8959848518285,41.1010666084432],[-70.89609903061935,41.10040894762203]]]},"properties":{"kind":"pavement","solo":1,"d":"exchange"}},{"type":"Feature","geometry":{"type":"Polygon","coordinates":[[[-70.90853493843815,41.09994879606349],[-70.90823911669052,41.10028634544747],[-70.90858280748733,41.10046376573776],[-70.90859536368671,41.10017979037446],[-70.90853493843815,41.09994879606349]]]},"properties":{"kind":"pavement","solo":0,"d":"westward"}},{"type":"Feature","geometry":{"type":"Polygon","coordinates":[[[-70.90866066165643,41.10050395566839],[-70.90823911669052,41.10028634544747],[-70.90776118118788,41.10073675766117],[-70.90789882467695,41.100808483755706],[-70.90875982208254,41.100808483755706],[-70.90869443333678,41.1005585149325],[-70.90866066165643,41.10050395566839]]]},"properties":{"kind":"pavement","solo":0,"d":"westward"}},{"type":"Feature","geometry":{"type":"Polygon","coordinates":[[[-70.90789882467695,41.100808483755706],[-70.90776118118788,41.10073675766117],[-70.90769753455513,41.100808483755706],[-70.90789882467695,41.100808483755706]]]},"properties":{"kind":"pavement","solo":1,"d":"westward"}},{"type":"Feature","geometry":{"type":"Polygon","coordinates":[[[-70.90768961978672,41.09805690897446],[-70.9073467165991,41.09845346059706],[-70.90833759974379,41.09897017196784],[-70.90833090510073,41.09885146058578],[-70.90824323257007,41.098496855393265],[-70.9078407133948,41.098145449097025],[-70.90768961978672,41.09805690897446]]]},"properties":{"kind":"pavement","solo":0,"d":"westward"}},{"type":"Feature","geometry":{"type":"Polygon","coordinates":[[[-70.90831016230973,41.09895586429268],[-70.9073467165991,41.09845346059706],[-70.90694737707852,41.09888128183309],[-70.90854510019119,41.09971780595902],[-70.9084187329816,41.09920669411645],[-70.90831016230973,41.09895586429268]]]},"properties":{"kind":"pavement","solo":0,"d":"westward"}},{"type":"Feature","geometry":{"type":"Polygon","coordinates":[[[-70.90859636611866,41.099744647396584],[-70.90694737707852,41.09888128183309],[-70.90650216706021,41.09938358876358],[-70.90823911669052,41.10028634544747],[-70.90860933057327,41.09986391042007],[-70.90861104954514,41.09982503355552],[-70.90859636611866,41.099744647396584]]]},"properties":{"kind":"pavement","solo":0,"d":"westward"}},{"type":"Feature","geometry":{"type":"Polygon","coordinates":[[[-70.90823911669052,41.10028634544747],[-70.90650216706021,41.09938358876358],[-70.90604979175899,41.09985585074273],[-70.90776118118788,41.10073675766117],[-70.90823911669052,41.10028634544747]]]},"properties":{"kind":"pavement","solo":0,"d":"westward"}},{"type":"Feature","geometry":{"type":"Polygon","coordinates":[[[-70.90776118118788,41.10073675766117],[-70.90604979175899,41.09985585074273],[-70.90564698968878,41.10028864739639],[-70.90663783804973,41.100808483755706],[-70.90769753455513,41.100808483755706],[-70.90776118118788,41.10073675766117]]]},"properties":{"kind":"pavement","solo":0,"d":"westward"}},{"type":"Feature","geometry":{"type":"Polygon","coordinates":[[[-70.90663783804973,41.100808483755706],[-70.90564698968878,41.10028864739639],[-70.90530422204593,41.100675957164135],[-70.90555902375314,41.100808483755706],[-70.90663783804973,41.100808483755706]]]},"properties":{"kind":"pavement","solo":0,"d":"westward"}},{"type":"Feature","geometry":{"type":"Polygon","coordinates":[[[-70.90555902375314,41.100808483755706],[-70.90530422204593,41.100675957164135],[-70.90518275943451,41.100808483755706],[-70.90555902375314,41.100808483755706]]]},"properties":{"kind":"pavement","solo":1,"d":"westward"}},{"type":"Feature","geometry":{"type":"Polygon","coordinates":[[[-70.9064760445598,41.097094490293316],[-70.90636796601684,41.0972135464706],[-70.90749628446795,41.09783556828233],[-70.90729583489087,41.09757279866562],[-70.90699592173641,41.097340029261815],[-70.90658433298768,41.09712807405596],[-70.9064760445598,41.097094490293316]]]},"properties":{"kind":"pavement","solo":0,"d":"westward"}},{"type":"Feature","geometry":{"type":"Polygon","coordinates":[[[-70.90746772583262,41.09781982441669],[-70.90636796601684,41.0972135464706],[-70.90591789884441,41.097715198705345],[-70.9073467165991,41.09845346059706],[-70.90767660875467,41.098071955629194],[-70.9075172679428,41.097863075547345],[-70.90746772583262,41.09781982441669]]]},"properties":{"kind":"pavement","solo":0,"d":"westward"}},{"type":"Feature","geometry":{"type":"Polygon","coordinates":[[[-70.9073467165991,41.09845346059706],[-70.90591789884441,41.097715198705345],[-70.90552691331261,41.09816565875991],[-70.90694737707852,41.09888128183309],[-70.9073467165991,41.09845346059706]]]},"properties":{"kind":"pavement","solo":0,"d":"westward"}},{"type":"Feature","geometry":{"type":"Polygon","coordinates":[[[-70.90694737707852,41.09888128183309],[-70.90552691331261,41.09816565875991],[-70.90507678862019,41.09864609606705],[-70.90650216706021,41.09938358876358],[-70.90694737707852,41.09888128183309]]]},"properties":{"kind":"pavement","solo":0,"d":"westward"}},{"type":"Feature","geometry":{"type":"Polygon","coordinates":[[[-70.90650216706021,41.09938358876358],[-70.90507678862019,41.09864609606705],[-70.90463963282832,41.099099633816266],[-70.90604979175899,41.09985585074273],[-70.90650216706021,41.09938358876358]]]},"properties":{"kind":"pavement","solo":0,"d":"westward"}},{"type":"Feature","geometry":{"type":"Polygon","coordinates":[[[-70.90604979175899,41.09985585074273],[-70.90463963282832,41.099099633816266],[-70.90420963962708,41.0995505807278],[-70.90564698968878,41.10028864739639],[-70.90604979175899,41.09985585074273]]]},"properties":{"kind":"pavement","solo":0,"d":"westward"}},{"type":"Feature","geometry":{"type":"Polygon","coordinates":[[[-70.90564698968878,41.10028864739639],[-70.90420963962708,41.0995505807278],[-70.90389266156185,41.099938828335354],[-70.90530422204593,41.100675957164135],[-70.90564698968878,41.10028864739639]]]},"properties":{"kind":"pavement","solo":0,"d":"westward"}},{"type":"Feature","geometry":{"type":"Polygon","coordinates":[[[-70.90530422204593,41.100675957164135],[-70.90389266156185,41.099938828335354],[-70.90349573473824,41.100372185835965],[-70.90430914978339,41.100808483755706],[-70.90518275943451,41.100808483755706],[-70.90530422204593,41.100675957164135]]]},"properties":{"kind":"pavement","solo":0,"d":"westward"}},{"type":"Feature","geometry":{"type":"Polygon","coordinates":[[[-70.90430914978339,41.100808483755706],[-70.90349573473824,41.100372185835965],[-70.90308178615196,41.100801429851465],[-70.90309466230963,41.100808483755706],[-70.90430914978339,41.100808483755706]]]},"properties":{"kind":"pavement","solo":0,"d":"westward"}},{"type":"Feature","geometry":{"type":"Polygon","coordinates":[[[-70.90584686727946,41.0969495178865],[-70.90636796601684,41.0972135464706],[-70.9064760445598,41.097094490293316],[-70.90613744835328,41.09698948059972],[-70.90584686727946,41.0969495178865]]]},"properties":{"kind":"pavement","solo":1,"d":"westward"}},{"type":"Feature","geometry":{"type":"Polygon","coordinates":[[[-70.90531544953843,41.096876433653925],[-70.90443734794071,41.09675567106653],[-70.90431509603715,41.09688028269907],[-70.90591789884441,41.097715198705345],[-70.90631844060727,41.09726874830249],[-70.90531544953843,41.096876433653925]]]},"properties":{"kind":"pavement","solo":0,"d":"westward"}},{"type":"Feature","geometry":{"type":"Polygon","coordinates":[[[-70.90591789884441,41.097715198705345],[-70.90431509603715,41.09688028269907],[-70.90393089846974,41.09731580262907],[-70.90552691331261,41.09816565875991],[-70.90591789884441,41.097715198705345]]]},"properties":{"kind":"pavement","solo":0,"d":"westward"}},{"type":"Feature","geometry":{"type":"Polygon","coordinates":[[[-70.90552691331261,41.09816565875991],[-70.90393089846974,41.09731580262907],[-70.90350856178948,41.09782096007473],[-70.90507678862019,41.09864609606705],[-70.90552691331261,41.09816565875991]]]},"properties":{"kind":"pavement","solo":0,"d":"westward"}},{"type":"Feature","geometry":{"type":"Polygon","coordinates":[[[-70.90507678862019,41.09864609606705],[-70.90350856178948,41.09782096007473],[-70.90304324140665,41.09827844402023],[-70.90463963282832,41.099099633816266],[-70.90507678862019,41.09864609606705]]]},"properties":{"kind":"pavement","solo":0,"d":"westward"}},{"type":"Feature","geometry":{"type":"Polygon","coordinates":[[[-70.90463963282832,41.099099633816266],[-70.90304324140665,41.09827844402023],[-70.90265733493491,41.098736741863284],[-70.90420963962708,41.0995505807278],[-70.90463963282832,41.099099633816266]]]},"properties":{"kind":"pavement","solo":0,"d":"westward"}},{"type":"Feature","geometry":{"type":"Polygon","coordinates":[[[-70.90420963962708,41.0995505807278],[-70.90265733493491,41.098736741863284],[-70.90231924186602,41.09910582134072],[-70.90389266156185,41.099938828335354],[-70.90420963962708,41.0995505807278]]]},"properties":{"kind":"pavement","solo":0,"d":"westward"}},{"type":"Feature","geometry":{"type":"Polygon","coordinates":[[[-70.90389266156185,41.099938828335354],[-70.90231924186602,41.09910582134072],[-70.90191060505421,41.0995342113474],[-70.90349573473824,41.100372185835965],[-70.90389266156185,41.099938828335354]]]},"properties":{"kind":"pavement","solo":0,"d":"westward"}},{"type":"Feature","geometry":{"type":"Polygon","coordinates":[[[-70.90349573473824,41.100372185835965],[-70.90191060505421,41.0995342113474],[-70.90166892581384,41.099816677887745],[-70.90166892581384,41.10007114372444],[-70.90308178615196,41.100801429851465],[-70.90349573473824,41.100372185835965]]]},"properties":{"kind":"pavement","solo":0,"d":"westward"}},{"type":"Feature","geometry":{"type":"Polygon","coordinates":[[[-70.90195133513807,41.10021711683025],[-70.90166892581384,41.10007114372444],[-70.90166892581384,41.10024702579306],[-70.90195133513807,41.10021711683025]]]},"properties":{"kind":"pavement","solo":1,"d":"westward"}},{"type":"Feature","geometry":{"type":"Polygon","coordinates":[[[-70.90308178615196,41.100801429851465],[-70.90195133513807,41.10021711683025],[-70.9017872301074,41.10023449660789],[-70.90188145427493,41.10073971548941],[-70.90201262201606,41.100808483755706],[-70.90307602782876,41.100808483755706],[-70.90308178615196,41.100801429851465]]]},"properties":{"kind":"pavement","solo":0,"d":"westward"}},{"type":"Feature","geometry":{"type":"Polygon","coordinates":[[[-70.90315183624324,41.09603154345037],[-70.90301275064401,41.096187898817355],[-70.90431509603715,41.09688028269907],[-70.90456105555131,41.09662957562862],[-70.90429396822323,41.09647688664334],[-70.9031550959455,41.096031422779014],[-70.90315183624324,41.09603154345037]]]},"properties":{"kind":"pavement","solo":0,"d":"westward"}},{"type":"Feature","geometry":{"type":"Polygon","coordinates":[[[-70.90431509603715,41.09688028269907],[-70.90301275064401,41.096187898817355],[-70.90258859546475,41.09662682615323],[-70.90393089846974,41.09731580262907],[-70.90431509603715,41.09688028269907]]]},"properties":{"kind":"pavement","solo":0,"d":"westward"}},{"type":"Feature","geometry":{"type":"Polygon","coordinates":[[[-70.90393089846974,41.09731580262907],[-70.90258859546475,41.09662682615323],[-70.90216347573215,41.09712329859173],[-70.90350856178948,41.09782096007473],[-70.90393089846974,41.09731580262907]]]},"properties":{"kind":"pavement","solo":0,"d":"westward"}},{"type":"Feature","geometry":{"type":"Polygon","coordinates":[[[-70.90350856178948,41.09782096007473],[-70.90216347573215,41.09712329859173],[-70.90173110687557,41.097593593962905],[-70.90304324140665,41.09827844402023],[-70.90350856178948,41.09782096007473]]]},"properties":{"kind":"pavement","solo":0,"d":"westward"}},{"type":"Feature","geometry":{"type":"Polygon","coordinates":[[[-70.90304324140665,41.09827844402023],[-70.90173110687557,41.097593593962905],[-70.90166892581384,41.09765822117171],[-70.90166892581384,41.09822423253077],[-70.90265733493491,41.098736741863284],[-70.90304324140665,41.09827844402023]]]},"properties":{"kind":"pavement","solo":0,"d":"westward"}},{"type":"Feature","geometry":{"type":"Polygon","coordinates":[[[-70.90265733493491,41.098736741863284],[-70.90166892581384,41.09822423253077],[-70.90166892581384,41.0987632514661],[-70.90231924186602,41.09910582134072],[-70.90265733493491,41.098736741863284]]]},"properties":{"kind":"pavement","solo":0,"d":"westward"}},{"type":"Feature","geometry":{"type":"Polygon","coordinates":[[[-70.90231924186602,41.09910582134072],[-70.90166892581384,41.0987632514661],[-70.90166892581384,41.09940873387633],[-70.90191060505421,41.0995342113474],[-70.90231924186602,41.09910582134072]]]},"properties":{"kind":"pavement","solo":0,"d":"westward"}},{"type":"Feature","geometry":{"type":"Polygon","coordinates":[[[-70.90191060505421,41.0995342113474],[-70.90166892581384,41.09940873387633],[-70.90166892581384,41.099816677887745],[-70.90191060505421,41.0995342113474]]]},"properties":{"kind":"pavement","solo":1,"d":"westward"}},{"type":"Feature","geometry":{"type":"Polygon","coordinates":[[[-70.90272970622676,41.09604717033843],[-70.90301275064401,41.096187898817355],[-70.90311429224492,41.0960737491544],[-70.9028540939132,41.09604256561388],[-70.90272970622676,41.09604717033843]]]},"properties":{"kind":"pavement","solo":1,"d":"westward"}},{"type":"Feature","geometry":{"type":"Polygon","coordinates":[[[-70.90166892581384,41.095900528817545],[-70.90166892581384,41.09617477497296],[-70.90258859546475,41.09662682615323],[-70.90297379126825,41.096228215040874],[-70.90220882512156,41.09596523319834],[-70.90166892581384,41.095900528817545]]]},"properties":{"kind":"pavement","solo":0,"d":"westward"}},{"type":"Feature","geometry":{"type":"Polygon","coordinates":[[[-70.90258859546475,41.09662682615323],[-70.90166892581384,41.09617477497296],[-70.90166892581384,41.09687487363958],[-70.90216347573215,41.09712329859173],[-70.90258859546475,41.09662682615323]]]},"properties":{"kind":"pavement","solo":0,"d":"westward"}},{"type":"Feature","geometry":{"type":"Polygon","coordinates":[[[-70.90216347573215,41.09712329859173],[-70.90166892581384,41.09687487363958],[-70.90166892581384,41.097561964557094],[-70.90173110687557,41.097593593962905],[-70.90216347573215,41.09712329859173]]]},"properties":{"kind":"pavement","solo":0,"d":"westward"}},{"type":"Feature","geometry":{"type":"Polygon","coordinates":[[[-70.89188620708727,41.1026662121713],[-70.89185472144851,41.10243534841235],[-70.89172079361393,41.101942883451514],[-70.89147802118683,41.101984938042605],[-70.89148269617911,41.10203267005781],[-70.89157896154845,41.102309452015525],[-70.89175484155217,41.102586612326256],[-70.89182180657346,41.102683545939534],[-70.89188620708727,41.1026662121713]]]},"properties":{"kind":"pavement","solo":0,"d":"eastward"}},{"type":"Feature","geometry":{"type":"Polygon","coordinates":[[[-70.89198548580698,41.102916180980685],[-70.89191537103737,41.1026583625266],[-70.89182180657346,41.102683545939534],[-70.89195032599095,41.1028695811453],[-70.89198548580698,41.102916180980685]]]},"properties":{"kind":"pavement","solo":1,"d":"eastward"}},{"type":"Feature","geometry":{"type":"Polygon","coordinates":[[[-70.8918152829662,41.10229032948704],[-70.89190297310981,41.10261277420711],[-70.89214481272857,41.102627865974895],[-70.89266587777324,41.10234341003428],[-70.8918152829662,41.10229032948704]]]},"properties":{"kind":"pavement","solo":0,"d":"eastward"}},{"type":"Feature","geometry":{"type":"Polygon","coordinates":[[[-70.89240187053483,41.101824902955336],[-70.89172079361393,41.101942883451514],[-70.8918152829662,41.10229032948704],[-70.89266587777324,41.10234341003428],[-70.89273625085247,41.10230499248805],[-70.89240187053483,41.101824902955336]]]},"properties":{"kind":"pavement","solo":0,"d":"eastward"}},{"type":"Feature","geometry":{"type":"Polygon","coordinates":[[[-70.89295466952633,41.10261858905321],[-70.89273625085247,41.10230499248805],[-70.89216180614979,41.10261858905321],[-70.89295466952633,41.10261858905321]]]},"properties":{"kind":"pavement","solo":0,"d":"eastward"}},{"type":"Feature","geometry":{"type":"Polygon","coordinates":[[[-70.89193780969322,41.102740871527146],[-70.89195724521473,41.10281233772658],[-70.89313356236597,41.102991211043815],[-70.89313356236597,41.10287543604826],[-70.89295466952633,41.10261858905321],[-70.89216180614979,41.10261858905321],[-70.89193780969322,41.102740871527146]]]},"properties":{"kind":"pavement","solo":0,"d":"eastward"}},{"type":"Feature","geometry":{"type":"Polygon","coordinates":[[[-70.89313281647487,41.101698283828995],[-70.89240187053483,41.101824902955336],[-70.89277065454547,41.10235438789809],[-70.8931484326521,41.102416614007154],[-70.89313281647487,41.101698283828995]]]},"properties":{"kind":"pavement","solo":0,"d":"eastward"}},{"type":"Feature","geometry":{"type":"Polygon","coordinates":[[[-70.89363159862687,41.101611881597506],[-70.89327492767474,41.10167366641889],[-70.89313726577939,41.10190294785539],[-70.8931484326521,41.102416614007154],[-70.8937040692759,41.10250813626466],[-70.89363159862687,41.101611881597506]]]},"properties":{"kind":"pavement","solo":0,"d":"eastward"}},{"type":"Feature","geometry":{"type":"Polygon","coordinates":[[[-70.89277065454547,41.10235438789809],[-70.89295466952633,41.10261858905321],[-70.89371300042635,41.10261858905321],[-70.8937040692759,41.10250813626466],[-70.89277065454547,41.10235438789809]]]},"properties":{"kind":"pavement","solo":0,"d":"eastward"}},{"type":"Feature","geometry":{"type":"Polygon","coordinates":[[[-70.89295466952633,41.10261858905321],[-70.89313356236597,41.10287543604826],[-70.89313356236597,41.10261858905321],[-70.89295466952633,41.10261858905321]]]},"properties":{"kind":"pavement","solo":1,"d":"eastward"}},{"type":"Feature","geometry":{"type":"Polygon","coordinates":[[[-70.89459259810319,41.10244204369748],[-70.89553042828497,41.10259292176148],[-70.89492645879878,41.10170150291364],[-70.89459259810319,41.10244204369748]]]},"properties":{"kind":"pavement","solo":0,"d":"eastward"}},{"type":"Feature","geometry":{"type":"Polygon","coordinates":[[[-70.89411891387829,41.101527465735806],[-70.89363159862687,41.101611881597506],[-70.89367857857737,41.102192889225584],[-70.89379777676056,41.10231417288705],[-70.89442023274236,41.10241431356846],[-70.89411891387829,41.101527465735806]]]},"properties":{"kind":"pavement","solo":0,"d":"eastward"}},{"type":"Feature","geometry":{"type":"Polygon","coordinates":[[[-70.89473610414903,41.10142055209339],[-70.89411891387829,41.101527465735806],[-70.89442023274236,41.10241431356846],[-70.89459259810319,41.10244204369748],[-70.89486290569234,41.10184247089186],[-70.89489022323862,41.10164802163351],[-70.89473610414903,41.10142055209339]]]},"properties":{"kind":"pavement","solo":0,"d":"eastward"}},{"type":"Feature","geometry":{"type":"Polygon","coordinates":[[[-70.89539710570415,41.10130604918034],[-70.89473610414903,41.10142055209339],[-70.89506014162563,41.101898809887295],[-70.89516786913892,41.10199293303741],[-70.89544668681627,41.10204139886713],[-70.89539710570415,41.10130604918034]]]},"properties":{"kind":"pavement","solo":0,"d":"eastward"}},{"type":"Feature","geometry":{"type":"Polygon","coordinates":[[[-70.89594689445214,41.10212834808188],[-70.89594689445214,41.10121081126037],[-70.89539710570415,41.10130604918034],[-70.89544668681627,41.10204139886713],[-70.89594689445214,41.10212834808188]]]},"properties":{"kind":"pavement","solo":0,"d":"eastward"}},{"type":"Feature","geometry":{"type":"Polygon","coordinates":[[[-70.89594689445214,41.10265992281374],[-70.89594689445214,41.10212834808188],[-70.89511804566997,41.101984272410924],[-70.89553042828497,41.10259292176148],[-70.89594689445214,41.10265992281374]]]},"properties":{"kind":"pavement","solo":0,"d":"eastward"}},{"type":"Feature","geometry":{"type":"Polygon","coordinates":[[[-70.89414254589843,41.10242666143365],[-70.89403826126511,41.10235286201986],[-70.89368694371655,41.1022963420735],[-70.89371300042635,41.10261858905321],[-70.89414230516721,41.10261858905321],[-70.89414254589843,41.10242666143365]]]},"properties":{"kind":"pavement","solo":0,"d":"eastward"}},{"type":"Feature","geometry":{"type":"Polygon","coordinates":[[[-70.89483020948752,41.102480270602896],[-70.89414261740578,41.10236965082958],[-70.89414230516721,41.10261858905321],[-70.89466640889216,41.10261858905321],[-70.89477748933591,41.10259625386155],[-70.89483020948752,41.102480270602896]]]},"properties":{"kind":"pavement","solo":0,"d":"eastward"}},{"type":"Feature","geometry":{"type":"Polygon","coordinates":[[[-70.89594689445214,41.103069677165614],[-70.89594689445214,41.10265992281374],[-70.8953589981359,41.10256534208927],[-70.89529017899117,41.102924464951464],[-70.89594689445214,41.103069677165614]]]},"properties":{"kind":"pavement","solo":0,"d":"eastward"}},{"type":"Feature","geometry":{"type":"Polygon","coordinates":[[[-70.89594689445214,41.103419012374594],[-70.89594689445214,41.103069677165614],[-70.89546330326348,41.10296274600376],[-70.8952708047766,41.10302556651877],[-70.89521668642952,41.10330797537141],[-70.89594689445214,41.103419012374594]]]},"properties":{"kind":"pavement","solo":0,"d":"eastward"}},{"type":"Feature","geometry":{"type":"Polygon","coordinates":[[[-70.8953589981359,41.10256534208927],[-70.89483020948752,41.102480270602896],[-70.89476733688197,41.10261858905321],[-70.89534879435635,41.10261858905321],[-70.8953589981359,41.10256534208927]]]},"properties":{"kind":"pavement","solo":1,"d":"eastward"}},{"type":"Feature","geometry":{"type":"Polygon","coordinates":[[[-70.89494553896384,41.10326674410432],[-70.89521668642952,41.10330797537141],[-70.89534879435635,41.10261858905321],[-70.89494553896384,41.10261858905321],[-70.89494553896384,41.10326674410432]]]},"properties":{"kind":"pavement","solo":0,"d":"eastward"}},{"type":"Feature","geometry":{"type":"Polygon","coordinates":[[[-70.89328009650818,41.10400500970526],[-70.89319157702514,41.10401675483793],[-70.89327663646513,41.104086830955076],[-70.89329766346029,41.104099266172696],[-70.89328009650818,41.10400500970526]]]},"properties":{"kind":"pavement","solo":1,"d":"eastward"}},{"type":"Feature","geometry":{"type":"Polygon","coordinates":[[[-70.89409068330438,41.10433267632229],[-70.89420123168686,41.1040197871079],[-70.8939460764407,41.10391664472177],[-70.89328009650818,41.10400500970526],[-70.89329873967384,41.10410504065694],[-70.89340982692181,41.104196559752324],[-70.89409068330438,41.10433267632229]]]},"properties":{"kind":"pavement","solo":0,"d":"eastward"}},{"type":"Feature","geometry":{"type":"Polygon","coordinates":[[[-70.89397443138803,41.1046617084615],[-70.89409068330438,41.10433267632229],[-70.89348401788037,41.104211391982815],[-70.89361564487899,41.10436612262834],[-70.89397443138803,41.1046617084615]]]},"properties":{"kind":"pavement","solo":0,"d":"eastward"}},{"type":"Feature","geometry":{"type":"Polygon","coordinates":[[[-70.89284658907076,41.10382189808438],[-70.89313356236597,41.10336618421766],[-70.89313356236597,41.1033167344215],[-70.89251989887725,41.10354532746582],[-70.89262113188056,41.103648953974094],[-70.89284658907076,41.10382189808438]]]},"properties":{"kind":"pavement","solo":0,"d":"eastward"}},{"type":"Feature","geometry":{"type":"Polygon","coordinates":[[[-70.89281007775176,41.1029420212773],[-70.89195724521473,41.10281233772658],[-70.89198548580698,41.102916180980685],[-70.89215653713467,41.10314288761949],[-70.89238196991623,41.103404137378064],[-70.89247960424458,41.10350408012602],[-70.89281007775176,41.1029420212773]]]},"properties":{"kind":"pavement","solo":0,"d":"eastward"}},{"type":"Feature","geometry":{"type":"Polygon","coordinates":[[[-70.89313356236597,41.102991211043815],[-70.89281007775176,41.1029420212773],[-70.89247960424458,41.10350408012602],[-70.89251989887725,41.10354532746582],[-70.89313356236597,41.1033167344215],[-70.89313356236597,41.102991211043815]]]},"properties":{"kind":"pavement","solo":0,"d":"eastward"}},{"type":"Feature","geometry":{"type":"Polygon","coordinates":[[[-70.89342040044049,41.10366961793563],[-70.89351202915678,41.103974235918145],[-70.89374037237374,41.10394393839174],[-70.89379863550384,41.103877830479455],[-70.89378049924656,41.10366961793563],[-70.89342040044049,41.10366961793563]]]},"properties":{"kind":"pavement","solo":0,"d":"eastward"}},{"type":"Feature","geometry":{"type":"Polygon","coordinates":[[[-70.8942520156219,41.10387605144054],[-70.8943249516293,41.10366961793563],[-70.89378049924656,41.10366961793563],[-70.89380366233605,41.10393554081667],[-70.8942520156219,41.10387605144054]]]},"properties":{"kind":"pavement","solo":0,"d":"eastward"}},{"type":"Feature","geometry":{"type":"Polygon","coordinates":[[[-70.89313356236597,41.10336618421766],[-70.89293610321933,41.10367974953101],[-70.89286541913248,41.10383634228228],[-70.89290695634173,41.10386820472007],[-70.89313356236597,41.10400221793521],[-70.89313356236597,41.10336618421766]]]},"properties":{"kind":"pavement","solo":0,"d":"eastward"}},{"type":"Feature","geometry":{"type":"Polygon","coordinates":[[[-70.89313356236597,41.10366961793563],[-70.89313356236597,41.10400221793521],[-70.8931642697688,41.10402037807811],[-70.89351202915678,41.103974235918145],[-70.89342040044049,41.10366961793563],[-70.89313356236597,41.10366961793563]]]},"properties":{"kind":"pavement","solo":0,"d":"eastward"}},{"type":"Feature","geometry":{"type":"Polygon","coordinates":[[[-70.89523651055809,41.10514309256914],[-70.89531471559393,41.10509208680693],[-70.89526041052106,41.104871126315764],[-70.89482098170133,41.10499539122909],[-70.89497496412892,41.105057296050816],[-70.89523651055809,41.10514309256914]]]},"properties":{"kind":"pavement","solo":0,"d":"eastward"}},{"type":"Feature","geometry":{"type":"Polygon","coordinates":[[[-70.89594689445214,41.105370555266745],[-70.89594689445214,41.10468752392724],[-70.89593231348076,41.10468112065546],[-70.89526041052106,41.104871126315764],[-70.89534247728174,41.10520504561267],[-70.89537527788445,41.105218232282695],[-70.89580555565033,41.10534239905712],[-70.89594689445214,41.105370555266745]]]},"properties":{"kind":"pavement","solo":0,"d":"eastward"}},{"type":"Feature","geometry":{"type":"Polygon","coordinates":[[[-70.89535742578988,41.10442865721982],[-70.89458052273307,41.104087478206964],[-70.8947876568588,41.10497855040724],[-70.89535742578988,41.10442865721982]]]},"properties":{"kind":"pavement","solo":0,"d":"eastward"}},{"type":"Feature","geometry":{"type":"Polygon","coordinates":[[[-70.89593231348076,41.10468112065546],[-70.89535742578988,41.10442865721982],[-70.89488203262934,41.10488746682854],[-70.89478837804793,41.1049816528974],[-70.89479201084879,41.10499728087683],[-70.89480232962251,41.10500066580111],[-70.89593231348076,41.10468112065546]]]},"properties":{"kind":"pavement","solo":0,"d":"eastward"}},{"type":"Feature","geometry":{"type":"Polygon","coordinates":[[[-70.89478727006198,41.10497688644246],[-70.89474982455201,41.104815799258745],[-70.89418330034422,41.104719661530076],[-70.89419904101543,41.10480276571048],[-70.8945354240075,41.10491311127948],[-70.89478727006198,41.10497688644246]]]},"properties":{"kind":"pavement","solo":1,"d":"eastward"}},{"type":"Feature","geometry":{"type":"Polygon","coordinates":[[[-70.89418365868822,41.10482403348704],[-70.89419835725327,41.10479915573141],[-70.89418330034422,41.104719661530076],[-70.89396692863053,41.10468294379619],[-70.89395782488988,41.104708710453224],[-70.89412970627411,41.10481037107724],[-70.89418365868822,41.10482403348704]]]},"properties":{"kind":"pavement","solo":1,"d":"eastward"}},{"type":"Feature","geometry":{"type":"Polygon","coordinates":[[[-70.89474982455201,41.104815799258745],[-70.89458052273307,41.104087478206964],[-70.89423147357748,41.103934192355794],[-70.89396692863053,41.10468294379619],[-70.89474982455201,41.104815799258745]]]},"properties":{"kind":"pavement","solo":0,"d":"eastward"}},{"type":"Feature","geometry":{"type":"Polygon","coordinates":[[[-70.89594689445214,41.10388474823026],[-70.89594689445214,41.103419012374594],[-70.89565061130776,41.10337395892211],[-70.89500508698666,41.10392076296647],[-70.89594689445214,41.10388474823026]]]},"properties":{"kind":"pavement","solo":0,"d":"eastward"}},{"type":"Feature","geometry":{"type":"Polygon","coordinates":[[[-70.89594689445214,41.10468752392724],[-70.89594689445214,41.10388474823026],[-70.89573989944574,41.103892663723414],[-70.89529814714298,41.104402624846735],[-70.89594689445214,41.10468752392724]]]},"properties":{"kind":"pavement","solo":0,"d":"eastward"}},{"type":"Feature","geometry":{"type":"Polygon","coordinates":[[[-70.89573989944574,41.103892663723414],[-70.89500508698666,41.10392076296647],[-70.89473051255264,41.104153346629204],[-70.89529814714298,41.104402624846735],[-70.89573989944574,41.103892663723414]]]},"properties":{"kind":"pavement","solo":0,"d":"eastward"}},{"type":"Feature","geometry":{"type":"Polygon","coordinates":[[[-70.89514355309782,41.10366961793563],[-70.89511817594916,41.10369111414742],[-70.89519471498168,41.1037601348519],[-70.89530157386747,41.10366961793563],[-70.89514355309782,41.10366961793563]]]},"properties":{"kind":"pavement","solo":1,"d":"eastward"}},{"type":"Feature","geometry":{"type":"Polygon","coordinates":[[[-70.89565061130776,41.10337395892211],[-70.89494553896384,41.10326674410432],[-70.89494553896384,41.10353543506509],[-70.89509433818532,41.10366961793563],[-70.89530157386747,41.10366961793563],[-70.89565061130776,41.10337395892211]]]},"properties":{"kind":"pavement","solo":0,"d":"eastward"}},{"type":"Feature","geometry":{"type":"Polygon","coordinates":[[[-70.8943249516293,41.10366961793563],[-70.89423147357748,41.103934192355794],[-70.89473051255264,41.104153346629204],[-70.89519471498168,41.1037601348519],[-70.89509433818532,41.10366961793563],[-70.8943249516293,41.10366961793563]]]},"properties":{"kind":"pavement","solo":0,"d":"eastward"}},{"type":"Feature","geometry":{"type":"Polygon","coordinates":[[[-70.89494553896384,41.10366961793563],[-70.89509433818532,41.10366961793563],[-70.89494553896384,41.10353543506509],[-70.89494553896384,41.10366961793563]]]},"properties":{"kind":"pavement","solo":1,"d":"eastward"}},{"type":"Feature","geometry":{"type":"Polygon","coordinates":[[[-70.8925947326888,41.100145586600014],[-70.8928869447412,41.10057150158962],[-70.8933423413742,41.100425485423116],[-70.89330480534935,41.09974076949311],[-70.8925947326888,41.100145586600014]]]},"properties":{"kind":"pavement","solo":0,"d":"eastward"}},{"type":"Feature","geometry":{"type":"Polygon","coordinates":[[[-70.89328852882441,41.09944386016558],[-70.89228150485798,41.09968903996818],[-70.8925947326888,41.100145586600014],[-70.89330480534935,41.09974076949311],[-70.89328852882441,41.09944386016558]]]},"properties":{"kind":"pavement","solo":0,"d":"eastward"}},{"type":"Feature","geometry":{"type":"Polygon","coordinates":[[[-70.8940206158408,41.100208006789586],[-70.89390799209633,41.09987347640911],[-70.8933108771938,41.09985152945363],[-70.8933423413742,41.100425485423116],[-70.8940206158408,41.100208006789586]]]},"properties":{"kind":"pavement","solo":0,"d":"eastward"}},{"type":"Feature","geometry":{"type":"Polygon","coordinates":[[[-70.89390799209633,41.09987347640911],[-70.89372738480478,41.09933701204059],[-70.89328852882441,41.09944386016558],[-70.8933108771938,41.09985152945363],[-70.89390799209633,41.09987347640911]]]},"properties":{"kind":"pavement","solo":0,"d":"eastward"}},{"type":"Feature","geometry":{"type":"Polygon","coordinates":[[[-70.89237391898021,41.10073599568008],[-70.8928869447412,41.10057150158962],[-70.89275405801537,41.10037781194545],[-70.89215149280103,41.10039741582093],[-70.89237391898021,41.10073599568008]]]},"properties":{"kind":"pavement","solo":0,"d":"eastward"}},{"type":"Feature","geometry":{"type":"Polygon","coordinates":[[[-70.89190834207277,41.10088527600039],[-70.89237391898021,41.10073599568008],[-70.8922141548145,41.10049280070669],[-70.89211487632589,41.10039860710247],[-70.89202151832028,41.10040164441474],[-70.89190335563615,41.10074774304381],[-70.89190834207277,41.10088527600039]]]},"properties":{"kind":"pavement","solo":0,"d":"eastward"}},{"type":"Feature","geometry":{"type":"Polygon","coordinates":[[[-70.89228150485798,41.09968903996818],[-70.89204607023146,41.099746361161294],[-70.89218306988094,41.10039638849123],[-70.89275405801537,41.10037781194545],[-70.89228150485798,41.09968903996818]]]},"properties":{"kind":"pavement","solo":0,"d":"eastward"}},{"type":"Feature","geometry":{"type":"Polygon","coordinates":[[[-70.89204607023146,41.099746361161294],[-70.89186861567708,41.09978956596482],[-70.89187863099716,41.10006580262115],[-70.89190769439443,41.10040534756589],[-70.89218306988094,41.10039638849123],[-70.89204607023146,41.099746361161294]]]},"properties":{"kind":"pavement","solo":0,"d":"eastward"}},{"type":"Feature","geometry":{"type":"Polygon","coordinates":[[[-70.89314212319414,41.10169667165962],[-70.89369869023649,41.101600259560186],[-70.89281461977741,41.10059469151505],[-70.89240219240695,41.10072693022573],[-70.89314212319414,41.10169667165962]]]},"properties":{"kind":"pavement","solo":0,"d":"eastward"}},{"type":"Feature","geometry":{"type":"Polygon","coordinates":[[[-70.89275117602973,41.10118430257004],[-70.89240219240695,41.10072693022573],[-70.89185001504391,41.10090397769588],[-70.89183485683884,41.10094837609487],[-70.89234897404998,41.10143707770259],[-70.89275117602973,41.10118430257004]]]},"properties":{"kind":"pavement","solo":0,"d":"eastward"}},{"type":"Feature","geometry":{"type":"Polygon","coordinates":[[[-70.89176921546652,41.101140639745054],[-70.89196090396935,41.101680971246154],[-70.89234897404998,41.10143707770259],[-70.89183485683884,41.10094837609487],[-70.89176921546652,41.101140639745054]]]},"properties":{"kind":"pavement","solo":0,"d":"eastward"}},{"type":"Feature","geometry":{"type":"Polygon","coordinates":[[[-70.89203453927402,41.1018885344235],[-70.89314212319414,41.10169667165962],[-70.89275117602973,41.10118430257004],[-70.89196090396935,41.101680971246154],[-70.89203453927402,41.1018885344235]]]},"properties":{"kind":"pavement","solo":0,"d":"eastward"}},{"type":"Feature","geometry":{"type":"Polygon","coordinates":[[[-70.89326126116418,41.10045148258819],[-70.89281461977741,41.10059469151505],[-70.89331989258223,41.101169403837325],[-70.89367361903672,41.10101671451741],[-70.89366296446958,41.10088625306172],[-70.89326126116418,41.10045148258819]]]},"properties":{"kind":"pavement","solo":0,"d":"eastward"}},{"type":"Feature","geometry":{"type":"Polygon","coordinates":[[[-70.89421430314256,41.10078332318532],[-70.8940206158408,41.100208006789586],[-70.89326126116418,41.10045148258819],[-70.89375217363515,41.100982805693064],[-70.89421430314256,41.10078332318532]]]},"properties":{"kind":"pavement","solo":0,"d":"eastward"}},{"type":"Feature","geometry":{"type":"Polygon","coordinates":[[[-70.89369869023649,41.101600259560186],[-70.89444576620446,41.10147084628735],[-70.89421430314256,41.10078332318532],[-70.89331989258223,41.101169403837325],[-70.89369869023649,41.101600259560186]]]},"properties":{"kind":"pavement","solo":0,"d":"eastward"}},{"type":"Feature","geometry":{"type":"Polygon","coordinates":[[[-70.89185526471343,41.09979281651967],[-70.89188443305314,41.09978571491334],[-70.89192091139597,41.099384340497586],[-70.89185538795715,41.09940155927507],[-70.89184964602218,41.0997271738768],[-70.89185526471343,41.09979281651967]]]},"properties":{"kind":"pavement","solo":1,"d":"eastward"}},{"type":"Feature","geometry":{"type":"Polygon","coordinates":[[[-70.89185538795715,41.09940155927507],[-70.89192091139597,41.099384340497586],[-70.8919511059381,41.099052107293794],[-70.89190013344762,41.09905509481821],[-70.89189571305101,41.09907130799292],[-70.89188448788647,41.09915793651782],[-70.89185541138686,41.09940023061921],[-70.89185538795715,41.09940155927507]]]},"properties":{"kind":"pavement","solo":1,"d":"eastward"}},{"type":"Feature","geometry":{"type":"Polygon","coordinates":[[[-70.89188443305314,41.09978571491334],[-70.89267391714394,41.099593499474594],[-70.89253309419249,41.099017996656826],[-70.8919511059381,41.099052107293794],[-70.89188443305314,41.09978571491334]]]},"properties":{"kind":"pavement","solo":0,"d":"eastward"}},{"type":"Feature","geometry":{"type":"Polygon","coordinates":[[[-70.89190013344762,41.09905509481821],[-70.89202165009125,41.09904797266396],[-70.89200052923798,41.098719646267455],[-70.89197656761478,41.098774748818414],[-70.89190013344762,41.09905509481821]]]},"properties":{"kind":"pavement","solo":1,"d":"eastward"}},{"type":"Feature","geometry":{"type":"Polygon","coordinates":[[[-70.89236853596574,41.09834549460935],[-70.89222520400065,41.09835824321151],[-70.89209440097258,41.098503777250635],[-70.89200052923798,41.098719646267455],[-70.89202165009125,41.09904797266396],[-70.89253309419249,41.099017996656826],[-70.89236853596574,41.09834549460935]]]},"properties":{"kind":"pavement","solo":0,"d":"eastward"}},{"type":"Feature","geometry":{"type":"Polygon","coordinates":[[[-70.89372738480478,41.09933701204059],[-70.89355536930337,41.098826068177054],[-70.89298784726272,41.098856411508066],[-70.89339384044949,41.09941821997795],[-70.89372738480478,41.09933701204059]]]},"properties":{"kind":"pavement","solo":0,"d":"eastward"}},{"type":"Feature","geometry":{"type":"Polygon","coordinates":[[[-70.89258509449537,41.09923050690835],[-70.89267391714394,41.099593499474594],[-70.89339384044949,41.09941821997795],[-70.89319336398404,41.099140803065616],[-70.89258509449537,41.09923050690835]]]},"properties":{"kind":"pavement","solo":0,"d":"eastward"}},{"type":"Feature","geometry":{"type":"Polygon","coordinates":[[[-70.89298784726272,41.098856411508066],[-70.89249993833354,41.098882498216746],[-70.89256838735623,41.09916222964568],[-70.89270443339883,41.09921290754092],[-70.89319336398404,41.099140803065616],[-70.89298784726272,41.098856411508066]]]},"properties":{"kind":"pavement","solo":0,"d":"eastward"}},{"type":"Feature","geometry":{"type":"Polygon","coordinates":[[[-70.89355536930337,41.098826068177054],[-70.89336377656781,41.09825697334697],[-70.89294220800527,41.098294469587834],[-70.89319323156013,41.09884543035972],[-70.89355536930337,41.098826068177054]]]},"properties":{"kind":"pavement","solo":0,"d":"eastward"}},{"type":"Feature","geometry":{"type":"Polygon","coordinates":[[[-70.89294220800527,41.098294469587834],[-70.89236853596574,41.09834549460935],[-70.89249993833354,41.098882498216746],[-70.89319323156013,41.09884543035972],[-70.89294220800527,41.098294469587834]]]},"properties":{"kind":"pavement","solo":0,"d":"eastward"}},{"type":"Feature","geometry":{"type":"Polygon","coordinates":[[[-70.89444576620446,41.10147084628735],[-70.89512834634988,41.101352605393004],[-70.8950624988325,41.10093439496757],[-70.89425833239892,41.10091410487751],[-70.89444576620446,41.10147084628735]]]},"properties":{"kind":"pavement","solo":0,"d":"eastward"}},{"type":"Feature","geometry":{"type":"Polygon","coordinates":[[[-70.89450524690295,41.10027240461894],[-70.89404248831481,41.10027297538997],[-70.89425833239892,41.10091410487751],[-70.89473322359073,41.10092608695565],[-70.89450524690295,41.10027240461894]]]},"properties":{"kind":"pavement","solo":0,"d":"eastward"}},{"type":"Feature","geometry":{"type":"Polygon","coordinates":[[[-70.8950624988325,41.10093439496757],[-70.89495818003941,41.100271845966724],[-70.89450524690295,41.10027240461894],[-70.89473322359073,41.10092608695565],[-70.8950624988325,41.10093439496757]]]},"properties":{"kind":"pavement","solo":0,"d":"eastward"}},{"type":"Feature","geometry":{"type":"Polygon","coordinates":[[[-70.89512834634988,41.101352605393004],[-70.89569844893533,41.10125384858031],[-70.89594689445214,41.101074744755905],[-70.89594689445214,41.100762515873754],[-70.89506004672636,41.100918821163184],[-70.89512834634988,41.101352605393004]]]},"properties":{"kind":"pavement","solo":0,"d":"eastward"}},{"type":"Feature","geometry":{"type":"Polygon","coordinates":[[[-70.89594689445214,41.100762515873754],[-70.89594689445214,41.10027062647657],[-70.89495818003941,41.100271845966724],[-70.89506004672636,41.100918821163184],[-70.89594689445214,41.100762515873754]]]},"properties":{"kind":"pavement","solo":0,"d":"eastward"}},{"type":"Feature","geometry":{"type":"Polygon","coordinates":[[[-70.89473236600595,41.09978222030568],[-70.89450203633211,41.099595786342206],[-70.89382301652411,41.099621070394406],[-70.89404248831481,41.10027297538997],[-70.8946275204884,41.10027225380549],[-70.89473236600595,41.09978222030568]]]},"properties":{"kind":"pavement","solo":0,"d":"eastward"}},{"type":"Feature","geometry":{"type":"Polygon","coordinates":[[[-70.89594689445214,41.10027062647657],[-70.89594689445214,41.09975169557349],[-70.89579042168556,41.099547811891185],[-70.89540322742597,41.099562229496904],[-70.89522834824872,41.10027151273858],[-70.89594689445214,41.10027062647657]]]},"properties":{"kind":"pavement","solo":0,"d":"eastward"}},{"type":"Feature","geometry":{"type":"Polygon","coordinates":[[[-70.89540322742597,41.099562229496904],[-70.89477442472273,41.099585643659765],[-70.89473515244791,41.09976919686],[-70.89531311099617,41.09992772797683],[-70.89540322742597,41.099562229496904]]]},"properties":{"kind":"pavement","solo":0,"d":"eastward"}},{"type":"Feature","geometry":{"type":"Polygon","coordinates":[[[-70.89473515244791,41.09976919686],[-70.8946275204884,41.10027225380549],[-70.89522834824872,41.10027151273858],[-70.89531311099617,41.09992772797683],[-70.89473515244791,41.09976919686]]]},"properties":{"kind":"pavement","solo":0,"d":"eastward"}},{"type":"Feature","geometry":{"type":"Polygon","coordinates":[[[-70.89353262929903,41.09875852271989],[-70.89373109858263,41.09934804320925],[-70.89475340683656,41.09893179878302],[-70.89498501339263,41.09882154100767],[-70.8949553595981,41.098765225959575],[-70.89353262929903,41.09875852271989]]]},"properties":{"kind":"pavement","solo":0,"d":"eastward"}},{"type":"Feature","geometry":{"type":"Polygon","coordinates":[[[-70.89462849543993,41.09814448345168],[-70.89400017380883,41.098200369258436],[-70.89414644689371,41.0986030706548],[-70.89441636090709,41.09876268644986],[-70.8949553595981,41.098765225959575],[-70.89462849543993,41.09814448345168]]]},"properties":{"kind":"pavement","solo":0,"d":"eastward"}},{"type":"Feature","geometry":{"type":"Polygon","coordinates":[[[-70.89400017380883,41.098200369258436],[-70.89336377656781,41.09825697334697],[-70.89353262929903,41.09875852271989],[-70.89420406075843,41.09876168619086],[-70.89400017380883,41.098200369258436]]]},"properties":{"kind":"pavement","solo":0,"d":"eastward"}},{"type":"Feature","geometry":{"type":"Polygon","coordinates":[[[-70.89456198419148,41.09959355411748],[-70.89537557956557,41.09956325899551],[-70.89499193222845,41.09883468045839],[-70.89451132861483,41.099030363682715],[-70.89456198419148,41.09959355411748]]]},"properties":{"kind":"pavement","solo":0,"d":"eastward"}},{"type":"Feature","geometry":{"type":"Polygon","coordinates":[[[-70.89373109858263,41.09934804320925],[-70.89382301652411,41.099621070394406],[-70.89456198419148,41.09959355411748],[-70.89451132861483,41.099030363682715],[-70.89373109858263,41.09934804320925]]]},"properties":{"kind":"pavement","solo":0,"d":"eastward"}},{"type":"Feature","geometry":{"type":"Polygon","coordinates":[[[-70.89594689445214,41.09954198545497],[-70.89594689445214,41.09870439349577],[-70.89516814404192,41.09916932150203],[-70.89537557956557,41.09956325899551],[-70.89594689445214,41.09954198545497]]]},"properties":{"kind":"pavement","solo":0,"d":"eastward"}},{"type":"Feature","geometry":{"type":"Polygon","coordinates":[[[-70.89594689445214,41.09870439349577],[-70.89594689445214,41.098389923282674],[-70.89586961818782,41.098315388999815],[-70.89483481689717,41.09853630523943],[-70.89516814404192,41.09916932150203],[-70.89594689445214,41.09870439349577]]]},"properties":{"kind":"pavement","solo":0,"d":"eastward"}},{"type":"Feature","geometry":{"type":"Polygon","coordinates":[[[-70.89560259691466,41.09805784240021],[-70.89462849543993,41.09814448345168],[-70.89483481689717,41.09853630523943],[-70.89586961818782,41.098315388999815],[-70.89560259691466,41.09805784240021]]]},"properties":{"kind":"pavement","solo":0,"d":"eastward"}},{"type":"Feature","geometry":{"type":"Polygon","coordinates":[[[-70.89255497565308,41.09832891180872],[-70.8931642820058,41.09827471730801],[-70.89289144362297,41.097909434963505],[-70.89259532428301,41.098096031309936],[-70.89248347936265,41.09817919179642],[-70.89255497565308,41.09832891180872]]]},"properties":{"kind":"pavement","solo":0,"d":"eastward"}},{"type":"Feature","geometry":{"type":"Polygon","coordinates":[[[-70.8931642820058,41.09827471730801],[-70.89324719871956,41.09826734231531],[-70.89323624784362,41.0976194829345],[-70.89290997997381,41.09786207414642],[-70.8928773441928,41.09789055831992],[-70.8931642820058,41.09827471730801]]]},"properties":{"kind":"pavement","solo":0,"d":"eastward"}},{"type":"Feature","geometry":{"type":"Polygon","coordinates":[[[-70.89222520400065,41.09835824321151],[-70.89246691155623,41.09833674463327],[-70.89253463964907,41.098286326287834],[-70.89247882387404,41.098169442761794],[-70.89228527825674,41.09829140340463],[-70.89222520400065,41.09835824321151]]]},"properties":{"kind":"pavement","solo":1,"d":"eastward"}},{"type":"Feature","geometry":{"type":"Polygon","coordinates":[[[-70.89323558473839,41.09758025329258],[-70.89324719871956,41.09826734231531],[-70.8939881290988,41.09820144057017],[-70.8938844908075,41.09751851407238],[-70.89323558473839,41.09758025329258]]]},"properties":{"kind":"pavement","solo":0,"d":"eastward"}},{"type":"Feature","geometry":{"type":"Polygon","coordinates":[[[-70.8939881290988,41.09820144057017],[-70.89434420051128,41.09816976994614],[-70.89441448461757,41.097468088585394],[-70.8938844908075,41.09751851407238],[-70.8939881290988,41.09820144057017]]]},"properties":{"kind":"pavement","solo":0,"d":"eastward"}},{"type":"Feature","geometry":{"type":"Polygon","coordinates":[[[-70.89444170278475,41.09719635601897],[-70.89369507584303,41.09705241921843],[-70.89344742609612,41.09733072808248],[-70.89328435197207,41.097575613405354],[-70.89441448461757,41.097468088585394],[-70.89444170278475,41.09719635601897]]]},"properties":{"kind":"pavement","solo":0,"d":"eastward"}},{"type":"Feature","geometry":{"type":"Polygon","coordinates":[[[-70.89532646955055,41.09779151281966],[-70.89524463377514,41.097798791668744],[-70.89522605420774,41.09809133383503],[-70.89560259691466,41.09805784240021],[-70.89532646955055,41.09779151281966]]]},"properties":{"kind":"pavement","solo":0,"d":"eastward"}},{"type":"Feature","geometry":{"type":"Polygon","coordinates":[[[-70.89594689445214,41.09796678257494],[-70.89594689445214,41.097486531018966],[-70.89532459284762,41.09736656199974],[-70.89594689445214,41.09796678257494]]]},"properties":{"kind":"pavement","solo":0,"d":"eastward"}},{"type":"Feature","geometry":{"type":"Polygon","coordinates":[[[-70.89571841778789,41.097746412912],[-70.89532459284762,41.09736656199974],[-70.89527272011624,41.09735656183155],[-70.89524979304743,41.09771755701676],[-70.8954459976939,41.09790679976481],[-70.89571841778789,41.097746412912]]]},"properties":{"kind":"pavement","solo":0,"d":"eastward"}},{"type":"Feature","geometry":{"type":"Polygon","coordinates":[[[-70.89440174642274,41.097595260350765],[-70.89434420051128,41.09816976994614],[-70.89522605420774,41.09809133383503],[-70.89524681455738,41.09776445444521],[-70.89440174642274,41.097595260350765]]]},"properties":{"kind":"pavement","solo":0,"d":"eastward"}},{"type":"Feature","geometry":{"type":"Polygon","coordinates":[[[-70.89527272011624,41.09735656183155],[-70.89444170278475,41.09719635601897],[-70.89440174642274,41.097595260350765],[-70.89502171524303,41.09771938651153],[-70.89525371497558,41.09765580480633],[-70.89527272011624,41.09735656183155]]]},"properties":{"kind":"pavement","solo":0,"d":"eastward"}},{"type":"Feature","geometry":{"type":"Polygon","coordinates":[[[-70.89594689445214,41.09673313439383],[-70.89594689445214,41.09607725716291],[-70.89571805603528,41.0962037541432],[-70.89540516107587,41.09639339733012],[-70.89545322925038,41.0967529931455],[-70.89594689445214,41.09673313439383]]]},"properties":{"kind":"pavement","solo":0,"d":"eastward"}},{"type":"Feature","geometry":{"type":"Polygon","coordinates":[[[-70.89476626406912,41.096780627807405],[-70.89545322925038,41.0967529931455],[-70.8954212814296,41.09651399295925],[-70.89523185630618,41.09653045036608],[-70.89507100178281,41.096595928663305],[-70.89476626406912,41.096780627807405]]]},"properties":{"kind":"pavement","solo":0,"d":"eastward"}},{"type":"Feature","geometry":{"type":"Polygon","coordinates":[[[-70.89594689445214,41.097486531018966],[-70.89594689445214,41.09693723203641],[-70.89580415008339,41.09673887659515],[-70.89541997447249,41.09675433089095],[-70.89521630292232,41.097345685569344],[-70.89594689445214,41.097486531018966]]]},"properties":{"kind":"pavement","solo":0,"d":"eastward"}},{"type":"Feature","geometry":{"type":"Polygon","coordinates":[[[-70.89541997447249,41.09675433089095],[-70.89468263296618,41.09678399204961],[-70.89463462285252,41.09723354768159],[-70.89511334352595,41.09732583677302],[-70.8952523534954,41.097241013733594],[-70.89541997447249,41.09675433089095]]]},"properties":{"kind":"pavement","solo":0,"d":"eastward"}},{"type":"Feature","geometry":{"type":"Polygon","coordinates":[[[-70.89420798005388,41.09667686225268],[-70.89468306306811,41.096779964674376],[-70.89470481979285,41.09657623972156],[-70.89448264832404,41.09659554215717],[-70.89420798005388,41.09667686225268]]]},"properties":{"kind":"pavement","solo":1,"d":"eastward"}},{"type":"Feature","geometry":{"type":"Polygon","coordinates":[[[-70.8936470799953,41.09704316644657],[-70.89396293709933,41.09710405825001],[-70.89413157518561,41.09670579808902],[-70.8938562722093,41.09685895336407],[-70.8936470799953,41.09704316644657]]]},"properties":{"kind":"pavement","solo":0,"d":"eastward"}},{"type":"Feature","geometry":{"type":"Polygon","coordinates":[[[-70.89396293709933,41.09710405825001],[-70.89463462285252,41.09723354768159],[-70.89468306306811,41.096779964674376],[-70.89420798005388,41.09667686225268],[-70.89415584007638,41.096692299157525],[-70.89413157518561,41.09670579808902],[-70.89396293709933,41.09710405825001]]]},"properties":{"kind":"pavement","solo":0,"d":"eastward"}},{"type":"Feature","geometry":{"type":"Polygon","coordinates":[[[-70.89147802118683,41.101984938042605],[-70.89203453927402,41.1018885344235],[-70.89183974072547,41.10133943632632],[-70.89160050608545,41.10139574936733],[-70.89153478826714,41.101487280636086],[-70.89145513943961,41.101751313720264],[-70.89147802118683,41.101984938042605]]]},"properties":{"kind":"pavement","solo":0,"d":"eastward"}},{"type":"Feature","geometry":{"type":"Polygon","coordinates":[[[-70.89183974072547,41.10133943632632],[-70.89177399572587,41.1011541143388],[-70.89175611015054,41.10117902522968],[-70.891689249479,41.10137486020864],[-70.89183974072547,41.10133943632632]]]},"properties":{"kind":"pavement","solo":1,"d":"eastward"}},{"type":"Feature","geometry":{"type":"Polygon","coordinates":[[[-70.90663281987783,41.100808483755706],[-70.9068356482679,41.10113149688071],[-70.90778669366584,41.100808483755706],[-70.90663281987783,41.100808483755706]]]},"properties":{"kind":"pavement","solo":0,"d":"shipyard"}},{"type":"Feature","geometry":{"type":"Polygon","coordinates":[[[-70.90778669366584,41.100808483755706],[-70.9068356482679,41.10113149688071],[-70.90730003799516,41.10188618953973],[-70.90849281028163,41.10147046221833],[-70.90862176910952,41.10132408305303],[-70.90886853932089,41.100839788895634],[-70.90884916172855,41.100808483755706],[-70.90778669366584,41.100808483755706]]]},"properties":{"kind":"pavement","solo":0,"d":"shipyard"}},{"type":"Feature","geometry":{"type":"Polygon","coordinates":[[[-70.90848509856816,41.10147315004904],[-70.90730003799516,41.10188618953973],[-70.907823877848,41.10270149839441],[-70.90785133207905,41.10269194995869],[-70.90796976441202,41.10260366239867],[-70.90844043039668,41.10167996587472],[-70.90848509856816,41.10147315004904]]]},"properties":{"kind":"pavement","solo":0,"d":"shipyard"}},{"type":"Feature","geometry":{"type":"Polygon","coordinates":[[[-70.90308638200149,41.100808483755706],[-70.90338218155726,41.10131333822247],[-70.90486427750069,41.100808483755706],[-70.90308638200149,41.100808483755706]]]},"properties":{"kind":"pavement","solo":0,"d":"shipyard"}},{"type":"Feature","geometry":{"type":"Polygon","coordinates":[[[-70.90486427750069,41.100808483755706],[-70.90338218155726,41.10131333822247],[-70.90390364598397,41.10215020327089],[-70.9068356482679,41.10113149688071],[-70.90663281987783,41.100808483755706],[-70.90486427750069,41.100808483755706]]]},"properties":{"kind":"pavement","solo":0,"d":"shipyard"}},{"type":"Feature","geometry":{"type":"Polygon","coordinates":[[[-70.9068356482679,41.10113149688071],[-70.90390364598397,41.10215020327089],[-70.90420735243815,41.10264279600363],[-70.90691785269495,41.10126508958095],[-70.9068356482679,41.10113149688071]]]},"properties":{"kind":"pavement","solo":0,"d":"shipyard"}},{"type":"Feature","geometry":{"type":"Polygon","coordinates":[[[-70.90552295834954,41.10250625680487],[-70.90730003799516,41.10188618953973],[-70.90691785269495,41.10126508958095],[-70.90519557158407,41.10214049910809],[-70.90552295834954,41.10250625680487]]]},"properties":{"kind":"pavement","solo":0,"d":"shipyard"}},{"type":"Feature","geometry":{"type":"Polygon","coordinates":[[[-70.90480704314574,41.103551573958065],[-70.90493730719689,41.10374377008757],[-70.907823877848,41.10270149839441],[-70.90749291539296,41.102186385581405],[-70.90480704314574,41.103551573958065]]]},"properties":{"kind":"pavement","solo":0,"d":"shipyard"}},{"type":"Feature","geometry":{"type":"Polygon","coordinates":[[[-70.90730003799516,41.10188618953973],[-70.90552295834954,41.10250625680487],[-70.90594217276129,41.10297460468533],[-70.90749291539296,41.102186385581405],[-70.90730003799516,41.10188618953973]]]},"properties":{"kind":"pavement","solo":0,"d":"shipyard"}},{"type":"Feature","geometry":{"type":"Polygon","coordinates":[[[-70.9068289621503,41.103060738681286],[-70.90493730719689,41.10374377008757],[-70.90505421908648,41.10392832821679],[-70.90679163501201,41.10317282873865],[-70.9068289621503,41.103060738681286]]]},"properties":{"kind":"pavement","solo":0,"d":"shipyard"}},{"type":"Feature","geometry":{"type":"Polygon","coordinates":[[[-70.90608106534131,41.10437563273149],[-70.90547290639115,41.10458927164989],[-70.90549572967545,41.10462504029326],[-70.90557996250848,41.10459590525515],[-70.90596318987404,41.104434115500744],[-70.90608106534131,41.10437563273149]]]},"properties":{"kind":"pavement","solo":1,"d":"shipyard"}},{"type":"Feature","geometry":{"type":"Polygon","coordinates":[[[-70.90192609620006,41.100979080230694],[-70.90240615460354,41.100808483755706],[-70.90189427967177,41.100808483755706],[-70.90192609620006,41.100979080230694]]]},"properties":{"kind":"pavement","solo":1,"d":"shipyard"}},{"type":"Feature","geometry":{"type":"Polygon","coordinates":[[[-70.90240615460354,41.100808483755706],[-70.90192609620006,41.100979080230694],[-70.90207521415786,41.1017786331462],[-70.90338218155726,41.10131333822247],[-70.90308638200149,41.100808483755706],[-70.90240615460354,41.100808483755706]]]},"properties":{"kind":"pavement","solo":0,"d":"shipyard"}},{"type":"Feature","geometry":{"type":"Polygon","coordinates":[[[-70.90166892581384,41.10217017010362],[-70.90166892581384,41.10298201893369],[-70.90390364598397,41.10215020327089],[-70.90377697328616,41.101946914325445],[-70.90166892581384,41.10217017010362]]]},"properties":{"kind":"pavement","solo":0,"d":"shipyard"}},{"type":"Feature","geometry":{"type":"Polygon","coordinates":[[[-70.90338218155726,41.10131333822247],[-70.90207521415786,41.1017786331462],[-70.90213895261545,41.10212039124392],[-70.90377697328616,41.101946914325445],[-70.90338218155726,41.10131333822247]]]},"properties":{"kind":"pavement","solo":0,"d":"shipyard"}},{"type":"Feature","geometry":{"type":"Polygon","coordinates":[[[-70.90390364598397,41.10215020327089],[-70.90166892581384,41.10298201893369],[-70.90166892581384,41.103485780003645],[-70.90197260544184,41.10377868421548],[-70.90420735243815,41.10264279600363],[-70.90390364598397,41.10215020327089]]]},"properties":{"kind":"pavement","solo":0,"d":"shipyard"}},{"type":"Feature","geometry":{"type":"Polygon","coordinates":[[[-70.90197058708169,41.10377971011752],[-70.90375386235915,41.103132264816054],[-70.90359454617489,41.10295427618986],[-70.90197058708169,41.10377971011752]]]},"properties":{"kind":"pavement","solo":1,"d":"shipyard"}},{"type":"Feature","geometry":{"type":"Polygon","coordinates":[[[-70.90168530227176,41.10392471608605],[-70.90166892581384,41.103933039992754],[-70.90166892581384,41.104270197924805],[-70.90201806050051,41.10482308744155],[-70.90245083089258,41.104663081575985],[-70.90168530227176,41.10392471608605]]]},"properties":{"kind":"pavement","solo":0,"d":"shipyard"}},{"type":"Feature","geometry":{"type":"Polygon","coordinates":[[[-70.9023742384249,41.10458920682672],[-70.90245083089258,41.104663081575985],[-70.90445937987876,41.10392047158013],[-70.90413176916313,41.103554463685406],[-70.9023742384249,41.10458920682672]]]},"properties":{"kind":"pavement","solo":0,"d":"shipyard"}},{"type":"Feature","geometry":{"type":"Polygon","coordinates":[[[-70.90375386235915,41.103132264816054],[-70.9019728262233,41.10377889716299],[-70.90264665851889,41.104428819973904],[-70.90413176916313,41.103554463685406],[-70.90375386235915,41.103132264816054]]]},"properties":{"kind":"pavement","solo":0,"d":"shipyard"}},{"type":"Feature","geometry":{"type":"Polygon","coordinates":[[[-70.9043411473521,41.1037883817671],[-70.90445937987876,41.10392047158013],[-70.90493730719689,41.10374377008757],[-70.90480704314574,41.103551573958065],[-70.9043411473521,41.1037883817671]]]},"properties":{"kind":"pavement","solo":1,"d":"shipyard"}},{"type":"Feature","geometry":{"type":"Polygon","coordinates":[[[-70.90493730719689,41.10374377008757],[-70.90201806050051,41.10482308744155],[-70.90253855132502,41.10562582527219],[-70.90260908369065,41.10561281194626],[-70.90376224472227,41.10522233850849],[-70.90547290639115,41.10458927164989],[-70.90493730719689,41.10374377008757]]]},"properties":{"kind":"pavement","solo":0,"d":"shipyard"}},{"type":"Feature","geometry":{"type":"Polygon","coordinates":[[[-70.90166892581384,41.104949420081624],[-70.90201806050051,41.10482308744155],[-70.90166892581384,41.104270197924805],[-70.90166892581384,41.104949420081624]]]},"properties":{"kind":"pavement","solo":1,"d":"shipyard"}},{"type":"Feature","geometry":{"type":"Polygon","coordinates":[[[-70.90201806050051,41.10482308744155],[-70.90166892581384,41.104949420081624],[-70.90166892581384,41.105931160093775],[-70.90209541732789,41.10578674521753],[-70.90250267105114,41.1055704881714],[-70.90201806050051,41.10482308744155]]]},"properties":{"kind":"pavement","solo":0,"d":"shipyard"}},{"type":"Feature","geometry":{"type":"Polygon","coordinates":[[[-70.90158547952313,41.09745330804947],[-70.90153267446772,41.097447783295635],[-70.90143798570637,41.09795524039466],[-70.90158547952313,41.09797288726122],[-70.90158547952313,41.09745330804947]]]},"properties":{"kind":"block"}},{"type":"Feature","geometry":{"type":"Polygon","coordinates":[[[-70.90158547952313,41.098100226701284],[-70.90141419276114,41.09807973313282],[-70.90132262733958,41.09854805245268],[-70.90158547952313,41.09857628420232],[-70.90158547952313,41.098100226701284]]]},"properties":{"kind":"block"}},{"type":"Feature","geometry":{"type":"Polygon","coordinates":[[[-70.90158547952313,41.09870331935693],[-70.9013017533164,41.098672845624016],[-70.90124421776137,41.09908363646024],[-70.90158547952313,41.09912475556387],[-70.90158547952313,41.09870331935693]]]},"properties":{"kind":"block"}},{"type":"Feature","geometry":{"type":"Polygon","coordinates":[[[-70.90158547952313,41.099252117235956],[-70.9012230445847,41.09920844694687],[-70.90114413955243,41.099607814536014],[-70.90158547952313,41.099656172462076],[-70.90158547952313,41.099252117235956]]]},"properties":{"kind":"block"}},{"type":"Feature","geometry":{"type":"Polygon","coordinates":[[[-70.90158547952313,41.09978325911063],[-70.90111874894332,41.09973211911795],[-70.90101084269969,41.10024335271675],[-70.90105835919881,41.10024818867441],[-70.90158547952313,41.10019236324366],[-70.90158547952313,41.09978325911063]]]},"properties":{"kind":"block"}},{"type":"Feature","geometry":{"type":"Polygon","coordinates":[[[-70.90117382840901,41.10228610414934],[-70.90158547952313,41.1023330547846],[-70.90158547952313,41.1022425076502],[-70.90117382840901,41.10228610414934]]]},"properties":{"kind":"block"}},{"type":"Feature","geometry":{"type":"Polygon","coordinates":[[[-70.90158547952313,41.10246025126236],[-70.90062432705128,41.10235062756018],[-70.9006211979233,41.10237309106378],[-70.90119421784235,41.10292577860775],[-70.90158547952313,41.102966938222416],[-70.90158547952313,41.10246025126236]]]},"properties":{"kind":"block"}},{"type":"Feature","geometry":{"type":"Polygon","coordinates":[[[-70.90061185986981,41.10299149988313],[-70.90053410237323,41.10298332001591],[-70.90046291888775,41.10339688970884],[-70.90110979028726,41.1034717623144],[-70.90061185986981,41.10299149988313]]]},"properties":{"kind":"block"}},{"type":"Feature","geometry":{"type":"Polygon","coordinates":[[[-70.90158547952313,41.103093921898186],[-70.90134199012147,41.10306830750648],[-70.90152043881211,41.103240424330494],[-70.90158547952313,41.103247266428085],[-70.90158547952313,41.103093921898186]]]},"properties":{"kind":"block"}},{"type":"Feature","geometry":{"type":"Polygon","coordinates":[[[-70.90125969993443,41.103616352741284],[-70.90043744144516,41.103521179828114],[-70.90032293657708,41.10400198641645],[-70.90158547952313,41.104149076269266],[-70.90158547952313,41.10398128870404],[-70.90150986415503,41.10385764042445],[-70.90125969993443,41.103616352741284]]]},"properties":{"kind":"block"}},{"type":"Feature","geometry":{"type":"Polygon","coordinates":[[[-70.90158547952313,41.10427633453835],[-70.90029707435157,41.10412623166253],[-70.90022432667527,41.1045343926264],[-70.90158547952313,41.10467320930919],[-70.90158547952313,41.10427633453835]]]},"properties":{"kind":"block"}},{"type":"Feature","geometry":{"type":"Polygon","coordinates":[[[-70.90158547952313,41.104800119969056],[-70.90020362910671,41.10465919245218],[-70.90014021515232,41.10507167621661],[-70.90158547952313,41.10522615736189],[-70.90158547952313,41.104800119969056]]]},"properties":{"kind":"block"}},{"type":"Feature","geometry":{"type":"Polygon","coordinates":[[[-70.90158547952313,41.10535318035596],[-70.90012057698002,41.10519660012943],[-70.90003323433118,41.105740751918205],[-70.90158547952313,41.105912412570795],[-70.90158547952313,41.10535318035596]]]},"properties":{"kind":"block"}},{"type":"Feature","geometry":{"type":"Polygon","coordinates":[[[-70.89956586432585,41.095366850078996],[-70.89955298411282,41.095454955345794],[-70.90089830567754,41.09558381648148],[-70.90066688370185,41.095504257695985],[-70.90060897045797,41.095489200150034],[-70.9001768748164,41.09543547754458],[-70.89972061678793,41.095383076646264],[-70.89956586432585,41.095366850078996]]]},"properties":{"kind":"block"}},{"type":"Feature","geometry":{"type":"Polygon","coordinates":[[[-70.90140950412163,41.095759557472505],[-70.89953023435326,41.09557955230277],[-70.89943539230704,41.09601061235659],[-70.90158480939982,41.0962397304846],[-70.90158547952313,41.09623633042425],[-70.90158547952313,41.09582005470566],[-70.90140950412163,41.095759557472505]]]},"properties":{"kind":"block"}},{"type":"Feature","geometry":{"type":"Polygon","coordinates":[[[-70.90149499863129,41.096357173214805],[-70.89947408946685,41.09614175344998],[-70.89939810386976,41.09651806874715],[-70.90141489119179,41.09675159454076],[-70.90149499863129,41.096357173214805]]]},"properties":{"kind":"block"}},{"type":"Feature","geometry":{"type":"Polygon","coordinates":[[[-70.90139213788781,41.09687620008461],[-70.8993756924175,41.096642713874346],[-70.89930721096687,41.097073115649756],[-70.90132423588163,41.09729798119974],[-70.90139213788781,41.09687620008461]]]},"properties":{"kind":"block"}},{"type":"Feature","geometry":{"type":"Polygon","coordinates":[[[-70.90130260998637,41.09742270324566],[-70.89928599902545,41.097197883844814],[-70.89919159785259,41.09772177425818],[-70.90120792643309,41.097930132433625],[-70.90130260998637,41.09742270324566]]]},"properties":{"kind":"block"}},{"type":"Feature","geometry":{"type":"Polygon","coordinates":[[[-70.90118413673443,41.098054615205534],[-70.89916803264585,41.09784628022806],[-70.89908012572428,41.09828904100336],[-70.90109273021818,41.09852212179028],[-70.90118413673443,41.098054615205534]]]},"properties":{"kind":"block"}},{"type":"Feature","geometry":{"type":"Polygon","coordinates":[[[-70.90107163585675,41.098646919507864],[-70.89905555387345,41.09841343599106],[-70.89897033720545,41.098847028771864],[-70.90101399373954,41.09905847117406],[-70.90107163585675,41.098646919507864]]]},"properties":{"kind":"block"}},{"type":"Feature","geometry":{"type":"Polygon","coordinates":[[[-70.90099300432423,41.099183243530696],[-70.89894779537117,41.098971640510904],[-70.89888701999092,41.09933917687823],[-70.90091437926894,41.09958119405272],[-70.90099300432423,41.099183243530696]]]},"properties":{"kind":"block"}},{"type":"Feature","geometry":{"type":"Polygon","coordinates":[[[-70.90088898884139,41.099705495458274],[-70.89886736612321,41.0994641630889],[-70.8987870679073,41.099998770294604],[-70.90078067051977,41.100218681382565],[-70.90088898884139,41.099705495458274]]]},"properties":{"kind":"block"}},{"type":"Feature","geometry":{"type":"Polygon","coordinates":[[[-70.900465298448,41.10031099762021],[-70.89870003731217,41.10011627451216],[-70.89863114895184,41.100453654684934],[-70.89867934590654,41.10050014147473],[-70.900465298448,41.10031099762021]]]},"properties":{"kind":"block"}},{"type":"Feature","geometry":{"type":"Polygon","coordinates":[[[-70.89853846111535,41.10099167120844],[-70.89849686810997,41.10127582152054],[-70.89862539793121,41.10128963125199],[-70.89857670786488,41.10102856085461],[-70.89853846111535,41.10099167120844]]]},"properties":{"kind":"block"}},{"type":"Feature","geometry":{"type":"Polygon","coordinates":[[[-70.8986495748365,41.10141926496874],[-70.89847673576287,41.101400694483175],[-70.89837837556104,41.10196114178994],[-70.89875892976636,41.10200561321469],[-70.8986495748365,41.10141926496874]]]},"properties":{"kind":"block"}},{"type":"Feature","geometry":{"type":"Polygon","coordinates":[[[-70.89879583866134,41.102203514359736],[-70.8987286294463,41.102129339710714],[-70.89835640553113,41.10208584176062],[-70.89826639571861,41.10259484856962],[-70.89888209546838,41.102666013193335],[-70.89879583866134,41.102203514359736]]]},"properties":{"kind":"block"}},{"type":"Feature","geometry":{"type":"Polygon","coordinates":[[[-70.89902227148899,41.10251396785772],[-70.89905434121123,41.10268592192885],[-70.90038833355483,41.10284010919821],[-70.90039621780868,41.10278350941511],[-70.90000847289177,41.102409522789706],[-70.89902227148899,41.10251396785772]]]},"properties":{"kind":"block"}},{"type":"Feature","geometry":{"type":"Polygon","coordinates":[[[-70.90030412277125,41.102957610748305],[-70.89830947708657,41.10272706296971],[-70.89823528131271,41.10315857906814],[-70.90023286407933,41.10337161738398],[-70.90030412277125,41.102957610748305]]]},"properties":{"kind":"block"}},{"type":"Feature","geometry":{"type":"Polygon","coordinates":[[[-70.90020728894785,41.1034959072268],[-70.89821221697171,41.10328313668189],[-70.89811514787993,41.10377254180349],[-70.90009270140388,41.10397706097172],[-70.90020728894785,41.1034959072268]]]},"properties":{"kind":"block"}},{"type":"Feature","geometry":{"type":"Polygon","coordinates":[[[-70.9000669656221,41.1041013423852],[-70.8980877016823,41.10389664632525],[-70.89799146784686,41.1042868192784],[-70.89999420826439,41.104509557667946],[-70.9000669656221,41.1041013423852]]]},"properties":{"kind":"block"}},{"type":"Feature","geometry":{"type":"Polygon","coordinates":[[[-70.89997343242271,41.104634373514585],[-70.89796919951124,41.10441146913463],[-70.89792172919816,41.10482655713748],[-70.89991007081734,41.1050465167684],[-70.89997343242271,41.104634373514585]]]},"properties":{"kind":"block"}},{"type":"Feature","geometry":{"type":"Polygon","coordinates":[[[-70.89989046053978,41.1051714594661],[-70.89790195047759,41.10495148120123],[-70.8977942790786,41.10549422574049],[-70.89980315463555,41.10571538233302],[-70.89989046053978,41.1051714594661]]]},"properties":{"kind":"block"}},{"type":"Feature","geometry":{"type":"Polygon","coordinates":[[[-70.89984605966336,41.10584720487852],[-70.89770515019279,41.10561151270647],[-70.89766630058604,41.10581445674948],[-70.89779538590231,41.105851920671924],[-70.89826459753904,41.105946406998854],[-70.89873034544527,41.10597984598542],[-70.8992288140458,41.10595282088356],[-70.89974559983709,41.10591537201782],[-70.89983447972655,41.1059072915315],[-70.89984605966336,41.10584720487852]]]},"properties":{"kind":"block"}},{"type":"Feature","geometry":{"type":"Polygon","coordinates":[[[-70.89870457312867,41.09536333002631],[-70.89938756537975,41.09543796722652],[-70.89940049697489,41.095349510487694],[-70.89928792731807,41.09533770699789],[-70.89896353262237,41.09533887217131],[-70.89870457312867,41.09536333002631]]]},"properties":{"kind":"block"}},{"type":"Feature","geometry":{"type":"Polygon","coordinates":[[[-70.89936480223041,41.0955625593461],[-70.89809229785162,41.095423500427145],[-70.8979687528297,41.0954328257838],[-70.89748311810914,41.095478692353154],[-70.89717333156693,41.09555748875276],[-70.89701571413458,41.09563051988363],[-70.89699532142116,41.09578103779442],[-70.89926987453563,41.09599400867524],[-70.89936480223041,41.0955625593461]]]},"properties":{"kind":"block"}},{"type":"Feature","geometry":{"type":"Polygon","coordinates":[[[-70.89917860535988,41.09611219419715],[-70.89703982088068,41.095911935600625],[-70.89696783380406,41.09628207487729],[-70.89910296145588,41.09648681727442],[-70.89917860535988,41.09611219419715]]]},"properties":{"kind":"block"}},{"type":"Feature","geometry":{"type":"Polygon","coordinates":[[[-70.89908051097801,41.096611442747765],[-70.8969443206097,41.09640659844426],[-70.89686561444522,41.096837001365195],[-70.89901191862182,41.097042541557904],[-70.89908051097801,41.096611442747765]]]},"properties":{"kind":"block"}},{"type":"Feature","geometry":{"type":"Polygon","coordinates":[[[-70.898990754356,41.09716729038326],[-70.89684396620626,41.096961703843],[-70.89676312428544,41.097453959425074],[-70.8988965317815,41.09769018964406],[-70.898990754356,41.09716729038326]]]},"properties":{"kind":"block"}},{"type":"Feature","geometry":{"type":"Polygon","coordinates":[[[-70.89887296418564,41.09781469463615],[-70.89674289352844,41.09757883390221],[-70.89667129169295,41.098026413201296],[-70.89878535249287,41.09825596843267],[-70.89887296418564,41.09781469463615]]]},"properties":{"kind":"block"}},{"type":"Feature","geometry":{"type":"Polygon","coordinates":[[[-70.89882567582121,41.098387410021644],[-70.89658235697578,41.0981438193091],[-70.89652034127533,41.09841774446307],[-70.89671927996417,41.09860962424192],[-70.89718611856948,41.09865892462691],[-70.89880603095504,41.09848736549223],[-70.89882567582121,41.098387410021644]]]},"properties":{"kind":"block"}},{"type":"Feature","geometry":{"type":"Polygon","coordinates":[[[-70.89861726586807,41.09881006061267],[-70.89874006105579,41.09882302837061],[-70.89878054026704,41.098617065215926],[-70.89858513156258,41.098637760253844],[-70.89861726586807,41.09881006061267]]]},"properties":{"kind":"block"}},{"type":"Feature","geometry":{"type":"Polygon","coordinates":[[[-70.89721695649536,41.098789174358316],[-70.89718615164925,41.09878592121953],[-70.89693017002027,41.09881303131953],[-70.89728528546921,41.099155546263205],[-70.89721695649536,41.098789174358316]]]},"properties":{"kind":"block"}},{"type":"Feature","geometry":{"type":"Polygon","coordinates":[[[-70.896710177312,41.09922826010987],[-70.89639067433278,41.09919356024781],[-70.89627864245607,41.09970623653111],[-70.89733373111979,41.099829688456595],[-70.896710177312,41.09922826010987]]]},"properties":{"kind":"block"}},{"type":"Feature","geometry":{"type":"Polygon","coordinates":[[[-70.89807403486833,41.09991630859226],[-70.89855702367164,41.09997282128148],[-70.89861911252395,41.099559447865175],[-70.89779458147876,41.09964677100307],[-70.89807403486833,41.09991630859226]]]},"properties":{"kind":"block"}},{"type":"Feature","geometry":{"type":"Polygon","coordinates":[[[-70.89748390160615,41.099974530467364],[-70.89625715768746,41.099830993811125],[-70.89618969738024,41.10035581307643],[-70.89810933709121,41.10057777372412],[-70.89748390160615,41.099974530467364]]]},"properties":{"kind":"block"}},{"type":"Feature","geometry":{"type":"Polygon","coordinates":[[[-70.89853501075888,41.100097516765345],[-70.8982242053547,41.10006115060304],[-70.89849007548338,41.100317586904026],[-70.89853501075888,41.100097516765345]]]},"properties":{"kind":"block"}},{"type":"Feature","geometry":{"type":"Polygon","coordinates":[[[-70.89825922206339,41.10072234035156],[-70.89617070428126,41.10048085297402],[-70.89607827751674,41.101013223840795],[-70.8983315774848,41.10125796227603],[-70.89839132886988,41.10084975963315],[-70.89825922206339,41.10072234035156]]]},"properties":{"kind":"block"}},{"type":"Feature","geometry":{"type":"Polygon","coordinates":[[[-70.89831152212406,41.10138284775318],[-70.89605588453524,41.10113785542114],[-70.89603034074283,41.10127545578854],[-70.89603034074283,41.101693732057065],[-70.89821336843244,41.10194211838396],[-70.89831152212406,41.10138284775318]]]},"properties":{"kind":"block"}},{"type":"Feature","geometry":{"type":"Polygon","coordinates":[[[-70.898191403378,41.10206680883372],[-70.89603034074283,41.10182092170517],[-70.89603034074283,41.1023427142255],[-70.89761836963118,41.10252160941622],[-70.89812235742575,41.10245726470559],[-70.898191403378,41.10206680883372]]]},"properties":{"kind":"block"}},{"type":"Feature","geometry":{"type":"Polygon","coordinates":[[[-70.89807960411802,41.10270073023717],[-70.89633870074023,41.102504613375515],[-70.89603034074283,41.10253410788652],[-70.89603034074283,41.10289674146328],[-70.89800528556214,41.1031329604251],[-70.89807960411802,41.10270073023717]]]},"properties":{"kind":"block"}},{"type":"Feature","geometry":{"type":"Polygon","coordinates":[[[-70.89798225341266,41.103257544072825],[-70.89603034074283,41.10302407993757],[-70.89603034074283,41.10354867971626],[-70.89788490037586,41.10374838079477],[-70.89798225341266,41.103257544072825]]]},"properties":{"kind":"block"}},{"type":"Feature","geometry":{"type":"Polygon","coordinates":[[[-70.89785723272932,41.10387244316681],[-70.89603034074283,41.10367572137176],[-70.89603034074283,41.10407403060134],[-70.8977612858532,41.104261452664645],[-70.89785723272932,41.10387244316681]]]},"properties":{"kind":"block"}},{"type":"Feature","geometry":{"type":"Polygon","coordinates":[[[-70.89773878483162,41.104386072083095],[-70.89603034074283,41.104201086369656],[-70.89603034074283,41.10462132712924],[-70.89769130232139,41.10480126673975],[-70.89773878483162,41.104386072083095]]]},"properties":{"kind":"block"}},{"type":"Feature","geometry":{"type":"Polygon","coordinates":[[[-70.89767192034076,41.1049262241294],[-70.89603034074283,41.10474838425804],[-70.89603034074283,41.10529934662466],[-70.89756426872582,41.105468868942175],[-70.89767192034076,41.1049262241294]]]},"properties":{"kind":"block"}},{"type":"Feature","geometry":{"type":"Polygon","coordinates":[[[-70.89680928016936,41.09588931165437],[-70.89652935867701,41.09585963389653],[-70.89643551803465,41.095904385864145],[-70.89609402461421,41.09607391319692],[-70.89603034074283,41.09610911627835],[-70.89603034074283,41.09618669449339],[-70.89659289190212,41.0962445501592],[-70.8967520054083,41.09618380393866],[-70.89680928016936,41.09588931165437]]]},"properties":{"kind":"block"}},{"type":"Feature","geometry":{"type":"Polygon","coordinates":[[[-70.89671381414895,41.096383916427826],[-70.89603034074283,41.096313624493796],[-70.89603034074283,41.096752014242625],[-70.89650793131048,41.096801224839496],[-70.89665165757447,41.096723818281724],[-70.89671381414895,41.096383916427826]]]},"properties":{"kind":"block"}},{"type":"Feature","geometry":{"type":"Polygon","coordinates":[[[-70.89661345857242,41.096939032680204],[-70.89603034074283,41.09687894862833],[-70.89603034074283,41.09737988754138],[-70.89653291354992,41.09742948041487],[-70.89661345857242,41.096939032680204]]]},"properties":{"kind":"block"}},{"type":"Feature","geometry":{"type":"Polygon","coordinates":[[[-70.89651267442927,41.09755432108646],[-70.89603034074283,41.09750672536868],[-70.89603034074283,41.097945130541895],[-70.89605511680588,41.09796902747982],[-70.89644088200065,41.098003091773286],[-70.89651267442927,41.09755432108646]]]},"properties":{"kind":"block"}},{"type":"Feature","geometry":{"type":"Polygon","coordinates":[[[-70.89641672875061,41.0981275836158],[-70.89619963019467,41.098108413122915],[-70.89638138114232,41.09828371503046],[-70.89641672875061,41.0981275836158]]]},"properties":{"kind":"block"}},{"type":"Feature","geometry":{"type":"Polygon","coordinates":[[[-70.89613778373763,41.098676176686084],[-70.89603034074283,41.09866526964294],[-70.89603034074283,41.09903111751825],[-70.89624711495027,41.099051969658724],[-70.89627887898979,41.09881226547774],[-70.89613778373763,41.098676176686084]]]},"properties":{"kind":"block"}},{"type":"Feature","geometry":{"type":"Polygon","coordinates":[[[-70.89622522958935,41.09917664908642],[-70.89603034074283,41.09915790216236],[-70.89603034074283,41.099680115916144],[-70.89611341052624,41.09968835149973],[-70.89622522958935,41.09917664908642]]]},"properties":{"kind":"block"}},{"type":"Feature","geometry":{"type":"Polygon","coordinates":[[[-70.90849849835905,41.100088182313925],[-70.90833755464466,41.10027182821584],[-70.90847654692107,41.100343578900635],[-70.90851740787426,41.10032432530378],[-70.90852360532897,41.10018416151722],[-70.90849849835905,41.100088182313925]]]},"properties":{"kind":"block"}},{"type":"Feature","geometry":{"type":"Polygon","coordinates":[[[-70.9086041071441,41.10054009399802],[-70.9082534952268,41.10035910088234],[-70.90786492936395,41.100725290063686],[-70.90792114649197,41.10075458483866],[-70.90867282099941,41.10075458483866],[-70.9086259391227,41.10057536427996],[-70.9086041071441,41.10054009399802]]]},"properties":{"kind":"block"}},{"type":"Feature","geometry":{"type":"Polygon","coordinates":[[[-70.9077070947493,41.098135426868225],[-70.90744461914748,41.09843896772041],[-70.90826003231582,41.09886417755289],[-70.90825965977166,41.098857571490115],[-70.9081764575871,41.09852104730802],[-70.90779120507612,41.098184715112374],[-70.9077070947493,41.098135426868225]]]},"properties":{"kind":"block"}},{"type":"Feature","geometry":{"type":"Polygon","coordinates":[[[-70.90824963827109,41.09898984877246],[-70.9073643828769,41.09852821862903],[-70.90704726822602,41.09886795054866],[-70.90844288581967,41.099598657752175],[-70.9083492775164,41.09922004440367],[-70.90824963827109,41.09898984877246]]]},"properties":{"kind":"block"}},{"type":"Feature","geometry":{"type":"Polygon","coordinates":[[[-70.90852978730153,41.09977542010614],[-70.9069663932439,41.098956869734565],[-70.90660078345304,41.099369367935985],[-70.90821964969732,41.10021075233588],[-70.90853851734096,41.09984690627809],[-70.90853936076287,41.09982783115516],[-70.90852978730153,41.09977542010614]]]},"properties":{"kind":"block"}},{"type":"Feature","geometry":{"type":"Polygon","coordinates":[[[-70.90809595847493,41.10027741624958],[-70.90655844951507,41.099478316226275],[-70.906272277989,41.09977706801691],[-70.90652848267696,41.100036975459126],[-70.90770726036216,41.10064373006486],[-70.90809595847493,41.10027741624958]]]},"properties":{"kind":"block"}},{"type":"Feature","geometry":{"type":"Polygon","coordinates":[[[-70.90766235643774,41.100751162220384],[-70.90606778539671,41.099930385465385],[-70.90574676022115,41.10027531572269],[-70.90666028427445,41.10075458483866],[-70.90765931935437,41.10075458483866],[-70.90766235643774,41.100751162220384]]]},"properties":{"kind":"block"}},{"type":"Feature","geometry":{"type":"Polygon","coordinates":[[[-70.90640992080453,41.10075458483866],[-70.90566600894628,41.10036430066675],[-70.90540278475211,41.100661730437736],[-70.90558131088484,41.10075458483866],[-70.90640992080453,41.10075458483866]]]},"properties":{"kind":"block"}},{"type":"Feature","geometry":{"type":"Polygon","coordinates":[[[-70.90650237939451,41.09716094265631],[-70.9064661261758,41.097200878146886],[-70.90726599430837,41.09764183116372],[-70.90723828471627,41.09760550662264],[-70.9069496211613,41.09738146828826],[-70.906550172541,41.097175764865106],[-70.90650237939451,41.09716094265631]]]},"properties":{"kind":"block"}},{"type":"Feature","geometry":{"type":"Polygon","coordinates":[[[-70.90741891124874,41.097859696074686],[-70.90638564497641,41.0972900748316],[-70.9061223111252,41.097583591051034],[-70.9063912512817,41.09789442509289],[-70.90732676929362,41.09837780185311],[-70.9075927629193,41.09807019256961],[-70.90745866127128,41.09789439854119],[-70.90741891124874,41.097859696074686]]]},"properties":{"kind":"block"}},{"type":"Feature","geometry":{"type":"Polygon","coordinates":[[[-70.90720723906571,41.098446745446424],[-70.90597707852935,41.097811128593456],[-70.9056651735498,41.098170478806374],[-70.90688940953568,41.098787243231854],[-70.90720723906571,41.098446745446424]]]},"properties":{"kind":"block"}},{"type":"Feature","geometry":{"type":"Polygon","coordinates":[[[-70.90680854927298,41.098876175848325],[-70.90558478087043,41.09825964698914],[-70.9052163275239,41.09865291298098],[-70.90644361423965,41.09928791275648],[-70.90680854927298,41.098876175848325]]]},"properties":{"kind":"block"}},{"type":"Feature","geometry":{"type":"Polygon","coordinates":[[[-70.90636199146962,41.09937644242701],[-70.90513304850987,41.098740585708654],[-70.90477879930263,41.09910811003544],[-70.90599452717711,41.09976006066076],[-70.90636199146962,41.09937644242701]]]},"properties":{"kind":"block"}},{"type":"Feature","geometry":{"type":"Polygon","coordinates":[[[-70.9059115929282,41.099847893435566],[-70.90469502220377,41.09919549082048],[-70.90434993235657,41.09955739700957],[-70.90558954207735,41.10019392574488],[-70.9059115929282,41.099847893435566]]]},"properties":{"kind":"block"}},{"type":"Feature","geometry":{"type":"Polygon","coordinates":[[[-70.90550878592111,41.10028290377823],[-70.90427073843773,41.09964717723814],[-70.90402832389094,41.09994409642011],[-70.90524591594959,41.10057993329586],[-70.90550878592111,41.10028290377823]]]},"properties":{"kind":"block"}},{"type":"Feature","geometry":{"type":"Polygon","coordinates":[[[-70.90520478587996,41.1006896066883],[-70.90391082093727,41.10001388724626],[-70.90359464605224,41.100359081246204],[-70.90433200591109,41.10075458483866],[-70.90514523242932,41.10075458483866],[-70.90520478587996,41.1006896066883]]]},"properties":{"kind":"block"}},{"type":"Feature","geometry":{"type":"Polygon","coordinates":[[[-70.9040853200179,41.10075458483866],[-70.90351195890167,41.100447046560674],[-70.90321537926211,41.10075458483866],[-70.9040853200179,41.10075458483866]]]},"properties":{"kind":"block"}},{"type":"Feature","geometry":{"type":"Polygon","coordinates":[[[-70.90529203622259,41.0969280028641],[-70.90446836126947,41.096814725404215],[-70.90441650373262,41.096867583904874],[-70.90589912168326,41.097639894417796],[-70.90621420041509,41.09728870250774],[-70.90529203622259,41.0969280028641]]]},"properties":{"kind":"block"}},{"type":"Feature","geometry":{"type":"Polygon","coordinates":[[[-70.90578064159126,41.097709223106534],[-70.90437356973744,41.096976265310715],[-70.9040679064525,41.097322760092965],[-70.90546867147877,41.098068648360076],[-70.90578064159126,41.097709223106534]]]},"properties":{"kind":"block"}},{"type":"Feature","geometry":{"type":"Polygon","coordinates":[[[-70.90538830465256,41.0981578489572],[-70.90399021105009,41.09741338318681],[-70.90364458172802,41.09782679086282],[-70.9050202995057,41.098550636566394],[-70.90538830465256,41.0981578489572]]]},"properties":{"kind":"block"}},{"type":"Feature","geometry":{"type":"Polygon","coordinates":[[[-70.90493698909798,41.098638276618594],[-70.9035628451547,41.09791525900148],[-70.90318542421583,41.09828632381316],[-70.90458318622397,41.09900533788627],[-70.90493698909798,41.098638276618594]]]},"properties":{"kind":"block"}},{"type":"Feature","geometry":{"type":"Polygon","coordinates":[[[-70.90449939847323,41.0990927563155],[-70.90310341034416,41.09837465473251],[-70.90279363474355,41.09874254047684],[-70.90415351456753,41.09945549525783],[-70.90449939847323,41.0990927563155]]]},"properties":{"kind":"block"}},{"type":"Feature","geometry":{"type":"Polygon","coordinates":[[[-70.90407408953308,41.09954517517296],[-70.90271455802674,41.09883240300718],[-70.90245742179778,41.0991131059075],[-70.90383248734284,41.09984109934762],[-70.90407408953308,41.09954517517296]]]},"properties":{"kind":"block"}},{"type":"Feature","geometry":{"type":"Polygon","coordinates":[[[-70.90375448487605,41.09993154548706],[-70.90237504006946,41.09920123355843],[-70.9020499512043,41.099542036973794],[-70.90343877309266,41.10027623388105],[-70.90375448487605,41.09993154548706]]]},"properties":{"kind":"block"}},{"type":"Feature","geometry":{"type":"Polygon","coordinates":[[[-70.90339511901558,41.10038483494451],[-70.9019304155173,41.09961052343092],[-70.90174045120585,41.09983254730753],[-70.90174045120585,41.100042754319134],[-70.90306484447206,41.10072731315552],[-70.90339511901558,41.10038483494451]]]},"properties":{"kind":"block"}},{"type":"Feature","geometry":{"type":"Polygon","coordinates":[[[-70.90286470722758,41.10075458483866],[-70.90216394005917,41.10039236889448],[-70.90191752273122,41.100275126394045],[-70.90186801382984,41.100280369704954],[-70.90194793745891,41.100708910784725],[-70.90203505558485,41.10075458483866],[-70.90286470722758,41.10075458483866]]]},"properties":{"kind":"block"}},{"type":"Feature","geometry":{"type":"Polygon","coordinates":[[[-70.90317656300626,41.096100546710986],[-70.90311104869104,41.09617419570739],[-70.90429916793133,41.09680585196069],[-70.90446154461574,41.0966403410513],[-70.90425560040988,41.09652260648096],[-70.90317656300626,41.096100546710986]]]},"properties":{"kind":"block"}},{"type":"Feature","geometry":{"type":"Polygon","coordinates":[[[-70.90412182491075,41.09693710419283],[-70.90397417605757,41.096764997357624],[-70.90306805966866,41.0962832661779],[-70.90272929437734,41.096633829731225],[-70.90387196632736,41.09722033969971],[-70.90412182491075,41.09693710419283]]]},"properties":{"kind":"block"}},{"type":"Feature","geometry":{"type":"Polygon","coordinates":[[[-70.90379415965617,41.09731083168832],[-70.90264835889788,41.09672271576701],[-70.90230051335865,41.09712894420065],[-70.9034484418888,41.09772434515387],[-70.90379415965617,41.09731083168832]]]},"properties":{"kind":"block"}},{"type":"Feature","geometry":{"type":"Polygon","coordinates":[[[-70.90336666828648,41.09781279584779],[-70.90222094046948,41.09721853634776],[-70.90186983733314,41.097600437535405],[-70.90298869117136,41.0981844074692],[-70.90336666828648,41.09781279584779]]]},"properties":{"kind":"block"}},{"type":"Feature","geometry":{"type":"Polygon","coordinates":[[[-70.90294604193942,41.098293276960646],[-70.90174792507304,41.09766793681054],[-70.90174045120585,41.097675704692925],[-70.90174045120585,41.09819589383613],[-70.9026367184312,41.09866062580553],[-70.90294604193942,41.098293276960646]]]},"properties":{"kind":"block"}},{"type":"Feature","geometry":{"type":"Polygon","coordinates":[[[-70.90255777820383,41.09875054576402],[-70.90174045120585,41.09832674583619],[-70.90174045120585,41.098622824229786],[-70.90189470823127,41.09881642537598],[-70.90230125230137,41.09903058240109],[-70.90255777820383,41.09875054576402]]]},"properties":{"kind":"block"}},{"type":"Feature","geometry":{"type":"Polygon","coordinates":[[[-70.90221886365414,41.099118707161075],[-70.90174045120585,41.098866691711244],[-70.90174045120585,41.09938041594783],[-70.90189344978124,41.09945985129481],[-70.90221886365414,41.099118707161075]]]},"properties":{"kind":"block"}},{"type":"Feature","geometry":{"type":"Polygon","coordinates":[[[-70.90174045120585,41.09596367709397],[-70.90174045120585,41.09614558068625],[-70.90257076880825,41.09655371207538],[-70.90286440244397,41.0962498519889],[-70.90218798624551,41.0960173120537],[-70.90174045120585,41.09596367709397]]]},"properties":{"kind":"block"}},{"type":"Feature","geometry":{"type":"Polygon","coordinates":[[[-70.90248990672053,41.09664266866151],[-70.90174045120585,41.0962742839381],[-70.90174045120585,41.09684602621363],[-70.90214273896815,41.097048105547586],[-70.90248990672053,41.09664266866151]]]},"properties":{"kind":"block"}},{"type":"Feature","geometry":{"type":"Polygon","coordinates":[[[-70.90206321283196,41.097137710439334],[-70.90174045120585,41.09697557909818],[-70.90174045120585,41.097344467154066],[-70.9018312140824,41.09739005964621],[-70.90206321283196,41.097137710439334]]]},"properties":{"kind":"block"}},{"type":"Feature","geometry":{"type":"Polygon","coordinates":[[[-70.8918138076332,41.10257469701473],[-70.8917957333478,41.10244217000781],[-70.89167465742005,41.101996962689995],[-70.8915412292969,41.102020075962066],[-70.89154173720205,41.10202526171091],[-70.89163518081472,41.10229393056068],[-70.89180817791309,41.10256654784818],[-70.8918138076332,41.10257469701473]]]},"properties":{"kind":"block"}},{"type":"Feature","geometry":{"type":"Polygon","coordinates":[[[-70.89188964506474,41.10234003949502],[-70.89195239833175,41.10257078902728],[-70.89212772621978,41.102581730194764],[-70.89250061343999,41.102378166386266],[-70.89188964506474,41.10234003949502]]]},"properties":{"kind":"block"}},{"type":"Feature","geometry":{"type":"Polygon","coordinates":[[[-70.89237044610876,41.101876433727384],[-70.89179086924773,41.10197683173463],[-70.89186470818817,41.10224834430722],[-70.89264879126445,41.10229727425415],[-70.89265949131203,41.10229143296402],[-70.89237044610876,41.101876433727384]]]},"properties":{"kind":"block"}},{"type":"Feature","geometry":{"type":"Polygon","coordinates":[[[-70.89285607049797,41.102573673289],[-70.89271546781464,41.10237180172846],[-70.89234568044623,41.102573673289],[-70.89285607049797,41.102573673289]]]},"properties":{"kind":"block"}},{"type":"Feature","geometry":{"type":"Polygon","coordinates":[[[-70.89200392134101,41.10276024386926],[-70.89200771433462,41.1027741910555],[-70.89307395787262,41.102936326342245],[-70.89307395787262,41.10288650703657],[-70.89291863777544,41.102663504817414],[-70.89218112747797,41.102663504817414],[-70.89200392134101,41.10276024386926]]]},"properties":{"kind":"block"}},{"type":"Feature","geometry":{"type":"Polygon","coordinates":[[[-70.89307442579114,41.10175448586851],[-70.8924905822849,41.10185562297131],[-70.89281052135424,41.102314978352545],[-70.89308760283541,41.102360618113465],[-70.89307442579114,41.10175448586851]]]},"properties":{"kind":"block"}},{"type":"Feature","geometry":{"type":"Polygon","coordinates":[[[-70.89357638357076,41.10166753353452],[-70.89331705999301,41.10171245522168],[-70.89319708124827,41.10191228465793],[-70.89320725627871,41.102380326953345],[-70.89363978036779,41.10245157060317],[-70.89357638357076,41.10166753353452]]]},"properties":{"kind":"block"}},{"type":"Feature","geometry":{"type":"Polygon","coordinates":[[[-70.89288286548555,41.10241884708632],[-70.89299070127721,41.102573673289],[-70.89352309911195,41.102573673289],[-70.89364920458426,41.10256812120833],[-70.89364731596035,41.10254476433189],[-70.89288286548555,41.10241884708632]]]},"properties":{"kind":"block"}},{"type":"Feature","geometry":{"type":"Polygon","coordinates":[[[-70.89467059700094,41.102408664190136],[-70.89542039231814,41.10252929121628],[-70.89493751865798,41.10181660176485],[-70.89467059700094,41.102408664190136]]]},"properties":{"kind":"block"}},{"type":"Feature","geometry":{"type":"Polygon","coordinates":[[[-70.89407559510975,41.101581056921866],[-70.89369416390394,41.10164713087261],[-70.89373699763993,41.10217686168516],[-70.89383226214589,41.1022737929284],[-70.89433864106176,41.10235525913834],[-70.89407559510975,41.101581056921866]]]},"properties":{"kind":"block"}},{"type":"Feature","geometry":{"type":"Polygon","coordinates":[[[-70.89470415576181,41.10147217362934],[-70.89419180942771,41.101560925535125],[-70.89446881051556,41.10237620079234],[-70.89455321047039,41.10238977905207],[-70.89476645780061,41.101916772354464],[-70.89480806529289,41.101806188660035],[-70.89482908583975,41.1016565621269],[-70.89470415576181,41.10147217362934]]]},"properties":{"kind":"block"}},{"type":"Feature","geometry":{"type":"Polygon","coordinates":[[[-70.89534118491055,41.10136182336971],[-70.89482394430289,41.101451423092826],[-70.89510996415623,41.10187356939981],[-70.89520026846685,41.10195246963547],[-70.8953831528175,41.101984259735296],[-70.89534118491055,41.10136182336971]]]},"properties":{"kind":"block"}},{"type":"Feature","geometry":{"type":"Polygon","coordinates":[[[-70.8958872899588,41.10207189200121],[-70.8958872899588,41.101267223563745],[-70.89545916963027,41.10134138530265],[-70.89550393113306,41.10200525417629],[-70.8958872899588,41.10207189200121]]]},"properties":{"kind":"block"}},{"type":"Feature","geometry":{"type":"Polygon","coordinates":[[[-70.8958872899588,41.102604405681],[-70.8958872899588,41.10216408251208],[-70.89522930415436,41.10204970731085],[-70.8955706146823,41.102553458981305],[-70.8958872899588,41.102604405681]]]},"properties":{"kind":"block"}},{"type":"Feature","geometry":{"type":"Polygon","coordinates":[[[-70.8940829170216,41.10244608040428],[-70.89400956896648,41.102394173969955],[-70.89375120846489,41.10235260894779],[-70.89376908360336,41.102573673289],[-70.89408275698423,41.102573673289],[-70.8940829170216,41.10244608040428]]]},"properties":{"kind":"block"}},{"type":"Feature","geometry":{"type":"Polygon","coordinates":[[[-70.89475204478693,41.10251362343589],[-70.89420215230568,41.10242515676614],[-70.89420196602418,41.102573673289],[-70.89465859351915,41.102573673289],[-70.89473140381112,41.1025590331618],[-70.89475204478693,41.10251362343589]]]},"properties":{"kind":"block"}},{"type":"Feature","geometry":{"type":"Polygon","coordinates":[[[-70.8958872899588,41.10300968797814],[-70.8958872899588,41.102696261611776],[-70.89540888176957,41.10261929533068],[-70.89535655916504,41.102892333357666],[-70.8958872899588,41.10300968797814]]]},"properties":{"kind":"block"}},{"type":"Feature","geometry":{"type":"Polygon","coordinates":[[[-70.8958872899588,41.103364127673025],[-70.8958872899588,41.103103306990576],[-70.89546720722437,41.1030104187496],[-70.89532503950886,41.10305681417457],[-70.89528373612434,41.103272349978226],[-70.8958872899588,41.103364127673025]]]},"properties":{"kind":"block"}},{"type":"Feature","geometry":{"type":"Polygon","coordinates":[[[-70.8950051434572,41.10322998657778],[-70.89516670099474,41.103254553364586],[-70.89527996433658,41.102663504817414],[-70.8950051434572,41.102663504817414],[-70.8950051434572,41.10322998657778]]]},"properties":{"kind":"block"}},{"type":"Feature","geometry":{"type":"Polygon","coordinates":[[[-70.89404840695506,41.10427775489434],[-70.89413150130383,41.10404256985664],[-70.8939360871568,41.10396357684469],[-70.89334712825388,41.10404172235808],[-70.89335350723613,41.10407594914538],[-70.89337335373514,41.104099962614335],[-70.89344200876859,41.104156523980905],[-70.89404840695506,41.10427775489434]]]},"properties":{"kind":"block"}},{"type":"Feature","geometry":{"type":"Polygon","coordinates":[[[-70.89394486830426,41.10457080420345],[-70.89401773658277,41.104364562394174],[-70.89361695767082,41.10428443881421],[-70.89366307018149,41.10433864515956],[-70.89394486830426,41.10457080420345]]]},"properties":{"kind":"block"}},{"type":"Feature","geometry":{"type":"Polygon","coordinates":[[[-70.89282931763324,41.103744556705976],[-70.89304683022038,41.10339914651],[-70.89261005211554,41.1035618487703],[-70.89266662074658,41.10361975488313],[-70.89282931763324,41.103744556705976]]]},"properties":{"kind":"block"}},{"type":"Feature","geometry":{"type":"Polygon","coordinates":[[[-70.89272550475619,41.102974982039655],[-70.89203371191016,41.10286978653088],[-70.89204197723257,41.102900178881264],[-70.89220747440743,41.10311952420148],[-70.89243099613027,41.103378559270496],[-70.89246671528645,41.10341512295341],[-70.89272550475619,41.102974982039655]]]},"properties":{"kind":"block"}},{"type":"Feature","geometry":{"type":"Polygon","coordinates":[[[-70.89307395787262,41.103027968570345],[-70.89284519008004,41.10299318164754],[-70.89262374260082,41.10336981248942],[-70.89267583592375,41.103437136168886],[-70.89307395787262,41.10328883354054],[-70.89307395787262,41.103027968570345]]]},"properties":{"kind":"block"}},{"type":"Feature","geometry":{"type":"Polygon","coordinates":[[[-70.89349502759282,41.103714533699836],[-70.89355760814806,41.10392258160503],[-70.89370486230115,41.10390304331241],[-70.89373783965965,41.10386562574972],[-70.89372467885656,41.103714533699836],[-70.89349502759282,41.103714533699836]]]},"properties":{"kind":"block"}},{"type":"Feature","geometry":{"type":"Polygon","coordinates":[[[-70.89420420700979,41.103836788182505],[-70.89424740132488,41.103714533699836],[-70.89384414437028,41.103714533699836],[-70.89385878546257,41.10388262014805],[-70.89420420700979,41.103836788182505]]]},"properties":{"kind":"block"}},{"type":"Feature","geometry":{"type":"Polygon","coordinates":[[[-70.89307395787262,41.10356560464764],[-70.89299142576384,41.10369666571517],[-70.89293367459105,41.1038246070304],[-70.89294678051859,41.103834660349065],[-70.89307395787262,41.10390987214524],[-70.89307395787262,41.10356560464764]]]},"properties":{"kind":"block"}},{"type":"Feature","geometry":{"type":"Polygon","coordinates":[[[-70.89319316685932,41.103714533699836],[-70.89319316685932,41.103970937188876],[-70.89344006629715,41.103938177546006],[-70.89337279450194,41.103714533699836],[-70.89319316685932,41.103714533699836]]]},"properties":{"kind":"block"}},{"type":"Feature","geometry":{"type":"Polygon","coordinates":[[[-70.89517606826813,41.10507427839522],[-70.89523120093088,41.10508715315036],[-70.89524988937521,41.10507496444234],[-70.89521475598467,41.10493201110818],[-70.89496537492792,41.10500253291743],[-70.89500092823064,41.105016826242334],[-70.89517606826813,41.10507427839522]]]},"properties":{"kind":"block"}},{"type":"Feature","geometry":{"type":"Polygon","coordinates":[[[-70.8958872899588,41.10531222267255],[-70.8958872899588,41.10474182700498],[-70.89532811377151,41.104899954959556],[-70.8953958580808,41.10517559800839],[-70.89540005944342,41.10517728706218],[-70.89582388301886,41.105299591328084],[-70.8958872899588,41.10531222267255]]]},"properties":{"kind":"block"}},{"type":"Feature","geometry":{"type":"Polygon","coordinates":[[[-70.89526843300598,41.104441562160304],[-70.89466137268565,41.10417497003015],[-70.89482322416457,41.10487124039567],[-70.89526843300598,41.104441562160304]]]},"properties":{"kind":"block"}},{"type":"Feature","geometry":{"type":"Polygon","coordinates":[[[-70.89579385235501,41.104672301444005],[-70.89537237811025,41.104487209925175],[-70.8949293769968,41.10491475744668],[-70.89492660105118,41.10491754914571],[-70.89579385235501,41.104672301444005]]]},"properties":{"kind":"block"}},{"type":"Feature","geometry":{"type":"Polygon","coordinates":[[[-70.89467568558776,41.10475717749797],[-70.89452658949328,41.10411577963809],[-70.89426896915165,41.10400264499012],[-70.89410759839272,41.104459378674065],[-70.89422708688721,41.10468105143035],[-70.89467568558776,41.10475717749797]]]},"properties":{"kind":"block"}},{"type":"Feature","geometry":{"type":"Polygon","coordinates":[[[-70.8958872899588,41.10384205394861],[-70.8958872899588,41.10345576990113],[-70.89567238557923,41.10342309107874],[-70.89514423871724,41.10387046824287],[-70.8958872899588,41.10384205394861]]]},"properties":{"kind":"block"}},{"type":"Feature","geometry":{"type":"Polygon","coordinates":[[[-70.8958872899588,41.10460936210314],[-70.8958872899588,41.10393200106592],[-70.8957732247748,41.10393636292082],[-70.89538233391504,41.104387609333564],[-70.8958872899588,41.10460936210314]]]},"properties":{"kind":"block"}},{"type":"Feature","geometry":{"type":"Polygon","coordinates":[[[-70.89562598826365,41.103941993247936],[-70.89503303220751,41.10396466789932],[-70.89482346914376,41.10414218240505],[-70.8952792060199,41.10434232044821],[-70.89562598826365,41.103941993247936]]]},"properties":{"kind":"block"}},{"type":"Feature","geometry":{"type":"Polygon","coordinates":[[[-70.8955371151731,41.103402521569706],[-70.8950051434572,41.10332162880589],[-70.8950051434572,41.103519138647115],[-70.8951222058674,41.10362470217142],[-70.89524577545453,41.10362470217142],[-70.8953247426847,41.10358241585373],[-70.8955371151731,41.103402521569706]]]},"properties":{"kind":"block"}},{"type":"Feature","geometry":{"type":"Polygon","coordinates":[[[-70.89437076312745,41.103714533699836],[-70.89430077004744,41.10391263772745],[-70.89471839168786,41.104096037365],[-70.89511602142089,41.103759217296314],[-70.89506647050324,41.103714533699836],[-70.89437076312745,41.103714533699836]]]},"properties":{"kind":"block"}},{"type":"Feature","geometry":{"type":"Polygon","coordinates":[[[-70.89267074267374,41.10015857445792],[-70.89291449425612,41.10051385567173],[-70.8932810868275,41.1003963132086],[-70.89324995190691,41.099828363454044],[-70.89267074267374,41.10015857445792]]]},"properties":{"kind":"block"}},{"type":"Feature","geometry":{"type":"Polygon","coordinates":[[[-70.89323221274516,41.0995047733379],[-70.89236674923842,41.09971548746071],[-70.89261518935471,41.100077602468225],[-70.89324396396013,41.09971913391873],[-70.89323221274516,41.0995047733379]]]},"properties":{"kind":"block"}},{"type":"Feature","geometry":{"type":"Polygon","coordinates":[[[-70.89395028201554,41.10018174571089],[-70.89386105803915,41.099916720507665],[-70.89337312314625,41.09989878646293],[-70.89339833656928,41.10035871882037],[-70.89395028201554,41.10018174571089]]]},"properties":{"kind":"block"}},{"type":"Feature","geometry":{"type":"Polygon","coordinates":[[[-70.89383039983873,41.09982565534643],[-70.89368523785566,41.099394475459334],[-70.89334995194395,41.099476107412876],[-70.89336818278669,41.09980866656082],[-70.89383039983873,41.09982565534643]]]},"properties":{"kind":"block"}},{"type":"Feature","geometry":{"type":"Polygon","coordinates":[[[-70.89240236797745,41.10067806135654],[-70.89280449379842,41.10054912568469],[-70.89271859486604,41.100423923309926],[-70.89224552572549,41.100439314156105],[-70.89240236797745,41.10067806135654]]]},"properties":{"kind":"block"}},{"type":"Feature","geometry":{"type":"Polygon","coordinates":[[[-70.89196553418374,41.10081812562434],[-70.89229249481568,41.10071329055395],[-70.89216354500594,41.100517001571326],[-70.89208709636004,41.10044446850202],[-70.89206823362302,41.100445082182894],[-70.89196316657646,41.10075282367544],[-70.89196553418374,41.10081812562434]]]},"properties":{"kind":"block"}},{"type":"Feature","geometry":{"type":"Polygon","coordinates":[[[-70.89225175870658,41.09974348416867],[-70.89211293877713,41.099777282612436],[-70.8922335996934,41.10034978694746],[-70.89265825267218,41.100335971274205],[-70.89225175870658,41.09974348416867]]]},"properties":{"kind":"block"}},{"type":"Feature","geometry":{"type":"Polygon","coordinates":[[[-70.89199812708961,41.099805235777225],[-70.89192941706666,41.09982196458451],[-70.8919381830583,41.1000637430001],[-70.89196341941606,41.10035857700103],[-70.89206945568921,41.10035512721361],[-70.89207967705481,41.10019216892879],[-70.89199812708961,41.099805235777225]]]},"properties":{"kind":"block"}},{"type":"Feature","geometry":{"type":"Polygon","coordinates":[[[-70.89317179129368,41.10164544512966],[-70.89360147788068,41.10157101207346],[-70.89279232161763,41.10065065366391],[-70.89248735671069,41.10074843613178],[-70.89317179129368,41.10164544512966]]]},"properties":{"kind":"block"}},{"type":"Feature","geometry":{"type":"Polygon","coordinates":[[[-70.89267454325864,41.10117397795397],[-70.8923768760714,41.10078386010784],[-70.89190041225376,41.1009366311542],[-70.89189995915483,41.100937958281456],[-70.89235772310737,41.10137309247793],[-70.89267454325864,41.10117397795397]]]},"properties":{"kind":"block"}},{"type":"Feature","geometry":{"type":"Polygon","coordinates":[[[-70.89183083559865,41.101140421251905],[-70.8919943873952,41.101601441012804],[-70.89226614639412,41.10143064643587],[-70.89186268602934,41.101047131306146],[-70.89183083559865,41.101140421251905]]]},"properties":{"kind":"block"}},{"type":"Feature","geometry":{"type":"Polygon","coordinates":[[[-70.892077261519,41.10183504657107],[-70.89305033498383,41.101666484567744],[-70.89273486792254,41.101253038491905],[-70.89202831946376,41.10169708871868],[-70.892077261519,41.10183504657107]]]},"properties":{"kind":"block"}},{"type":"Feature","geometry":{"type":"Polygon","coordinates":[[[-70.89324002407514,41.100507104520496],[-70.89290387322164,41.10061488629893],[-70.89333873270424,41.101109508413415],[-70.89361185185749,41.10099161398613],[-70.89360449911267,41.100901582192265],[-70.89324002407514,41.100507104520496]]]},"properties":{"kind":"block"}},{"type":"Feature","geometry":{"type":"Polygon","coordinates":[[[-70.89414539742619,41.10076130407012],[-70.89397994655563,41.10026985936695],[-70.89335208375066,41.100471174249925],[-70.89370271409224,41.10085066756649],[-70.89383028829066,41.10089732386449],[-70.89414539742619,41.10076130407012]]]},"properties":{"kind":"block"}},{"type":"Feature","geometry":{"type":"Polygon","coordinates":[[[-70.8937255756307,41.101549515068236],[-70.89437300122704,41.101437363869515],[-70.89417582833656,41.10085169410351],[-70.89340471099779,41.101184554087645],[-70.8937255756307,41.101549515068236]]]},"properties":{"kind":"block"}},{"type":"Feature","geometry":{"type":"Polygon","coordinates":[[[-70.89194991601381,41.09972256988334],[-70.89260581496922,41.099562878374726],[-70.89248420982851,41.09906591321092],[-70.89200705363723,41.09909387958566],[-70.89194991601381,41.09972256988334]]]},"properties":{"kind":"block"}},{"type":"Feature","geometry":{"type":"Polygon","coordinates":[[[-70.8923200489047,41.09839503482601],[-70.89225926613972,41.09840044112382],[-70.89214843901796,41.09852374957403],[-70.89206059659318,41.09872575348874],[-70.89207821320859,41.098999606054115],[-70.89246247380304,41.09897708433905],[-70.8923200489047,41.09839503482601]]]},"properties":{"kind":"block"}},{"type":"Feature","geometry":{"type":"Polygon","coordinates":[[[-70.89365586339005,41.099307223421995],[-70.89350985530305,41.098873530321846],[-70.89319872474074,41.09889016533681],[-70.8931752825638,41.09902186537542],[-70.89342254821186,41.099364028593705],[-70.89365586339005,41.099307223421995]]]},"properties":{"kind":"block"}},{"type":"Feature","geometry":{"type":"Polygon","coordinates":[[[-70.89265440195814,41.099266053673176],[-70.8927202179624,41.09953502471461],[-70.89330711862178,41.099392132199036],[-70.8931619199574,41.09919120804039],[-70.89265440195814,41.099266053673176]]]},"properties":{"kind":"block"}},{"type":"Feature","geometry":{"type":"Polygon","coordinates":[[[-70.89297388110425,41.0989310021458],[-70.8929020317218,41.09890602842906],[-70.89257064097677,41.09892374668201],[-70.89262158552587,41.09913194237207],[-70.89271277234535,41.09916590996125],[-70.89310214206196,41.09910848811045],[-70.89297388110425,41.0989310021458]]]},"properties":{"kind":"block"}},{"type":"Feature","geometry":{"type":"Polygon","coordinates":[[[-70.89348007248668,41.09878506534547],[-70.89331885539775,41.09830619639694],[-70.89302257691935,41.09833254876326],[-70.89323472488695,41.09879818318565],[-70.89348007248668,41.09878506534547]]]},"properties":{"kind":"block"}},{"type":"Feature","geometry":{"type":"Polygon","coordinates":[[[-70.89290144634793,41.098343322671674],[-70.89243868551571,41.09838448274188],[-70.89254888892854,41.09883485232979],[-70.89311168289146,41.09880476179182],[-70.89290144634793,41.098343322671674]]]},"properties":{"kind":"block"}},{"type":"Feature","geometry":{"type":"Polygon","coordinates":[[[-70.89448920952438,41.1014172335257],[-70.89506285360177,41.10131786323314],[-70.89500934106373,41.100977994667105],[-70.89433561146492,41.10096099565588],[-70.89448920952438,41.1014172335257]]]},"properties":{"kind":"block"}},{"type":"Feature","geometry":{"type":"Polygon","coordinates":[[[-70.8944593028458,41.10031737711117],[-70.89411907068813,41.10031779675688],[-70.89430509239347,41.1008703437544],[-70.89465523527807,41.100879178282135],[-70.8944593028458,41.10031737711117]]]},"properties":{"kind":"block"}},{"type":"Feature","geometry":{"type":"Polygon","coordinates":[[[-70.89493070877728,41.100886128811126],[-70.89496826485433,41.10071711164996],[-70.89490523977643,41.100316827088136],[-70.89458250696006,41.10031722514999],[-70.89477958662904,41.10088231581686],[-70.89493070877728,41.100886128811126]]]},"properties":{"kind":"block"}},{"type":"Feature","geometry":{"type":"Polygon","coordinates":[[[-70.89517971149058,41.10129762036294],[-70.89566910332663,41.10121284478199],[-70.8958872899588,41.1010555545207],[-70.8958872899588,41.10081914897385],[-70.8951255153885,41.10095341034841],[-70.89517971149058,41.10129762036294]]]},"properties":{"kind":"block"}},{"type":"Feature","geometry":{"type":"Polygon","coordinates":[[[-70.8958872899588,41.10072689313951],[-70.8958872899588,41.10031561581771],[-70.89502526161061,41.10031667905202],[-70.89511138185544,41.10086364552342],[-70.8958872899588,41.10072689313951]]]},"properties":{"kind":"block"}},{"type":"Feature","geometry":{"type":"Polygon","coordinates":[[[-70.89466888258887,41.09979675222273],[-70.89447729643366,41.099641678125394],[-70.89389870035531,41.09966322278915],[-70.89408884031772,41.10022800239458],[-70.8945767428614,41.10022740061075],[-70.89466888258887,41.09979675222273]]]},"properties":{"kind":"block"}},{"type":"Feature","geometry":{"type":"Polygon","coordinates":[[[-70.8958872899588,41.10022578416898],[-70.8958872899588,41.09976374840601],[-70.8957570343848,41.09959402566994],[-70.89545322314558,41.09960533841684],[-70.89530006894918,41.10022650845318],[-70.8958872899588,41.10022578416898]]]},"properties":{"kind":"block"}},{"type":"Feature","geometry":{"type":"Polygon","coordinates":[[[-70.89533085055857,41.09960989509522],[-70.89488903934063,41.09962634642368],[-70.89482260277386,41.09964264691391],[-70.89480183982016,41.09973969009803],[-70.89526736535079,41.09986738140479],[-70.89533085055857,41.09960989509522]]]},"properties":{"kind":"block"}},{"type":"Feature","geometry":{"type":"Polygon","coordinates":[[[-70.89478251999233,41.099829988310766],[-70.89469752319256,41.10022725163909],[-70.89517878296202,41.10022665804852],[-70.89522976218458,41.10001989410552],[-70.89513725276275,41.099927289721805],[-70.89478251999233,41.099829988310766]]]},"properties":{"kind":"block"}},{"type":"Feature","geometry":{"type":"Polygon","coordinates":[[[-70.89360936546643,41.098803800906936],[-70.89377006269098,41.09928112568347],[-70.89472328798671,41.09889300916894],[-70.89489792522954,41.09880987199781],[-70.89360936546643,41.098803800906936]]]},"properties":{"kind":"block"}},{"type":"Feature","geometry":{"type":"Polygon","coordinates":[[[-70.89458998888117,41.098193135956706],[-70.89407595062863,41.09823885687578],[-70.89419873723858,41.09857689814515],[-70.8944371198822,41.098717867614326],[-70.89486736405479,41.09871989472362],[-70.89458998888117,41.098193135956706]]]},"properties":{"kind":"block"}},{"type":"Feature","geometry":{"type":"Polygon","coordinates":[[[-70.89395622469887,41.098249505848926],[-70.89343826518129,41.09829557554329],[-70.89357907394422,41.09871382490322],[-70.89412581481864,41.09871640089048],[-70.89395622469887,41.098249505848926]]]},"properties":{"kind":"block"}},{"type":"Feature","geometry":{"type":"Polygon","coordinates":[[[-70.89461749469278,41.09954651655693],[-70.89528946247268,41.099521495094784],[-70.8949612646985,41.09889821993797],[-70.89457338899847,41.099056147938235],[-70.89461749469278,41.09954651655693]]]},"properties":{"kind":"block"}},{"type":"Feature","geometry":{"type":"Polygon","coordinates":[[[-70.89380029385815,41.09937092241243],[-70.8938687954607,41.099574395199404],[-70.894498411032,41.0995509507685],[-70.89445812757691,41.099103077936206],[-70.89380029385815,41.09937092241243]]]},"properties":{"kind":"block"}},{"type":"Feature","geometry":{"type":"Polygon","coordinates":[[[-70.8958872899588,41.099499234328334],[-70.8958872899588,41.09879728215821],[-70.89523988926756,41.09918379201896],[-70.89541524714362,41.09951681136369],[-70.8958872899588,41.099499234328334]]]},"properties":{"kind":"block"}},{"type":"Feature","geometry":{"type":"Polygon","coordinates":[[[-70.8958872899588,41.09868267474322],[-70.8958872899588,41.09840538902056],[-70.89584731619307,41.098366833637655],[-70.89491456010226,41.098565964591515],[-70.89519397471229,41.09909659641958],[-70.8958872899588,41.09868267474322]]]},"properties":{"kind":"block"}},{"type":"Feature","geometry":{"type":"Polygon","coordinates":[[[-70.89557627632021,41.0981054110297],[-70.8947125019019,41.09818223908692],[-70.89487036422214,41.09848203290069],[-70.89576805760215,41.098290387366774],[-70.89557627632021,41.0981054110297]]]},"properties":{"kind":"block"}},{"type":"Feature","geometry":{"type":"Polygon","coordinates":[[[-70.89259502324333,41.098280122237284],[-70.89306846835733,41.09823801185807],[-70.89287467235559,41.09797855328362],[-70.8926894515185,41.09809526815772],[-70.89261670811214,41.09814323089585],[-70.8925524637968,41.09819099872026],[-70.89259502324333,41.098280122237284]]]},"properties":{"kind":"block"}},{"type":"Feature","geometry":{"type":"Polygon","coordinates":[[[-70.89318667290756,41.098213122684534],[-70.89317843172874,41.097725570361284],[-70.89295353884597,41.09789278583676],[-70.89295086102398,41.09789512301222],[-70.89301585531418,41.09798442813523],[-70.89318667290756,41.098213122684534]]]},"properties":{"kind":"block"}},{"type":"Feature","geometry":{"type":"Polygon","coordinates":[[[-70.89329586237291,41.09761979061775],[-70.89330595522189,41.09821688868745],[-70.89392216296993,41.09816208034499],[-70.89383212429226,41.09756876876066],[-70.89329586237291,41.09761979061775]]]},"properties":{"kind":"block"}},{"type":"Feature","geometry":{"type":"Polygon","coordinates":[[[-70.89404055092844,41.098151550377146],[-70.89428846009513,41.098129500199185],[-70.89434955708903,41.097519538372936],[-70.89395040246488,41.09755751535668],[-70.89404055092844,41.098151550377146]]]},"properties":{"kind":"block"}},{"type":"Feature","geometry":{"type":"Polygon","coordinates":[[[-70.89437850520027,41.097230534910345],[-70.89372111784483,41.097103801963314],[-70.89349901838018,41.097353397412064],[-70.89338773836323,41.097520504505496],[-70.89435871378838,41.09742812246681],[-70.89437850520027,41.097230534910345]]]},"properties":{"kind":"block"}},{"type":"Feature","geometry":{"type":"Polygon","coordinates":[[[-70.89530165537931,41.097840534420165],[-70.89528895468055,41.09804051162343],[-70.89549041168313,41.09802259311393],[-70.89530165537931,41.097840534420165]]]},"properties":{"kind":"block"}},{"type":"Feature","geometry":{"type":"Polygon","coordinates":[[[-70.8958872899588,41.097836337723955],[-70.8958872899588,41.097521402596364],[-70.89547920250382,41.09744273037155],[-70.8958872899588,41.097836337723955]]]},"properties":{"kind":"block"}},{"type":"Feature","geometry":{"type":"Polygon","coordinates":[[[-70.89563475261585,41.097738671712456],[-70.89532697815376,41.09744181796288],[-70.8953103873705,41.09770304598662],[-70.8954562704853,41.09784375275395],[-70.89563475261585,41.097738671712456]]]},"properties":{"kind":"block"}},{"type":"Feature","geometry":{"type":"Polygon","coordinates":[[[-70.89445578173495,41.09765255300281],[-70.89440908283514,41.098118771459625],[-70.89516893124204,41.09805118705837],[-70.89518497655358,41.09779854768887],[-70.89445578173495,41.09765255300281]]]},"properties":{"kind":"block"}},{"type":"Feature","geometry":{"type":"Polygon","coordinates":[[[-70.89521086029363,41.097390998620355],[-70.89449578853575,41.09725314511516],[-70.89446490886738,41.09756143227812],[-70.89501893220192,41.097672355258815],[-70.89519607441376,41.09762380777229],[-70.89521086029363,41.097390998620355]]]},"properties":{"kind":"block"}},{"type":"Feature","geometry":{"type":"Polygon","coordinates":[[[-70.8958872899588,41.09669055239671],[-70.8958872899588,41.09616590985102],[-70.89575437954703,41.096239379882704],[-70.89546770506169,41.096413131045416],[-70.89550683456082,41.0967058570389],[-70.8958872899588,41.09669055239671]]]},"properties":{"kind":"block"}},{"type":"Feature","geometry":{"type":"Polygon","coordinates":[[[-70.894947616248,41.0967283528064],[-70.89538766312839,41.09671065096781],[-70.89536803744667,41.09656383214032],[-70.8952809208549,41.09657140089976],[-70.89521192683718,41.09658961308655],[-70.8951041179705,41.09663349833682],[-70.894947616248,41.0967283528064]]]},"properties":{"kind":"block"}},{"type":"Feature","geometry":{"type":"Polygon","coordinates":[[[-70.8958872899588,41.09742867800442],[-70.8958872899588,41.09694862696427],[-70.89576971148833,41.09678524167912],[-70.89546670955013,41.096797430588175],[-70.89528902173771,41.097313342207116],[-70.8958872899588,41.09742867800442]]]},"properties":{"kind":"block"}},{"type":"Feature","geometry":{"type":"Polygon","coordinates":[[[-70.89534182069556,41.096802454512776],[-70.89473786384474,41.09682674998485],[-70.89469806513085,41.09719941596297],[-70.89509910602641,41.09727672973263],[-70.89519959102803,41.097215414394675],[-70.89534182069556,41.096802454512776]]]},"properties":{"kind":"block"}},{"type":"Feature","geometry":{"type":"Polygon","coordinates":[[[-70.89375463270743,41.097017538459],[-70.89392324354085,41.09705004372039],[-70.89401880490661,41.096824363473715],[-70.89389714025889,41.09689204738631],[-70.89375463270743,41.097017538459]]]},"properties":{"kind":"block"}},{"type":"Feature","geometry":{"type":"Polygon","coordinates":[[[-70.89403893047718,41.09707234616696],[-70.89458088329862,41.09717682532624],[-70.89461974172423,41.096812963990644],[-70.89421093617047,41.09672424509029],[-70.89418493339646,41.09673194364267],[-70.89418249513069,41.09673330008738],[-70.89403893047718,41.09707234616696]]]},"properties":{"kind":"block"}},{"type":"Feature","geometry":{"type":"Polygon","coordinates":[[[-70.8915323521129,41.10192943926025],[-70.89196101032465,41.10185518434577],[-70.89179820521865,41.10139626935599],[-70.89164140146511,41.10143317912877],[-70.89159109909673,41.101503239878156],[-70.89151523902464,41.10175471337024],[-70.8915323521129,41.10192943926025]]]},"properties":{"kind":"block"}},{"type":"Feature","geometry":{"type":"Polygon","coordinates":[[[-70.90678345072452,41.100880348978436],[-70.90688181035134,41.101036991006794],[-70.90728710582844,41.1008993364228],[-70.90727518311549,41.100880348978436],[-70.90678345072452,41.100880348978436]]]},"properties":{"kind":"block"}},{"type":"Feature","geometry":{"type":"Polygon","coordinates":[[[-70.90780719230129,41.100880348978436],[-70.9069627179451,41.10116716630741],[-70.90734647703026,41.10179082386785],[-70.90824693494214,41.10147697942329],[-70.90844642526295,41.10139317994607],[-70.90853650569743,41.10129093104211],[-70.90874571619706,41.100880348978436],[-70.90780719230129,41.100880348978436]]]},"properties":{"kind":"block"}},{"type":"Feature","geometry":{"type":"Polygon","coordinates":[[[-70.90836211752188,41.10159519357523],[-70.90742817407317,41.101920709025805],[-70.90785634790299,41.10258712245902],[-70.90788809586256,41.10256345535886],[-70.90822610706995,41.10190009793025],[-70.9083516505537,41.10164365615147],[-70.90836211752188,41.10159519357523]]]},"properties":{"kind":"block"}},{"type":"Feature","geometry":{"type":"Polygon","coordinates":[[[-70.90323273765028,41.100880348978436],[-70.90343056539825,41.10121799053422],[-70.90442177615918,41.100880348978436],[-70.90323273765028,41.100880348978436]]]},"properties":{"kind":"block"}},{"type":"Feature","geometry":{"type":"Polygon","coordinates":[[[-70.90488483088654,41.100880348978436],[-70.90350963025469,41.10134879110917],[-70.9039497179113,41.102055059761824],[-70.90670824689529,41.10109662561637],[-70.9065724411373,41.100880348978436],[-70.90488483088654,41.100880348978436]]]},"properties":{"kind":"block"}},{"type":"Feature","geometry":{"type":"Polygon","coordinates":[[[-70.90678916126828,41.101226784604115],[-70.90403043461998,41.102185287426835],[-70.90420342629709,41.10246586902724],[-70.90475729569957,41.10227658301212],[-70.90679714461221,41.10123975855833],[-70.90678916126828,41.101226784604115]]]},"properties":{"kind":"block"}},{"type":"Feature","geometry":{"type":"Polygon","coordinates":[[[-70.90555659840248,41.10241532361784],[-70.9071733795834,41.101851188471926],[-70.9068784088891,41.101371823394416],[-70.90532796322276,41.10215989155534],[-70.90555659840248,41.10241532361784]]]},"properties":{"kind":"block"}},{"type":"Feature","geometry":{"type":"Polygon","coordinates":[[[-70.9049303887595,41.103575564363425],[-70.90497994719819,41.10364868461433],[-70.90769631396475,41.10266786947719],[-70.90745502720972,41.102292328695356],[-70.9049303887595,41.103575564363425]]]},"properties":{"kind":"block"}},{"type":"Feature","geometry":{"type":"Polygon","coordinates":[[[-70.90725504992683,41.10198108233143],[-70.90566463168138,41.1025360187938],[-70.90596790708894,41.10287483919297],[-70.90737105821363,41.102161638627265],[-70.90725504992683,41.10198108233143]]]},"properties":{"kind":"block"}},{"type":"Feature","geometry":{"type":"Polygon","coordinates":[[[-70.90592334858668,41.10346742328882],[-70.90506439480667,41.103777570975765],[-70.90509586345345,41.10382724765622],[-70.90592334858668,41.10346742328882]]]},"properties":{"kind":"block"}},{"type":"Feature","geometry":{"type":"Polygon","coordinates":[[[-70.90242751335337,41.100880348978436],[-70.90203031212876,41.101021500822235],[-70.90215162189409,41.101671949487084],[-70.90325739307332,41.101278282654434],[-70.90302423953634,41.100880348978436],[-70.90242751335337,41.100880348978436]]]},"properties":{"kind":"block"}},{"type":"Feature","geometry":{"type":"Polygon","coordinates":[[[-70.9017642930032,41.10223264158865],[-70.9017642930032,41.1028663667064],[-70.90377758217046,41.10211697289618],[-70.90372055923552,41.10202546041946],[-70.9017642930032,41.10223264158865]]]},"properties":{"kind":"block"}},{"type":"Feature","geometry":{"type":"Polygon","coordinates":[[[-70.90333648715286,41.10140908759402],[-70.90217942292219,41.10182101532321],[-70.9022201191504,41.102039223702704],[-70.90363571715888,41.10188930277392],[-70.90333648715286,41.10140908759402]]]},"properties":{"kind":"block"}},{"type":"Feature","geometry":{"type":"Polygon","coordinates":[[[-70.90385831126206,41.10224723223132],[-70.9017642930032,41.10302667531739],[-70.9017642930032,41.10346103482303],[-70.90199300421088,41.103681630707136],[-70.90408659312088,41.10261749102276],[-70.90385831126206,41.10224723223132]]]},"properties":{"kind":"block"}},{"type":"Feature","geometry":{"type":"Polygon","coordinates":[[[-70.9017642930032,41.104117632472956],[-70.9017642930032,41.10425397098403],[-70.9020627030306,41.10472653295551],[-70.90230334824041,41.10463756049853],[-70.9017642930032,41.104117632472956]]]},"properties":{"kind":"block"}},{"type":"Feature","geometry":{"type":"Polygon","coordinates":[[[-70.90268952152677,41.10449478272982],[-70.90431911418897,41.10389228221406],[-70.90410989416148,41.103658540830956],[-70.90268952152677,41.10449478272982]]]},"properties":{"kind":"block"}},{"type":"Feature","geometry":{"type":"Polygon","coordinates":[[[-70.90372093277881,41.10322399174568],[-70.90212083949272,41.1038049300299],[-70.90266309498514,41.104327944756534],[-70.90400297640417,41.10353909191981],[-70.90372093277881,41.10322399174568]]]},"properties":{"kind":"block"}},{"type":"Feature","geometry":{"type":"Polygon","coordinates":[[[-70.90499884753832,41.10400773892935],[-70.90425009458383,41.104077898548624],[-70.90214554468528,41.10485600244461],[-70.90258947570166,41.10554066431423],[-70.90372166953075,41.105157290609654],[-70.90534621328229,41.10455609352426],[-70.90499884753832,41.10400773892935]]]},"properties":{"kind":"block"}},{"type":"Feature","geometry":{"type":"Polygon","coordinates":[[[-70.90197395644081,41.104918767175576],[-70.9017642930032,41.10499463284178],[-70.9017642930032,41.10582008055899],[-70.90204797268888,41.10572402339173],[-70.90238131010946,41.10554701686773],[-70.90197395644081,41.104918767175576]]]},"properties":{"kind":"block"}},{"type":"Feature","geometry":{"type":"LineString","coordinates":[[-70.90166892581384,41.09631237180973],[-70.90165517577958,41.096310739297714],[-70.90154954944472,41.09683080683839],[-70.90166892581384,41.09684301729427],[-70.90166892581384,41.09631237180973]]},"properties":{"kind":"centerline","cls":"grid"}},{"type":"Feature","geometry":{"type":"LineString","coordinates":[[-70.90166892581384,41.09684301729427],[-70.90154954944472,41.09683080683839],[-70.90146164006909,41.097376866028306],[-70.90166892581384,41.09739855339711],[-70.90166892581384,41.09684301729427]]},"properties":{"kind":"centerline","cls":"grid"}},{"type":"Feature","geometry":{"type":"LineString","coordinates":[[-70.90166892581384,41.09739855339711],[-70.90146164006909,41.097376866028306],[-70.90134393772883,41.09800765776428],[-70.90166892581384,41.09804654089508],[-70.90166892581384,41.09739855339711]]},"properties":{"kind":"centerline","cls":"grid"}},{"type":"Feature","geometry":{"type":"LineString","coordinates":[[-70.90166892581384,41.09804654089508],[-70.90134393772883,41.09800765776428],[-70.9012278515568,41.098601390597054],[-70.90166892581384,41.09864876436368],[-70.90166892581384,41.09804654089508]]},"properties":{"kind":"centerline","cls":"grid"}},{"type":"Feature","geometry":{"type":"LineString","coordinates":[[-70.90166892581384,41.09864876436368],[-70.9012278515568,41.098601390597054],[-70.9011529293998,41.09913631783482],[-70.90166892581384,41.09919849095937],[-70.90166892581384,41.09864876436368]]},"properties":{"kind":"centerline","cls":"grid"}},{"type":"Feature","geometry":{"type":"LineString","coordinates":[[-70.90166892581384,41.09919849095937],[-70.9011529293998,41.09913631783482],[-70.90104927261223,41.09966096322399],[-70.90166892581384,41.09972885905418],[-70.90166892581384,41.09919849095937]]},"properties":{"kind":"centerline","cls":"grid"}},{"type":"Feature","geometry":{"type":"LineString","coordinates":[[-70.90166892581384,41.09972885905418],[-70.90104927261223,41.09966096322399],[-70.90091501299848,41.10029705269571],[-70.90105858584401,41.10031166471922],[-70.90166892581384,41.10024702579306],[-70.90166892581384,41.09972885905418]]},"properties":{"kind":"centerline","cls":"grid"}},{"type":"Feature","geometry":{"type":"LineString","coordinates":[[-70.90059600613185,41.102283799194836],[-70.90166892581384,41.102406170443025],[-70.90166892581384,41.10217017010362],[-70.90059600613185,41.102283799194836]]},"properties":{"kind":"centerline","cls":"grid"}},{"type":"Feature","geometry":{"type":"LineString","coordinates":[[-70.90048272713159,41.1027648117292],[-70.90046218742914,41.102912262930694],[-70.90065683214331,41.10293273900035],[-70.90048272713159,41.1027648117292]]},"properties":{"kind":"centerline","cls":"grid"}},{"type":"Feature","geometry":{"type":"LineString","coordinates":[[-70.90166892581384,41.102406170443025],[-70.90059600613185,41.102283799194836],[-70.90054903846784,41.10228877337237],[-70.90053468860039,41.102391788749685],[-70.90114924556885,41.10298453949053],[-70.90166892581384,41.10303920837246],[-70.90166892581384,41.102406170443025]]},"properties":{"kind":"centerline","cls":"grid"}},{"type":"Feature","geometry":{"type":"LineString","coordinates":[[-70.90065683214331,41.10293273900035],[-70.90046218742914,41.102912262930694],[-70.90036968094745,41.10344971732721],[-70.90130508070345,41.10355798585945],[-70.90065683214331,41.10293273900035]]},"properties":{"kind":"centerline","cls":"grid"}},{"type":"Feature","geometry":{"type":"LineString","coordinates":[[-70.90166892581384,41.10303920837246],[-70.90114924556885,41.10298453949053],[-70.90166892581384,41.103485780003645],[-70.90166892581384,41.10303920837246]]},"properties":{"kind":"centerline","cls":"grid"}},{"type":"Feature","geometry":{"type":"LineString","coordinates":[[-70.90130508070345,41.10355798585945],[-70.90036968094745,41.10344971732721],[-70.90022570160512,41.104054287399535],[-70.90166892581384,41.10422242713458],[-70.90166892581384,41.10390892071138],[-70.90130508070345,41.10355798585945]]},"properties":{"kind":"centerline","cls":"grid"}},{"type":"Feature","geometry":{"type":"LineString","coordinates":[[-70.90166892581384,41.10422242713458],[-70.90022570160512,41.104054287399535],[-70.90013052628912,41.104588281757735],[-70.90166892581384,41.104745174879014],[-70.90166892581384,41.10422242713458]]},"properties":{"kind":"centerline","cls":"grid"}},{"type":"Feature","geometry":{"type":"LineString","coordinates":[[-70.90166892581384,41.104745174879014],[-70.90013052628912,41.104588281757735],[-70.90004796263874,41.10512532704439],[-70.90166892581384,41.10529858825029],[-70.90166892581384,41.104745174879014]]},"properties":{"kind":"centerline","cls":"grid"}},{"type":"Feature","geometry":{"type":"LineString","coordinates":[[-70.90166892581384,41.10529858825029],[-70.90004796263874,41.10512532704439],[-70.89994062235992,41.1057940656904],[-70.90166892581384,41.105985196383095],[-70.90166892581384,41.10529858825029]]},"properties":{"kind":"centerline","cls":"grid"}},{"type":"Feature","geometry":{"type":"LineString","coordinates":[[-70.90076896601548,41.105885671071576],[-70.90016584885359,41.105818973177364],[-70.90058771682928,41.10590214928255],[-70.90076896601548,41.105885671071576]]},"properties":{"kind":"centerline","cls":"grid"}},{"type":"Feature","geometry":{"type":"LineString","coordinates":[[-70.89949232189595,41.09529565089198],[-70.89946105351272,41.09550953782398],[-70.90143114248332,41.095698242077894],[-70.90142584744737,41.09569605931096],[-70.90069788067282,41.09544579719871],[-70.90062951689295,41.09542802249489],[-70.90018995374106,41.09537337145121],[-70.8997326538451,41.095320850895185],[-70.89949232189595,41.09529565089198]]},"properties":{"kind":"centerline","cls":"grid"}},{"type":"Feature","geometry":{"type":"LineString","coordinates":[[-70.90143260389671,41.09569838205884],[-70.89946105351272,41.09550953782398],[-70.89933909230999,41.09606385528872],[-70.90165517577958,41.096310739297714],[-70.90166892581384,41.096240974607376],[-70.90166892581384,41.0957796253576],[-70.90143260389671,41.09569838205884]]},"properties":{"kind":"centerline","cls":"grid"}},{"type":"Feature","geometry":{"type":"LineString","coordinates":[[-70.90165517577958,41.096310739297714],[-70.89933909230999,41.09606385528872],[-70.89923826838066,41.096563181323866],[-70.90154954944472,41.09683080683839],[-70.90165517577958,41.096310739297714]]},"properties":{"kind":"centerline","cls":"grid"}},{"type":"Feature","geometry":{"type":"LineString","coordinates":[[-70.90154954944472,41.09683080683839],[-70.89923826838066,41.096563181323866],[-70.89914981037664,41.09711913452909],[-70.90146164006909,41.097376866028306],[-70.90154954944472,41.09683080683839]]},"properties":{"kind":"centerline","cls":"grid"}},{"type":"Feature","geometry":{"type":"LineString","coordinates":[[-70.90146164006909,41.097376866028306],[-70.89914981037664,41.09711913452909],[-70.89903274021158,41.09776882918126],[-70.90134393772883,41.09800765776428],[-70.90146164006909,41.097376866028306]]},"properties":{"kind":"centerline","cls":"grid"}},{"type":"Feature","geometry":{"type":"LineString","coordinates":[[-70.90134393772883,41.09800765776428],[-70.89903274021158,41.09776882918126],[-70.89892049503861,41.09833417442289],[-70.9012278515568,41.098601390597054],[-70.90134393772883,41.09800765776428]]},"properties":{"kind":"centerline","cls":"grid"}},{"type":"Feature","geometry":{"type":"LineString","coordinates":[[-70.9012278515568,41.098601390597054],[-70.89892049503861,41.09833417442289],[-70.89881047669515,41.098893961147844],[-70.9011529293998,41.09913631783482],[-70.9012278515568,41.098601390597054]]},"properties":{"kind":"centerline","cls":"grid"}},{"type":"Feature","geometry":{"type":"LineString","coordinates":[[-70.9011529293998,41.09913631783482],[-70.89881047669515,41.098893961147844],[-70.89872943919312,41.09938403178147],[-70.90104927261223,41.09966096322399],[-70.9011529293998,41.09913631783482]]},"properties":{"kind":"centerline","cls":"grid"}},{"type":"Feature","geometry":{"type":"LineString","coordinates":[[-70.90104927261223,41.09966096322399],[-70.89872943919312,41.09938403178147],[-70.898630159373,41.10004501417837],[-70.90091501299848,41.10029705269571],[-70.90104927261223,41.09966096322399]]},"properties":{"kind":"centerline","cls":"grid"}},{"type":"Feature","geometry":{"type":"LineString","coordinates":[[-70.90091501299848,41.10029705269571],[-70.898630159373,41.10004501417837],[-70.89854318859803,41.100470952826655],[-70.89864325050962,41.10056746425728],[-70.90091055911276,41.1003273417016],[-70.90091501299848,41.10029705269571]]},"properties":{"kind":"centerline","cls":"grid"}},{"type":"Feature","geometry":{"type":"LineString","coordinates":[[-70.89847799591146,41.10083121406961],[-70.89840506200397,41.10132947555351],[-70.89872347584428,41.10136368714411],[-70.89865623023967,41.10100312413736],[-70.89847799591146,41.10083121406961]]},"properties":{"kind":"centerline","cls":"grid"}},{"type":"Feature","geometry":{"type":"LineString","coordinates":[[-70.89872347584428,41.10136368714411],[-70.89840506200397,41.10132947555351],[-70.89828495082686,41.10201385789995],[-70.89885720580001,41.10208073140607],[-70.89872347584428,41.10136368714411]]},"properties":{"kind":"centerline","cls":"grid"}},{"type":"Feature","geometry":{"type":"LineString","coordinates":[[-70.89885720580001,41.10208073140607],[-70.89828495082686,41.10201385789995],[-70.89817287357087,41.1026476564251],[-70.8989803444993,41.1027409865991],[-70.89885720580001,41.10208073140607]]},"properties":{"kind":"centerline","cls":"grid"}},{"type":"Feature","geometry":{"type":"LineString","coordinates":[[-70.89892802381281,41.102460449244475],[-70.8989803444993,41.1027409865991],[-70.90046218742914,41.102912262930694],[-70.90048272713159,41.1027648117292],[-70.90004456828869,41.10234220000716],[-70.89892802381281,41.102460449244475]]},"properties":{"kind":"centerline","cls":"grid"}},{"type":"Feature","geometry":{"type":"LineString","coordinates":[[-70.90053468860039,41.102391788749685],[-70.90054903846784,41.10228877337237],[-70.90043987040374,41.10230033497211],[-70.90053468860039,41.102391788749685]]},"properties":{"kind":"centerline","cls":"grid"}},{"type":"Feature","geometry":{"type":"LineString","coordinates":[[-70.90046218742914,41.102912262930694],[-70.89817287357087,41.1026476564251],[-70.89807700697686,41.10320520810856],[-70.90036968094745,41.10344971732721],[-70.90046218742914,41.102912262930694]]},"properties":{"kind":"centerline","cls":"grid"}},{"type":"Feature","geometry":{"type":"LineString","coordinates":[[-70.90036968094745,41.10344971732721],[-70.89807700697686,41.10320520810856],[-70.89795517391745,41.10381946875695],[-70.90022570160512,41.104054287399535],[-70.90036968094745,41.10344971732721]]},"properties":{"kind":"centerline","cls":"grid"}},{"type":"Feature","geometry":{"type":"LineString","coordinates":[[-70.90022570160512,41.104054287399535],[-70.89795517391745,41.10381946875695],[-70.89782869229123,41.104332279135924],[-70.90013052628912,41.104588281757735],[-70.90022570160512,41.104054287399535]]},"properties":{"kind":"centerline","cls":"grid"}},{"type":"Feature","geometry":{"type":"LineString","coordinates":[[-70.90013052628912,41.104588281757735],[-70.89782869229123,41.104332279135924],[-70.8977668565835,41.104872980445016],[-70.90004796263874,41.10512532704439],[-70.90013052628912,41.104588281757735]]},"properties":{"kind":"centerline","cls":"grid"}},{"type":"Feature","geometry":{"type":"LineString","coordinates":[[-70.90004796263874,41.10512532704439],[-70.8977668565835,41.104872980445016],[-70.89763449447453,41.10554018466562],[-70.89994062235992,41.1057940656904],[-70.90004796263874,41.10512532704439]]},"properties":{"kind":"centerline","cls":"grid"}},{"type":"Feature","geometry":{"type":"LineString","coordinates":[[-70.89994062235992,41.1057940656904],[-70.89763449447453,41.10554018466562],[-70.89757420759695,41.10585511353366],[-70.89776954564378,41.10591180572491],[-70.89824976656884,41.10600850901991],[-70.89872937552548,41.10604294317891],[-70.8992358029537,41.106015486579196],[-70.89975459246158,41.105977892514204],[-70.89990788092858,41.10596395634295],[-70.89994062235992,41.1057940656904]]},"properties":{"kind":"centerline","cls":"grid"}},{"type":"Feature","geometry":{"type":"LineString","coordinates":[[-70.89810935731649,41.0953618248456],[-70.89946105351272,41.09550953782398],[-70.89949232189595,41.09529565089198],[-70.89929350712497,41.09527480417192],[-70.89895812562939,41.095276008808156],[-70.89842846129211,41.09532603382702],[-70.89810935731649,41.0953618248456]]},"properties":{"kind":"centerline","cls":"grid"}},{"type":"Feature","geometry":{"type":"LineString","coordinates":[[-70.89946105351272,41.09550953782398],[-70.89809415482907,41.095360163522066],[-70.89795940424624,41.09537033469064],[-70.89746439768327,41.095417086399046],[-70.897137681977,41.09550018885136],[-70.89693688675952,41.09559322616066],[-70.89690401463425,41.095835854177565],[-70.89933909230999,41.09606385528872],[-70.89946105351272,41.09550953782398]]},"properties":{"kind":"centerline","cls":"grid"}},{"type":"Feature","geometry":{"type":"LineString","coordinates":[[-70.89933909230999,41.09606385528872],[-70.89690401463425,41.095835854177565],[-70.89680788541914,41.09633012620276],[-70.89923826838066,41.096563181323866],[-70.89933909230999,41.09606385528872]]},"properties":{"kind":"centerline","cls":"grid"}},{"type":"Feature","geometry":{"type":"LineString","coordinates":[[-70.89923826838066,41.096563181323866],[-70.89680788541914,41.09633012620276],[-70.89670639189943,41.09688514127214],[-70.89914981037664,41.09711913452909],[-70.89923826838066,41.096563181323866]]},"properties":{"kind":"centerline","cls":"grid"}},{"type":"Feature","geometry":{"type":"LineString","coordinates":[[-70.89914981037664,41.09711913452909],[-70.89670639189943,41.09688514127214],[-70.89660540649716,41.09750005278671],[-70.89903274021158,41.09776882918126],[-70.89914981037664,41.09711913452909]]},"properties":{"kind":"centerline","cls":"grid"}},{"type":"Feature","geometry":{"type":"LineString","coordinates":[[-70.89903274021158,41.09776882918126],[-70.89660540649716,41.09750005278671],[-70.89651377431578,41.09807284072217],[-70.89892049503861,41.09833417442289],[-70.89903274021158,41.09776882918126]]},"properties":{"kind":"centerline","cls":"grid"}},{"type":"Feature","geometry":{"type":"LineString","coordinates":[[-70.89892049503861,41.09833417442289],[-70.89651377431578,41.09807284072217],[-70.89643188201453,41.098434561400424],[-70.89667429183353,41.09866836983021],[-70.89718613510937,41.09872242292322],[-70.89887943526452,41.09854309155199],[-70.89892049503861,41.09833417442289]]},"properties":{"kind":"centerline","cls":"grid"}},{"type":"Feature","geometry":{"type":"LineString","coordinates":[[-70.89854338662964,41.09886575516208],[-70.89881047669515,41.098893961147844],[-70.89887943526452,41.09854309155199],[-70.89849088388642,41.0985842416406],[-70.89854338662964,41.09886575516208]]},"properties":{"kind":"centerline","cls":"grid"}},{"type":"Feature","geometry":{"type":"LineString","coordinates":[[-70.89718613510937,41.09872242292322],[-70.89667429183353,41.09866836983021],[-70.89677542991336,41.098765919243554],[-70.89718613510937,41.09872242292322]]},"properties":{"kind":"centerline","cls":"grid"}},{"type":"Feature","geometry":{"type":"LineString","coordinates":[[-70.89638012779831,41.0988077842786],[-70.89636309507173,41.098809588153834],[-70.8963216261289,41.09912252942741],[-70.89675528200848,41.09916962695132],[-70.89638012779831,41.0988077842786]]},"properties":{"kind":"centerline","cls":"grid"}},{"type":"Feature","geometry":{"type":"LineString","coordinates":[[-70.89729083573378,41.09873347980891],[-70.89718613510937,41.09872242292322],[-70.89677542991336,41.098765919243554],[-70.89724965643293,41.0992233188586],[-70.8973849315555,41.09923801051532],[-70.89729083573378,41.09873347980891]]},"properties":{"kind":"centerline","cls":"grid"}},{"type":"Feature","geometry":{"type":"LineString","coordinates":[[-70.89881047669515,41.098893961147844],[-70.89854338662964,41.09886575516208],[-70.89863819798228,41.099374122460944],[-70.89872943919312,41.09938403178147],[-70.89881047669515,41.098893961147844]]},"properties":{"kind":"centerline","cls":"grid"}},{"type":"Feature","geometry":{"type":"LineString","coordinates":[[-70.89675528200848,41.09916962695132],[-70.8963216261289,41.09912252942741],[-70.8961826215873,41.099758637058876],[-70.89751101733597,41.09991406761046],[-70.89750748772934,41.09989514227567],[-70.89675528200848,41.09916962695132]]},"properties":{"kind":"centerline","cls":"grid"}},{"type":"Feature","geometry":{"type":"LineString","coordinates":[[-70.8973849315555,41.09923801051532],[-70.89724965643293,41.0992233188586],[-70.89741126176015,41.09937918996958],[-70.8973849315555,41.09923801051532]]},"properties":{"kind":"centerline","cls":"grid"}},{"type":"Feature","geometry":{"type":"LineString","coordinates":[[-70.8980286055478,41.099974628645334],[-70.898630159373,41.10004501417837],[-70.89871414099558,41.09948588369118],[-70.89763984137186,41.0995996589271],[-70.8980286055478,41.099974628645334]]},"properties":{"kind":"centerline","cls":"grid"}},{"type":"Feature","geometry":{"type":"LineString","coordinates":[[-70.89872943919312,41.09938403178147],[-70.89863819798228,41.099374122460944],[-70.89866010886671,41.09949160604096],[-70.89871414099558,41.09948588369118],[-70.89872943919312,41.09938403178147]]},"properties":{"kind":"centerline","cls":"grid"}},{"type":"Feature","geometry":{"type":"LineString","coordinates":[[-70.89752933092669,41.0999162104143],[-70.8961826215873,41.099758637058876],[-70.89609903061935,41.10040894762203],[-70.89830459822527,41.10066396902605],[-70.89752933092669,41.0999162104143]]},"properties":{"kind":"centerline","cls":"grid"}},{"type":"Feature","geometry":{"type":"LineString","coordinates":[[-70.898630159373,41.10004501417837],[-70.8980286055478,41.099974628645334],[-70.89854318859803,41.100470952826655],[-70.898630159373,41.10004501417837]]},"properties":{"kind":"centerline","cls":"grid"}},{"type":"Feature","geometry":{"type":"LineString","coordinates":[[-70.89830459822527,41.10066396902605],[-70.89609903061935,41.10040894762203],[-70.8959848518285,41.1010666084432],[-70.89840506200397,41.10132947555351],[-70.89847799591146,41.10083121406961],[-70.89830459822527,41.10066396902605]]},"properties":{"kind":"centerline","cls":"grid"}},{"type":"Feature","geometry":{"type":"LineString","coordinates":[[-70.89840506200397,41.10132947555351],[-70.8959848518285,41.1010666084432],[-70.89594689445214,41.10127107882284],[-70.89594689445214,41.101747832307254],[-70.89828495082686,41.10201385789995],[-70.89840506200397,41.10132947555351]]},"properties":{"kind":"centerline","cls":"grid"}},{"type":"Feature","geometry":{"type":"LineString","coordinates":[[-70.89828495082686,41.10201385789995],[-70.89594689445214,41.101747832307254],[-70.89594689445214,41.1023968946399],[-70.89817287357087,41.1026476564251],[-70.89828495082686,41.10201385789995]]},"properties":{"kind":"centerline","cls":"grid"}},{"type":"Feature","geometry":{"type":"LineString","coordinates":[[-70.89817287357087,41.1026476564251],[-70.89594689445214,41.1023968946399],[-70.89594689445214,41.10295042986655],[-70.89807700697686,41.10320520810856],[-70.89817287357087,41.1026476564251]]},"properties":{"kind":"centerline","cls":"grid"}},{"type":"Feature","geometry":{"type":"LineString","coordinates":[[-70.89807700697686,41.10320520810856],[-70.89594689445214,41.10295042986655],[-70.89594689445214,41.10360321495306],[-70.89795517391745,41.10381946875695],[-70.89807700697686,41.10320520810856]]},"properties":{"kind":"centerline","cls":"grid"}},{"type":"Feature","geometry":{"type":"LineString","coordinates":[[-70.89795517391745,41.10381946875695],[-70.89594689445214,41.10360321495306],[-70.89594689445214,41.104128523146436],[-70.89782869229123,41.104332279135924],[-70.89795517391745,41.10381946875695]]},"properties":{"kind":"centerline","cls":"grid"}},{"type":"Feature","geometry":{"type":"LineString","coordinates":[[-70.89782869229123,41.104332279135924],[-70.89594689445214,41.104128523146436],[-70.89594689445214,41.104675815572996],[-70.8977668565835,41.104872980445016],[-70.89782869229123,41.104332279135924]]},"properties":{"kind":"centerline","cls":"grid"}},{"type":"Feature","geometry":{"type":"LineString","coordinates":[[-70.8977668565835,41.104872980445016],[-70.89594689445214,41.104675815572996],[-70.89594689445214,41.105353679255984],[-70.89763449447453,41.10554018466562],[-70.8977668565835,41.104872980445016]]},"properties":{"kind":"centerline","cls":"grid"}},{"type":"Feature","geometry":{"type":"LineString","coordinates":[[-70.89763449447453,41.10554018466562],[-70.89632172726401,41.1053951039693],[-70.89658653091098,41.10549797772956],[-70.89760378136596,41.1057006249622],[-70.89763449447453,41.10554018466562]]},"properties":{"kind":"centerline","cls":"grid"}},{"type":"Feature","geometry":{"type":"LineString","coordinates":[[-70.89651063386782,41.095794147272436],[-70.89690401463425,41.095835854177565],[-70.89693688675952,41.09559322616066],[-70.89676299854466,41.09567379626503],[-70.89651063386782,41.095794147272436]]},"properties":{"kind":"centerline","cls":"grid"}},{"type":"Feature","geometry":{"type":"LineString","coordinates":[[-70.89690401463425,41.095835854177565],[-70.89651063386782,41.095794147272436],[-70.8963902491849,41.09585155791345],[-70.89604636288401,41.09602227314215],[-70.89594689445214,41.09607725716291],[-70.89594689445214,41.09624157744621],[-70.89680788541914,41.09633012620276],[-70.89690401463425,41.095835854177565]]},"properties":{"kind":"centerline","cls":"grid"}},{"type":"Feature","geometry":{"type":"LineString","coordinates":[[-70.89680788541914,41.09633012620276],[-70.89594689445214,41.09624157744621],[-70.89594689445214,41.09680688318826],[-70.89670639189943,41.09688514127214],[-70.89680788541914,41.09633012620276]]},"properties":{"kind":"centerline","cls":"grid"}},{"type":"Feature","geometry":{"type":"LineString","coordinates":[[-70.89670639189943,41.09688514127214],[-70.89594689445214,41.09680688318826],[-70.89594689445214,41.09743507214295],[-70.89660540649716,41.09750005278671],[-70.89670639189943,41.09688514127214]]},"properties":{"kind":"centerline","cls":"grid"}},{"type":"Feature","geometry":{"type":"LineString","coordinates":[[-70.89660540649716,41.09750005278671],[-70.89594689445214,41.09743507214295],[-70.89594689445214,41.09796678257494],[-70.8960108067543,41.09802842708701],[-70.89651377431578,41.09807284072217],[-70.89660540649716,41.09750005278671]]},"properties":{"kind":"centerline","cls":"grid"}},{"type":"Feature","geometry":{"type":"LineString","coordinates":[[-70.89594689445214,41.098389923282674],[-70.89594689445214,41.098593348535395],[-70.89618261249701,41.09861727738147],[-70.89594689445214,41.098389923282674]]},"properties":{"kind":"centerline","cls":"grid"}},{"type":"Feature","geometry":{"type":"LineString","coordinates":[[-70.89651377431578,41.09807284072217],[-70.8960108067543,41.09802842708701],[-70.89643188201453,41.098434561400424],[-70.89651377431578,41.09807284072217]]},"properties":{"kind":"centerline","cls":"grid"}},{"type":"Feature","geometry":{"type":"LineString","coordinates":[[-70.89618261249701,41.09861727738147],[-70.89594689445214,41.098593348535395],[-70.89594689445214,41.099086482899295],[-70.8963216261289,41.09912252942741],[-70.89636523728858,41.09879342212647],[-70.89618261249701,41.09861727738147]]},"properties":{"kind":"centerline","cls":"grid"}},{"type":"Feature","geometry":{"type":"LineString","coordinates":[[-70.8963216261289,41.09912252942741],[-70.89594689445214,41.099086482899295],[-70.89594689445214,41.09973526694226],[-70.8961826215873,41.099758637058876],[-70.8963216261289,41.09912252942741]]},"properties":{"kind":"centerline","cls":"grid"}},{"type":"Feature","geometry":{"type":"LineString","coordinates":[[-70.8961826215873,41.099758637058876],[-70.89594689445214,41.09973526694226],[-70.89594689445214,41.1003927752676],[-70.89609903061935,41.10040894762203],[-70.8961826215873,41.099758637058876]]},"properties":{"kind":"centerline","cls":"grid"}},{"type":"Feature","geometry":{"type":"LineString","coordinates":[[-70.89609903061935,41.10040894762203],[-70.89594689445214,41.1003927752676],[-70.89594689445214,41.101062643206234],[-70.8959848518285,41.1010666084432],[-70.89609903061935,41.10040894762203]]},"properties":{"kind":"centerline","cls":"grid"}},{"type":"Feature","geometry":{"type":"LineString","coordinates":[[-70.90853493843815,41.09994879606349],[-70.90823911669052,41.10028634544747],[-70.90858280748733,41.10046376573776],[-70.90859536368671,41.10017979037446],[-70.90853493843815,41.09994879606349]]},"properties":{"kind":"centerline","cls":"grid"}},{"type":"Feature","geometry":{"type":"LineString","coordinates":[[-70.90866066165643,41.10050395566839],[-70.90823911669052,41.10028634544747],[-70.90776118118788,41.10073675766117],[-70.90789882467695,41.100808483755706],[-70.90875982208254,41.100808483755706],[-70.90869443333678,41.1005585149325],[-70.90866066165643,41.10050395566839]]},"properties":{"kind":"centerline","cls":"grid"}},{"type":"Feature","geometry":{"type":"LineString","coordinates":[[-70.90789882467695,41.100808483755706],[-70.90776118118788,41.10073675766117],[-70.90769753455513,41.100808483755706],[-70.90789882467695,41.100808483755706]]},"properties":{"kind":"centerline","cls":"grid"}},{"type":"Feature","geometry":{"type":"LineString","coordinates":[[-70.90768961978672,41.09805690897446],[-70.9073467165991,41.09845346059706],[-70.90833759974379,41.09897017196784],[-70.90833090510073,41.09885146058578],[-70.90824323257007,41.098496855393265],[-70.9078407133948,41.098145449097025],[-70.90768961978672,41.09805690897446]]},"properties":{"kind":"centerline","cls":"grid"}},{"type":"Feature","geometry":{"type":"LineString","coordinates":[[-70.90831016230973,41.09895586429268],[-70.9073467165991,41.09845346059706],[-70.90694737707852,41.09888128183309],[-70.90854510019119,41.09971780595902],[-70.9084187329816,41.09920669411645],[-70.90831016230973,41.09895586429268]]},"properties":{"kind":"centerline","cls":"grid"}},{"type":"Feature","geometry":{"type":"LineString","coordinates":[[-70.90859636611866,41.099744647396584],[-70.90694737707852,41.09888128183309],[-70.90650216706021,41.09938358876358],[-70.90823911669052,41.10028634544747],[-70.90860933057327,41.09986391042007],[-70.90861104954514,41.09982503355552],[-70.90859636611866,41.099744647396584]]},"properties":{"kind":"centerline","cls":"grid"}},{"type":"Feature","geometry":{"type":"LineString","coordinates":[[-70.90823911669052,41.10028634544747],[-70.90650216706021,41.09938358876358],[-70.90604979175899,41.09985585074273],[-70.90776118118788,41.10073675766117],[-70.90823911669052,41.10028634544747]]},"properties":{"kind":"centerline","cls":"grid"}},{"type":"Feature","geometry":{"type":"LineString","coordinates":[[-70.90776118118788,41.10073675766117],[-70.90604979175899,41.09985585074273],[-70.90564698968878,41.10028864739639],[-70.90663783804973,41.100808483755706],[-70.90769753455513,41.100808483755706],[-70.90776118118788,41.10073675766117]]},"properties":{"kind":"centerline","cls":"grid"}},{"type":"Feature","geometry":{"type":"LineString","coordinates":[[-70.90663783804973,41.100808483755706],[-70.90564698968878,41.10028864739639],[-70.90530422204593,41.100675957164135],[-70.90555902375314,41.100808483755706],[-70.90663783804973,41.100808483755706]]},"properties":{"kind":"centerline","cls":"grid"}},{"type":"Feature","geometry":{"type":"LineString","coordinates":[[-70.90555902375314,41.100808483755706],[-70.90530422204593,41.100675957164135],[-70.90518275943451,41.100808483755706],[-70.90555902375314,41.100808483755706]]},"properties":{"kind":"centerline","cls":"grid"}},{"type":"Feature","geometry":{"type":"LineString","coordinates":[[-70.9064760445598,41.097094490293316],[-70.90636796601684,41.0972135464706],[-70.90749628446795,41.09783556828233],[-70.90729583489087,41.09757279866562],[-70.90699592173641,41.097340029261815],[-70.90658433298768,41.09712807405596],[-70.9064760445598,41.097094490293316]]},"properties":{"kind":"centerline","cls":"grid"}},{"type":"Feature","geometry":{"type":"LineString","coordinates":[[-70.90746772583262,41.09781982441669],[-70.90636796601684,41.0972135464706],[-70.90591789884441,41.097715198705345],[-70.9073467165991,41.09845346059706],[-70.90767660875467,41.098071955629194],[-70.9075172679428,41.097863075547345],[-70.90746772583262,41.09781982441669]]},"properties":{"kind":"centerline","cls":"grid"}},{"type":"Feature","geometry":{"type":"LineString","coordinates":[[-70.9073467165991,41.09845346059706],[-70.90591789884441,41.097715198705345],[-70.90552691331261,41.09816565875991],[-70.90694737707852,41.09888128183309],[-70.9073467165991,41.09845346059706]]},"properties":{"kind":"centerline","cls":"grid"}},{"type":"Feature","geometry":{"type":"LineString","coordinates":[[-70.90694737707852,41.09888128183309],[-70.90552691331261,41.09816565875991],[-70.90507678862019,41.09864609606705],[-70.90650216706021,41.09938358876358],[-70.90694737707852,41.09888128183309]]},"properties":{"kind":"centerline","cls":"grid"}},{"type":"Feature","geometry":{"type":"LineString","coordinates":[[-70.90650216706021,41.09938358876358],[-70.90507678862019,41.09864609606705],[-70.90463963282832,41.099099633816266],[-70.90604979175899,41.09985585074273],[-70.90650216706021,41.09938358876358]]},"properties":{"kind":"centerline","cls":"grid"}},{"type":"Feature","geometry":{"type":"LineString","coordinates":[[-70.90604979175899,41.09985585074273],[-70.90463963282832,41.099099633816266],[-70.90420963962708,41.0995505807278],[-70.90564698968878,41.10028864739639],[-70.90604979175899,41.09985585074273]]},"properties":{"kind":"centerline","cls":"grid"}},{"type":"Feature","geometry":{"type":"LineString","coordinates":[[-70.90564698968878,41.10028864739639],[-70.90420963962708,41.0995505807278],[-70.90389266156185,41.099938828335354],[-70.90530422204593,41.100675957164135],[-70.90564698968878,41.10028864739639]]},"properties":{"kind":"centerline","cls":"grid"}},{"type":"Feature","geometry":{"type":"LineString","coordinates":[[-70.90530422204593,41.100675957164135],[-70.90389266156185,41.099938828335354],[-70.90349573473824,41.100372185835965],[-70.90430914978339,41.100808483755706],[-70.90518275943451,41.100808483755706],[-70.90530422204593,41.100675957164135]]},"properties":{"kind":"centerline","cls":"grid"}},{"type":"Feature","geometry":{"type":"LineString","coordinates":[[-70.90430914978339,41.100808483755706],[-70.90349573473824,41.100372185835965],[-70.90308178615196,41.100801429851465],[-70.90309466230963,41.100808483755706],[-70.90430914978339,41.100808483755706]]},"properties":{"kind":"centerline","cls":"grid"}},{"type":"Feature","geometry":{"type":"LineString","coordinates":[[-70.90584686727946,41.0969495178865],[-70.90636796601684,41.0972135464706],[-70.9064760445598,41.097094490293316],[-70.90613744835328,41.09698948059972],[-70.90584686727946,41.0969495178865]]},"properties":{"kind":"centerline","cls":"grid"}},{"type":"Feature","geometry":{"type":"LineString","coordinates":[[-70.90531544953843,41.096876433653925],[-70.90443734794071,41.09675567106653],[-70.90431509603715,41.09688028269907],[-70.90591789884441,41.097715198705345],[-70.90631844060727,41.09726874830249],[-70.90531544953843,41.096876433653925]]},"properties":{"kind":"centerline","cls":"grid"}},{"type":"Feature","geometry":{"type":"LineString","coordinates":[[-70.90591789884441,41.097715198705345],[-70.90431509603715,41.09688028269907],[-70.90393089846974,41.09731580262907],[-70.90552691331261,41.09816565875991],[-70.90591789884441,41.097715198705345]]},"properties":{"kind":"centerline","cls":"grid"}},{"type":"Feature","geometry":{"type":"LineString","coordinates":[[-70.90552691331261,41.09816565875991],[-70.90393089846974,41.09731580262907],[-70.90350856178948,41.09782096007473],[-70.90507678862019,41.09864609606705],[-70.90552691331261,41.09816565875991]]},"properties":{"kind":"centerline","cls":"grid"}},{"type":"Feature","geometry":{"type":"LineString","coordinates":[[-70.90507678862019,41.09864609606705],[-70.90350856178948,41.09782096007473],[-70.90304324140665,41.09827844402023],[-70.90463963282832,41.099099633816266],[-70.90507678862019,41.09864609606705]]},"properties":{"kind":"centerline","cls":"grid"}},{"type":"Feature","geometry":{"type":"LineString","coordinates":[[-70.90463963282832,41.099099633816266],[-70.90304324140665,41.09827844402023],[-70.90265733493491,41.098736741863284],[-70.90420963962708,41.0995505807278],[-70.90463963282832,41.099099633816266]]},"properties":{"kind":"centerline","cls":"grid"}},{"type":"Feature","geometry":{"type":"LineString","coordinates":[[-70.90420963962708,41.0995505807278],[-70.90265733493491,41.098736741863284],[-70.90231924186602,41.09910582134072],[-70.90389266156185,41.099938828335354],[-70.90420963962708,41.0995505807278]]},"properties":{"kind":"centerline","cls":"grid"}},{"type":"Feature","geometry":{"type":"LineString","coordinates":[[-70.90389266156185,41.099938828335354],[-70.90231924186602,41.09910582134072],[-70.90191060505421,41.0995342113474],[-70.90349573473824,41.100372185835965],[-70.90389266156185,41.099938828335354]]},"properties":{"kind":"centerline","cls":"grid"}},{"type":"Feature","geometry":{"type":"LineString","coordinates":[[-70.90349573473824,41.100372185835965],[-70.90191060505421,41.0995342113474],[-70.90166892581384,41.099816677887745],[-70.90166892581384,41.10007114372444],[-70.90308178615196,41.100801429851465],[-70.90349573473824,41.100372185835965]]},"properties":{"kind":"centerline","cls":"grid"}},{"type":"Feature","geometry":{"type":"LineString","coordinates":[[-70.90195133513807,41.10021711683025],[-70.90166892581384,41.10007114372444],[-70.90166892581384,41.10024702579306],[-70.90195133513807,41.10021711683025]]},"properties":{"kind":"centerline","cls":"grid"}},{"type":"Feature","geometry":{"type":"LineString","coordinates":[[-70.90308178615196,41.100801429851465],[-70.90195133513807,41.10021711683025],[-70.9017872301074,41.10023449660789],[-70.90188145427493,41.10073971548941],[-70.90201262201606,41.100808483755706],[-70.90307602782876,41.100808483755706],[-70.90308178615196,41.100801429851465]]},"properties":{"kind":"centerline","cls":"grid"}},{"type":"Feature","geometry":{"type":"LineString","coordinates":[[-70.90315183624324,41.09603154345037],[-70.90301275064401,41.096187898817355],[-70.90431509603715,41.09688028269907],[-70.90456105555131,41.09662957562862],[-70.90429396822323,41.09647688664334],[-70.9031550959455,41.096031422779014],[-70.90315183624324,41.09603154345037]]},"properties":{"kind":"centerline","cls":"grid"}},{"type":"Feature","geometry":{"type":"LineString","coordinates":[[-70.90431509603715,41.09688028269907],[-70.90301275064401,41.096187898817355],[-70.90258859546475,41.09662682615323],[-70.90393089846974,41.09731580262907],[-70.90431509603715,41.09688028269907]]},"properties":{"kind":"centerline","cls":"grid"}},{"type":"Feature","geometry":{"type":"LineString","coordinates":[[-70.90393089846974,41.09731580262907],[-70.90258859546475,41.09662682615323],[-70.90216347573215,41.09712329859173],[-70.90350856178948,41.09782096007473],[-70.90393089846974,41.09731580262907]]},"properties":{"kind":"centerline","cls":"grid"}},{"type":"Feature","geometry":{"type":"LineString","coordinates":[[-70.90350856178948,41.09782096007473],[-70.90216347573215,41.09712329859173],[-70.90173110687557,41.097593593962905],[-70.90304324140665,41.09827844402023],[-70.90350856178948,41.09782096007473]]},"properties":{"kind":"centerline","cls":"grid"}},{"type":"Feature","geometry":{"type":"LineString","coordinates":[[-70.90304324140665,41.09827844402023],[-70.90173110687557,41.097593593962905],[-70.90166892581384,41.09765822117171],[-70.90166892581384,41.09822423253077],[-70.90265733493491,41.098736741863284],[-70.90304324140665,41.09827844402023]]},"properties":{"kind":"centerline","cls":"grid"}},{"type":"Feature","geometry":{"type":"LineString","coordinates":[[-70.90265733493491,41.098736741863284],[-70.90166892581384,41.09822423253077],[-70.90166892581384,41.0987632514661],[-70.90231924186602,41.09910582134072],[-70.90265733493491,41.098736741863284]]},"properties":{"kind":"centerline","cls":"grid"}},{"type":"Feature","geometry":{"type":"LineString","coordinates":[[-70.90231924186602,41.09910582134072],[-70.90166892581384,41.0987632514661],[-70.90166892581384,41.09940873387633],[-70.90191060505421,41.0995342113474],[-70.90231924186602,41.09910582134072]]},"properties":{"kind":"centerline","cls":"grid"}},{"type":"Feature","geometry":{"type":"LineString","coordinates":[[-70.90191060505421,41.0995342113474],[-70.90166892581384,41.09940873387633],[-70.90166892581384,41.099816677887745],[-70.90191060505421,41.0995342113474]]},"properties":{"kind":"centerline","cls":"grid"}},{"type":"Feature","geometry":{"type":"LineString","coordinates":[[-70.90272970622676,41.09604717033843],[-70.90301275064401,41.096187898817355],[-70.90311429224492,41.0960737491544],[-70.9028540939132,41.09604256561388],[-70.90272970622676,41.09604717033843]]},"properties":{"kind":"centerline","cls":"grid"}},{"type":"Feature","geometry":{"type":"LineString","coordinates":[[-70.90166892581384,41.095900528817545],[-70.90166892581384,41.09617477497296],[-70.90258859546475,41.09662682615323],[-70.90297379126825,41.096228215040874],[-70.90220882512156,41.09596523319834],[-70.90166892581384,41.095900528817545]]},"properties":{"kind":"centerline","cls":"grid"}},{"type":"Feature","geometry":{"type":"LineString","coordinates":[[-70.90258859546475,41.09662682615323],[-70.90166892581384,41.09617477497296],[-70.90166892581384,41.09687487363958],[-70.90216347573215,41.09712329859173],[-70.90258859546475,41.09662682615323]]},"properties":{"kind":"centerline","cls":"grid"}},{"type":"Feature","geometry":{"type":"LineString","coordinates":[[-70.90216347573215,41.09712329859173],[-70.90166892581384,41.09687487363958],[-70.90166892581384,41.097561964557094],[-70.90173110687557,41.097593593962905],[-70.90216347573215,41.09712329859173]]},"properties":{"kind":"centerline","cls":"grid"}},{"type":"Feature","geometry":{"type":"LineString","coordinates":[[-70.89188620708727,41.1026662121713],[-70.89185472144851,41.10243534841235],[-70.89172079361393,41.101942883451514],[-70.89147802118683,41.101984938042605],[-70.89148269617911,41.10203267005781],[-70.89157896154845,41.102309452015525],[-70.89175484155217,41.102586612326256],[-70.89182180657346,41.102683545939534],[-70.89188620708727,41.1026662121713]]},"properties":{"kind":"centerline","cls":"lane"}},{"type":"Feature","geometry":{"type":"LineString","coordinates":[[-70.89198548580698,41.102916180980685],[-70.89191537103737,41.1026583625266],[-70.89182180657346,41.102683545939534],[-70.89195032599095,41.1028695811453],[-70.89198548580698,41.102916180980685]]},"properties":{"kind":"centerline","cls":"lane"}},{"type":"Feature","geometry":{"type":"LineString","coordinates":[[-70.8918152829662,41.10229032948704],[-70.89190297310981,41.10261277420711],[-70.89214481272857,41.102627865974895],[-70.89266587777324,41.10234341003428],[-70.8918152829662,41.10229032948704]]},"properties":{"kind":"centerline","cls":"lane"}},{"type":"Feature","geometry":{"type":"LineString","coordinates":[[-70.89240187053483,41.101824902955336],[-70.89172079361393,41.101942883451514],[-70.8918152829662,41.10229032948704],[-70.89266587777324,41.10234341003428],[-70.89273625085247,41.10230499248805],[-70.89240187053483,41.101824902955336]]},"properties":{"kind":"centerline","cls":"lane"}},{"type":"Feature","geometry":{"type":"LineString","coordinates":[[-70.89295466952633,41.10261858905321],[-70.89273625085247,41.10230499248805],[-70.89216180614979,41.10261858905321],[-70.89295466952633,41.10261858905321]]},"properties":{"kind":"centerline","cls":"lane"}},{"type":"Feature","geometry":{"type":"LineString","coordinates":[[-70.89193780969322,41.102740871527146],[-70.89195724521473,41.10281233772658],[-70.89313356236597,41.102991211043815],[-70.89313356236597,41.10287543604826],[-70.89295466952633,41.10261858905321],[-70.89216180614979,41.10261858905321],[-70.89193780969322,41.102740871527146]]},"properties":{"kind":"centerline","cls":"lane"}},{"type":"Feature","geometry":{"type":"LineString","coordinates":[[-70.89313281647487,41.101698283828995],[-70.89240187053483,41.101824902955336],[-70.89277065454547,41.10235438789809],[-70.8931484326521,41.102416614007154],[-70.89313281647487,41.101698283828995]]},"properties":{"kind":"centerline","cls":"lane"}},{"type":"Feature","geometry":{"type":"LineString","coordinates":[[-70.89363159862687,41.101611881597506],[-70.89327492767474,41.10167366641889],[-70.89313726577939,41.10190294785539],[-70.8931484326521,41.102416614007154],[-70.8937040692759,41.10250813626466],[-70.89363159862687,41.101611881597506]]},"properties":{"kind":"centerline","cls":"lane"}},{"type":"Feature","geometry":{"type":"LineString","coordinates":[[-70.89277065454547,41.10235438789809],[-70.89295466952633,41.10261858905321],[-70.89371300042635,41.10261858905321],[-70.8937040692759,41.10250813626466],[-70.89277065454547,41.10235438789809]]},"properties":{"kind":"centerline","cls":"lane"}},{"type":"Feature","geometry":{"type":"LineString","coordinates":[[-70.89295466952633,41.10261858905321],[-70.89313356236597,41.10287543604826],[-70.89313356236597,41.10261858905321],[-70.89295466952633,41.10261858905321]]},"properties":{"kind":"centerline","cls":"lane"}},{"type":"Feature","geometry":{"type":"LineString","coordinates":[[-70.89459259810319,41.10244204369748],[-70.89553042828497,41.10259292176148],[-70.89492645879878,41.10170150291364],[-70.89459259810319,41.10244204369748]]},"properties":{"kind":"centerline","cls":"lane"}},{"type":"Feature","geometry":{"type":"LineString","coordinates":[[-70.89411891387829,41.101527465735806],[-70.89363159862687,41.101611881597506],[-70.89367857857737,41.102192889225584],[-70.89379777676056,41.10231417288705],[-70.89442023274236,41.10241431356846],[-70.89411891387829,41.101527465735806]]},"properties":{"kind":"centerline","cls":"lane"}},{"type":"Feature","geometry":{"type":"LineString","coordinates":[[-70.89473610414903,41.10142055209339],[-70.89411891387829,41.101527465735806],[-70.89442023274236,41.10241431356846],[-70.89459259810319,41.10244204369748],[-70.89486290569234,41.10184247089186],[-70.89489022323862,41.10164802163351],[-70.89473610414903,41.10142055209339]]},"properties":{"kind":"centerline","cls":"lane"}},{"type":"Feature","geometry":{"type":"LineString","coordinates":[[-70.89539710570415,41.10130604918034],[-70.89473610414903,41.10142055209339],[-70.89506014162563,41.101898809887295],[-70.89516786913892,41.10199293303741],[-70.89544668681627,41.10204139886713],[-70.89539710570415,41.10130604918034]]},"properties":{"kind":"centerline","cls":"lane"}},{"type":"Feature","geometry":{"type":"LineString","coordinates":[[-70.89594689445214,41.10212834808188],[-70.89594689445214,41.10121081126037],[-70.89539710570415,41.10130604918034],[-70.89544668681627,41.10204139886713],[-70.89594689445214,41.10212834808188]]},"properties":{"kind":"centerline","cls":"lane"}},{"type":"Feature","geometry":{"type":"LineString","coordinates":[[-70.89594689445214,41.10265992281374],[-70.89594689445214,41.10212834808188],[-70.89511804566997,41.101984272410924],[-70.89553042828497,41.10259292176148],[-70.89594689445214,41.10265992281374]]},"properties":{"kind":"centerline","cls":"lane"}},{"type":"Feature","geometry":{"type":"LineString","coordinates":[[-70.89414254589843,41.10242666143365],[-70.89403826126511,41.10235286201986],[-70.89368694371655,41.1022963420735],[-70.89371300042635,41.10261858905321],[-70.89414230516721,41.10261858905321],[-70.89414254589843,41.10242666143365]]},"properties":{"kind":"centerline","cls":"lane"}},{"type":"Feature","geometry":{"type":"LineString","coordinates":[[-70.89483020948752,41.102480270602896],[-70.89414261740578,41.10236965082958],[-70.89414230516721,41.10261858905321],[-70.89466640889216,41.10261858905321],[-70.89477748933591,41.10259625386155],[-70.89483020948752,41.102480270602896]]},"properties":{"kind":"centerline","cls":"lane"}},{"type":"Feature","geometry":{"type":"LineString","coordinates":[[-70.89594689445214,41.103069677165614],[-70.89594689445214,41.10265992281374],[-70.8953589981359,41.10256534208927],[-70.89529017899117,41.102924464951464],[-70.89594689445214,41.103069677165614]]},"properties":{"kind":"centerline","cls":"lane"}},{"type":"Feature","geometry":{"type":"LineString","coordinates":[[-70.89594689445214,41.103419012374594],[-70.89594689445214,41.103069677165614],[-70.89546330326348,41.10296274600376],[-70.8952708047766,41.10302556651877],[-70.89521668642952,41.10330797537141],[-70.89594689445214,41.103419012374594]]},"properties":{"kind":"centerline","cls":"lane"}},{"type":"Feature","geometry":{"type":"LineString","coordinates":[[-70.8953589981359,41.10256534208927],[-70.89483020948752,41.102480270602896],[-70.89476733688197,41.10261858905321],[-70.89534879435635,41.10261858905321],[-70.8953589981359,41.10256534208927]]},"properties":{"kind":"centerline","cls":"lane"}},{"type":"Feature","geometry":{"type":"LineString","coordinates":[[-70.89494553896384,41.10326674410432],[-70.89521668642952,41.10330797537141],[-70.89534879435635,41.10261858905321],[-70.89494553896384,41.10261858905321],[-70.89494553896384,41.10326674410432]]},"properties":{"kind":"centerline","cls":"lane"}},{"type":"Feature","geometry":{"type":"LineString","coordinates":[[-70.89328009650818,41.10400500970526],[-70.89319157702514,41.10401675483793],[-70.89327663646513,41.104086830955076],[-70.89329766346029,41.104099266172696],[-70.89328009650818,41.10400500970526]]},"properties":{"kind":"centerline","cls":"lane"}},{"type":"Feature","geometry":{"type":"LineString","coordinates":[[-70.89409068330438,41.10433267632229],[-70.89420123168686,41.1040197871079],[-70.8939460764407,41.10391664472177],[-70.89328009650818,41.10400500970526],[-70.89329873967384,41.10410504065694],[-70.89340982692181,41.104196559752324],[-70.89409068330438,41.10433267632229]]},"properties":{"kind":"centerline","cls":"lane"}},{"type":"Feature","geometry":{"type":"LineString","coordinates":[[-70.89397443138803,41.1046617084615],[-70.89409068330438,41.10433267632229],[-70.89348401788037,41.104211391982815],[-70.89361564487899,41.10436612262834],[-70.89397443138803,41.1046617084615]]},"properties":{"kind":"centerline","cls":"lane"}},{"type":"Feature","geometry":{"type":"LineString","coordinates":[[-70.89284658907076,41.10382189808438],[-70.89313356236597,41.10336618421766],[-70.89313356236597,41.1033167344215],[-70.89251989887725,41.10354532746582],[-70.89262113188056,41.103648953974094],[-70.89284658907076,41.10382189808438]]},"properties":{"kind":"centerline","cls":"lane"}},{"type":"Feature","geometry":{"type":"LineString","coordinates":[[-70.89281007775176,41.1029420212773],[-70.89195724521473,41.10281233772658],[-70.89198548580698,41.102916180980685],[-70.89215653713467,41.10314288761949],[-70.89238196991623,41.103404137378064],[-70.89247960424458,41.10350408012602],[-70.89281007775176,41.1029420212773]]},"properties":{"kind":"centerline","cls":"lane"}},{"type":"Feature","geometry":{"type":"LineString","coordinates":[[-70.89313356236597,41.102991211043815],[-70.89281007775176,41.1029420212773],[-70.89247960424458,41.10350408012602],[-70.89251989887725,41.10354532746582],[-70.89313356236597,41.1033167344215],[-70.89313356236597,41.102991211043815]]},"properties":{"kind":"centerline","cls":"lane"}},{"type":"Feature","geometry":{"type":"LineString","coordinates":[[-70.89342040044049,41.10366961793563],[-70.89351202915678,41.103974235918145],[-70.89374037237374,41.10394393839174],[-70.89379863550384,41.103877830479455],[-70.89378049924656,41.10366961793563],[-70.89342040044049,41.10366961793563]]},"properties":{"kind":"centerline","cls":"lane"}},{"type":"Feature","geometry":{"type":"LineString","coordinates":[[-70.8942520156219,41.10387605144054],[-70.8943249516293,41.10366961793563],[-70.89378049924656,41.10366961793563],[-70.89380366233605,41.10393554081667],[-70.8942520156219,41.10387605144054]]},"properties":{"kind":"centerline","cls":"lane"}},{"type":"Feature","geometry":{"type":"LineString","coordinates":[[-70.89313356236597,41.10336618421766],[-70.89293610321933,41.10367974953101],[-70.89286541913248,41.10383634228228],[-70.89290695634173,41.10386820472007],[-70.89313356236597,41.10400221793521],[-70.89313356236597,41.10336618421766]]},"properties":{"kind":"centerline","cls":"lane"}},{"type":"Feature","geometry":{"type":"LineString","coordinates":[[-70.89313356236597,41.10366961793563],[-70.89313356236597,41.10400221793521],[-70.8931642697688,41.10402037807811],[-70.89351202915678,41.103974235918145],[-70.89342040044049,41.10366961793563],[-70.89313356236597,41.10366961793563]]},"properties":{"kind":"centerline","cls":"lane"}},{"type":"Feature","geometry":{"type":"LineString","coordinates":[[-70.89523651055809,41.10514309256914],[-70.89531471559393,41.10509208680693],[-70.89526041052106,41.104871126315764],[-70.89482098170133,41.10499539122909],[-70.89497496412892,41.105057296050816],[-70.89523651055809,41.10514309256914]]},"properties":{"kind":"centerline","cls":"lane"}},{"type":"Feature","geometry":{"type":"LineString","coordinates":[[-70.89594689445214,41.105370555266745],[-70.89594689445214,41.10468752392724],[-70.89593231348076,41.10468112065546],[-70.89526041052106,41.104871126315764],[-70.89534247728174,41.10520504561267],[-70.89537527788445,41.105218232282695],[-70.89580555565033,41.10534239905712],[-70.89594689445214,41.105370555266745]]},"properties":{"kind":"centerline","cls":"lane"}},{"type":"Feature","geometry":{"type":"LineString","coordinates":[[-70.89535742578988,41.10442865721982],[-70.89458052273307,41.104087478206964],[-70.8947876568588,41.10497855040724],[-70.89535742578988,41.10442865721982]]},"properties":{"kind":"centerline","cls":"lane"}},{"type":"Feature","geometry":{"type":"LineString","coordinates":[[-70.89593231348076,41.10468112065546],[-70.89535742578988,41.10442865721982],[-70.89488203262934,41.10488746682854],[-70.89478837804793,41.1049816528974],[-70.89479201084879,41.10499728087683],[-70.89480232962251,41.10500066580111],[-70.89593231348076,41.10468112065546]]},"properties":{"kind":"centerline","cls":"lane"}},{"type":"Feature","geometry":{"type":"LineString","coordinates":[[-70.89478727006198,41.10497688644246],[-70.89474982455201,41.104815799258745],[-70.89418330034422,41.104719661530076],[-70.89419904101543,41.10480276571048],[-70.8945354240075,41.10491311127948],[-70.89478727006198,41.10497688644246]]},"properties":{"kind":"centerline","cls":"lane"}},{"type":"Feature","geometry":{"type":"LineString","coordinates":[[-70.89418365868822,41.10482403348704],[-70.89419835725327,41.10479915573141],[-70.89418330034422,41.104719661530076],[-70.89396692863053,41.10468294379619],[-70.89395782488988,41.104708710453224],[-70.89412970627411,41.10481037107724],[-70.89418365868822,41.10482403348704]]},"properties":{"kind":"centerline","cls":"lane"}},{"type":"Feature","geometry":{"type":"LineString","coordinates":[[-70.89474982455201,41.104815799258745],[-70.89458052273307,41.104087478206964],[-70.89423147357748,41.103934192355794],[-70.89396692863053,41.10468294379619],[-70.89474982455201,41.104815799258745]]},"properties":{"kind":"centerline","cls":"lane"}},{"type":"Feature","geometry":{"type":"LineString","coordinates":[[-70.89594689445214,41.10388474823026],[-70.89594689445214,41.103419012374594],[-70.89565061130776,41.10337395892211],[-70.89500508698666,41.10392076296647],[-70.89594689445214,41.10388474823026]]},"properties":{"kind":"centerline","cls":"lane"}},{"type":"Feature","geometry":{"type":"LineString","coordinates":[[-70.89594689445214,41.10468752392724],[-70.89594689445214,41.10388474823026],[-70.89573989944574,41.103892663723414],[-70.89529814714298,41.104402624846735],[-70.89594689445214,41.10468752392724]]},"properties":{"kind":"centerline","cls":"lane"}},{"type":"Feature","geometry":{"type":"LineString","coordinates":[[-70.89573989944574,41.103892663723414],[-70.89500508698666,41.10392076296647],[-70.89473051255264,41.104153346629204],[-70.89529814714298,41.104402624846735],[-70.89573989944574,41.103892663723414]]},"properties":{"kind":"centerline","cls":"lane"}},{"type":"Feature","geometry":{"type":"LineString","coordinates":[[-70.89514355309782,41.10366961793563],[-70.89511817594916,41.10369111414742],[-70.89519471498168,41.1037601348519],[-70.89530157386747,41.10366961793563],[-70.89514355309782,41.10366961793563]]},"properties":{"kind":"centerline","cls":"lane"}},{"type":"Feature","geometry":{"type":"LineString","coordinates":[[-70.89565061130776,41.10337395892211],[-70.89494553896384,41.10326674410432],[-70.89494553896384,41.10353543506509],[-70.89509433818532,41.10366961793563],[-70.89530157386747,41.10366961793563],[-70.89565061130776,41.10337395892211]]},"properties":{"kind":"centerline","cls":"lane"}},{"type":"Feature","geometry":{"type":"LineString","coordinates":[[-70.8943249516293,41.10366961793563],[-70.89423147357748,41.103934192355794],[-70.89473051255264,41.104153346629204],[-70.89519471498168,41.1037601348519],[-70.89509433818532,41.10366961793563],[-70.8943249516293,41.10366961793563]]},"properties":{"kind":"centerline","cls":"lane"}},{"type":"Feature","geometry":{"type":"LineString","coordinates":[[-70.89494553896384,41.10366961793563],[-70.89509433818532,41.10366961793563],[-70.89494553896384,41.10353543506509],[-70.89494553896384,41.10366961793563]]},"properties":{"kind":"centerline","cls":"lane"}},{"type":"Feature","geometry":{"type":"LineString","coordinates":[[-70.8925947326888,41.100145586600014],[-70.8928869447412,41.10057150158962],[-70.8933423413742,41.100425485423116],[-70.89330480534935,41.09974076949311],[-70.8925947326888,41.100145586600014]]},"properties":{"kind":"centerline","cls":"lane"}},{"type":"Feature","geometry":{"type":"LineString","coordinates":[[-70.89328852882441,41.09944386016558],[-70.89228150485798,41.09968903996818],[-70.8925947326888,41.100145586600014],[-70.89330480534935,41.09974076949311],[-70.89328852882441,41.09944386016558]]},"properties":{"kind":"centerline","cls":"lane"}},{"type":"Feature","geometry":{"type":"LineString","coordinates":[[-70.8940206158408,41.100208006789586],[-70.89390799209633,41.09987347640911],[-70.8933108771938,41.09985152945363],[-70.8933423413742,41.100425485423116],[-70.8940206158408,41.100208006789586]]},"properties":{"kind":"centerline","cls":"lane"}},{"type":"Feature","geometry":{"type":"LineString","coordinates":[[-70.89390799209633,41.09987347640911],[-70.89372738480478,41.09933701204059],[-70.89328852882441,41.09944386016558],[-70.8933108771938,41.09985152945363],[-70.89390799209633,41.09987347640911]]},"properties":{"kind":"centerline","cls":"lane"}},{"type":"Feature","geometry":{"type":"LineString","coordinates":[[-70.89237391898021,41.10073599568008],[-70.8928869447412,41.10057150158962],[-70.89275405801537,41.10037781194545],[-70.89215149280103,41.10039741582093],[-70.89237391898021,41.10073599568008]]},"properties":{"kind":"centerline","cls":"lane"}},{"type":"Feature","geometry":{"type":"LineString","coordinates":[[-70.89190834207277,41.10088527600039],[-70.89237391898021,41.10073599568008],[-70.8922141548145,41.10049280070669],[-70.89211487632589,41.10039860710247],[-70.89202151832028,41.10040164441474],[-70.89190335563615,41.10074774304381],[-70.89190834207277,41.10088527600039]]},"properties":{"kind":"centerline","cls":"lane"}},{"type":"Feature","geometry":{"type":"LineString","coordinates":[[-70.89228150485798,41.09968903996818],[-70.89204607023146,41.099746361161294],[-70.89218306988094,41.10039638849123],[-70.89275405801537,41.10037781194545],[-70.89228150485798,41.09968903996818]]},"properties":{"kind":"centerline","cls":"lane"}},{"type":"Feature","geometry":{"type":"LineString","coordinates":[[-70.89204607023146,41.099746361161294],[-70.89186861567708,41.09978956596482],[-70.89187863099716,41.10006580262115],[-70.89190769439443,41.10040534756589],[-70.89218306988094,41.10039638849123],[-70.89204607023146,41.099746361161294]]},"properties":{"kind":"centerline","cls":"lane"}},{"type":"Feature","geometry":{"type":"LineString","coordinates":[[-70.89314212319414,41.10169667165962],[-70.89369869023649,41.101600259560186],[-70.89281461977741,41.10059469151505],[-70.89240219240695,41.10072693022573],[-70.89314212319414,41.10169667165962]]},"properties":{"kind":"centerline","cls":"lane"}},{"type":"Feature","geometry":{"type":"LineString","coordinates":[[-70.89275117602973,41.10118430257004],[-70.89240219240695,41.10072693022573],[-70.89185001504391,41.10090397769588],[-70.89183485683884,41.10094837609487],[-70.89234897404998,41.10143707770259],[-70.89275117602973,41.10118430257004]]},"properties":{"kind":"centerline","cls":"lane"}},{"type":"Feature","geometry":{"type":"LineString","coordinates":[[-70.89176921546652,41.101140639745054],[-70.89196090396935,41.101680971246154],[-70.89234897404998,41.10143707770259],[-70.89183485683884,41.10094837609487],[-70.89176921546652,41.101140639745054]]},"properties":{"kind":"centerline","cls":"lane"}},{"type":"Feature","geometry":{"type":"LineString","coordinates":[[-70.89203453927402,41.1018885344235],[-70.89314212319414,41.10169667165962],[-70.89275117602973,41.10118430257004],[-70.89196090396935,41.101680971246154],[-70.89203453927402,41.1018885344235]]},"properties":{"kind":"centerline","cls":"lane"}},{"type":"Feature","geometry":{"type":"LineString","coordinates":[[-70.89326126116418,41.10045148258819],[-70.89281461977741,41.10059469151505],[-70.89331989258223,41.101169403837325],[-70.89367361903672,41.10101671451741],[-70.89366296446958,41.10088625306172],[-70.89326126116418,41.10045148258819]]},"properties":{"kind":"centerline","cls":"lane"}},{"type":"Feature","geometry":{"type":"LineString","coordinates":[[-70.89421430314256,41.10078332318532],[-70.8940206158408,41.100208006789586],[-70.89326126116418,41.10045148258819],[-70.89375217363515,41.100982805693064],[-70.89421430314256,41.10078332318532]]},"properties":{"kind":"centerline","cls":"lane"}},{"type":"Feature","geometry":{"type":"LineString","coordinates":[[-70.89369869023649,41.101600259560186],[-70.89444576620446,41.10147084628735],[-70.89421430314256,41.10078332318532],[-70.89331989258223,41.101169403837325],[-70.89369869023649,41.101600259560186]]},"properties":{"kind":"centerline","cls":"lane"}},{"type":"Feature","geometry":{"type":"LineString","coordinates":[[-70.89185526471343,41.09979281651967],[-70.89188443305314,41.09978571491334],[-70.89192091139597,41.099384340497586],[-70.89185538795715,41.09940155927507],[-70.89184964602218,41.0997271738768],[-70.89185526471343,41.09979281651967]]},"properties":{"kind":"centerline","cls":"lane"}},{"type":"Feature","geometry":{"type":"LineString","coordinates":[[-70.89185538795715,41.09940155927507],[-70.89192091139597,41.099384340497586],[-70.8919511059381,41.099052107293794],[-70.89190013344762,41.09905509481821],[-70.89189571305101,41.09907130799292],[-70.89188448788647,41.09915793651782],[-70.89185541138686,41.09940023061921],[-70.89185538795715,41.09940155927507]]},"properties":{"kind":"centerline","cls":"lane"}},{"type":"Feature","geometry":{"type":"LineString","coordinates":[[-70.89188443305314,41.09978571491334],[-70.89267391714394,41.099593499474594],[-70.89253309419249,41.099017996656826],[-70.8919511059381,41.099052107293794],[-70.89188443305314,41.09978571491334]]},"properties":{"kind":"centerline","cls":"lane"}},{"type":"Feature","geometry":{"type":"LineString","coordinates":[[-70.89190013344762,41.09905509481821],[-70.89202165009125,41.09904797266396],[-70.89200052923798,41.098719646267455],[-70.89197656761478,41.098774748818414],[-70.89190013344762,41.09905509481821]]},"properties":{"kind":"centerline","cls":"lane"}},{"type":"Feature","geometry":{"type":"LineString","coordinates":[[-70.89236853596574,41.09834549460935],[-70.89222520400065,41.09835824321151],[-70.89209440097258,41.098503777250635],[-70.89200052923798,41.098719646267455],[-70.89202165009125,41.09904797266396],[-70.89253309419249,41.099017996656826],[-70.89236853596574,41.09834549460935]]},"properties":{"kind":"centerline","cls":"lane"}},{"type":"Feature","geometry":{"type":"LineString","coordinates":[[-70.89372738480478,41.09933701204059],[-70.89355536930337,41.098826068177054],[-70.89298784726272,41.098856411508066],[-70.89339384044949,41.09941821997795],[-70.89372738480478,41.09933701204059]]},"properties":{"kind":"centerline","cls":"lane"}},{"type":"Feature","geometry":{"type":"LineString","coordinates":[[-70.89258509449537,41.09923050690835],[-70.89267391714394,41.099593499474594],[-70.89339384044949,41.09941821997795],[-70.89319336398404,41.099140803065616],[-70.89258509449537,41.09923050690835]]},"properties":{"kind":"centerline","cls":"lane"}},{"type":"Feature","geometry":{"type":"LineString","coordinates":[[-70.89298784726272,41.098856411508066],[-70.89249993833354,41.098882498216746],[-70.89256838735623,41.09916222964568],[-70.89270443339883,41.09921290754092],[-70.89319336398404,41.099140803065616],[-70.89298784726272,41.098856411508066]]},"properties":{"kind":"centerline","cls":"lane"}},{"type":"Feature","geometry":{"type":"LineString","coordinates":[[-70.89355536930337,41.098826068177054],[-70.89336377656781,41.09825697334697],[-70.89294220800527,41.098294469587834],[-70.89319323156013,41.09884543035972],[-70.89355536930337,41.098826068177054]]},"properties":{"kind":"centerline","cls":"lane"}},{"type":"Feature","geometry":{"type":"LineString","coordinates":[[-70.89294220800527,41.098294469587834],[-70.89236853596574,41.09834549460935],[-70.89249993833354,41.098882498216746],[-70.89319323156013,41.09884543035972],[-70.89294220800527,41.098294469587834]]},"properties":{"kind":"centerline","cls":"lane"}},{"type":"Feature","geometry":{"type":"LineString","coordinates":[[-70.89444576620446,41.10147084628735],[-70.89512834634988,41.101352605393004],[-70.8950624988325,41.10093439496757],[-70.89425833239892,41.10091410487751],[-70.89444576620446,41.10147084628735]]},"properties":{"kind":"centerline","cls":"lane"}},{"type":"Feature","geometry":{"type":"LineString","coordinates":[[-70.89450524690295,41.10027240461894],[-70.89404248831481,41.10027297538997],[-70.89425833239892,41.10091410487751],[-70.89473322359073,41.10092608695565],[-70.89450524690295,41.10027240461894]]},"properties":{"kind":"centerline","cls":"lane"}},{"type":"Feature","geometry":{"type":"LineString","coordinates":[[-70.8950624988325,41.10093439496757],[-70.89495818003941,41.100271845966724],[-70.89450524690295,41.10027240461894],[-70.89473322359073,41.10092608695565],[-70.8950624988325,41.10093439496757]]},"properties":{"kind":"centerline","cls":"lane"}},{"type":"Feature","geometry":{"type":"LineString","coordinates":[[-70.89512834634988,41.101352605393004],[-70.89569844893533,41.10125384858031],[-70.89594689445214,41.101074744755905],[-70.89594689445214,41.100762515873754],[-70.89506004672636,41.100918821163184],[-70.89512834634988,41.101352605393004]]},"properties":{"kind":"centerline","cls":"lane"}},{"type":"Feature","geometry":{"type":"LineString","coordinates":[[-70.89594689445214,41.100762515873754],[-70.89594689445214,41.10027062647657],[-70.89495818003941,41.100271845966724],[-70.89506004672636,41.100918821163184],[-70.89594689445214,41.100762515873754]]},"properties":{"kind":"centerline","cls":"lane"}},{"type":"Feature","geometry":{"type":"LineString","coordinates":[[-70.89473236600595,41.09978222030568],[-70.89450203633211,41.099595786342206],[-70.89382301652411,41.099621070394406],[-70.89404248831481,41.10027297538997],[-70.8946275204884,41.10027225380549],[-70.89473236600595,41.09978222030568]]},"properties":{"kind":"centerline","cls":"lane"}},{"type":"Feature","geometry":{"type":"LineString","coordinates":[[-70.89594689445214,41.10027062647657],[-70.89594689445214,41.09975169557349],[-70.89579042168556,41.099547811891185],[-70.89540322742597,41.099562229496904],[-70.89522834824872,41.10027151273858],[-70.89594689445214,41.10027062647657]]},"properties":{"kind":"centerline","cls":"lane"}},{"type":"Feature","geometry":{"type":"LineString","coordinates":[[-70.89540322742597,41.099562229496904],[-70.89477442472273,41.099585643659765],[-70.89473515244791,41.09976919686],[-70.89531311099617,41.09992772797683],[-70.89540322742597,41.099562229496904]]},"properties":{"kind":"centerline","cls":"lane"}},{"type":"Feature","geometry":{"type":"LineString","coordinates":[[-70.89473515244791,41.09976919686],[-70.8946275204884,41.10027225380549],[-70.89522834824872,41.10027151273858],[-70.89531311099617,41.09992772797683],[-70.89473515244791,41.09976919686]]},"properties":{"kind":"centerline","cls":"lane"}},{"type":"Feature","geometry":{"type":"LineString","coordinates":[[-70.89353262929903,41.09875852271989],[-70.89373109858263,41.09934804320925],[-70.89475340683656,41.09893179878302],[-70.89498501339263,41.09882154100767],[-70.8949553595981,41.098765225959575],[-70.89353262929903,41.09875852271989]]},"properties":{"kind":"centerline","cls":"lane"}},{"type":"Feature","geometry":{"type":"LineString","coordinates":[[-70.89462849543993,41.09814448345168],[-70.89400017380883,41.098200369258436],[-70.89414644689371,41.0986030706548],[-70.89441636090709,41.09876268644986],[-70.8949553595981,41.098765225959575],[-70.89462849543993,41.09814448345168]]},"properties":{"kind":"centerline","cls":"lane"}},{"type":"Feature","geometry":{"type":"LineString","coordinates":[[-70.89400017380883,41.098200369258436],[-70.89336377656781,41.09825697334697],[-70.89353262929903,41.09875852271989],[-70.89420406075843,41.09876168619086],[-70.89400017380883,41.098200369258436]]},"properties":{"kind":"centerline","cls":"lane"}},{"type":"Feature","geometry":{"type":"LineString","coordinates":[[-70.89456198419148,41.09959355411748],[-70.89537557956557,41.09956325899551],[-70.89499193222845,41.09883468045839],[-70.89451132861483,41.099030363682715],[-70.89456198419148,41.09959355411748]]},"properties":{"kind":"centerline","cls":"lane"}},{"type":"Feature","geometry":{"type":"LineString","coordinates":[[-70.89373109858263,41.09934804320925],[-70.89382301652411,41.099621070394406],[-70.89456198419148,41.09959355411748],[-70.89451132861483,41.099030363682715],[-70.89373109858263,41.09934804320925]]},"properties":{"kind":"centerline","cls":"lane"}},{"type":"Feature","geometry":{"type":"LineString","coordinates":[[-70.89594689445214,41.09954198545497],[-70.89594689445214,41.09870439349577],[-70.89516814404192,41.09916932150203],[-70.89537557956557,41.09956325899551],[-70.89594689445214,41.09954198545497]]},"properties":{"kind":"centerline","cls":"lane"}},{"type":"Feature","geometry":{"type":"LineString","coordinates":[[-70.89594689445214,41.09870439349577],[-70.89594689445214,41.098389923282674],[-70.89586961818782,41.098315388999815],[-70.89483481689717,41.09853630523943],[-70.89516814404192,41.09916932150203],[-70.89594689445214,41.09870439349577]]},"properties":{"kind":"centerline","cls":"lane"}},{"type":"Feature","geometry":{"type":"LineString","coordinates":[[-70.89560259691466,41.09805784240021],[-70.89462849543993,41.09814448345168],[-70.89483481689717,41.09853630523943],[-70.89586961818782,41.098315388999815],[-70.89560259691466,41.09805784240021]]},"properties":{"kind":"centerline","cls":"lane"}},{"type":"Feature","geometry":{"type":"LineString","coordinates":[[-70.89255497565308,41.09832891180872],[-70.8931642820058,41.09827471730801],[-70.89289144362297,41.097909434963505],[-70.89259532428301,41.098096031309936],[-70.89248347936265,41.09817919179642],[-70.89255497565308,41.09832891180872]]},"properties":{"kind":"centerline","cls":"lane"}},{"type":"Feature","geometry":{"type":"LineString","coordinates":[[-70.8931642820058,41.09827471730801],[-70.89324719871956,41.09826734231531],[-70.89323624784362,41.0976194829345],[-70.89290997997381,41.09786207414642],[-70.8928773441928,41.09789055831992],[-70.8931642820058,41.09827471730801]]},"properties":{"kind":"centerline","cls":"lane"}},{"type":"Feature","geometry":{"type":"LineString","coordinates":[[-70.89222520400065,41.09835824321151],[-70.89246691155623,41.09833674463327],[-70.89253463964907,41.098286326287834],[-70.89247882387404,41.098169442761794],[-70.89228527825674,41.09829140340463],[-70.89222520400065,41.09835824321151]]},"properties":{"kind":"centerline","cls":"lane"}},{"type":"Feature","geometry":{"type":"LineString","coordinates":[[-70.89323558473839,41.09758025329258],[-70.89324719871956,41.09826734231531],[-70.8939881290988,41.09820144057017],[-70.8938844908075,41.09751851407238],[-70.89323558473839,41.09758025329258]]},"properties":{"kind":"centerline","cls":"lane"}},{"type":"Feature","geometry":{"type":"LineString","coordinates":[[-70.8939881290988,41.09820144057017],[-70.89434420051128,41.09816976994614],[-70.89441448461757,41.097468088585394],[-70.8938844908075,41.09751851407238],[-70.8939881290988,41.09820144057017]]},"properties":{"kind":"centerline","cls":"lane"}},{"type":"Feature","geometry":{"type":"LineString","coordinates":[[-70.89444170278475,41.09719635601897],[-70.89369507584303,41.09705241921843],[-70.89344742609612,41.09733072808248],[-70.89328435197207,41.097575613405354],[-70.89441448461757,41.097468088585394],[-70.89444170278475,41.09719635601897]]},"properties":{"kind":"centerline","cls":"lane"}},{"type":"Feature","geometry":{"type":"LineString","coordinates":[[-70.89532646955055,41.09779151281966],[-70.89524463377514,41.097798791668744],[-70.89522605420774,41.09809133383503],[-70.89560259691466,41.09805784240021],[-70.89532646955055,41.09779151281966]]},"properties":{"kind":"centerline","cls":"lane"}},{"type":"Feature","geometry":{"type":"LineString","coordinates":[[-70.89594689445214,41.09796678257494],[-70.89594689445214,41.097486531018966],[-70.89532459284762,41.09736656199974],[-70.89594689445214,41.09796678257494]]},"properties":{"kind":"centerline","cls":"lane"}},{"type":"Feature","geometry":{"type":"LineString","coordinates":[[-70.89571841778789,41.097746412912],[-70.89532459284762,41.09736656199974],[-70.89527272011624,41.09735656183155],[-70.89524979304743,41.09771755701676],[-70.8954459976939,41.09790679976481],[-70.89571841778789,41.097746412912]]},"properties":{"kind":"centerline","cls":"lane"}},{"type":"Feature","geometry":{"type":"LineString","coordinates":[[-70.89440174642274,41.097595260350765],[-70.89434420051128,41.09816976994614],[-70.89522605420774,41.09809133383503],[-70.89524681455738,41.09776445444521],[-70.89440174642274,41.097595260350765]]},"properties":{"kind":"centerline","cls":"lane"}},{"type":"Feature","geometry":{"type":"LineString","coordinates":[[-70.89527272011624,41.09735656183155],[-70.89444170278475,41.09719635601897],[-70.89440174642274,41.097595260350765],[-70.89502171524303,41.09771938651153],[-70.89525371497558,41.09765580480633],[-70.89527272011624,41.09735656183155]]},"properties":{"kind":"centerline","cls":"lane"}},{"type":"Feature","geometry":{"type":"LineString","coordinates":[[-70.89594689445214,41.09673313439383],[-70.89594689445214,41.09607725716291],[-70.89571805603528,41.0962037541432],[-70.89540516107587,41.09639339733012],[-70.89545322925038,41.0967529931455],[-70.89594689445214,41.09673313439383]]},"properties":{"kind":"centerline","cls":"lane"}},{"type":"Feature","geometry":{"type":"LineString","coordinates":[[-70.89476626406912,41.096780627807405],[-70.89545322925038,41.0967529931455],[-70.8954212814296,41.09651399295925],[-70.89523185630618,41.09653045036608],[-70.89507100178281,41.096595928663305],[-70.89476626406912,41.096780627807405]]},"properties":{"kind":"centerline","cls":"lane"}},{"type":"Feature","geometry":{"type":"LineString","coordinates":[[-70.89594689445214,41.097486531018966],[-70.89594689445214,41.09693723203641],[-70.89580415008339,41.09673887659515],[-70.89541997447249,41.09675433089095],[-70.89521630292232,41.097345685569344],[-70.89594689445214,41.097486531018966]]},"properties":{"kind":"centerline","cls":"lane"}},{"type":"Feature","geometry":{"type":"LineString","coordinates":[[-70.89541997447249,41.09675433089095],[-70.89468263296618,41.09678399204961],[-70.89463462285252,41.09723354768159],[-70.89511334352595,41.09732583677302],[-70.8952523534954,41.097241013733594],[-70.89541997447249,41.09675433089095]]},"properties":{"kind":"centerline","cls":"lane"}},{"type":"Feature","geometry":{"type":"LineString","coordinates":[[-70.89420798005388,41.09667686225268],[-70.89468306306811,41.096779964674376],[-70.89470481979285,41.09657623972156],[-70.89448264832404,41.09659554215717],[-70.89420798005388,41.09667686225268]]},"properties":{"kind":"centerline","cls":"lane"}},{"type":"Feature","geometry":{"type":"LineString","coordinates":[[-70.8936470799953,41.09704316644657],[-70.89396293709933,41.09710405825001],[-70.89413157518561,41.09670579808902],[-70.8938562722093,41.09685895336407],[-70.8936470799953,41.09704316644657]]},"properties":{"kind":"centerline","cls":"lane"}},{"type":"Feature","geometry":{"type":"LineString","coordinates":[[-70.89396293709933,41.09710405825001],[-70.89463462285252,41.09723354768159],[-70.89468306306811,41.096779964674376],[-70.89420798005388,41.09667686225268],[-70.89415584007638,41.096692299157525],[-70.89413157518561,41.09670579808902],[-70.89396293709933,41.09710405825001]]},"properties":{"kind":"centerline","cls":"lane"}},{"type":"Feature","geometry":{"type":"LineString","coordinates":[[-70.89147802118683,41.101984938042605],[-70.89203453927402,41.1018885344235],[-70.89183974072547,41.10133943632632],[-70.89160050608545,41.10139574936733],[-70.89153478826714,41.101487280636086],[-70.89145513943961,41.101751313720264],[-70.89147802118683,41.101984938042605]]},"properties":{"kind":"centerline","cls":"lane"}},{"type":"Feature","geometry":{"type":"LineString","coordinates":[[-70.89183974072547,41.10133943632632],[-70.89177399572587,41.1011541143388],[-70.89175611015054,41.10117902522968],[-70.891689249479,41.10137486020864],[-70.89183974072547,41.10133943632632]]},"properties":{"kind":"centerline","cls":"lane"}},{"type":"Feature","geometry":{"type":"LineString","coordinates":[[-70.90663281987783,41.100808483755706],[-70.9068356482679,41.10113149688071],[-70.90778669366584,41.100808483755706],[-70.90663281987783,41.100808483755706]]},"properties":{"kind":"centerline","cls":"grid"}},{"type":"Feature","geometry":{"type":"LineString","coordinates":[[-70.90778669366584,41.100808483755706],[-70.9068356482679,41.10113149688071],[-70.90730003799516,41.10188618953973],[-70.90849281028163,41.10147046221833],[-70.90862176910952,41.10132408305303],[-70.90886853932089,41.100839788895634],[-70.90884916172855,41.100808483755706],[-70.90778669366584,41.100808483755706]]},"properties":{"kind":"centerline","cls":"grid"}},{"type":"Feature","geometry":{"type":"LineString","coordinates":[[-70.90848509856816,41.10147315004904],[-70.90730003799516,41.10188618953973],[-70.907823877848,41.10270149839441],[-70.90785133207905,41.10269194995869],[-70.90796976441202,41.10260366239867],[-70.90844043039668,41.10167996587472],[-70.90848509856816,41.10147315004904]]},"properties":{"kind":"centerline","cls":"grid"}},{"type":"Feature","geometry":{"type":"LineString","coordinates":[[-70.90308638200149,41.100808483755706],[-70.90338218155726,41.10131333822247],[-70.90486427750069,41.100808483755706],[-70.90308638200149,41.100808483755706]]},"properties":{"kind":"centerline","cls":"grid"}},{"type":"Feature","geometry":{"type":"LineString","coordinates":[[-70.90486427750069,41.100808483755706],[-70.90338218155726,41.10131333822247],[-70.90390364598397,41.10215020327089],[-70.9068356482679,41.10113149688071],[-70.90663281987783,41.100808483755706],[-70.90486427750069,41.100808483755706]]},"properties":{"kind":"centerline","cls":"grid"}},{"type":"Feature","geometry":{"type":"LineString","coordinates":[[-70.9068356482679,41.10113149688071],[-70.90390364598397,41.10215020327089],[-70.90420735243815,41.10264279600363],[-70.90691785269495,41.10126508958095],[-70.9068356482679,41.10113149688071]]},"properties":{"kind":"centerline","cls":"grid"}},{"type":"Feature","geometry":{"type":"LineString","coordinates":[[-70.90552295834954,41.10250625680487],[-70.90730003799516,41.10188618953973],[-70.90691785269495,41.10126508958095],[-70.90519557158407,41.10214049910809],[-70.90552295834954,41.10250625680487]]},"properties":{"kind":"centerline","cls":"grid"}},{"type":"Feature","geometry":{"type":"LineString","coordinates":[[-70.90480704314574,41.103551573958065],[-70.90493730719689,41.10374377008757],[-70.907823877848,41.10270149839441],[-70.90749291539296,41.102186385581405],[-70.90480704314574,41.103551573958065]]},"properties":{"kind":"centerline","cls":"grid"}},{"type":"Feature","geometry":{"type":"LineString","coordinates":[[-70.90730003799516,41.10188618953973],[-70.90552295834954,41.10250625680487],[-70.90594217276129,41.10297460468533],[-70.90749291539296,41.102186385581405],[-70.90730003799516,41.10188618953973]]},"properties":{"kind":"centerline","cls":"grid"}},{"type":"Feature","geometry":{"type":"LineString","coordinates":[[-70.9068289621503,41.103060738681286],[-70.90493730719689,41.10374377008757],[-70.90505421908648,41.10392832821679],[-70.90679163501201,41.10317282873865],[-70.9068289621503,41.103060738681286]]},"properties":{"kind":"centerline","cls":"grid"}},{"type":"Feature","geometry":{"type":"LineString","coordinates":[[-70.90608106534131,41.10437563273149],[-70.90547290639115,41.10458927164989],[-70.90549572967545,41.10462504029326],[-70.90557996250848,41.10459590525515],[-70.90596318987404,41.104434115500744],[-70.90608106534131,41.10437563273149]]},"properties":{"kind":"centerline","cls":"grid"}},{"type":"Feature","geometry":{"type":"LineString","coordinates":[[-70.90192609620006,41.100979080230694],[-70.90240615460354,41.100808483755706],[-70.90189427967177,41.100808483755706],[-70.90192609620006,41.100979080230694]]},"properties":{"kind":"centerline","cls":"grid"}},{"type":"Feature","geometry":{"type":"LineString","coordinates":[[-70.90240615460354,41.100808483755706],[-70.90192609620006,41.100979080230694],[-70.90207521415786,41.1017786331462],[-70.90338218155726,41.10131333822247],[-70.90308638200149,41.100808483755706],[-70.90240615460354,41.100808483755706]]},"properties":{"kind":"centerline","cls":"grid"}},{"type":"Feature","geometry":{"type":"LineString","coordinates":[[-70.90166892581384,41.10217017010362],[-70.90166892581384,41.10298201893369],[-70.90390364598397,41.10215020327089],[-70.90377697328616,41.101946914325445],[-70.90166892581384,41.10217017010362]]},"properties":{"kind":"centerline","cls":"grid"}},{"type":"Feature","geometry":{"type":"LineString","coordinates":[[-70.90338218155726,41.10131333822247],[-70.90207521415786,41.1017786331462],[-70.90213895261545,41.10212039124392],[-70.90377697328616,41.101946914325445],[-70.90338218155726,41.10131333822247]]},"properties":{"kind":"centerline","cls":"grid"}},{"type":"Feature","geometry":{"type":"LineString","coordinates":[[-70.90390364598397,41.10215020327089],[-70.90166892581384,41.10298201893369],[-70.90166892581384,41.103485780003645],[-70.90197260544184,41.10377868421548],[-70.90420735243815,41.10264279600363],[-70.90390364598397,41.10215020327089]]},"properties":{"kind":"centerline","cls":"grid"}},{"type":"Feature","geometry":{"type":"LineString","coordinates":[[-70.90197058708169,41.10377971011752],[-70.90375386235915,41.103132264816054],[-70.90359454617489,41.10295427618986],[-70.90197058708169,41.10377971011752]]},"properties":{"kind":"centerline","cls":"grid"}},{"type":"Feature","geometry":{"type":"LineString","coordinates":[[-70.90168530227176,41.10392471608605],[-70.90166892581384,41.103933039992754],[-70.90166892581384,41.104270197924805],[-70.90201806050051,41.10482308744155],[-70.90245083089258,41.104663081575985],[-70.90168530227176,41.10392471608605]]},"properties":{"kind":"centerline","cls":"grid"}},{"type":"Feature","geometry":{"type":"LineString","coordinates":[[-70.9023742384249,41.10458920682672],[-70.90245083089258,41.104663081575985],[-70.90445937987876,41.10392047158013],[-70.90413176916313,41.103554463685406],[-70.9023742384249,41.10458920682672]]},"properties":{"kind":"centerline","cls":"grid"}},{"type":"Feature","geometry":{"type":"LineString","coordinates":[[-70.90375386235915,41.103132264816054],[-70.9019728262233,41.10377889716299],[-70.90264665851889,41.104428819973904],[-70.90413176916313,41.103554463685406],[-70.90375386235915,41.103132264816054]]},"properties":{"kind":"centerline","cls":"grid"}},{"type":"Feature","geometry":{"type":"LineString","coordinates":[[-70.9043411473521,41.1037883817671],[-70.90445937987876,41.10392047158013],[-70.90493730719689,41.10374377008757],[-70.90480704314574,41.103551573958065],[-70.9043411473521,41.1037883817671]]},"properties":{"kind":"centerline","cls":"grid"}},{"type":"Feature","geometry":{"type":"LineString","coordinates":[[-70.90493730719689,41.10374377008757],[-70.90201806050051,41.10482308744155],[-70.90253855132502,41.10562582527219],[-70.90260908369065,41.10561281194626],[-70.90376224472227,41.10522233850849],[-70.90547290639115,41.10458927164989],[-70.90493730719689,41.10374377008757]]},"properties":{"kind":"centerline","cls":"grid"}},{"type":"Feature","geometry":{"type":"LineString","coordinates":[[-70.90166892581384,41.104949420081624],[-70.90201806050051,41.10482308744155],[-70.90166892581384,41.104270197924805],[-70.90166892581384,41.104949420081624]]},"properties":{"kind":"centerline","cls":"grid"}},{"type":"Feature","geometry":{"type":"LineString","coordinates":[[-70.90201806050051,41.10482308744155],[-70.90166892581384,41.104949420081624],[-70.90166892581384,41.105931160093775],[-70.90209541732789,41.10578674521753],[-70.90250267105114,41.1055704881714],[-70.90201806050051,41.10482308744155]]},"properties":{"kind":"centerline","cls":"grid"}},{"type":"Feature","geometry":{"type":"LineString","coordinates":[[-70.90158547952313,41.09745330804947],[-70.90153267446772,41.097447783295635],[-70.90143798570637,41.09795524039466],[-70.90158547952313,41.09797288726122],[-70.90158547952313,41.09745330804947]]},"properties":{"kind":"street","cls":"grid"}},{"type":"Feature","geometry":{"type":"LineString","coordinates":[[-70.90158547952313,41.098100226701284],[-70.90141419276114,41.09807973313282],[-70.90132262733958,41.09854805245268],[-70.90158547952313,41.09857628420232],[-70.90158547952313,41.098100226701284]]},"properties":{"kind":"street","cls":"grid"}},{"type":"Feature","geometry":{"type":"LineString","coordinates":[[-70.90158547952313,41.09870331935693],[-70.9013017533164,41.098672845624016],[-70.90124421776137,41.09908363646024],[-70.90158547952313,41.09912475556387],[-70.90158547952313,41.09870331935693]]},"properties":{"kind":"street","cls":"grid"}},{"type":"Feature","geometry":{"type":"LineString","coordinates":[[-70.90158547952313,41.099252117235956],[-70.9012230445847,41.09920844694687],[-70.90114413955243,41.099607814536014],[-70.90158547952313,41.099656172462076],[-70.90158547952313,41.099252117235956]]},"properties":{"kind":"street","cls":"grid"}},{"type":"Feature","geometry":{"type":"LineString","coordinates":[[-70.90158547952313,41.09978325911063],[-70.90111874894332,41.09973211911795],[-70.90101084269969,41.10024335271675],[-70.90105835919881,41.10024818867441],[-70.90158547952313,41.10019236324366],[-70.90158547952313,41.09978325911063]]},"properties":{"kind":"street","cls":"grid"}},{"type":"Feature","geometry":{"type":"LineString","coordinates":[[-70.90117382840901,41.10228610414934],[-70.90158547952313,41.1023330547846],[-70.90158547952313,41.1022425076502],[-70.90117382840901,41.10228610414934]]},"properties":{"kind":"street","cls":"grid"}},{"type":"Feature","geometry":{"type":"LineString","coordinates":[[-70.90158547952313,41.10246025126236],[-70.90062432705128,41.10235062756018],[-70.9006211979233,41.10237309106378],[-70.90119421784235,41.10292577860775],[-70.90158547952313,41.102966938222416],[-70.90158547952313,41.10246025126236]]},"properties":{"kind":"street","cls":"grid"}},{"type":"Feature","geometry":{"type":"LineString","coordinates":[[-70.90061185986981,41.10299149988313],[-70.90053410237323,41.10298332001591],[-70.90046291888775,41.10339688970884],[-70.90110979028726,41.1034717623144],[-70.90061185986981,41.10299149988313]]},"properties":{"kind":"street","cls":"grid"}},{"type":"Feature","geometry":{"type":"LineString","coordinates":[[-70.90158547952313,41.103093921898186],[-70.90134199012147,41.10306830750648],[-70.90152043881211,41.103240424330494],[-70.90158547952313,41.103247266428085],[-70.90158547952313,41.103093921898186]]},"properties":{"kind":"street","cls":"grid"}},{"type":"Feature","geometry":{"type":"LineString","coordinates":[[-70.90125969993443,41.103616352741284],[-70.90043744144516,41.103521179828114],[-70.90032293657708,41.10400198641645],[-70.90158547952313,41.104149076269266],[-70.90158547952313,41.10398128870404],[-70.90150986415503,41.10385764042445],[-70.90125969993443,41.103616352741284]]},"properties":{"kind":"street","cls":"grid"}},{"type":"Feature","geometry":{"type":"LineString","coordinates":[[-70.90158547952313,41.10427633453835],[-70.90029707435157,41.10412623166253],[-70.90022432667527,41.1045343926264],[-70.90158547952313,41.10467320930919],[-70.90158547952313,41.10427633453835]]},"properties":{"kind":"street","cls":"grid"}},{"type":"Feature","geometry":{"type":"LineString","coordinates":[[-70.90158547952313,41.104800119969056],[-70.90020362910671,41.10465919245218],[-70.90014021515232,41.10507167621661],[-70.90158547952313,41.10522615736189],[-70.90158547952313,41.104800119969056]]},"properties":{"kind":"street","cls":"grid"}},{"type":"Feature","geometry":{"type":"LineString","coordinates":[[-70.90158547952313,41.10535318035596],[-70.90012057698002,41.10519660012943],[-70.90003323433118,41.105740751918205],[-70.90158547952313,41.105912412570795],[-70.90158547952313,41.10535318035596]]},"properties":{"kind":"street","cls":"grid"}},{"type":"Feature","geometry":{"type":"LineString","coordinates":[[-70.89956586432585,41.095366850078996],[-70.89955298411282,41.095454955345794],[-70.90089830567754,41.09558381648148],[-70.90066688370185,41.095504257695985],[-70.90060897045797,41.095489200150034],[-70.9001768748164,41.09543547754458],[-70.89972061678793,41.095383076646264],[-70.89956586432585,41.095366850078996]]},"properties":{"kind":"street","cls":"grid"}},{"type":"Feature","geometry":{"type":"LineString","coordinates":[[-70.90140950412163,41.095759557472505],[-70.89953023435326,41.09557955230277],[-70.89943539230704,41.09601061235659],[-70.90158480939982,41.0962397304846],[-70.90158547952313,41.09623633042425],[-70.90158547952313,41.09582005470566],[-70.90140950412163,41.095759557472505]]},"properties":{"kind":"street","cls":"grid"}},{"type":"Feature","geometry":{"type":"LineString","coordinates":[[-70.90149499863129,41.096357173214805],[-70.89947408946685,41.09614175344998],[-70.89939810386976,41.09651806874715],[-70.90141489119179,41.09675159454076],[-70.90149499863129,41.096357173214805]]},"properties":{"kind":"street","cls":"grid"}},{"type":"Feature","geometry":{"type":"LineString","coordinates":[[-70.90139213788781,41.09687620008461],[-70.8993756924175,41.096642713874346],[-70.89930721096687,41.097073115649756],[-70.90132423588163,41.09729798119974],[-70.90139213788781,41.09687620008461]]},"properties":{"kind":"street","cls":"grid"}},{"type":"Feature","geometry":{"type":"LineString","coordinates":[[-70.90130260998637,41.09742270324566],[-70.89928599902545,41.097197883844814],[-70.89919159785259,41.09772177425818],[-70.90120792643309,41.097930132433625],[-70.90130260998637,41.09742270324566]]},"properties":{"kind":"street","cls":"grid"}},{"type":"Feature","geometry":{"type":"LineString","coordinates":[[-70.90118413673443,41.098054615205534],[-70.89916803264585,41.09784628022806],[-70.89908012572428,41.09828904100336],[-70.90109273021818,41.09852212179028],[-70.90118413673443,41.098054615205534]]},"properties":{"kind":"street","cls":"grid"}},{"type":"Feature","geometry":{"type":"LineString","coordinates":[[-70.90107163585675,41.098646919507864],[-70.89905555387345,41.09841343599106],[-70.89897033720545,41.098847028771864],[-70.90101399373954,41.09905847117406],[-70.90107163585675,41.098646919507864]]},"properties":{"kind":"street","cls":"grid"}},{"type":"Feature","geometry":{"type":"LineString","coordinates":[[-70.90099300432423,41.099183243530696],[-70.89894779537117,41.098971640510904],[-70.89888701999092,41.09933917687823],[-70.90091437926894,41.09958119405272],[-70.90099300432423,41.099183243530696]]},"properties":{"kind":"street","cls":"grid"}},{"type":"Feature","geometry":{"type":"LineString","coordinates":[[-70.90088898884139,41.099705495458274],[-70.89886736612321,41.0994641630889],[-70.8987870679073,41.099998770294604],[-70.90078067051977,41.100218681382565],[-70.90088898884139,41.099705495458274]]},"properties":{"kind":"street","cls":"grid"}},{"type":"Feature","geometry":{"type":"LineString","coordinates":[[-70.900465298448,41.10031099762021],[-70.89870003731217,41.10011627451216],[-70.89863114895184,41.100453654684934],[-70.89867934590654,41.10050014147473],[-70.900465298448,41.10031099762021]]},"properties":{"kind":"street","cls":"grid"}},{"type":"Feature","geometry":{"type":"LineString","coordinates":[[-70.89853846111535,41.10099167120844],[-70.89849686810997,41.10127582152054],[-70.89862539793121,41.10128963125199],[-70.89857670786488,41.10102856085461],[-70.89853846111535,41.10099167120844]]},"properties":{"kind":"street","cls":"grid"}},{"type":"Feature","geometry":{"type":"LineString","coordinates":[[-70.8986495748365,41.10141926496874],[-70.89847673576287,41.101400694483175],[-70.89837837556104,41.10196114178994],[-70.89875892976636,41.10200561321469],[-70.8986495748365,41.10141926496874]]},"properties":{"kind":"street","cls":"grid"}},{"type":"Feature","geometry":{"type":"LineString","coordinates":[[-70.89879583866134,41.102203514359736],[-70.8987286294463,41.102129339710714],[-70.89835640553113,41.10208584176062],[-70.89826639571861,41.10259484856962],[-70.89888209546838,41.102666013193335],[-70.89879583866134,41.102203514359736]]},"properties":{"kind":"street","cls":"grid"}},{"type":"Feature","geometry":{"type":"LineString","coordinates":[[-70.89902227148899,41.10251396785772],[-70.89905434121123,41.10268592192885],[-70.90038833355483,41.10284010919821],[-70.90039621780868,41.10278350941511],[-70.90000847289177,41.102409522789706],[-70.89902227148899,41.10251396785772]]},"properties":{"kind":"street","cls":"grid"}},{"type":"Feature","geometry":{"type":"LineString","coordinates":[[-70.90030412277125,41.102957610748305],[-70.89830947708657,41.10272706296971],[-70.89823528131271,41.10315857906814],[-70.90023286407933,41.10337161738398],[-70.90030412277125,41.102957610748305]]},"properties":{"kind":"street","cls":"grid"}},{"type":"Feature","geometry":{"type":"LineString","coordinates":[[-70.90020728894785,41.1034959072268],[-70.89821221697171,41.10328313668189],[-70.89811514787993,41.10377254180349],[-70.90009270140388,41.10397706097172],[-70.90020728894785,41.1034959072268]]},"properties":{"kind":"street","cls":"grid"}},{"type":"Feature","geometry":{"type":"LineString","coordinates":[[-70.9000669656221,41.1041013423852],[-70.8980877016823,41.10389664632525],[-70.89799146784686,41.1042868192784],[-70.89999420826439,41.104509557667946],[-70.9000669656221,41.1041013423852]]},"properties":{"kind":"street","cls":"grid"}},{"type":"Feature","geometry":{"type":"LineString","coordinates":[[-70.89997343242271,41.104634373514585],[-70.89796919951124,41.10441146913463],[-70.89792172919816,41.10482655713748],[-70.89991007081734,41.1050465167684],[-70.89997343242271,41.104634373514585]]},"properties":{"kind":"street","cls":"grid"}},{"type":"Feature","geometry":{"type":"LineString","coordinates":[[-70.89989046053978,41.1051714594661],[-70.89790195047759,41.10495148120123],[-70.8977942790786,41.10549422574049],[-70.89980315463555,41.10571538233302],[-70.89989046053978,41.1051714594661]]},"properties":{"kind":"street","cls":"grid"}},{"type":"Feature","geometry":{"type":"LineString","coordinates":[[-70.89984605966336,41.10584720487852],[-70.89770515019279,41.10561151270647],[-70.89766630058604,41.10581445674948],[-70.89779538590231,41.105851920671924],[-70.89826459753904,41.105946406998854],[-70.89873034544527,41.10597984598542],[-70.8992288140458,41.10595282088356],[-70.89974559983709,41.10591537201782],[-70.89983447972655,41.1059072915315],[-70.89984605966336,41.10584720487852]]},"properties":{"kind":"street","cls":"grid"}},{"type":"Feature","geometry":{"type":"LineString","coordinates":[[-70.89870457312867,41.09536333002631],[-70.89938756537975,41.09543796722652],[-70.89940049697489,41.095349510487694],[-70.89928792731807,41.09533770699789],[-70.89896353262237,41.09533887217131],[-70.89870457312867,41.09536333002631]]},"properties":{"kind":"street","cls":"grid"}},{"type":"Feature","geometry":{"type":"LineString","coordinates":[[-70.89936480223041,41.0955625593461],[-70.89809229785162,41.095423500427145],[-70.8979687528297,41.0954328257838],[-70.89748311810914,41.095478692353154],[-70.89717333156693,41.09555748875276],[-70.89701571413458,41.09563051988363],[-70.89699532142116,41.09578103779442],[-70.89926987453563,41.09599400867524],[-70.89936480223041,41.0955625593461]]},"properties":{"kind":"street","cls":"grid"}},{"type":"Feature","geometry":{"type":"LineString","coordinates":[[-70.89917860535988,41.09611219419715],[-70.89703982088068,41.095911935600625],[-70.89696783380406,41.09628207487729],[-70.89910296145588,41.09648681727442],[-70.89917860535988,41.09611219419715]]},"properties":{"kind":"street","cls":"grid"}},{"type":"Feature","geometry":{"type":"LineString","coordinates":[[-70.89908051097801,41.096611442747765],[-70.8969443206097,41.09640659844426],[-70.89686561444522,41.096837001365195],[-70.89901191862182,41.097042541557904],[-70.89908051097801,41.096611442747765]]},"properties":{"kind":"street","cls":"grid"}},{"type":"Feature","geometry":{"type":"LineString","coordinates":[[-70.898990754356,41.09716729038326],[-70.89684396620626,41.096961703843],[-70.89676312428544,41.097453959425074],[-70.8988965317815,41.09769018964406],[-70.898990754356,41.09716729038326]]},"properties":{"kind":"street","cls":"grid"}},{"type":"Feature","geometry":{"type":"LineString","coordinates":[[-70.89887296418564,41.09781469463615],[-70.89674289352844,41.09757883390221],[-70.89667129169295,41.098026413201296],[-70.89878535249287,41.09825596843267],[-70.89887296418564,41.09781469463615]]},"properties":{"kind":"street","cls":"grid"}},{"type":"Feature","geometry":{"type":"LineString","coordinates":[[-70.89882567582121,41.098387410021644],[-70.89658235697578,41.0981438193091],[-70.89652034127533,41.09841774446307],[-70.89671927996417,41.09860962424192],[-70.89718611856948,41.09865892462691],[-70.89880603095504,41.09848736549223],[-70.89882567582121,41.098387410021644]]},"properties":{"kind":"street","cls":"grid"}},{"type":"Feature","geometry":{"type":"LineString","coordinates":[[-70.89861726586807,41.09881006061267],[-70.89874006105579,41.09882302837061],[-70.89878054026704,41.098617065215926],[-70.89858513156258,41.098637760253844],[-70.89861726586807,41.09881006061267]]},"properties":{"kind":"street","cls":"grid"}},{"type":"Feature","geometry":{"type":"LineString","coordinates":[[-70.89721695649536,41.098789174358316],[-70.89718615164925,41.09878592121953],[-70.89693017002027,41.09881303131953],[-70.89728528546921,41.099155546263205],[-70.89721695649536,41.098789174358316]]},"properties":{"kind":"street","cls":"grid"}},{"type":"Feature","geometry":{"type":"LineString","coordinates":[[-70.896710177312,41.09922826010987],[-70.89639067433278,41.09919356024781],[-70.89627864245607,41.09970623653111],[-70.89733373111979,41.099829688456595],[-70.896710177312,41.09922826010987]]},"properties":{"kind":"street","cls":"grid"}},{"type":"Feature","geometry":{"type":"LineString","coordinates":[[-70.89807403486833,41.09991630859226],[-70.89855702367164,41.09997282128148],[-70.89861911252395,41.099559447865175],[-70.89779458147876,41.09964677100307],[-70.89807403486833,41.09991630859226]]},"properties":{"kind":"street","cls":"grid"}},{"type":"Feature","geometry":{"type":"LineString","coordinates":[[-70.89748390160615,41.099974530467364],[-70.89625715768746,41.099830993811125],[-70.89618969738024,41.10035581307643],[-70.89810933709121,41.10057777372412],[-70.89748390160615,41.099974530467364]]},"properties":{"kind":"street","cls":"grid"}},{"type":"Feature","geometry":{"type":"LineString","coordinates":[[-70.89853501075888,41.100097516765345],[-70.8982242053547,41.10006115060304],[-70.89849007548338,41.100317586904026],[-70.89853501075888,41.100097516765345]]},"properties":{"kind":"street","cls":"grid"}},{"type":"Feature","geometry":{"type":"LineString","coordinates":[[-70.89825922206339,41.10072234035156],[-70.89617070428126,41.10048085297402],[-70.89607827751674,41.101013223840795],[-70.8983315774848,41.10125796227603],[-70.89839132886988,41.10084975963315],[-70.89825922206339,41.10072234035156]]},"properties":{"kind":"street","cls":"grid"}},{"type":"Feature","geometry":{"type":"LineString","coordinates":[[-70.89831152212406,41.10138284775318],[-70.89605588453524,41.10113785542114],[-70.89603034074283,41.10127545578854],[-70.89603034074283,41.101693732057065],[-70.89821336843244,41.10194211838396],[-70.89831152212406,41.10138284775318]]},"properties":{"kind":"street","cls":"grid"}},{"type":"Feature","geometry":{"type":"LineString","coordinates":[[-70.898191403378,41.10206680883372],[-70.89603034074283,41.10182092170517],[-70.89603034074283,41.1023427142255],[-70.89761836963118,41.10252160941622],[-70.89812235742575,41.10245726470559],[-70.898191403378,41.10206680883372]]},"properties":{"kind":"street","cls":"grid"}},{"type":"Feature","geometry":{"type":"LineString","coordinates":[[-70.89807960411802,41.10270073023717],[-70.89633870074023,41.102504613375515],[-70.89603034074283,41.10253410788652],[-70.89603034074283,41.10289674146328],[-70.89800528556214,41.1031329604251],[-70.89807960411802,41.10270073023717]]},"properties":{"kind":"street","cls":"grid"}},{"type":"Feature","geometry":{"type":"LineString","coordinates":[[-70.89798225341266,41.103257544072825],[-70.89603034074283,41.10302407993757],[-70.89603034074283,41.10354867971626],[-70.89788490037586,41.10374838079477],[-70.89798225341266,41.103257544072825]]},"properties":{"kind":"street","cls":"grid"}},{"type":"Feature","geometry":{"type":"LineString","coordinates":[[-70.89785723272932,41.10387244316681],[-70.89603034074283,41.10367572137176],[-70.89603034074283,41.10407403060134],[-70.8977612858532,41.104261452664645],[-70.89785723272932,41.10387244316681]]},"properties":{"kind":"street","cls":"grid"}},{"type":"Feature","geometry":{"type":"LineString","coordinates":[[-70.89773878483162,41.104386072083095],[-70.89603034074283,41.104201086369656],[-70.89603034074283,41.10462132712924],[-70.89769130232139,41.10480126673975],[-70.89773878483162,41.104386072083095]]},"properties":{"kind":"street","cls":"grid"}},{"type":"Feature","geometry":{"type":"LineString","coordinates":[[-70.89767192034076,41.1049262241294],[-70.89603034074283,41.10474838425804],[-70.89603034074283,41.10529934662466],[-70.89756426872582,41.105468868942175],[-70.89767192034076,41.1049262241294]]},"properties":{"kind":"street","cls":"grid"}},{"type":"Feature","geometry":{"type":"LineString","coordinates":[[-70.89680928016936,41.09588931165437],[-70.89652935867701,41.09585963389653],[-70.89643551803465,41.095904385864145],[-70.89609402461421,41.09607391319692],[-70.89603034074283,41.09610911627835],[-70.89603034074283,41.09618669449339],[-70.89659289190212,41.0962445501592],[-70.8967520054083,41.09618380393866],[-70.89680928016936,41.09588931165437]]},"properties":{"kind":"street","cls":"grid"}},{"type":"Feature","geometry":{"type":"LineString","coordinates":[[-70.89671381414895,41.096383916427826],[-70.89603034074283,41.096313624493796],[-70.89603034074283,41.096752014242625],[-70.89650793131048,41.096801224839496],[-70.89665165757447,41.096723818281724],[-70.89671381414895,41.096383916427826]]},"properties":{"kind":"street","cls":"grid"}},{"type":"Feature","geometry":{"type":"LineString","coordinates":[[-70.89661345857242,41.096939032680204],[-70.89603034074283,41.09687894862833],[-70.89603034074283,41.09737988754138],[-70.89653291354992,41.09742948041487],[-70.89661345857242,41.096939032680204]]},"properties":{"kind":"street","cls":"grid"}},{"type":"Feature","geometry":{"type":"LineString","coordinates":[[-70.89651267442927,41.09755432108646],[-70.89603034074283,41.09750672536868],[-70.89603034074283,41.097945130541895],[-70.89605511680588,41.09796902747982],[-70.89644088200065,41.098003091773286],[-70.89651267442927,41.09755432108646]]},"properties":{"kind":"street","cls":"grid"}},{"type":"Feature","geometry":{"type":"LineString","coordinates":[[-70.89641672875061,41.0981275836158],[-70.89619963019467,41.098108413122915],[-70.89638138114232,41.09828371503046],[-70.89641672875061,41.0981275836158]]},"properties":{"kind":"street","cls":"grid"}},{"type":"Feature","geometry":{"type":"LineString","coordinates":[[-70.89613778373763,41.098676176686084],[-70.89603034074283,41.09866526964294],[-70.89603034074283,41.09903111751825],[-70.89624711495027,41.099051969658724],[-70.89627887898979,41.09881226547774],[-70.89613778373763,41.098676176686084]]},"properties":{"kind":"street","cls":"grid"}},{"type":"Feature","geometry":{"type":"LineString","coordinates":[[-70.89622522958935,41.09917664908642],[-70.89603034074283,41.09915790216236],[-70.89603034074283,41.099680115916144],[-70.89611341052624,41.09968835149973],[-70.89622522958935,41.09917664908642]]},"properties":{"kind":"street","cls":"grid"}},{"type":"Feature","geometry":{"type":"LineString","coordinates":[[-70.90849849835905,41.100088182313925],[-70.90833755464466,41.10027182821584],[-70.90847654692107,41.100343578900635],[-70.90851740787426,41.10032432530378],[-70.90852360532897,41.10018416151722],[-70.90849849835905,41.100088182313925]]},"properties":{"kind":"street","cls":"grid"}},{"type":"Feature","geometry":{"type":"LineString","coordinates":[[-70.9086041071441,41.10054009399802],[-70.9082534952268,41.10035910088234],[-70.90786492936395,41.100725290063686],[-70.90792114649197,41.10075458483866],[-70.90867282099941,41.10075458483866],[-70.9086259391227,41.10057536427996],[-70.9086041071441,41.10054009399802]]},"properties":{"kind":"street","cls":"grid"}},{"type":"Feature","geometry":{"type":"LineString","coordinates":[[-70.9077070947493,41.098135426868225],[-70.90744461914748,41.09843896772041],[-70.90826003231582,41.09886417755289],[-70.90825965977166,41.098857571490115],[-70.9081764575871,41.09852104730802],[-70.90779120507612,41.098184715112374],[-70.9077070947493,41.098135426868225]]},"properties":{"kind":"street","cls":"grid"}},{"type":"Feature","geometry":{"type":"LineString","coordinates":[[-70.90824963827109,41.09898984877246],[-70.9073643828769,41.09852821862903],[-70.90704726822602,41.09886795054866],[-70.90844288581967,41.099598657752175],[-70.9083492775164,41.09922004440367],[-70.90824963827109,41.09898984877246]]},"properties":{"kind":"street","cls":"grid"}},{"type":"Feature","geometry":{"type":"LineString","coordinates":[[-70.90852978730153,41.09977542010614],[-70.9069663932439,41.098956869734565],[-70.90660078345304,41.099369367935985],[-70.90821964969732,41.10021075233588],[-70.90853851734096,41.09984690627809],[-70.90853936076287,41.09982783115516],[-70.90852978730153,41.09977542010614]]},"properties":{"kind":"street","cls":"grid"}},{"type":"Feature","geometry":{"type":"LineString","coordinates":[[-70.90809595847493,41.10027741624958],[-70.90655844951507,41.099478316226275],[-70.906272277989,41.09977706801691],[-70.90652848267696,41.100036975459126],[-70.90770726036216,41.10064373006486],[-70.90809595847493,41.10027741624958]]},"properties":{"kind":"street","cls":"grid"}},{"type":"Feature","geometry":{"type":"LineString","coordinates":[[-70.90766235643774,41.100751162220384],[-70.90606778539671,41.099930385465385],[-70.90574676022115,41.10027531572269],[-70.90666028427445,41.10075458483866],[-70.90765931935437,41.10075458483866],[-70.90766235643774,41.100751162220384]]},"properties":{"kind":"street","cls":"grid"}},{"type":"Feature","geometry":{"type":"LineString","coordinates":[[-70.90640992080453,41.10075458483866],[-70.90566600894628,41.10036430066675],[-70.90540278475211,41.100661730437736],[-70.90558131088484,41.10075458483866],[-70.90640992080453,41.10075458483866]]},"properties":{"kind":"street","cls":"grid"}},{"type":"Feature","geometry":{"type":"LineString","coordinates":[[-70.90650237939451,41.09716094265631],[-70.9064661261758,41.097200878146886],[-70.90726599430837,41.09764183116372],[-70.90723828471627,41.09760550662264],[-70.9069496211613,41.09738146828826],[-70.906550172541,41.097175764865106],[-70.90650237939451,41.09716094265631]]},"properties":{"kind":"street","cls":"grid"}},{"type":"Feature","geometry":{"type":"LineString","coordinates":[[-70.90741891124874,41.097859696074686],[-70.90638564497641,41.0972900748316],[-70.9061223111252,41.097583591051034],[-70.9063912512817,41.09789442509289],[-70.90732676929362,41.09837780185311],[-70.9075927629193,41.09807019256961],[-70.90745866127128,41.09789439854119],[-70.90741891124874,41.097859696074686]]},"properties":{"kind":"street","cls":"grid"}},{"type":"Feature","geometry":{"type":"LineString","coordinates":[[-70.90720723906571,41.098446745446424],[-70.90597707852935,41.097811128593456],[-70.9056651735498,41.098170478806374],[-70.90688940953568,41.098787243231854],[-70.90720723906571,41.098446745446424]]},"properties":{"kind":"street","cls":"grid"}},{"type":"Feature","geometry":{"type":"LineString","coordinates":[[-70.90680854927298,41.098876175848325],[-70.90558478087043,41.09825964698914],[-70.9052163275239,41.09865291298098],[-70.90644361423965,41.09928791275648],[-70.90680854927298,41.098876175848325]]},"properties":{"kind":"street","cls":"grid"}},{"type":"Feature","geometry":{"type":"LineString","coordinates":[[-70.90636199146962,41.09937644242701],[-70.90513304850987,41.098740585708654],[-70.90477879930263,41.09910811003544],[-70.90599452717711,41.09976006066076],[-70.90636199146962,41.09937644242701]]},"properties":{"kind":"street","cls":"grid"}},{"type":"Feature","geometry":{"type":"LineString","coordinates":[[-70.9059115929282,41.099847893435566],[-70.90469502220377,41.09919549082048],[-70.90434993235657,41.09955739700957],[-70.90558954207735,41.10019392574488],[-70.9059115929282,41.099847893435566]]},"properties":{"kind":"street","cls":"grid"}},{"type":"Feature","geometry":{"type":"LineString","coordinates":[[-70.90550878592111,41.10028290377823],[-70.90427073843773,41.09964717723814],[-70.90402832389094,41.09994409642011],[-70.90524591594959,41.10057993329586],[-70.90550878592111,41.10028290377823]]},"properties":{"kind":"street","cls":"grid"}},{"type":"Feature","geometry":{"type":"LineString","coordinates":[[-70.90520478587996,41.1006896066883],[-70.90391082093727,41.10001388724626],[-70.90359464605224,41.100359081246204],[-70.90433200591109,41.10075458483866],[-70.90514523242932,41.10075458483866],[-70.90520478587996,41.1006896066883]]},"properties":{"kind":"street","cls":"grid"}},{"type":"Feature","geometry":{"type":"LineString","coordinates":[[-70.9040853200179,41.10075458483866],[-70.90351195890167,41.100447046560674],[-70.90321537926211,41.10075458483866],[-70.9040853200179,41.10075458483866]]},"properties":{"kind":"street","cls":"grid"}},{"type":"Feature","geometry":{"type":"LineString","coordinates":[[-70.90529203622259,41.0969280028641],[-70.90446836126947,41.096814725404215],[-70.90441650373262,41.096867583904874],[-70.90589912168326,41.097639894417796],[-70.90621420041509,41.09728870250774],[-70.90529203622259,41.0969280028641]]},"properties":{"kind":"street","cls":"grid"}},{"type":"Feature","geometry":{"type":"LineString","coordinates":[[-70.90578064159126,41.097709223106534],[-70.90437356973744,41.096976265310715],[-70.9040679064525,41.097322760092965],[-70.90546867147877,41.098068648360076],[-70.90578064159126,41.097709223106534]]},"properties":{"kind":"street","cls":"grid"}},{"type":"Feature","geometry":{"type":"LineString","coordinates":[[-70.90538830465256,41.0981578489572],[-70.90399021105009,41.09741338318681],[-70.90364458172802,41.09782679086282],[-70.9050202995057,41.098550636566394],[-70.90538830465256,41.0981578489572]]},"properties":{"kind":"street","cls":"grid"}},{"type":"Feature","geometry":{"type":"LineString","coordinates":[[-70.90493698909798,41.098638276618594],[-70.9035628451547,41.09791525900148],[-70.90318542421583,41.09828632381316],[-70.90458318622397,41.09900533788627],[-70.90493698909798,41.098638276618594]]},"properties":{"kind":"street","cls":"grid"}},{"type":"Feature","geometry":{"type":"LineString","coordinates":[[-70.90449939847323,41.0990927563155],[-70.90310341034416,41.09837465473251],[-70.90279363474355,41.09874254047684],[-70.90415351456753,41.09945549525783],[-70.90449939847323,41.0990927563155]]},"properties":{"kind":"street","cls":"grid"}},{"type":"Feature","geometry":{"type":"LineString","coordinates":[[-70.90407408953308,41.09954517517296],[-70.90271455802674,41.09883240300718],[-70.90245742179778,41.0991131059075],[-70.90383248734284,41.09984109934762],[-70.90407408953308,41.09954517517296]]},"properties":{"kind":"street","cls":"grid"}},{"type":"Feature","geometry":{"type":"LineString","coordinates":[[-70.90375448487605,41.09993154548706],[-70.90237504006946,41.09920123355843],[-70.9020499512043,41.099542036973794],[-70.90343877309266,41.10027623388105],[-70.90375448487605,41.09993154548706]]},"properties":{"kind":"street","cls":"grid"}},{"type":"Feature","geometry":{"type":"LineString","coordinates":[[-70.90339511901558,41.10038483494451],[-70.9019304155173,41.09961052343092],[-70.90174045120585,41.09983254730753],[-70.90174045120585,41.100042754319134],[-70.90306484447206,41.10072731315552],[-70.90339511901558,41.10038483494451]]},"properties":{"kind":"street","cls":"grid"}},{"type":"Feature","geometry":{"type":"LineString","coordinates":[[-70.90286470722758,41.10075458483866],[-70.90216394005917,41.10039236889448],[-70.90191752273122,41.100275126394045],[-70.90186801382984,41.100280369704954],[-70.90194793745891,41.100708910784725],[-70.90203505558485,41.10075458483866],[-70.90286470722758,41.10075458483866]]},"properties":{"kind":"street","cls":"grid"}},{"type":"Feature","geometry":{"type":"LineString","coordinates":[[-70.90317656300626,41.096100546710986],[-70.90311104869104,41.09617419570739],[-70.90429916793133,41.09680585196069],[-70.90446154461574,41.0966403410513],[-70.90425560040988,41.09652260648096],[-70.90317656300626,41.096100546710986]]},"properties":{"kind":"street","cls":"grid"}},{"type":"Feature","geometry":{"type":"LineString","coordinates":[[-70.90412182491075,41.09693710419283],[-70.90397417605757,41.096764997357624],[-70.90306805966866,41.0962832661779],[-70.90272929437734,41.096633829731225],[-70.90387196632736,41.09722033969971],[-70.90412182491075,41.09693710419283]]},"properties":{"kind":"street","cls":"grid"}},{"type":"Feature","geometry":{"type":"LineString","coordinates":[[-70.90379415965617,41.09731083168832],[-70.90264835889788,41.09672271576701],[-70.90230051335865,41.09712894420065],[-70.9034484418888,41.09772434515387],[-70.90379415965617,41.09731083168832]]},"properties":{"kind":"street","cls":"grid"}},{"type":"Feature","geometry":{"type":"LineString","coordinates":[[-70.90336666828648,41.09781279584779],[-70.90222094046948,41.09721853634776],[-70.90186983733314,41.097600437535405],[-70.90298869117136,41.0981844074692],[-70.90336666828648,41.09781279584779]]},"properties":{"kind":"street","cls":"grid"}},{"type":"Feature","geometry":{"type":"LineString","coordinates":[[-70.90294604193942,41.098293276960646],[-70.90174792507304,41.09766793681054],[-70.90174045120585,41.097675704692925],[-70.90174045120585,41.09819589383613],[-70.9026367184312,41.09866062580553],[-70.90294604193942,41.098293276960646]]},"properties":{"kind":"street","cls":"grid"}},{"type":"Feature","geometry":{"type":"LineString","coordinates":[[-70.90255777820383,41.09875054576402],[-70.90174045120585,41.09832674583619],[-70.90174045120585,41.098622824229786],[-70.90189470823127,41.09881642537598],[-70.90230125230137,41.09903058240109],[-70.90255777820383,41.09875054576402]]},"properties":{"kind":"street","cls":"grid"}},{"type":"Feature","geometry":{"type":"LineString","coordinates":[[-70.90221886365414,41.099118707161075],[-70.90174045120585,41.098866691711244],[-70.90174045120585,41.09938041594783],[-70.90189344978124,41.09945985129481],[-70.90221886365414,41.099118707161075]]},"properties":{"kind":"street","cls":"grid"}},{"type":"Feature","geometry":{"type":"LineString","coordinates":[[-70.90174045120585,41.09596367709397],[-70.90174045120585,41.09614558068625],[-70.90257076880825,41.09655371207538],[-70.90286440244397,41.0962498519889],[-70.90218798624551,41.0960173120537],[-70.90174045120585,41.09596367709397]]},"properties":{"kind":"street","cls":"grid"}},{"type":"Feature","geometry":{"type":"LineString","coordinates":[[-70.90248990672053,41.09664266866151],[-70.90174045120585,41.0962742839381],[-70.90174045120585,41.09684602621363],[-70.90214273896815,41.097048105547586],[-70.90248990672053,41.09664266866151]]},"properties":{"kind":"street","cls":"grid"}},{"type":"Feature","geometry":{"type":"LineString","coordinates":[[-70.90206321283196,41.097137710439334],[-70.90174045120585,41.09697557909818],[-70.90174045120585,41.097344467154066],[-70.9018312140824,41.09739005964621],[-70.90206321283196,41.097137710439334]]},"properties":{"kind":"street","cls":"grid"}},{"type":"Feature","geometry":{"type":"LineString","coordinates":[[-70.8918138076332,41.10257469701473],[-70.8917957333478,41.10244217000781],[-70.89167465742005,41.101996962689995],[-70.8915412292969,41.102020075962066],[-70.89154173720205,41.10202526171091],[-70.89163518081472,41.10229393056068],[-70.89180817791309,41.10256654784818],[-70.8918138076332,41.10257469701473]]},"properties":{"kind":"street","cls":"lane"}},{"type":"Feature","geometry":{"type":"LineString","coordinates":[[-70.89188964506474,41.10234003949502],[-70.89195239833175,41.10257078902728],[-70.89212772621978,41.102581730194764],[-70.89250061343999,41.102378166386266],[-70.89188964506474,41.10234003949502]]},"properties":{"kind":"street","cls":"lane"}},{"type":"Feature","geometry":{"type":"LineString","coordinates":[[-70.89237044610876,41.101876433727384],[-70.89179086924773,41.10197683173463],[-70.89186470818817,41.10224834430722],[-70.89264879126445,41.10229727425415],[-70.89265949131203,41.10229143296402],[-70.89237044610876,41.101876433727384]]},"properties":{"kind":"street","cls":"lane"}},{"type":"Feature","geometry":{"type":"LineString","coordinates":[[-70.89285607049797,41.102573673289],[-70.89271546781464,41.10237180172846],[-70.89234568044623,41.102573673289],[-70.89285607049797,41.102573673289]]},"properties":{"kind":"street","cls":"lane"}},{"type":"Feature","geometry":{"type":"LineString","coordinates":[[-70.89200392134101,41.10276024386926],[-70.89200771433462,41.1027741910555],[-70.89307395787262,41.102936326342245],[-70.89307395787262,41.10288650703657],[-70.89291863777544,41.102663504817414],[-70.89218112747797,41.102663504817414],[-70.89200392134101,41.10276024386926]]},"properties":{"kind":"street","cls":"lane"}},{"type":"Feature","geometry":{"type":"LineString","coordinates":[[-70.89307442579114,41.10175448586851],[-70.8924905822849,41.10185562297131],[-70.89281052135424,41.102314978352545],[-70.89308760283541,41.102360618113465],[-70.89307442579114,41.10175448586851]]},"properties":{"kind":"street","cls":"lane"}},{"type":"Feature","geometry":{"type":"LineString","coordinates":[[-70.89357638357076,41.10166753353452],[-70.89331705999301,41.10171245522168],[-70.89319708124827,41.10191228465793],[-70.89320725627871,41.102380326953345],[-70.89363978036779,41.10245157060317],[-70.89357638357076,41.10166753353452]]},"properties":{"kind":"street","cls":"lane"}},{"type":"Feature","geometry":{"type":"LineString","coordinates":[[-70.89288286548555,41.10241884708632],[-70.89299070127721,41.102573673289],[-70.89352309911195,41.102573673289],[-70.89364920458426,41.10256812120833],[-70.89364731596035,41.10254476433189],[-70.89288286548555,41.10241884708632]]},"properties":{"kind":"street","cls":"lane"}},{"type":"Feature","geometry":{"type":"LineString","coordinates":[[-70.89467059700094,41.102408664190136],[-70.89542039231814,41.10252929121628],[-70.89493751865798,41.10181660176485],[-70.89467059700094,41.102408664190136]]},"properties":{"kind":"street","cls":"lane"}},{"type":"Feature","geometry":{"type":"LineString","coordinates":[[-70.89407559510975,41.101581056921866],[-70.89369416390394,41.10164713087261],[-70.89373699763993,41.10217686168516],[-70.89383226214589,41.1022737929284],[-70.89433864106176,41.10235525913834],[-70.89407559510975,41.101581056921866]]},"properties":{"kind":"street","cls":"lane"}},{"type":"Feature","geometry":{"type":"LineString","coordinates":[[-70.89470415576181,41.10147217362934],[-70.89419180942771,41.101560925535125],[-70.89446881051556,41.10237620079234],[-70.89455321047039,41.10238977905207],[-70.89476645780061,41.101916772354464],[-70.89480806529289,41.101806188660035],[-70.89482908583975,41.1016565621269],[-70.89470415576181,41.10147217362934]]},"properties":{"kind":"street","cls":"lane"}},{"type":"Feature","geometry":{"type":"LineString","coordinates":[[-70.89534118491055,41.10136182336971],[-70.89482394430289,41.101451423092826],[-70.89510996415623,41.10187356939981],[-70.89520026846685,41.10195246963547],[-70.8953831528175,41.101984259735296],[-70.89534118491055,41.10136182336971]]},"properties":{"kind":"street","cls":"lane"}},{"type":"Feature","geometry":{"type":"LineString","coordinates":[[-70.8958872899588,41.10207189200121],[-70.8958872899588,41.101267223563745],[-70.89545916963027,41.10134138530265],[-70.89550393113306,41.10200525417629],[-70.8958872899588,41.10207189200121]]},"properties":{"kind":"street","cls":"lane"}},{"type":"Feature","geometry":{"type":"LineString","coordinates":[[-70.8958872899588,41.102604405681],[-70.8958872899588,41.10216408251208],[-70.89522930415436,41.10204970731085],[-70.8955706146823,41.102553458981305],[-70.8958872899588,41.102604405681]]},"properties":{"kind":"street","cls":"lane"}},{"type":"Feature","geometry":{"type":"LineString","coordinates":[[-70.8940829170216,41.10244608040428],[-70.89400956896648,41.102394173969955],[-70.89375120846489,41.10235260894779],[-70.89376908360336,41.102573673289],[-70.89408275698423,41.102573673289],[-70.8940829170216,41.10244608040428]]},"properties":{"kind":"street","cls":"lane"}},{"type":"Feature","geometry":{"type":"LineString","coordinates":[[-70.89475204478693,41.10251362343589],[-70.89420215230568,41.10242515676614],[-70.89420196602418,41.102573673289],[-70.89465859351915,41.102573673289],[-70.89473140381112,41.1025590331618],[-70.89475204478693,41.10251362343589]]},"properties":{"kind":"street","cls":"lane"}},{"type":"Feature","geometry":{"type":"LineString","coordinates":[[-70.8958872899588,41.10300968797814],[-70.8958872899588,41.102696261611776],[-70.89540888176957,41.10261929533068],[-70.89535655916504,41.102892333357666],[-70.8958872899588,41.10300968797814]]},"properties":{"kind":"street","cls":"lane"}},{"type":"Feature","geometry":{"type":"LineString","coordinates":[[-70.8958872899588,41.103364127673025],[-70.8958872899588,41.103103306990576],[-70.89546720722437,41.1030104187496],[-70.89532503950886,41.10305681417457],[-70.89528373612434,41.103272349978226],[-70.8958872899588,41.103364127673025]]},"properties":{"kind":"street","cls":"lane"}},{"type":"Feature","geometry":{"type":"LineString","coordinates":[[-70.8950051434572,41.10322998657778],[-70.89516670099474,41.103254553364586],[-70.89527996433658,41.102663504817414],[-70.8950051434572,41.102663504817414],[-70.8950051434572,41.10322998657778]]},"properties":{"kind":"street","cls":"lane"}},{"type":"Feature","geometry":{"type":"LineString","coordinates":[[-70.89404840695506,41.10427775489434],[-70.89413150130383,41.10404256985664],[-70.8939360871568,41.10396357684469],[-70.89334712825388,41.10404172235808],[-70.89335350723613,41.10407594914538],[-70.89337335373514,41.104099962614335],[-70.89344200876859,41.104156523980905],[-70.89404840695506,41.10427775489434]]},"properties":{"kind":"street","cls":"lane"}},{"type":"Feature","geometry":{"type":"LineString","coordinates":[[-70.89394486830426,41.10457080420345],[-70.89401773658277,41.104364562394174],[-70.89361695767082,41.10428443881421],[-70.89366307018149,41.10433864515956],[-70.89394486830426,41.10457080420345]]},"properties":{"kind":"street","cls":"lane"}},{"type":"Feature","geometry":{"type":"LineString","coordinates":[[-70.89282931763324,41.103744556705976],[-70.89304683022038,41.10339914651],[-70.89261005211554,41.1035618487703],[-70.89266662074658,41.10361975488313],[-70.89282931763324,41.103744556705976]]},"properties":{"kind":"street","cls":"lane"}},{"type":"Feature","geometry":{"type":"LineString","coordinates":[[-70.89272550475619,41.102974982039655],[-70.89203371191016,41.10286978653088],[-70.89204197723257,41.102900178881264],[-70.89220747440743,41.10311952420148],[-70.89243099613027,41.103378559270496],[-70.89246671528645,41.10341512295341],[-70.89272550475619,41.102974982039655]]},"properties":{"kind":"street","cls":"lane"}},{"type":"Feature","geometry":{"type":"LineString","coordinates":[[-70.89307395787262,41.103027968570345],[-70.89284519008004,41.10299318164754],[-70.89262374260082,41.10336981248942],[-70.89267583592375,41.103437136168886],[-70.89307395787262,41.10328883354054],[-70.89307395787262,41.103027968570345]]},"properties":{"kind":"street","cls":"lane"}},{"type":"Feature","geometry":{"type":"LineString","coordinates":[[-70.89349502759282,41.103714533699836],[-70.89355760814806,41.10392258160503],[-70.89370486230115,41.10390304331241],[-70.89373783965965,41.10386562574972],[-70.89372467885656,41.103714533699836],[-70.89349502759282,41.103714533699836]]},"properties":{"kind":"street","cls":"lane"}},{"type":"Feature","geometry":{"type":"LineString","coordinates":[[-70.89420420700979,41.103836788182505],[-70.89424740132488,41.103714533699836],[-70.89384414437028,41.103714533699836],[-70.89385878546257,41.10388262014805],[-70.89420420700979,41.103836788182505]]},"properties":{"kind":"street","cls":"lane"}},{"type":"Feature","geometry":{"type":"LineString","coordinates":[[-70.89307395787262,41.10356560464764],[-70.89299142576384,41.10369666571517],[-70.89293367459105,41.1038246070304],[-70.89294678051859,41.103834660349065],[-70.89307395787262,41.10390987214524],[-70.89307395787262,41.10356560464764]]},"properties":{"kind":"street","cls":"lane"}},{"type":"Feature","geometry":{"type":"LineString","coordinates":[[-70.89319316685932,41.103714533699836],[-70.89319316685932,41.103970937188876],[-70.89344006629715,41.103938177546006],[-70.89337279450194,41.103714533699836],[-70.89319316685932,41.103714533699836]]},"properties":{"kind":"street","cls":"lane"}},{"type":"Feature","geometry":{"type":"LineString","coordinates":[[-70.89517606826813,41.10507427839522],[-70.89523120093088,41.10508715315036],[-70.89524988937521,41.10507496444234],[-70.89521475598467,41.10493201110818],[-70.89496537492792,41.10500253291743],[-70.89500092823064,41.105016826242334],[-70.89517606826813,41.10507427839522]]},"properties":{"kind":"street","cls":"lane"}},{"type":"Feature","geometry":{"type":"LineString","coordinates":[[-70.8958872899588,41.10531222267255],[-70.8958872899588,41.10474182700498],[-70.89532811377151,41.104899954959556],[-70.8953958580808,41.10517559800839],[-70.89540005944342,41.10517728706218],[-70.89582388301886,41.105299591328084],[-70.8958872899588,41.10531222267255]]},"properties":{"kind":"street","cls":"lane"}},{"type":"Feature","geometry":{"type":"LineString","coordinates":[[-70.89526843300598,41.104441562160304],[-70.89466137268565,41.10417497003015],[-70.89482322416457,41.10487124039567],[-70.89526843300598,41.104441562160304]]},"properties":{"kind":"street","cls":"lane"}},{"type":"Feature","geometry":{"type":"LineString","coordinates":[[-70.89579385235501,41.104672301444005],[-70.89537237811025,41.104487209925175],[-70.8949293769968,41.10491475744668],[-70.89492660105118,41.10491754914571],[-70.89579385235501,41.104672301444005]]},"properties":{"kind":"street","cls":"lane"}},{"type":"Feature","geometry":{"type":"LineString","coordinates":[[-70.89467568558776,41.10475717749797],[-70.89452658949328,41.10411577963809],[-70.89426896915165,41.10400264499012],[-70.89410759839272,41.104459378674065],[-70.89422708688721,41.10468105143035],[-70.89467568558776,41.10475717749797]]},"properties":{"kind":"street","cls":"lane"}},{"type":"Feature","geometry":{"type":"LineString","coordinates":[[-70.8958872899588,41.10384205394861],[-70.8958872899588,41.10345576990113],[-70.89567238557923,41.10342309107874],[-70.89514423871724,41.10387046824287],[-70.8958872899588,41.10384205394861]]},"properties":{"kind":"street","cls":"lane"}},{"type":"Feature","geometry":{"type":"LineString","coordinates":[[-70.8958872899588,41.10460936210314],[-70.8958872899588,41.10393200106592],[-70.8957732247748,41.10393636292082],[-70.89538233391504,41.104387609333564],[-70.8958872899588,41.10460936210314]]},"properties":{"kind":"street","cls":"lane"}},{"type":"Feature","geometry":{"type":"LineString","coordinates":[[-70.89562598826365,41.103941993247936],[-70.89503303220751,41.10396466789932],[-70.89482346914376,41.10414218240505],[-70.8952792060199,41.10434232044821],[-70.89562598826365,41.103941993247936]]},"properties":{"kind":"street","cls":"lane"}},{"type":"Feature","geometry":{"type":"LineString","coordinates":[[-70.8955371151731,41.103402521569706],[-70.8950051434572,41.10332162880589],[-70.8950051434572,41.103519138647115],[-70.8951222058674,41.10362470217142],[-70.89524577545453,41.10362470217142],[-70.8953247426847,41.10358241585373],[-70.8955371151731,41.103402521569706]]},"properties":{"kind":"street","cls":"lane"}},{"type":"Feature","geometry":{"type":"LineString","coordinates":[[-70.89437076312745,41.103714533699836],[-70.89430077004744,41.10391263772745],[-70.89471839168786,41.104096037365],[-70.89511602142089,41.103759217296314],[-70.89506647050324,41.103714533699836],[-70.89437076312745,41.103714533699836]]},"properties":{"kind":"street","cls":"lane"}},{"type":"Feature","geometry":{"type":"LineString","coordinates":[[-70.89267074267374,41.10015857445792],[-70.89291449425612,41.10051385567173],[-70.8932810868275,41.1003963132086],[-70.89324995190691,41.099828363454044],[-70.89267074267374,41.10015857445792]]},"properties":{"kind":"street","cls":"lane"}},{"type":"Feature","geometry":{"type":"LineString","coordinates":[[-70.89323221274516,41.0995047733379],[-70.89236674923842,41.09971548746071],[-70.89261518935471,41.100077602468225],[-70.89324396396013,41.09971913391873],[-70.89323221274516,41.0995047733379]]},"properties":{"kind":"street","cls":"lane"}},{"type":"Feature","geometry":{"type":"LineString","coordinates":[[-70.89395028201554,41.10018174571089],[-70.89386105803915,41.099916720507665],[-70.89337312314625,41.09989878646293],[-70.89339833656928,41.10035871882037],[-70.89395028201554,41.10018174571089]]},"properties":{"kind":"street","cls":"lane"}},{"type":"Feature","geometry":{"type":"LineString","coordinates":[[-70.89383039983873,41.09982565534643],[-70.89368523785566,41.099394475459334],[-70.89334995194395,41.099476107412876],[-70.89336818278669,41.09980866656082],[-70.89383039983873,41.09982565534643]]},"properties":{"kind":"street","cls":"lane"}},{"type":"Feature","geometry":{"type":"LineString","coordinates":[[-70.89240236797745,41.10067806135654],[-70.89280449379842,41.10054912568469],[-70.89271859486604,41.100423923309926],[-70.89224552572549,41.100439314156105],[-70.89240236797745,41.10067806135654]]},"properties":{"kind":"street","cls":"lane"}},{"type":"Feature","geometry":{"type":"LineString","coordinates":[[-70.89196553418374,41.10081812562434],[-70.89229249481568,41.10071329055395],[-70.89216354500594,41.100517001571326],[-70.89208709636004,41.10044446850202],[-70.89206823362302,41.100445082182894],[-70.89196316657646,41.10075282367544],[-70.89196553418374,41.10081812562434]]},"properties":{"kind":"street","cls":"lane"}},{"type":"Feature","geometry":{"type":"LineString","coordinates":[[-70.89225175870658,41.09974348416867],[-70.89211293877713,41.099777282612436],[-70.8922335996934,41.10034978694746],[-70.89265825267218,41.100335971274205],[-70.89225175870658,41.09974348416867]]},"properties":{"kind":"street","cls":"lane"}},{"type":"Feature","geometry":{"type":"LineString","coordinates":[[-70.89199812708961,41.099805235777225],[-70.89192941706666,41.09982196458451],[-70.8919381830583,41.1000637430001],[-70.89196341941606,41.10035857700103],[-70.89206945568921,41.10035512721361],[-70.89207967705481,41.10019216892879],[-70.89199812708961,41.099805235777225]]},"properties":{"kind":"street","cls":"lane"}},{"type":"Feature","geometry":{"type":"LineString","coordinates":[[-70.89317179129368,41.10164544512966],[-70.89360147788068,41.10157101207346],[-70.89279232161763,41.10065065366391],[-70.89248735671069,41.10074843613178],[-70.89317179129368,41.10164544512966]]},"properties":{"kind":"street","cls":"lane"}},{"type":"Feature","geometry":{"type":"LineString","coordinates":[[-70.89267454325864,41.10117397795397],[-70.8923768760714,41.10078386010784],[-70.89190041225376,41.1009366311542],[-70.89189995915483,41.100937958281456],[-70.89235772310737,41.10137309247793],[-70.89267454325864,41.10117397795397]]},"properties":{"kind":"street","cls":"lane"}},{"type":"Feature","geometry":{"type":"LineString","coordinates":[[-70.89183083559865,41.101140421251905],[-70.8919943873952,41.101601441012804],[-70.89226614639412,41.10143064643587],[-70.89186268602934,41.101047131306146],[-70.89183083559865,41.101140421251905]]},"properties":{"kind":"street","cls":"lane"}},{"type":"Feature","geometry":{"type":"LineString","coordinates":[[-70.892077261519,41.10183504657107],[-70.89305033498383,41.101666484567744],[-70.89273486792254,41.101253038491905],[-70.89202831946376,41.10169708871868],[-70.892077261519,41.10183504657107]]},"properties":{"kind":"street","cls":"lane"}},{"type":"Feature","geometry":{"type":"LineString","coordinates":[[-70.89324002407514,41.100507104520496],[-70.89290387322164,41.10061488629893],[-70.89333873270424,41.101109508413415],[-70.89361185185749,41.10099161398613],[-70.89360449911267,41.100901582192265],[-70.89324002407514,41.100507104520496]]},"properties":{"kind":"street","cls":"lane"}},{"type":"Feature","geometry":{"type":"LineString","coordinates":[[-70.89414539742619,41.10076130407012],[-70.89397994655563,41.10026985936695],[-70.89335208375066,41.100471174249925],[-70.89370271409224,41.10085066756649],[-70.89383028829066,41.10089732386449],[-70.89414539742619,41.10076130407012]]},"properties":{"kind":"street","cls":"lane"}},{"type":"Feature","geometry":{"type":"LineString","coordinates":[[-70.8937255756307,41.101549515068236],[-70.89437300122704,41.101437363869515],[-70.89417582833656,41.10085169410351],[-70.89340471099779,41.101184554087645],[-70.8937255756307,41.101549515068236]]},"properties":{"kind":"street","cls":"lane"}},{"type":"Feature","geometry":{"type":"LineString","coordinates":[[-70.89194991601381,41.09972256988334],[-70.89260581496922,41.099562878374726],[-70.89248420982851,41.09906591321092],[-70.89200705363723,41.09909387958566],[-70.89194991601381,41.09972256988334]]},"properties":{"kind":"street","cls":"lane"}},{"type":"Feature","geometry":{"type":"LineString","coordinates":[[-70.8923200489047,41.09839503482601],[-70.89225926613972,41.09840044112382],[-70.89214843901796,41.09852374957403],[-70.89206059659318,41.09872575348874],[-70.89207821320859,41.098999606054115],[-70.89246247380304,41.09897708433905],[-70.8923200489047,41.09839503482601]]},"properties":{"kind":"street","cls":"lane"}},{"type":"Feature","geometry":{"type":"LineString","coordinates":[[-70.89365586339005,41.099307223421995],[-70.89350985530305,41.098873530321846],[-70.89319872474074,41.09889016533681],[-70.8931752825638,41.09902186537542],[-70.89342254821186,41.099364028593705],[-70.89365586339005,41.099307223421995]]},"properties":{"kind":"street","cls":"lane"}},{"type":"Feature","geometry":{"type":"LineString","coordinates":[[-70.89265440195814,41.099266053673176],[-70.8927202179624,41.09953502471461],[-70.89330711862178,41.099392132199036],[-70.8931619199574,41.09919120804039],[-70.89265440195814,41.099266053673176]]},"properties":{"kind":"street","cls":"lane"}},{"type":"Feature","geometry":{"type":"LineString","coordinates":[[-70.89297388110425,41.0989310021458],[-70.8929020317218,41.09890602842906],[-70.89257064097677,41.09892374668201],[-70.89262158552587,41.09913194237207],[-70.89271277234535,41.09916590996125],[-70.89310214206196,41.09910848811045],[-70.89297388110425,41.0989310021458]]},"properties":{"kind":"street","cls":"lane"}},{"type":"Feature","geometry":{"type":"LineString","coordinates":[[-70.89348007248668,41.09878506534547],[-70.89331885539775,41.09830619639694],[-70.89302257691935,41.09833254876326],[-70.89323472488695,41.09879818318565],[-70.89348007248668,41.09878506534547]]},"properties":{"kind":"street","cls":"lane"}},{"type":"Feature","geometry":{"type":"LineString","coordinates":[[-70.89290144634793,41.098343322671674],[-70.89243868551571,41.09838448274188],[-70.89254888892854,41.09883485232979],[-70.89311168289146,41.09880476179182],[-70.89290144634793,41.098343322671674]]},"properties":{"kind":"street","cls":"lane"}},{"type":"Feature","geometry":{"type":"LineString","coordinates":[[-70.89448920952438,41.1014172335257],[-70.89506285360177,41.10131786323314],[-70.89500934106373,41.100977994667105],[-70.89433561146492,41.10096099565588],[-70.89448920952438,41.1014172335257]]},"properties":{"kind":"street","cls":"lane"}},{"type":"Feature","geometry":{"type":"LineString","coordinates":[[-70.8944593028458,41.10031737711117],[-70.89411907068813,41.10031779675688],[-70.89430509239347,41.1008703437544],[-70.89465523527807,41.100879178282135],[-70.8944593028458,41.10031737711117]]},"properties":{"kind":"street","cls":"lane"}},{"type":"Feature","geometry":{"type":"LineString","coordinates":[[-70.89493070877728,41.100886128811126],[-70.89496826485433,41.10071711164996],[-70.89490523977643,41.100316827088136],[-70.89458250696006,41.10031722514999],[-70.89477958662904,41.10088231581686],[-70.89493070877728,41.100886128811126]]},"properties":{"kind":"street","cls":"lane"}},{"type":"Feature","geometry":{"type":"LineString","coordinates":[[-70.89517971149058,41.10129762036294],[-70.89566910332663,41.10121284478199],[-70.8958872899588,41.1010555545207],[-70.8958872899588,41.10081914897385],[-70.8951255153885,41.10095341034841],[-70.89517971149058,41.10129762036294]]},"properties":{"kind":"street","cls":"lane"}},{"type":"Feature","geometry":{"type":"LineString","coordinates":[[-70.8958872899588,41.10072689313951],[-70.8958872899588,41.10031561581771],[-70.89502526161061,41.10031667905202],[-70.89511138185544,41.10086364552342],[-70.8958872899588,41.10072689313951]]},"properties":{"kind":"street","cls":"lane"}},{"type":"Feature","geometry":{"type":"LineString","coordinates":[[-70.89466888258887,41.09979675222273],[-70.89447729643366,41.099641678125394],[-70.89389870035531,41.09966322278915],[-70.89408884031772,41.10022800239458],[-70.8945767428614,41.10022740061075],[-70.89466888258887,41.09979675222273]]},"properties":{"kind":"street","cls":"lane"}},{"type":"Feature","geometry":{"type":"LineString","coordinates":[[-70.8958872899588,41.10022578416898],[-70.8958872899588,41.09976374840601],[-70.8957570343848,41.09959402566994],[-70.89545322314558,41.09960533841684],[-70.89530006894918,41.10022650845318],[-70.8958872899588,41.10022578416898]]},"properties":{"kind":"street","cls":"lane"}},{"type":"Feature","geometry":{"type":"LineString","coordinates":[[-70.89533085055857,41.09960989509522],[-70.89488903934063,41.09962634642368],[-70.89482260277386,41.09964264691391],[-70.89480183982016,41.09973969009803],[-70.89526736535079,41.09986738140479],[-70.89533085055857,41.09960989509522]]},"properties":{"kind":"street","cls":"lane"}},{"type":"Feature","geometry":{"type":"LineString","coordinates":[[-70.89478251999233,41.099829988310766],[-70.89469752319256,41.10022725163909],[-70.89517878296202,41.10022665804852],[-70.89522976218458,41.10001989410552],[-70.89513725276275,41.099927289721805],[-70.89478251999233,41.099829988310766]]},"properties":{"kind":"street","cls":"lane"}},{"type":"Feature","geometry":{"type":"LineString","coordinates":[[-70.89360936546643,41.098803800906936],[-70.89377006269098,41.09928112568347],[-70.89472328798671,41.09889300916894],[-70.89489792522954,41.09880987199781],[-70.89360936546643,41.098803800906936]]},"properties":{"kind":"street","cls":"lane"}},{"type":"Feature","geometry":{"type":"LineString","coordinates":[[-70.89458998888117,41.098193135956706],[-70.89407595062863,41.09823885687578],[-70.89419873723858,41.09857689814515],[-70.8944371198822,41.098717867614326],[-70.89486736405479,41.09871989472362],[-70.89458998888117,41.098193135956706]]},"properties":{"kind":"street","cls":"lane"}},{"type":"Feature","geometry":{"type":"LineString","coordinates":[[-70.89395622469887,41.098249505848926],[-70.89343826518129,41.09829557554329],[-70.89357907394422,41.09871382490322],[-70.89412581481864,41.09871640089048],[-70.89395622469887,41.098249505848926]]},"properties":{"kind":"street","cls":"lane"}},{"type":"Feature","geometry":{"type":"LineString","coordinates":[[-70.89461749469278,41.09954651655693],[-70.89528946247268,41.099521495094784],[-70.8949612646985,41.09889821993797],[-70.89457338899847,41.099056147938235],[-70.89461749469278,41.09954651655693]]},"properties":{"kind":"street","cls":"lane"}},{"type":"Feature","geometry":{"type":"LineString","coordinates":[[-70.89380029385815,41.09937092241243],[-70.8938687954607,41.099574395199404],[-70.894498411032,41.0995509507685],[-70.89445812757691,41.099103077936206],[-70.89380029385815,41.09937092241243]]},"properties":{"kind":"street","cls":"lane"}},{"type":"Feature","geometry":{"type":"LineString","coordinates":[[-70.8958872899588,41.099499234328334],[-70.8958872899588,41.09879728215821],[-70.89523988926756,41.09918379201896],[-70.89541524714362,41.09951681136369],[-70.8958872899588,41.099499234328334]]},"properties":{"kind":"street","cls":"lane"}},{"type":"Feature","geometry":{"type":"LineString","coordinates":[[-70.8958872899588,41.09868267474322],[-70.8958872899588,41.09840538902056],[-70.89584731619307,41.098366833637655],[-70.89491456010226,41.098565964591515],[-70.89519397471229,41.09909659641958],[-70.8958872899588,41.09868267474322]]},"properties":{"kind":"street","cls":"lane"}},{"type":"Feature","geometry":{"type":"LineString","coordinates":[[-70.89557627632021,41.0981054110297],[-70.8947125019019,41.09818223908692],[-70.89487036422214,41.09848203290069],[-70.89576805760215,41.098290387366774],[-70.89557627632021,41.0981054110297]]},"properties":{"kind":"street","cls":"lane"}},{"type":"Feature","geometry":{"type":"LineString","coordinates":[[-70.89259502324333,41.098280122237284],[-70.89306846835733,41.09823801185807],[-70.89287467235559,41.09797855328362],[-70.8926894515185,41.09809526815772],[-70.89261670811214,41.09814323089585],[-70.8925524637968,41.09819099872026],[-70.89259502324333,41.098280122237284]]},"properties":{"kind":"street","cls":"lane"}},{"type":"Feature","geometry":{"type":"LineString","coordinates":[[-70.89318667290756,41.098213122684534],[-70.89317843172874,41.097725570361284],[-70.89295353884597,41.09789278583676],[-70.89295086102398,41.09789512301222],[-70.89301585531418,41.09798442813523],[-70.89318667290756,41.098213122684534]]},"properties":{"kind":"street","cls":"lane"}},{"type":"Feature","geometry":{"type":"LineString","coordinates":[[-70.89329586237291,41.09761979061775],[-70.89330595522189,41.09821688868745],[-70.89392216296993,41.09816208034499],[-70.89383212429226,41.09756876876066],[-70.89329586237291,41.09761979061775]]},"properties":{"kind":"street","cls":"lane"}},{"type":"Feature","geometry":{"type":"LineString","coordinates":[[-70.89404055092844,41.098151550377146],[-70.89428846009513,41.098129500199185],[-70.89434955708903,41.097519538372936],[-70.89395040246488,41.09755751535668],[-70.89404055092844,41.098151550377146]]},"properties":{"kind":"street","cls":"lane"}},{"type":"Feature","geometry":{"type":"LineString","coordinates":[[-70.89437850520027,41.097230534910345],[-70.89372111784483,41.097103801963314],[-70.89349901838018,41.097353397412064],[-70.89338773836323,41.097520504505496],[-70.89435871378838,41.09742812246681],[-70.89437850520027,41.097230534910345]]},"properties":{"kind":"street","cls":"lane"}},{"type":"Feature","geometry":{"type":"LineString","coordinates":[[-70.89530165537931,41.097840534420165],[-70.89528895468055,41.09804051162343],[-70.89549041168313,41.09802259311393],[-70.89530165537931,41.097840534420165]]},"properties":{"kind":"street","cls":"lane"}},{"type":"Feature","geometry":{"type":"LineString","coordinates":[[-70.8958872899588,41.097836337723955],[-70.8958872899588,41.097521402596364],[-70.89547920250382,41.09744273037155],[-70.8958872899588,41.097836337723955]]},"properties":{"kind":"street","cls":"lane"}},{"type":"Feature","geometry":{"type":"LineString","coordinates":[[-70.89563475261585,41.097738671712456],[-70.89532697815376,41.09744181796288],[-70.8953103873705,41.09770304598662],[-70.8954562704853,41.09784375275395],[-70.89563475261585,41.097738671712456]]},"properties":{"kind":"street","cls":"lane"}},{"type":"Feature","geometry":{"type":"LineString","coordinates":[[-70.89445578173495,41.09765255300281],[-70.89440908283514,41.098118771459625],[-70.89516893124204,41.09805118705837],[-70.89518497655358,41.09779854768887],[-70.89445578173495,41.09765255300281]]},"properties":{"kind":"street","cls":"lane"}},{"type":"Feature","geometry":{"type":"LineString","coordinates":[[-70.89521086029363,41.097390998620355],[-70.89449578853575,41.09725314511516],[-70.89446490886738,41.09756143227812],[-70.89501893220192,41.097672355258815],[-70.89519607441376,41.09762380777229],[-70.89521086029363,41.097390998620355]]},"properties":{"kind":"street","cls":"lane"}},{"type":"Feature","geometry":{"type":"LineString","coordinates":[[-70.8958872899588,41.09669055239671],[-70.8958872899588,41.09616590985102],[-70.89575437954703,41.096239379882704],[-70.89546770506169,41.096413131045416],[-70.89550683456082,41.0967058570389],[-70.8958872899588,41.09669055239671]]},"properties":{"kind":"street","cls":"lane"}},{"type":"Feature","geometry":{"type":"LineString","coordinates":[[-70.894947616248,41.0967283528064],[-70.89538766312839,41.09671065096781],[-70.89536803744667,41.09656383214032],[-70.8952809208549,41.09657140089976],[-70.89521192683718,41.09658961308655],[-70.8951041179705,41.09663349833682],[-70.894947616248,41.0967283528064]]},"properties":{"kind":"street","cls":"lane"}},{"type":"Feature","geometry":{"type":"LineString","coordinates":[[-70.8958872899588,41.09742867800442],[-70.8958872899588,41.09694862696427],[-70.89576971148833,41.09678524167912],[-70.89546670955013,41.096797430588175],[-70.89528902173771,41.097313342207116],[-70.8958872899588,41.09742867800442]]},"properties":{"kind":"street","cls":"lane"}},{"type":"Feature","geometry":{"type":"LineString","coordinates":[[-70.89534182069556,41.096802454512776],[-70.89473786384474,41.09682674998485],[-70.89469806513085,41.09719941596297],[-70.89509910602641,41.09727672973263],[-70.89519959102803,41.097215414394675],[-70.89534182069556,41.096802454512776]]},"properties":{"kind":"street","cls":"lane"}},{"type":"Feature","geometry":{"type":"LineString","coordinates":[[-70.89375463270743,41.097017538459],[-70.89392324354085,41.09705004372039],[-70.89401880490661,41.096824363473715],[-70.89389714025889,41.09689204738631],[-70.89375463270743,41.097017538459]]},"properties":{"kind":"street","cls":"lane"}},{"type":"Feature","geometry":{"type":"LineString","coordinates":[[-70.89403893047718,41.09707234616696],[-70.89458088329862,41.09717682532624],[-70.89461974172423,41.096812963990644],[-70.89421093617047,41.09672424509029],[-70.89418493339646,41.09673194364267],[-70.89418249513069,41.09673330008738],[-70.89403893047718,41.09707234616696]]},"properties":{"kind":"street","cls":"lane"}},{"type":"Feature","geometry":{"type":"LineString","coordinates":[[-70.8915323521129,41.10192943926025],[-70.89196101032465,41.10185518434577],[-70.89179820521865,41.10139626935599],[-70.89164140146511,41.10143317912877],[-70.89159109909673,41.101503239878156],[-70.89151523902464,41.10175471337024],[-70.8915323521129,41.10192943926025]]},"properties":{"kind":"street","cls":"lane"}},{"type":"Feature","geometry":{"type":"LineString","coordinates":[[-70.90678345072452,41.100880348978436],[-70.90688181035134,41.101036991006794],[-70.90728710582844,41.1008993364228],[-70.90727518311549,41.100880348978436],[-70.90678345072452,41.100880348978436]]},"properties":{"kind":"street","cls":"grid"}},{"type":"Feature","geometry":{"type":"LineString","coordinates":[[-70.90780719230129,41.100880348978436],[-70.9069627179451,41.10116716630741],[-70.90734647703026,41.10179082386785],[-70.90824693494214,41.10147697942329],[-70.90844642526295,41.10139317994607],[-70.90853650569743,41.10129093104211],[-70.90874571619706,41.100880348978436],[-70.90780719230129,41.100880348978436]]},"properties":{"kind":"street","cls":"grid"}},{"type":"Feature","geometry":{"type":"LineString","coordinates":[[-70.90836211752188,41.10159519357523],[-70.90742817407317,41.101920709025805],[-70.90785634790299,41.10258712245902],[-70.90788809586256,41.10256345535886],[-70.90822610706995,41.10190009793025],[-70.9083516505537,41.10164365615147],[-70.90836211752188,41.10159519357523]]},"properties":{"kind":"street","cls":"grid"}},{"type":"Feature","geometry":{"type":"LineString","coordinates":[[-70.90323273765028,41.100880348978436],[-70.90343056539825,41.10121799053422],[-70.90442177615918,41.100880348978436],[-70.90323273765028,41.100880348978436]]},"properties":{"kind":"street","cls":"grid"}},{"type":"Feature","geometry":{"type":"LineString","coordinates":[[-70.90488483088654,41.100880348978436],[-70.90350963025469,41.10134879110917],[-70.9039497179113,41.102055059761824],[-70.90670824689529,41.10109662561637],[-70.9065724411373,41.100880348978436],[-70.90488483088654,41.100880348978436]]},"properties":{"kind":"street","cls":"grid"}},{"type":"Feature","geometry":{"type":"LineString","coordinates":[[-70.90678916126828,41.101226784604115],[-70.90403043461998,41.102185287426835],[-70.90420342629709,41.10246586902724],[-70.90475729569957,41.10227658301212],[-70.90679714461221,41.10123975855833],[-70.90678916126828,41.101226784604115]]},"properties":{"kind":"street","cls":"grid"}},{"type":"Feature","geometry":{"type":"LineString","coordinates":[[-70.90555659840248,41.10241532361784],[-70.9071733795834,41.101851188471926],[-70.9068784088891,41.101371823394416],[-70.90532796322276,41.10215989155534],[-70.90555659840248,41.10241532361784]]},"properties":{"kind":"street","cls":"grid"}},{"type":"Feature","geometry":{"type":"LineString","coordinates":[[-70.9049303887595,41.103575564363425],[-70.90497994719819,41.10364868461433],[-70.90769631396475,41.10266786947719],[-70.90745502720972,41.102292328695356],[-70.9049303887595,41.103575564363425]]},"properties":{"kind":"street","cls":"grid"}},{"type":"Feature","geometry":{"type":"LineString","coordinates":[[-70.90725504992683,41.10198108233143],[-70.90566463168138,41.1025360187938],[-70.90596790708894,41.10287483919297],[-70.90737105821363,41.102161638627265],[-70.90725504992683,41.10198108233143]]},"properties":{"kind":"street","cls":"grid"}},{"type":"Feature","geometry":{"type":"LineString","coordinates":[[-70.90592334858668,41.10346742328882],[-70.90506439480667,41.103777570975765],[-70.90509586345345,41.10382724765622],[-70.90592334858668,41.10346742328882]]},"properties":{"kind":"street","cls":"grid"}},{"type":"Feature","geometry":{"type":"LineString","coordinates":[[-70.90242751335337,41.100880348978436],[-70.90203031212876,41.101021500822235],[-70.90215162189409,41.101671949487084],[-70.90325739307332,41.101278282654434],[-70.90302423953634,41.100880348978436],[-70.90242751335337,41.100880348978436]]},"properties":{"kind":"street","cls":"grid"}},{"type":"Feature","geometry":{"type":"LineString","coordinates":[[-70.9017642930032,41.10223264158865],[-70.9017642930032,41.1028663667064],[-70.90377758217046,41.10211697289618],[-70.90372055923552,41.10202546041946],[-70.9017642930032,41.10223264158865]]},"properties":{"kind":"street","cls":"grid"}},{"type":"Feature","geometry":{"type":"LineString","coordinates":[[-70.90333648715286,41.10140908759402],[-70.90217942292219,41.10182101532321],[-70.9022201191504,41.102039223702704],[-70.90363571715888,41.10188930277392],[-70.90333648715286,41.10140908759402]]},"properties":{"kind":"street","cls":"grid"}},{"type":"Feature","geometry":{"type":"LineString","coordinates":[[-70.90385831126206,41.10224723223132],[-70.9017642930032,41.10302667531739],[-70.9017642930032,41.10346103482303],[-70.90199300421088,41.103681630707136],[-70.90408659312088,41.10261749102276],[-70.90385831126206,41.10224723223132]]},"properties":{"kind":"street","cls":"grid"}},{"type":"Feature","geometry":{"type":"LineString","coordinates":[[-70.9017642930032,41.104117632472956],[-70.9017642930032,41.10425397098403],[-70.9020627030306,41.10472653295551],[-70.90230334824041,41.10463756049853],[-70.9017642930032,41.104117632472956]]},"properties":{"kind":"street","cls":"grid"}},{"type":"Feature","geometry":{"type":"LineString","coordinates":[[-70.90268952152677,41.10449478272982],[-70.90431911418897,41.10389228221406],[-70.90410989416148,41.103658540830956],[-70.90268952152677,41.10449478272982]]},"properties":{"kind":"street","cls":"grid"}},{"type":"Feature","geometry":{"type":"LineString","coordinates":[[-70.90372093277881,41.10322399174568],[-70.90212083949272,41.1038049300299],[-70.90266309498514,41.104327944756534],[-70.90400297640417,41.10353909191981],[-70.90372093277881,41.10322399174568]]},"properties":{"kind":"street","cls":"grid"}},{"type":"Feature","geometry":{"type":"LineString","coordinates":[[-70.90499884753832,41.10400773892935],[-70.90425009458383,41.104077898548624],[-70.90214554468528,41.10485600244461],[-70.90258947570166,41.10554066431423],[-70.90372166953075,41.105157290609654],[-70.90534621328229,41.10455609352426],[-70.90499884753832,41.10400773892935]]},"properties":{"kind":"street","cls":"grid"}},{"type":"Feature","geometry":{"type":"LineString","coordinates":[[-70.90197395644081,41.104918767175576],[-70.9017642930032,41.10499463284178],[-70.9017642930032,41.10582008055899],[-70.90204797268888,41.10572402339173],[-70.90238131010946,41.10554701686773],[-70.90197395644081,41.104918767175576]]},"properties":{"kind":"street","cls":"grid"}},{"type":"Feature","geometry":{"type":"LineString","coordinates":[[-70.90729583489087,41.09757279866562],[-70.9075172679428,41.097863075547345],[-70.9078407133948,41.098145449097025],[-70.90817668537422,41.098342327049764],[-70.90831336215935,41.09854038398377],[-70.90833090510073,41.09885146058578],[-70.9084187329816,41.09920669411645],[-70.90855605136973,41.09952393952446],[-70.90861104954514,41.09982503355552],[-70.90859536368671,41.10017979037446],[-70.90869443333678,41.1005585149325],[-70.90887746611054,41.10085421041891],[-70.90885800371473,41.10105593681681],[-70.90862176910952,41.10132408305303],[-70.90844043039668,41.10167996587472],[-70.90836582886776,41.1020253746141],[-70.90823372470518,41.1023040177512],[-70.90804024452947,41.102551121699314],[-70.90778669140882,41.102740137534745],[-70.90741016973442,41.102903864552744],[-70.90705569101587,41.10315176434427],[-70.90678463486638,41.10345256186766],[-70.90659113587866,41.103774909701436],[-70.90649262550399,41.10407072754479],[-70.90630394022226,41.10426505552202],[-70.90596318987404,41.104434115500744],[-70.90557996250848,41.10459590525515],[-70.90516969489077,41.10473781147206],[-70.90475024919463,41.1048835177367],[-70.90432301958015,41.10503252030982],[-70.90390370106556,41.10520659188433],[-70.9035290589971,41.10538995063037],[-70.90312153278043,41.10551826433016],[-70.90260908369065,41.10561281194626],[-70.90209541732789,41.10578674521753],[-70.90169122583654,41.10600137617852],[-70.90133626916294,41.106049734952066],[-70.90085748587863,41.10595533734165],[-70.9002949613358,41.10592876505328],[-70.89975459246158,41.105977892514204],[-70.8992358029537,41.106015486579196],[-70.89872937552548,41.10604294317891],[-70.89824976656884,41.10600850901991],[-70.89776954564378,41.10591180572491],[-70.89730384158432,41.10577664627167],[-70.89683410424286,41.105594157672265],[-70.89631709111859,41.1054443024247],[-70.89580555565033,41.10534239905712],[-70.89537527788445,41.105218232282695],[-70.89497496412892,41.105057296050816],[-70.8945354240075,41.10491311127948],[-70.89412970627411,41.10481037107724],[-70.89385569105421,41.1046483025765],[-70.89361564487899,41.10436612262834],[-70.89327663646513,41.104086830955076],[-70.89290695634173,41.10386820472007],[-70.89262113188056,41.103648953974094],[-70.89238196991623,41.103404137378064],[-70.89215653713467,41.10314288761949],[-70.89195032599095,41.1028695811453],[-70.89175484155217,41.102586612326256],[-70.89157896154845,41.102309452015525],[-70.89148269617911,41.10203267005781],[-70.89145513943961,41.101751313720264],[-70.89153478826714,41.101487280636086],[-70.89175611015054,41.10117902522968],[-70.89188538280621,41.10080038548205],[-70.8918914946751,41.10042060100567],[-70.89187863099716,41.10006580262115],[-70.89184964602218,41.0997271738768],[-70.89185541138686,41.09940023061921],[-70.89189423172931,41.099076741199404],[-70.89197656761478,41.098774748818414],[-70.89209440097258,41.098503777250635],[-70.89228527825674,41.09829140340463],[-70.89259532428301,41.098096031309936],[-70.89290997997381,41.09786207414642],[-70.89319935442107,41.09760951110951],[-70.89344742609612,41.09733072808248],[-70.89362734876525,41.09706054161862],[-70.8938562722093,41.09685895336407],[-70.89415584007638,41.096692299157525],[-70.89448264832404,41.09659554215717],[-70.8949168142842,41.09655782146992],[-70.8953661241917,41.096417057280206],[-70.89571805603528,41.0962037541432],[-70.89604636288401,41.09602227314215],[-70.8963902491849,41.09585155791345],[-70.89676299854466,41.09567379626503],[-70.897137681977,41.09550018885136],[-70.89751688050632,41.09540373702154],[-70.89795940424624,41.09537033469064],[-70.89842846129211,41.09532603382702],[-70.89887170459261,41.095276319218584],[-70.89929350712497,41.09527480417192],[-70.8997326538451,41.095320850895185],[-70.90018995374106,41.09537337145121],[-70.90062951689295,41.09542802249489],[-70.90102519970665,41.095530900727105],[-70.90142584744737,41.09569605931096],[-70.90186972892106,41.095848657917216],[-70.90234511156955,41.09598156648513],[-70.9028540939132,41.09604256561388],[-70.90330329033269,41.096025936751],[-70.9036679074839,41.09611897906422],[-70.90407580865804,41.09635216877344],[-70.90454976760968,41.09657694121962],[-70.90505629172415,41.09677506544638],[-70.90560373687185,41.096916080916145],[-70.90613744835328,41.09698948059972],[-70.90658433298768,41.09712807405596],[-70.90699592173641,41.097340029261815],[-70.90729583489087,41.09757279866562]]},"properties":{"kind":"street","cls":"shore"}},{"type":"Feature","geometry":{"type":"Point","coordinates":[-70.90180163919975,41.10080670470988]},"properties":{"kind":"tree"}},{"type":"Feature","geometry":{"type":"Point","coordinates":[-70.90186336809299,41.101079209939435]},"properties":{"kind":"tree"}},{"type":"Feature","geometry":{"type":"Point","coordinates":[-70.90186863481459,41.10139251287163]},"properties":{"kind":"tree"}},{"type":"Feature","geometry":{"type":"Point","coordinates":[-70.90184306398622,41.10153090435441]},"properties":{"kind":"tree"}},{"type":"Feature","geometry":{"type":"Point","coordinates":[-70.9018561220555,41.1018250847522]},"properties":{"kind":"tree"}},{"type":"Feature","geometry":{"type":"Point","coordinates":[-70.90159575581771,41.10046302566855]},"properties":{"kind":"tree"}},{"type":"Feature","geometry":{"type":"Point","coordinates":[-70.90168997520608,41.10071917003813]},"properties":{"kind":"tree"}},{"type":"Feature","geometry":{"type":"Point","coordinates":[-70.90165876947026,41.10118244667087]},"properties":{"kind":"tree"}},{"type":"Feature","geometry":{"type":"Point","coordinates":[-70.90164762125109,41.10135896842939]},"properties":{"kind":"tree"}},{"type":"Feature","geometry":{"type":"Point","coordinates":[-70.90163851598686,41.10153245833796]},"properties":{"kind":"tree"}},{"type":"Feature","geometry":{"type":"Point","coordinates":[-70.90158199246144,41.101693999259595]},"properties":{"kind":"tree"}},{"type":"Feature","geometry":{"type":"Point","coordinates":[-70.9016691162585,41.10178508586007]},"properties":{"kind":"tree"}},{"type":"Feature","geometry":{"type":"Point","coordinates":[-70.90166561846854,41.102026571355516]},"properties":{"kind":"tree"}},{"type":"Feature","geometry":{"type":"Point","coordinates":[-70.9015128243389,41.101479861614905]},"properties":{"kind":"tree"}},{"type":"Feature","geometry":{"type":"Point","coordinates":[-70.90145257222957,41.10164251498842]},"properties":{"kind":"tree"}},{"type":"Feature","geometry":{"type":"Point","coordinates":[-70.90118023842143,41.10057447328509]},"properties":{"kind":"tree"}},{"type":"Feature","geometry":{"type":"Point","coordinates":[-70.90126586288942,41.10076066694863]},"properties":{"kind":"tree"}},{"type":"Feature","geometry":{"type":"Point","coordinates":[-70.90129825837057,41.10088785948079]},"properties":{"kind":"tree"}},{"type":"Feature","geometry":{"type":"Point","coordinates":[-70.90125100780895,41.10103958829346]},"properties":{"kind":"tree"}},{"type":"Feature","geometry":{"type":"Point","coordinates":[-70.90124490128763,41.1011648040679]},"properties":{"kind":"tree"}},{"type":"Feature","geometry":{"type":"Point","coordinates":[-70.90118774893152,41.101551042522225]},"properties":{"kind":"tree"}},{"type":"Feature","geometry":{"type":"Point","coordinates":[-70.90129337771748,41.10168364474794]},"properties":{"kind":"tree"}},{"type":"Feature","geometry":{"type":"Point","coordinates":[-70.90125506400942,41.102133993336054]},"properties":{"kind":"tree"}},{"type":"Feature","geometry":{"type":"Point","coordinates":[-70.90097435029631,41.10057700577862]},"properties":{"kind":"tree"}},{"type":"Feature","geometry":{"type":"Point","coordinates":[-70.90104436249007,41.10077384190326]},"properties":{"kind":"tree"}},{"type":"Feature","geometry":{"type":"Point","coordinates":[-70.90101229551173,41.101709108481764]},"properties":{"kind":"tree"}},{"type":"Feature","geometry":{"type":"Point","coordinates":[-70.90105032817205,41.10184604494017]},"properties":{"kind":"tree"}},{"type":"Feature","geometry":{"type":"Point","coordinates":[-70.90099621765472,41.1021141294796]},"properties":{"kind":"tree"}},{"type":"Feature","geometry":{"type":"Point","coordinates":[-70.90088442862204,41.10044103630273]},"properties":{"kind":"tree"}},{"type":"Feature","geometry":{"type":"Point","coordinates":[-70.90090184819107,41.10089538114778]},"properties":{"kind":"tree"}},{"type":"Feature","geometry":{"type":"Point","coordinates":[-70.90083220836033,41.101024383009864]},"properties":{"kind":"tree"}},{"type":"Feature","geometry":{"type":"Point","coordinates":[-70.90089130912587,41.10116759667064]},"properties":{"kind":"tree"}},{"type":"Feature","geometry":{"type":"Point","coordinates":[-70.90083532226504,41.101316986090076]},"properties":{"kind":"tree"}},{"type":"Feature","geometry":{"type":"Point","coordinates":[-70.9008593303407,41.10161976551097]},"properties":{"kind":"tree"}},{"type":"Feature","geometry":{"type":"Point","coordinates":[-70.9008971510921,41.10194859153917]},"properties":{"kind":"tree"}},{"type":"Feature","geometry":{"type":"Point","coordinates":[-70.9008742640979,41.10213621928912]},"properties":{"kind":"tree"}},{"type":"Feature","geometry":{"type":"Point","coordinates":[-70.90067092867625,41.100628020802745]},"properties":{"kind":"tree"}},{"type":"Feature","geometry":{"type":"Point","coordinates":[-70.90057768250445,41.10077238599955]},"properties":{"kind":"tree"}},{"type":"Feature","geometry":{"type":"Point","coordinates":[-70.9006404044674,41.10094308287499]},"properties":{"kind":"tree"}},{"type":"Feature","geometry":{"type":"Point","coordinates":[-70.90067101547567,41.101101579871504]},"properties":{"kind":"tree"}},{"type":"Feature","geometry":{"type":"Point","coordinates":[-70.90063967873996,41.10119198915197]},"properties":{"kind":"tree"}},{"type":"Feature","geometry":{"type":"Point","coordinates":[-70.90066685652046,41.10138007184071]},"properties":{"kind":"tree"}},{"type":"Feature","geometry":{"type":"Point","coordinates":[-70.9006542723535,41.101507153512465]},"properties":{"kind":"tree"}},{"type":"Feature","geometry":{"type":"Point","coordinates":[-70.90063940276869,41.10164549644188]},"properties":{"kind":"tree"}},{"type":"Feature","geometry":{"type":"Point","coordinates":[-70.90065601755676,41.1018630143628]},"properties":{"kind":"tree"}},{"type":"Feature","geometry":{"type":"Point","coordinates":[-70.90057883549059,41.10213888592272]},"properties":{"kind":"tree"}},{"type":"Feature","geometry":{"type":"Point","coordinates":[-70.9005052121402,41.10045669672228]},"properties":{"kind":"tree"}},{"type":"Feature","geometry":{"type":"Point","coordinates":[-70.90040576598861,41.10056932640092]},"properties":{"kind":"tree"}},{"type":"Feature","geometry":{"type":"Point","coordinates":[-70.90040361436127,41.100948667429435]},"properties":{"kind":"tree"}},{"type":"Feature","geometry":{"type":"Point","coordinates":[-70.90047067183578,41.101243228967576]},"properties":{"kind":"tree"}},{"type":"Feature","geometry":{"type":"Point","coordinates":[-70.90037229220067,41.10135295781779]},"properties":{"kind":"tree"}},{"type":"Feature","geometry":{"type":"Point","coordinates":[-70.90050220234721,41.10154586894931]},"properties":{"kind":"tree"}},{"type":"Feature","geometry":{"type":"Point","coordinates":[-70.90050079007537,41.10195976917294]},"properties":{"kind":"tree"}},{"type":"Feature","geometry":{"type":"Point","coordinates":[-70.90025971198021,41.100651527517364]},"properties":{"kind":"tree"}},{"type":"Feature","geometry":{"type":"Point","coordinates":[-70.90019944091094,41.100754188187096]},"properties":{"kind":"tree"}},{"type":"Feature","geometry":{"type":"Point","coordinates":[-70.9002388169692,41.10095351112165]},"properties":{"kind":"tree"}},{"type":"Feature","geometry":{"type":"Point","coordinates":[-70.90018208427887,41.10123671615994]},"properties":{"kind":"tree"}},{"type":"Feature","geometry":{"type":"Point","coordinates":[-70.90022335795732,41.10153234450112]},"properties":{"kind":"tree"}},{"type":"Feature","geometry":{"type":"Point","coordinates":[-70.90020889713696,41.102012310415525]},"properties":{"kind":"tree"}},{"type":"Feature","geometry":{"type":"Point","coordinates":[-70.90004947306657,41.10103610833083]},"properties":{"kind":"tree"}},{"type":"Feature","geometry":{"type":"Point","coordinates":[-70.89998757894524,41.10124393830534]},"properties":{"kind":"tree"}},{"type":"Feature","geometry":{"type":"Point","coordinates":[-70.90003352984293,41.10141023513203]},"properties":{"kind":"tree"}},{"type":"Feature","geometry":{"type":"Point","coordinates":[-70.90001519638956,41.10150832780086]},"properties":{"kind":"tree"}},{"type":"Feature","geometry":{"type":"Point","coordinates":[-70.90000172266781,41.101984258967015]},"properties":{"kind":"tree"}},{"type":"Feature","geometry":{"type":"Point","coordinates":[-70.89984827705405,41.10092227057124]},"properties":{"kind":"tree"}},{"type":"Feature","geometry":{"type":"Point","coordinates":[-70.89979858071506,41.10101029724131]},"properties":{"kind":"tree"}},{"type":"Feature","geometry":{"type":"Point","coordinates":[-70.89983986631749,41.10124971936057]},"properties":{"kind":"tree"}},{"type":"Feature","geometry":{"type":"Point","coordinates":[-70.8997807577135,41.101359674833844]},"properties":{"kind":"tree"}},{"type":"Feature","geometry":{"type":"Point","coordinates":[-70.89977524704692,41.101551003708586]},"properties":{"kind":"tree"}},{"type":"Feature","geometry":{"type":"Point","coordinates":[-70.8998409828357,41.101658251893895]},"properties":{"kind":"tree"}},{"type":"Feature","geometry":{"type":"Point","coordinates":[-70.89968057645586,41.10125629961211]},"properties":{"kind":"tree"}},{"type":"Feature","geometry":{"type":"Point","coordinates":[-70.89969043860012,41.10216517554224]},"properties":{"kind":"tree"}},{"type":"Feature","geometry":{"type":"Point","coordinates":[-70.89945264842474,41.100553127661215]},"properties":{"kind":"tree"}},{"type":"Feature","geometry":{"type":"Point","coordinates":[-70.89947515484312,41.10126268961112]},"properties":{"kind":"tree"}},{"type":"Feature","geometry":{"type":"Point","coordinates":[-70.899452537803,41.10165266211251]},"properties":{"kind":"tree"}},{"type":"Feature","geometry":{"type":"Point","coordinates":[-70.89919098679114,41.10065203323323]},"properties":{"kind":"tree"}},{"type":"Feature","geometry":{"type":"Point","coordinates":[-70.89928303376477,41.10076849408834]},"properties":{"kind":"tree"}},{"type":"Feature","geometry":{"type":"Point","coordinates":[-70.89922458691416,41.10091715146071]},"properties":{"kind":"tree"}},{"type":"Feature","geometry":{"type":"Point","coordinates":[-70.8991946442639,41.10110688702073]},"properties":{"kind":"tree"}},{"type":"Feature","geometry":{"type":"Point","coordinates":[-70.89924818415689,41.10121815629337]},"properties":{"kind":"tree"}},{"type":"Feature","geometry":{"type":"Point","coordinates":[-70.89918308268562,41.101489043417594]},"properties":{"kind":"tree"}},{"type":"Feature","geometry":{"type":"Point","coordinates":[-70.89928387152415,41.101863818167274]},"properties":{"kind":"tree"}},{"type":"Feature","geometry":{"type":"Point","coordinates":[-70.89921514208015,41.10194736818231]},"properties":{"kind":"tree"}},{"type":"Feature","geometry":{"type":"Point","coordinates":[-70.89925416168822,41.10225756043265]},"properties":{"kind":"tree"}},{"type":"Feature","geometry":{"type":"Point","coordinates":[-70.89907736334139,41.100756062915465]},"properties":{"kind":"tree"}},{"type":"Feature","geometry":{"type":"Point","coordinates":[-70.8990868638548,41.101354586639374]},"properties":{"kind":"tree"}},{"type":"Feature","geometry":{"type":"Point","coordinates":[-70.89894728756805,41.10184572950133]},"properties":{"kind":"tree"}},{"type":"Feature","geometry":{"type":"Point","coordinates":[-70.89903590167933,41.102174776879146]},"properties":{"kind":"tree"}},{"type":"Feature","geometry":{"type":"Point","coordinates":[-70.89885226358967,41.100718549374065]},"properties":{"kind":"tree"}},{"type":"Feature","geometry":{"type":"Point","coordinates":[-70.89881896407174,41.10108336048506]},"properties":{"kind":"tree"}},{"type":"Feature","geometry":{"type":"Point","coordinates":[-70.89881726896579,41.101158630162395]},"properties":{"kind":"tree"}},{"type":"Feature","geometry":{"type":"Point","coordinates":[-70.89885383363202,41.10149193712772]},"properties":{"kind":"tree"}},{"type":"Feature","geometry":{"type":"Point","coordinates":[-70.89842145418412,41.0986844835221]},"properties":{"kind":"tree"}},{"type":"Feature","geometry":{"type":"Point","coordinates":[-70.89832082673858,41.09892457952289]},"properties":{"kind":"tree"}},{"type":"Feature","geometry":{"type":"Point","coordinates":[-70.8983785596226,41.099125208729085]},"properties":{"kind":"tree"}},{"type":"Feature","geometry":{"type":"Point","coordinates":[-70.89841718476335,41.09920375633901]},"properties":{"kind":"tree"}},{"type":"Feature","geometry":{"type":"Point","coordinates":[-70.89814046686526,41.09875706755735]},"properties":{"kind":"tree"}},{"type":"Feature","geometry":{"type":"Point","coordinates":[-70.8981394312939,41.09891677573292]},"properties":{"kind":"tree"}},{"type":"Feature","geometry":{"type":"Point","coordinates":[-70.89821080615074,41.099156204585434]},"properties":{"kind":"tree"}},{"type":"Feature","geometry":{"type":"Point","coordinates":[-70.8981371039171,41.09923946021264]},"properties":{"kind":"tree"}},{"type":"Feature","geometry":{"type":"Point","coordinates":[-70.89812039634967,41.0994045489937]},"properties":{"kind":"tree"}},{"type":"Feature","geometry":{"type":"Point","coordinates":[-70.89790864651427,41.09877236532295]},"properties":{"kind":"tree"}},{"type":"Feature","geometry":{"type":"Point","coordinates":[-70.89799651001208,41.099101989317134]},"properties":{"kind":"tree"}},{"type":"Feature","geometry":{"type":"Point","coordinates":[-70.89794715271312,41.09924470959454]},"properties":{"kind":"tree"}},{"type":"Feature","geometry":{"type":"Point","coordinates":[-70.89804126439638,41.099355790347204]},"properties":{"kind":"tree"}},{"type":"Feature","geometry":{"type":"Point","coordinates":[-70.89773269372084,41.09892117167859]},"properties":{"kind":"tree"}},{"type":"Feature","geometry":{"type":"Point","coordinates":[-70.89757833931453,41.09881883883619]},"properties":{"kind":"tree"}},{"type":"Feature","geometry":{"type":"Point","coordinates":[-70.89754001091457,41.09894235304094]},"properties":{"kind":"tree"}},{"type":"Feature","geometry":{"type":"Point","coordinates":[-70.89759298892645,41.09914245070316]},"properties":{"kind":"tree"}},{"type":"Feature","geometry":{"type":"Point","coordinates":[-70.90558380554002,41.10286835841925]},"properties":{"kind":"tree"}},{"type":"Feature","geometry":{"type":"Point","coordinates":[-70.90567629764813,41.10295925662796]},"properties":{"kind":"tree"}},{"type":"Feature","geometry":{"type":"Point","coordinates":[-70.90540203858448,41.10248503873047]},"properties":{"kind":"tree"}},{"type":"Feature","geometry":{"type":"Point","coordinates":[-70.90546486126028,41.102709226447]},"properties":{"kind":"tree"}},{"type":"Feature","geometry":{"type":"Point","coordinates":[-70.90538405319434,41.10294435998442]},"properties":{"kind":"tree"}},{"type":"Feature","geometry":{"type":"Point","coordinates":[-70.90538198412308,41.10315818688848]},"properties":{"kind":"tree"}},{"type":"Feature","geometry":{"type":"Point","coordinates":[-70.90527039421777,41.1023322445562]},"properties":{"kind":"tree"}},{"type":"Feature","geometry":{"type":"Point","coordinates":[-70.90522238515551,41.10254420371198]},"properties":{"kind":"tree"}},{"type":"Feature","geometry":{"type":"Point","coordinates":[-70.90529455011364,41.10264182621006]},"properties":{"kind":"tree"}},{"type":"Feature","geometry":{"type":"Point","coordinates":[-70.90519219600534,41.103176542798366]},"properties":{"kind":"tree"}},{"type":"Feature","geometry":{"type":"Point","coordinates":[-70.90496624680789,41.102380758424125]},"properties":{"kind":"tree"}},{"type":"Feature","geometry":{"type":"Point","coordinates":[-70.90507915892313,41.102669092883886]},"properties":{"kind":"tree"}},{"type":"Feature","geometry":{"type":"Point","coordinates":[-70.90505971416353,41.102834818236055]},"properties":{"kind":"tree"}},{"type":"Feature","geometry":{"type":"Point","coordinates":[-70.90497582813576,41.10299096450469]},"properties":{"kind":"tree"}},{"type":"Feature","geometry":{"type":"Point","coordinates":[-70.90510338816487,41.103304697557384]},"properties":{"kind":"tree"}},{"type":"Feature","geometry":{"type":"Point","coordinates":[-70.90481846544313,41.10240734671401]},"properties":{"kind":"tree"}},{"type":"Feature","geometry":{"type":"Point","coordinates":[-70.9048228267676,41.10247943893651]},"properties":{"kind":"tree"}},{"type":"Feature","geometry":{"type":"Point","coordinates":[-70.90476774222657,41.10284295392385]},"properties":{"kind":"tree"}},{"type":"Feature","geometry":{"type":"Point","coordinates":[-70.90477040069115,41.10301377998271]},"properties":{"kind":"tree"}},{"type":"Feature","geometry":{"type":"Point","coordinates":[-70.90482180928988,41.1031020642167]},"properties":{"kind":"tree"}},{"type":"Feature","geometry":{"type":"Point","coordinates":[-70.90486439156912,41.103271439906855]},"properties":{"kind":"tree"}},{"type":"Feature","geometry":{"type":"Point","coordinates":[-70.90461983656971,41.102517370769576]},"properties":{"kind":"tree"}},{"type":"Feature","geometry":{"type":"Point","coordinates":[-70.90458263939686,41.10270302798805]},"properties":{"kind":"tree"}},{"type":"Feature","geometry":{"type":"Point","coordinates":[-70.90460944679165,41.102830926844234]},"properties":{"kind":"tree"}},{"type":"Feature","geometry":{"type":"Point","coordinates":[-70.90466766198627,41.10292656038419]},"properties":{"kind":"tree"}},{"type":"Feature","geometry":{"type":"Point","coordinates":[-70.90465177572855,41.10310370539919]},"properties":{"kind":"tree"}},{"type":"Feature","geometry":{"type":"Point","coordinates":[-70.90469800244996,41.10329415333207]},"properties":{"kind":"tree"}},{"type":"Feature","geometry":{"type":"Point","coordinates":[-70.90461710193527,41.10346621604109]},"properties":{"kind":"tree"}},{"type":"Feature","geometry":{"type":"Point","coordinates":[-70.90438170750826,41.1027002475321]},"properties":{"kind":"tree"}},{"type":"Feature","geometry":{"type":"Point","coordinates":[-70.90443836557674,41.10296655395034]},"properties":{"kind":"tree"}},{"type":"Feature","geometry":{"type":"Point","coordinates":[-70.90437807065719,41.10314034487888]},"properties":{"kind":"tree"}},{"type":"Feature","geometry":{"type":"Point","coordinates":[-70.9044456893291,41.10355255821696]},"properties":{"kind":"tree"}},{"type":"Feature","geometry":{"type":"Point","coordinates":[-70.90422969016203,41.10270490510859]},"properties":{"kind":"tree"}},{"type":"Feature","geometry":{"type":"Point","coordinates":[-70.90424582487798,41.10279165629838]},"properties":{"kind":"tree"}},{"type":"Feature","geometry":{"type":"Point","coordinates":[-70.90415817966137,41.10326781949021]},"properties":{"kind":"tree"}},{"type":"Feature","geometry":{"type":"Point","coordinates":[-70.90425578252776,41.10344379125893]},"properties":{"kind":"tree"}},{"type":"Feature","geometry":{"type":"Point","coordinates":[-70.90397302423467,41.10301715857096]},"properties":{"kind":"tree"}},{"type":"Feature","geometry":{"type":"Point","coordinates":[-70.90400531561444,41.10309987771422]},"properties":{"kind":"tree"}},{"type":"Feature","geometry":{"type":"Point","coordinates":[-70.89483936114553,41.10344638842749]},"properties":{"kind":"tree"}},{"type":"Feature","geometry":{"type":"Point","coordinates":[-70.89463725904743,41.1030896053502]},"properties":{"kind":"tree"}},{"type":"Feature","geometry":{"type":"Point","coordinates":[-70.8946679479413,41.103448011637575]},"properties":{"kind":"tree"}},{"type":"Feature","geometry":{"type":"Point","coordinates":[-70.89451615360412,41.10269677032634]},"properties":{"kind":"tree"}},{"type":"Feature","geometry":{"type":"Point","coordinates":[-70.89450226053155,41.10299527862334]},"properties":{"kind":"tree"}},{"type":"Feature","geometry":{"type":"Point","coordinates":[-70.89451237343162,41.103169735461854]},"properties":{"kind":"tree"}},{"type":"Feature","geometry":{"type":"Point","coordinates":[-70.89443024113618,41.1033139822565]},"properties":{"kind":"tree"}},{"type":"Feature","geometry":{"type":"Point","coordinates":[-70.89443654177897,41.10338967180458]},"properties":{"kind":"tree"}},{"type":"Feature","geometry":{"type":"Point","coordinates":[-70.89420726488568,41.10281211321337]},"properties":{"kind":"tree"}},{"type":"Feature","geometry":{"type":"Point","coordinates":[-70.89420930911743,41.10300491635842]},"properties":{"kind":"tree"}},{"type":"Feature","geometry":{"type":"Point","coordinates":[-70.89424908580858,41.103123163022055]},"properties":{"kind":"tree"}},{"type":"Feature","geometry":{"type":"Point","coordinates":[-70.89423956128076,41.103432889314426]},"properties":{"kind":"tree"}},{"type":"Feature","geometry":{"type":"Point","coordinates":[-70.8940500462278,41.10271614297514]},"properties":{"kind":"tree"}},{"type":"Feature","geometry":{"type":"Point","coordinates":[-70.89412135749605,41.102789827155405]},"properties":{"kind":"tree"}},{"type":"Feature","geometry":{"type":"Point","coordinates":[-70.89407115553337,41.10301165973181]},"properties":{"kind":"tree"}},{"type":"Feature","geometry":{"type":"Point","coordinates":[-70.89407561310338,41.10324004953073]},"properties":{"kind":"tree"}},{"type":"Feature","geometry":{"type":"Point","coordinates":[-70.89387772841339,41.102976539166896]},"properties":{"kind":"tree"}},{"type":"Feature","geometry":{"type":"Point","coordinates":[-70.89384480309089,41.10312296045787]},"properties":{"kind":"tree"}},{"type":"Feature","geometry":{"type":"Point","coordinates":[-70.8938215039126,41.10325036852176]},"properties":{"kind":"tree"}},{"type":"Feature","geometry":{"type":"Point","coordinates":[-70.89364521344662,41.10268298380359]},"properties":{"kind":"tree"}},{"type":"Feature","geometry":{"type":"Point","coordinates":[-70.89363854858141,41.102832913693675]},"properties":{"kind":"tree"}},{"type":"Feature","geometry":{"type":"Point","coordinates":[-70.89367093539246,41.10299758204738]},"properties":{"kind":"tree"}},{"type":"Feature","geometry":{"type":"Point","coordinates":[-70.89366711165692,41.103174699612325]},"properties":{"kind":"tree"}},{"type":"Feature","geometry":{"type":"Point","coordinates":[-70.89366782537623,41.10330133900236]},"properties":{"kind":"tree"}},{"type":"Feature","geometry":{"type":"Point","coordinates":[-70.8934028373561,41.10332598422832]},"properties":{"kind":"tree"}},{"type":"Feature","geometry":{"type":"Point","coordinates":[-70.89345817792027,41.10338351778364]},"properties":{"kind":"tree"}},{"type":"Feature","geometry":{"type":"Point","coordinates":[-70.89331434582837,41.10269092605514]},"properties":{"kind":"tree"}},{"type":"Feature","geometry":{"type":"Point","coordinates":[-70.89321558322095,41.10287367143412]},"properties":{"kind":"tree"}},{"type":"Feature","geometry":{"type":"Point","coordinates":[-70.89332249776923,41.10328495025805]},"properties":{"kind":"tree"}},{"type":"Feature","geometry":{"type":"Point","coordinates":[-70.89322594402879,41.103543546059726]},"properties":{"kind":"tree"}},{"type":"Feature","geometry":{"type":"Point","coordinates":[-70.90852621123571,41.099203452332375]},"properties":{"kind":"tree"}},{"type":"Feature","geometry":{"type":"Point","coordinates":[-70.90789622091488,41.10281116503733]},"properties":{"kind":"tree"}},{"type":"Feature","geometry":{"type":"Point","coordinates":[-70.90691859488834,41.103479006823974]},"properties":{"kind":"tree"}},{"type":"Feature","geometry":{"type":"Point","coordinates":[-70.90636908536057,41.10432403238887]},"properties":{"kind":"tree"}},{"type":"Feature","geometry":{"type":"Point","coordinates":[-70.90267404735722,41.10571252796841]},"properties":{"kind":"tree"}},{"type":"Feature","geometry":{"type":"Point","coordinates":[-70.90134538335016,41.10616100724079]},"properties":{"kind":"tree"}},{"type":"Feature","geometry":{"type":"Point","coordinates":[-70.89824838461456,41.10608004567754]},"properties":{"kind":"tree"}},{"type":"Feature","geometry":{"type":"Point","coordinates":[-70.8967928549744,41.10569982276801]},"properties":{"kind":"tree"}},{"type":"Feature","geometry":{"type":"Point","coordinates":[-70.89534002604033,41.10528534061015]},"properties":{"kind":"tree"}},{"type":"Feature","geometry":{"type":"Point","coordinates":[-70.89132816389677,41.101753224863096]},"properties":{"kind":"tree"}},{"type":"Feature","geometry":{"type":"Point","coordinates":[-70.89172875857261,41.10080061568087]},"properties":{"kind":"tree"}},{"type":"Feature","geometry":{"type":"Point","coordinates":[-70.89171790978635,41.09972851651632]},"properties":{"kind":"tree"}},{"type":"Feature","geometry":{"type":"Point","coordinates":[-70.89182174337616,41.09873892393341]},"properties":{"kind":"tree"}},{"type":"Feature","geometry":{"type":"Point","coordinates":[-70.89336562817346,41.09727879415147]},"properties":{"kind":"tree"}},{"type":"Feature","geometry":{"type":"Point","coordinates":[-70.89630160394282,41.09578103840813]},"properties":{"kind":"tree"}},{"type":"Feature","geometry":{"type":"Point","coordinates":[-70.89886130745478,41.09516729335919]},"properties":{"kind":"tree"}},{"type":"Feature","geometry":{"type":"Point","coordinates":[-70.90146223835984,41.095629513492845]},"properties":{"kind":"tree"}},{"type":"Feature","geometry":{"type":"Point","coordinates":[-70.90413553905135,41.09624566200682]},"properties":{"kind":"tree"}},{"type":"Feature","geometry":{"type":"Point","coordinates":[-70.9056210357846,41.09680333110981]},"properties":{"kind":"tree"}},{"type":"Feature","geometry":{"type":"Point","coordinates":[-70.89821186519947,41.0992813477727]},"properties":{"kind":"station","name":"Exchange"}},{"type":"Feature","geometry":{"type":"Point","coordinates":[-70.90035762696012,41.10134747292618]},"properties":{"kind":"station","name":"Thorne Common"}},{"type":"Feature","geometry":{"type":"Point","coordinates":[-70.90476835946808,41.102964440437596]},"properties":{"kind":"station","name":"Lantern"}},{"type":"Feature","geometry":{"type":"Point","coordinates":[-70.89439717762501,41.1022457882103]},"properties":{"kind":"station","name":"Eastward"}},{"type":"Feature","geometry":{"type":"Point","coordinates":[-70.89666214837236,41.09703555956241]},"properties":{"kind":"station","name":"Ferry Landing"}},{"type":"Feature","geometry":{"type":"Point","coordinates":[-70.90071525392021,41.10431191336377]},"properties":{"kind":"station","name":"Northgate"}},{"type":"Feature","geometry":{"type":"Point","coordinates":[-70.9059604493351,41.09946101082953]},"properties":{"kind":"station","name":"Shipyard"}},{"type":"Feature","geometry":{"type":"Point","coordinates":[-70.89260904282449,41.100538989170474]},"properties":{"kind":"station","name":"Lighthouse"}},{"type":"Feature","geometry":{"type":"Point","coordinates":[-70.89845028317288,41.09991016847159]},"properties":{"kind":"label","labelKind":"district","name":"THE EXCHANGE"}},{"type":"Feature","geometry":{"type":"Point","coordinates":[-70.90512598642819,41.101527135983005]},"properties":{"kind":"label","labelKind":"district","name":"WESTWARD"}},{"type":"Feature","geometry":{"type":"Point","coordinates":[-70.89403955066491,41.101077978340946]},"properties":{"kind":"label","labelKind":"district","name":"EASTWARD"}},{"type":"Feature","geometry":{"type":"Point","coordinates":[-70.905602822375,41.098383032488584]},"properties":{"kind":"label","labelKind":"district","name":"THE SHIPYARD"}},{"type":"Feature","geometry":{"type":"Point","coordinates":[-70.90035762696012,41.10134747292618]},"properties":{"kind":"label","labelKind":"park","name":"Thorne Common"}},{"type":"Feature","geometry":{"type":"Point","coordinates":[-70.90476835946808,41.102964440437596]},"properties":{"kind":"label","labelKind":"park","name":"Lantern Green"}},{"type":"Feature","geometry":{"type":"Point","coordinates":[-70.89880791013299,41.09371179301117]},"properties":{"kind":"label","labelKind":"water","name":"The Sound"}},{"type":"Feature","geometry":{"type":"Point","coordinates":[-70.91072880880319,41.101077978340946]},"properties":{"kind":"label","labelKind":"water","name":"Thorne Channel"}}]}